antecedents_str,consequents_str,support,confidence,lift,leverage
"6개월평가성공여부=Y, 서비스구분=보건소 금연클리닉","등록유형=보건소, 서비스상태=정상종결",0.11228,0.5900157645822386,5.2529893570356,0.090905504
"등록유형=보건소, 서비스상태=정상종결","6개월평가성공여부=Y, 서비스구분=보건소 금연클리닉",0.11228,0.9996438746438746,5.2529893570356,0.090905504
"6개월평가성공여부=Y, 등록유형=보건소","서비스구분=보건소 금연클리닉, 서비스상태=정상종결",0.11228,0.7399499143271385,5.221210233750624,0.0907754072
"서비스구분=보건소 금연클리닉, 서비스상태=정상종결","6개월평가성공여부=Y, 등록유형=보건소",0.11228,0.7922664408693197,5.221210233750624,0.0907754072
"12주평가성공여부=Y, 6개월평가성공여부=Y","6주평가성공여부=Y, 서비스상태=정상종결",0.15728,0.7598801816600638,4.828928454880934,0.1247096272
"6주평가성공여부=Y, 서비스상태=정상종결","12주평가성공여부=Y, 6개월평가성공여부=Y",0.15728,0.9994916115912558,4.828928454880934,0.1247096272
"4주평가성공여부=Y, 서비스상태=정상종결","12주평가성공여부=Y, 6개월평가성공여부=Y",0.15728,0.9993645952471725,4.8283147900626755,0.1247054876
"12주평가성공여부=Y, 6개월평가성공여부=Y","4주평가성공여부=Y, 서비스상태=정상종결",0.15728,0.7598801816600638,4.8283147900626755,0.1247054876
"12주평가성공여부=Y, 서비스상태=정상종결","6개월평가성공여부=Y, 6주평가성공여부=Y",0.15728,0.9997457411645055,4.828290066475928,0.1247053208
"6개월평가성공여부=Y, 6주평가성공여부=Y","12주평가성공여부=Y, 서비스상태=정상종결",0.15728,0.7595865932579929,4.828290066475928,0.1247053208
"4주평가성공여부=Y, 6개월평가성공여부=Y","6주평가성공여부=Y, 서비스상태=정상종결",0.15732,0.7597063936642843,4.827824057348019,0.12473389119999999
"6주평가성공여부=Y, 서비스상태=정상종결","4주평가성공여부=Y, 6개월평가성공여부=Y",0.15732,0.9997458057956278,4.827824057348019,0.12473389119999999
"4주평가성공여부=Y, 6개월평가성공여부=Y","12주평가성공여부=Y, 서비스상태=정상종결",0.15728,0.7595132316013136,4.8278237452409964,0.1247021744
"12주평가성공여부=Y, 서비스상태=정상종결","4주평가성공여부=Y, 6개월평가성공여부=Y",0.15728,0.9997457411645055,4.8278237452409964,0.1247021744
"4주평가성공여부=Y, 서비스상태=정상종결","6개월평가성공여부=Y, 6주평가성공여부=Y",0.15732,0.9996187571483034,4.827676794882176,0.1247328972
"6개월평가성공여부=Y, 6주평가성공여부=Y","4주평가성공여부=Y, 서비스상태=정상종결",0.15732,0.7597797739785569,4.827676794882176,0.1247328972
"서비스상태=정상종결, 성별=남","12주평가성공여부=Y, 6개월평가성공여부=Y",0.1373,0.9989813736903376,4.826463299305912,0.1088526688
"12주평가성공여부=Y, 6개월평가성공여부=Y","서비스상태=정상종결, 성별=남",0.1373,0.6633491158566045,4.826463299305911,0.1088526688
"서비스상태=정상종결, 성별=남","6개월평가성공여부=Y, 6주평가성공여부=Y",0.13734,0.9992724097788125,4.826004104022083,0.10888167359999999
"6개월평가성공여부=Y, 6주평가성공여부=Y","서비스상태=정상종결, 성별=남",0.13734,0.663286004056795,4.826004104022083,0.10888167359999999
6개월평가성공여부=Y,서비스상태=정상종결,0.15742,0.7598957327669434,4.825960451968395,0.1248005864
서비스상태=정상종결,6개월평가성공여부=Y,0.15742,0.9997459672297727,4.8259604519683945,0.1248005864
"4주평가성공여부=Y, 서비스상태=정상종결",6개월평가성공여부=Y,0.15734,0.9997458380988691,4.825959828629412,0.1247371592
6개월평가성공여부=Y,"4주평가성공여부=Y, 서비스상태=정상종결",0.15734,0.7595095578296969,4.825959828629412,0.1247371592
"4주평가성공여부=Y, 6주평가성공여부=Y, 서비스상태=정상종결",6개월평가성공여부=Y,0.15732,0.9997458057956278,4.825959672695635,0.12472130239999998
"6주평가성공여부=Y, 서비스상태=정상종결",6개월평가성공여부=Y,0.15732,0.9997458057956278,4.825959672695635,0.12472130239999998
6개월평가성공여부=Y,"4주평가성공여부=Y, 6주평가성공여부=Y, 서비스상태=정상종결",0.15732,0.7594130140953851,4.825959672695634,0.12472130239999998
6개월평가성공여부=Y,"6주평가성공여부=Y, 서비스상태=정상종결",0.15732,0.7594130140953851,4.825959672695634,0.12472130239999998
6개월평가성공여부=Y,"12주평가성공여부=Y, 6주평가성공여부=Y, 서비스상태=정상종결",0.15728,0.7592199266267619,4.82595936070914,0.1246895888
6개월평가성공여부=Y,"12주평가성공여부=Y, 서비스상태=정상종결",0.15728,0.7592199266267619,4.82595936070914,0.1246895888
6개월평가성공여부=Y,"12주평가성공여부=Y, 4주평가성공여부=Y, 서비스상태=정상종결",0.15728,0.7592199266267619,4.82595936070914,0.1246895888
"12주평가성공여부=Y, 4주평가성공여부=Y, 서비스상태=정상종결",6개월평가성공여부=Y,0.15728,0.9997457411645055,4.82595936070914,0.1246895888
"12주평가성공여부=Y, 서비스상태=정상종결",6개월평가성공여부=Y,0.15728,0.9997457411645055,4.82595936070914,0.1246895888
"12주평가성공여부=Y, 6주평가성공여부=Y, 서비스상태=정상종결",6개월평가성공여부=Y,0.15728,0.9997457411645055,4.82595936070914,0.1246895888
"서비스구분=보건소 금연클리닉, 서비스상태=정상종결","12주평가성공여부=Y, 6개월평가성공여부=Y",0.14156,0.998871013265594,4.8259301056410955,0.1122267944
"12주평가성공여부=Y, 6개월평가성공여부=Y","서비스구분=보건소 금연클리닉, 서비스상태=정상종결",0.14156,0.6839308145714561,4.8259301056410955,0.1122267944
서비스상태=정상종결,"12주평가성공여부=Y, 6개월평가성공여부=Y, 6주평가성공여부=Y",0.15728,0.9988568525339769,4.8258616896993765,0.1246889292
"12주평가성공여부=Y, 6개월평가성공여부=Y, 6주평가성공여부=Y",서비스상태=정상종결,0.15728,0.7598801816600638,4.8258616896993765,0.1246889292
"12주평가성공여부=Y, 6개월평가성공여부=Y",서비스상태=정상종결,0.15728,0.7598801816600638,4.8258616896993765,0.1246889292
"12주평가성공여부=Y, 4주평가성공여부=Y, 6개월평가성공여부=Y",서비스상태=정상종결,0.15728,0.7598801816600638,4.8258616896993765,0.1246889292
서비스상태=정상종결,"12주평가성공여부=Y, 6개월평가성공여부=Y",0.15728,0.9988568525339769,4.8258616896993765,0.1246889292
서비스상태=정상종결,"12주평가성공여부=Y, 4주평가성공여부=Y, 6개월평가성공여부=Y",0.15728,0.9988568525339769,4.8258616896993765,0.1246889292
"서비스구분=보건소 금연클리닉, 서비스상태=정상종결",6개월평가성공여부=Y,0.14168,0.9997177533163984,4.82582425814056,0.1123212848
6개월평가성공여부=Y,"서비스구분=보건소 금연클리닉, 서비스상태=정상종결",0.14168,0.6839158138636802,4.8258242581405595,0.1123212848
6개월평가성공여부=Y,"4주평가성공여부=Y, 서비스구분=보건소 금연클리닉, 서비스상태=정상종결",0.1416,0.6835296389264337,4.825823488607976,0.11225785760000001
6개월평가성공여부=Y,"6주평가성공여부=Y, 서비스구분=보건소 금연클리닉, 서비스상태=정상종결",0.1416,0.6835296389264337,4.825823488607976,0.11225785760000001
"4주평가성공여부=Y, 서비스구분=보건소 금연클리닉, 서비스상태=정상종결",6개월평가성공여부=Y,0.1416,0.9997175939000283,4.825823488607976,0.11225785760000001
"6주평가성공여부=Y, 서비스구분=보건소 금연클리닉, 서비스상태=정상종결",6개월평가성공여부=Y,0.1416,0.9997175939000283,4.825823488607976,0.11225785760000001
6개월평가성공여부=Y,"12주평가성공여부=Y, 서비스구분=보건소 금연클리닉, 서비스상태=정상종결",0.14156,0.6833365514578104,4.82582310351561,0.11222614399999999
"12주평가성공여부=Y, 서비스구분=보건소 금연클리닉, 서비스상태=정상종결",6개월평가성공여부=Y,0.14156,0.9997175141242937,4.825823103515609,0.11222614399999999
6개월평가성공여부=Y,"서비스상태=정상종결, 성별=남",0.1374,0.6632554547209886,4.825781830042117,0.10892792959999999
"서비스상태=정상종결, 성별=남",6개월평가성공여부=Y,0.1374,0.999708963911525,4.825781830042117,0.10892792959999999
6개월평가성공여부=Y,"4주평가성공여부=Y, 서비스상태=정상종결, 성별=남",0.13734,0.6629658235180536,4.825781216465669,0.10888035919999998
6개월평가성공여부=Y,"6주평가성공여부=Y, 서비스상태=정상종결, 성별=남",0.13734,0.6629658235180536,4.825781216465669,0.10888035919999998
"6주평가성공여부=Y, 서비스상태=정상종결, 성별=남",6개월평가성공여부=Y,0.13734,0.999708836803028,4.825781216465669,0.10888035919999998
"4주평가성공여부=Y, 서비스상태=정상종결, 성별=남",6개월평가성공여부=Y,0.13734,0.999708836803028,4.825781216465669,0.10888035919999998
"12주평가성공여부=Y, 서비스상태=정상종결, 성별=남",6개월평가성공여부=Y,0.1373,0.9997087520023301,4.825780807116867,0.1088486456
6개월평가성공여부=Y,"12주평가성공여부=Y, 서비스상태=정상종결, 성별=남",0.1373,0.6627727360494304,4.825780807116867,0.1088486456
"서비스구분=보건소 금연클리닉, 서비스상태=정상종결, 성별=남",6개월평가성공여부=Y,0.1235,0.9996762182289137,4.825623760518023,0.0979074536
6개월평가성공여부=Y,"서비스구분=보건소 금연클리닉, 서비스상태=정상종결, 성별=남",0.1235,0.5961575593743965,4.825623760518023,0.0979074536
"서비스상태=정상종결, 성별=남","4주평가성공여부=Y, 6개월평가성공여부=Y",0.13734,0.9992724097788125,4.825538003567764,0.1088789248
"4주평가성공여부=Y, 6개월평가성공여부=Y","서비스상태=정상종결, 성별=남",0.13734,0.6632219432103534,4.825538003567764,0.1088789248
"등록유형=보건소, 서비스구분=보건소 금연클리닉, 서비스상태=정상종결",6개월평가성공여부=Y,0.11228,0.9996438746438746,4.825467631993988,0.0890117888
6개월평가성공여부=Y,"등록유형=보건소, 서비스구분=보건소 금연클리닉, 서비스상태=정상종결",0.11228,0.5419965244255648,4.825467631993988,0.0890117888
6개월평가성공여부=Y,"등록유형=보건소, 서비스상태=정상종결",0.11228,0.5419965244255648,4.825467631993988,0.0890117888
"등록유형=보건소, 서비스상태=정상종결",6개월평가성공여부=Y,0.11228,0.9996438746438746,4.825467631993988,0.0890117888
6개월평가성공여부=Y,"4주평가성공여부=Y, 등록유형=보건소, 서비스상태=정상종결",0.1122,0.5416103494883181,4.825466406702763,0.0889483616
"4주평가성공여부=Y, 등록유형=보건소, 서비스상태=정상종결",6개월평가성공여부=Y,0.1122,0.9996436208125444,4.825466406702763,0.0889483616
6개월평가성공여부=Y,"6주평가성공여부=Y, 등록유형=보건소, 서비스상태=정상종결",0.1122,0.5416103494883181,4.825466406702763,0.0889483616
"6주평가성공여부=Y, 등록유형=보건소, 서비스상태=정상종결",6개월평가성공여부=Y,0.1122,0.9996436208125444,4.825466406702763,0.0889483616
6개월평가성공여부=Y,"12주평가성공여부=Y, 등록유형=보건소, 서비스상태=정상종결",0.11216,0.5414172620196949,4.825465793401915,0.088916648
"12주평가성공여부=Y, 등록유형=보건소, 서비스상태=정상종결",6개월평가성공여부=Y,0.11216,0.9996434937611408,4.825465793401915,0.088916648
"6개월평가성공여부=Y, 6주평가성공여부=Y","서비스구분=보건소 금연클리닉, 서비스상태=정상종결",0.1416,0.6838597507968706,4.825428667773571,0.1122554568
"서비스구분=보건소 금연클리닉, 서비스상태=정상종결","6개월평가성공여부=Y, 6주평가성공여부=Y",0.1416,0.9991532599491956,4.825428667773571,0.1122554568
"4주평가성공여부=Y, 6개월평가성공여부=Y",서비스상태=정상종결,0.15734,0.7598029746957699,4.825371362223866,0.12473318320000001
서비스상태=정상종결,"4주평가성공여부=Y, 6개월평가성공여부=Y",0.15734,0.999237901689318,4.825371362223866,0.12473318320000001
서비스상태=정상종결,"4주평가성공여부=Y, 6개월평가성공여부=Y, 6주평가성공여부=Y",0.15732,0.9991108853042042,4.825224018662244,0.12471633239999999
"4주평가성공여부=Y, 6개월평가성공여부=Y, 6주평가성공여부=Y",서비스상태=정상종결,0.15732,0.7597797739785569,4.825224018662244,0.12471633239999999
서비스상태=정상종결,"6개월평가성공여부=Y, 6주평가성공여부=Y",0.15732,0.9991108853042042,4.825224018662244,0.12471633239999999
"6개월평가성공여부=Y, 6주평가성공여부=Y",서비스상태=정상종결,0.15732,0.7597797739785569,4.825224018662244,0.12471633239999999
6개월평가성공여부=Y,"등록유형=보건소, 서비스상태=정상종결, 성별=남",0.09762,0.4712299671751303,4.825209575825623,0.0773887544
"등록유형=보건소, 서비스상태=정상종결, 성별=남",6개월평가성공여부=Y,0.09762,0.9995904157280361,4.825209575825623,0.0773887544
"4주평가성공여부=Y, 6개월평가성공여부=Y","서비스구분=보건소 금연클리닉, 서비스상태=정상종결",0.1416,0.6837937029167472,4.8249626228954785,0.1122526224
"서비스구분=보건소 금연클리닉, 서비스상태=정상종결","4주평가성공여부=Y, 6개월평가성공여부=Y",0.1416,0.9991532599491956,4.8249626228954785,0.1122526224
"12주평가성공여부=Y, 6개월평가성공여부=Y","등록유형=보건소, 서비스상태=정상종결",0.11216,0.5418881051309306,4.824502360496177,0.0889120064
"등록유형=보건소, 서비스상태=정상종결","12주평가성공여부=Y, 6개월평가성공여부=Y",0.11216,0.9985754985754985,4.824502360496176,0.0889120064
"6개월평가성공여부=Y, 6주평가성공여부=Y","등록유형=보건소, 서비스상태=정상종결",0.1122,0.541871921182266,4.824358272634135,0.0889430208
"등록유형=보건소, 서비스상태=정상종결","6개월평가성공여부=Y, 6주평가성공여부=Y",0.1122,0.9989316239316238,4.824358272634134,0.0889430208
"4주평가성공여부=Y, 6개월평가성공여부=Y","등록유형=보건소, 서비스상태=정상종결",0.1122,0.5418195866331853,4.823892331135909,0.08894077439999999
"등록유형=보건소, 서비스상태=정상종결","4주평가성공여부=Y, 6개월평가성공여부=Y",0.1122,0.9989316239316238,4.823892331135908,0.08894077439999999
"6주평가성공여부=Y, 서비스상태=정상종결","6개월평가성공여부=Y, 성별=남",0.13734,0.8727758007117437,4.818238935142673,0.10883580959999999
"6개월평가성공여부=Y, 성별=남","6주평가성공여부=Y, 서비스상태=정상종결",0.13734,0.758198078834051,4.818238935142673,0.10883580959999999
"6개월평가성공여부=Y, 성별=남","12주평가성공여부=Y, 서비스상태=정상종결",0.1373,0.7579772551617534,4.818060355719257,0.10880305520000001
"12주평가성공여부=Y, 서비스상태=정상종결","6개월평가성공여부=Y, 성별=남",0.1373,0.8727434528349861,4.818060355719257,0.10880305520000001
"6개월평가성공여부=Y, 성별=남","4주평가성공여부=Y, 서비스상태=정상종결",0.13734,0.758198078834051,4.8176266287587435,0.1088321868
"4주평가성공여부=Y, 서비스상태=정상종결","6개월평가성공여부=Y, 성별=남",0.13734,0.8726648875333587,4.817626628758743,0.1088321868
"6개월평가성공여부=Y, 성별=남",서비스상태=정상종결,0.1374,0.7585293143424975,4.817282575527102,0.10887769559999999
서비스상태=정상종결,"6개월평가성공여부=Y, 성별=남",0.1374,0.8726025657309793,4.817282575527102,0.10887769559999999
"6개월평가성공여부=Y, 6주평가성공여부=Y, 성별=남",서비스상태=정상종결,0.13734,0.7584493041749503,4.816774445414393,0.10882714319999999
서비스상태=정상종결,"6개월평가성공여부=Y, 6주평가성공여부=Y, 성별=남",0.13734,0.8722215165756383,4.816774445414393,0.10882714319999999
"4주평가성공여부=Y, 6개월평가성공여부=Y, 성별=남",서비스상태=정상종결,0.13734,0.7584493041749503,4.816774445414393,0.10882714319999999
서비스상태=정상종결,"4주평가성공여부=Y, 6개월평가성공여부=Y, 성별=남",0.13734,0.8722215165756383,4.816774445414393,0.10882714319999999
서비스상태=정상종결,"12주평가성공여부=Y, 6개월평가성공여부=Y, 성별=남",0.1373,0.871967483805411,4.816435504890692,0.10879344160000001
"12주평가성공여부=Y, 6개월평가성공여부=Y, 성별=남",서비스상태=정상종결,0.1373,0.7583959346000884,4.816435504890692,0.10879344160000001
"서비스구분=보건소 금연클리닉, 서비스상태=정상종결","6개월평가성공여부=Y, 성별=남",0.1235,0.8714366356195313,4.810845951305793,0.09782883919999999
"6개월평가성공여부=Y, 성별=남","서비스구분=보건소 금연클리닉, 서비스상태=정상종결",0.1235,0.681793088219057,4.810845951305793,0.09782883919999999
"등록유형=보건소, 서비스상태=정상종결","6개월평가성공여부=Y, 성별=남",0.09762,0.8691239316239315,4.798078456574647,0.0772743552
"6개월평가성공여부=Y, 성별=남","등록유형=보건소, 서비스상태=정상종결",0.09762,0.5389201722424644,4.798078456574647,0.0772743552
"6개월평가성공여부=Y, 서비스구분=보건소 금연클리닉","6주평가성공여부=Y, 서비스상태=정상종결",0.1416,0.744088281660536,4.728573218483325,0.111654392
"6주평가성공여부=Y, 서비스상태=정상종결","6개월평가성공여부=Y, 서비스구분=보건소 금연클리닉",0.1416,0.8998474834773768,4.728573218483325,0.111654392
"12주평가성공여부=Y, 서비스상태=정상종결","6개월평가성공여부=Y, 서비스구분=보건소 금연클리닉",0.14156,0.8998220188151539,4.728439405229395,0.111622004
"6개월평가성공여부=Y, 서비스구분=보건소 금연클리닉","12주평가성공여부=Y, 서비스상태=정상종결",0.14156,0.7438780872306884,4.728439405229395,0.111622004
서비스상태=정상종결,"6개월평가성공여부=Y, 서비스구분=보건소 금연클리닉",0.14168,0.8997840721453068,4.7282400007635665,0.111715362
"6개월평가성공여부=Y, 서비스구분=보건소 금연클리닉",서비스상태=정상종결,0.14168,0.7445086705202312,4.7282400007635665,0.111715362
서비스상태=정상종결,"12주평가성공여부=Y, 6개월평가성공여부=Y, 서비스구분=보건소 금연클리닉",0.14156,0.8990219738346247,4.728210654436861,0.11162055559999999
"12주평가성공여부=Y, 6개월평가성공여부=Y, 서비스구분=보건소 금연클리닉",서비스상태=정상종결,0.14156,0.744504049647628,4.72821065443686,0.11162055559999999
"4주평가성공여부=Y, 서비스상태=정상종결","6개월평가성공여부=Y, 서비스구분=보건소 금연클리닉",0.1416,0.8997331300038125,4.727972306903902,0.11165058600000001
"6개월평가성공여부=Y, 서비스구분=보건소 금연클리닉","4주평가성공여부=Y, 서비스상태=정상종결",0.1416,0.744088281660536,4.727972306903902,0.11165058600000001
"4주평가성공여부=Y, 6개월평가성공여부=Y, 서비스구분=보건소 금연클리닉",서비스상태=정상종결,0.1416,0.7444012196404164,4.727557599646999,0.1116479588
"6개월평가성공여부=Y, 6주평가성공여부=Y, 서비스구분=보건소 금연클리닉",서비스상태=정상종결,0.1416,0.7444012196404164,4.727557599646999,0.1116479588
서비스상태=정상종결,"4주평가성공여부=Y, 6개월평가성공여부=Y, 서비스구분=보건소 금연클리닉",0.1416,0.8992760066048521,4.727557599646999,0.1116479588
서비스상태=정상종결,"6개월평가성공여부=Y, 6주평가성공여부=Y, 서비스구분=보건소 금연클리닉",0.1416,0.8992760066048521,4.727557599646999,0.1116479588
"6개월평가성공여부=Y, 서비스구분=보건소 금연클리닉","서비스상태=정상종결, 성별=남",0.1235,0.648975302154493,4.721880836397649,0.097345168
"서비스상태=정상종결, 성별=남","6개월평가성공여부=Y, 서비스구분=보건소 금연클리닉",0.1235,0.8985739231664726,4.7218808363976486,0.097345168
서비스상태=정상종결,"6개월평가성공여부=Y, 서비스구분=보건소 금연클리닉, 성별=남",0.1235,0.784326178076972,4.715765861453656,0.0973112528
"6개월평가성공여부=Y, 서비스구분=보건소 금연클리닉, 성별=남",서비스상태=정상종결,0.1235,0.7425444925444925,4.715765861453655,0.0973112528
"6개월평가성공여부=Y, 등록유형=보건소",서비스상태=정상종결,0.11228,0.7399499143271385,4.699288164150506,0.0883870196
"6개월평가성공여부=Y, 등록유형=보건소, 서비스구분=보건소 금연클리닉",서비스상태=정상종결,0.11228,0.7399499143271385,4.699288164150506,0.0883870196
서비스상태=정상종결,"6개월평가성공여부=Y, 등록유형=보건소",0.11228,0.7130699860281977,4.699288164150505,0.0883870196
서비스상태=정상종결,"6개월평가성공여부=Y, 등록유형=보건소, 서비스구분=보건소 금연클리닉",0.11228,0.7130699860281977,4.699288164150505,0.0883870196
"12주평가성공여부=Y, 6개월평가성공여부=Y, 등록유형=보건소",서비스상태=정상종결,0.11216,0.7399393059770418,4.69922079243644,0.0882922132
서비스상태=정상종결,"12주평가성공여부=Y, 6개월평가성공여부=Y, 등록유형=보건소",0.11216,0.7123078877175156,4.69922079243644,0.0882922132
"6개월평가성공여부=Y, 등록유형=보건소","6주평가성공여부=Y, 서비스상태=정상종결",0.1122,0.7394226967180703,4.698924102173807,0.08832219359999999
"6주평가성공여부=Y, 서비스상태=정상종결","6개월평가성공여부=Y, 등록유형=보건소",0.1122,0.7130147432638535,4.698924102173807,0.08832219359999999
"12주평가성공여부=Y, 서비스상태=정상종결","6개월평가성공여부=Y, 등록유형=보건소",0.11216,0.7129417747266718,4.69844322345243,0.0882882632
"6개월평가성공여부=Y, 등록유형=보건소","12주평가성공여부=Y, 서비스상태=정상종결",0.11216,0.7391590879135362,4.69844322345243,0.0882882632
서비스상태=정상종결,"6개월평가성공여부=Y, 6주평가성공여부=Y, 등록유형=보건소",0.1122,0.7125619204877429,4.698416988578023,0.0883196164
"6개월평가성공여부=Y, 6주평가성공여부=Y, 등록유형=보건소",서비스상태=정상종결,0.1122,0.7398127390214955,4.698416988578023,0.0883196164
서비스상태=정상종결,"4주평가성공여부=Y, 6개월평가성공여부=Y, 등록유형=보건소",0.1122,0.7125619204877429,4.698416988578023,0.0883196164
"4주평가성공여부=Y, 6개월평가성공여부=Y, 등록유형=보건소",서비스상태=정상종결,0.1122,0.7398127390214955,4.698416988578023,0.0883196164
"4주평가성공여부=Y, 서비스상태=정상종결","6개월평가성공여부=Y, 등록유형=보건소",0.1122,0.7129241326725124,4.698326958432268,0.08831915879999999
"6개월평가성공여부=Y, 등록유형=보건소","4주평가성공여부=Y, 서비스상태=정상종결",0.1122,0.7394226967180703,4.6983269584322676,0.08831915879999999
"6개월평가성공여부=Y, 등록유형=보건소, 성별=남",서비스상태=정상종결,0.09762,0.7375339981867634,4.683945117406093,0.0767785944
서비스상태=정상종결,"6개월평가성공여부=Y, 등록유형=보건소, 성별=남",0.09762,0.6199669757398705,4.683945117406092,0.0767785944
"6개월평가성공여부=Y, 등록유형=보건소","서비스상태=정상종결, 성별=남",0.09762,0.6433372874654013,4.680859192850708,0.0767648544
"서비스상태=정상종결, 성별=남","6개월평가성공여부=Y, 등록유형=보건소",0.09762,0.7102735739231665,4.680859192850708,0.0767648544
"6주평가성공여부=미실시, 등록유형=보건소","4주평가성공여부=미실시, 서비스상태=금연유지",0.11934,0.40268592252665675,2.760391572022599,0.0761070032
"4주평가성공여부=미실시, 서비스상태=금연유지","6주평가성공여부=미실시, 등록유형=보건소",0.11934,0.8180696462846174,2.760391572022599,0.0761070032
"6개월평가성공여부=Y, 서비스구분=보건소 금연클리닉","12주평가성공여부=Y, 등록유형=보건소",0.15158,0.7965317919075144,2.737410790801823,0.096206506
"12주평가성공여부=Y, 등록유형=보건소","6개월평가성공여부=Y, 서비스구분=보건소 금연클리닉",0.15158,0.5209292734895868,2.737410790801823,0.096206506
"서비스구분=보건소 금연클리닉, 서비스상태=정상종결","12주평가성공여부=Y, 등록유형=보건소",0.1122,0.7917019475021168,2.720812246553429,0.07096231439999999
"12주평가성공여부=Y, 등록유형=보건소","서비스구분=보건소 금연클리닉, 서비스상태=정상종결",0.1122,0.385593511581552,2.720812246553429,0.07096231439999999
"6개월평가성공여부=Y, 등록유형=보건소","12주평가성공여부=Y, 서비스구분=보건소 금연클리닉",0.15158,0.9989455647818636,2.7205881714196405,0.09586410679999999
"12주평가성공여부=Y, 서비스구분=보건소 금연클리닉","6개월평가성공여부=Y, 등록유형=보건소",0.15158,0.4128220491312163,2.7205881714196405,0.09586410679999999
"12주평가성공여부=Y, 서비스구분=보건소 금연클리닉","등록유형=보건소, 서비스상태=정상종결",0.1122,0.3055721989215099,2.720550204073272,0.07095834239999999
"등록유형=보건소, 서비스상태=정상종결","12주평가성공여부=Y, 서비스구분=보건소 금연클리닉",0.1122,0.9989316239316238,2.7205502040732714,0.07095834239999999
"6주평가성공여부=미실시, 서비스상태=금연유지","4주평가성공여부=미실시, 등록유형=보건소",0.11934,0.6194975083056479,2.6951079278937087,0.07505976959999999
"4주평가성공여부=미실시, 등록유형=보건소","6주평가성공여부=미실시, 서비스상태=금연유지",0.11934,0.519185591229444,2.6951079278937082,0.07505976959999999
"6주평가성공여부=미실시, 서비스구분=보건소 금연클리닉","4주평가성공여부=미실시, 등록유형=보건소",0.22986,0.6109398256432065,2.657877950244525,0.1433774736
"4주평가성공여부=미실시, 등록유형=보건소","6주평가성공여부=미실시, 서비스구분=보건소 금연클리닉",0.22986,1.0,2.6578779502445244,0.1433774736
"12주평가성공여부=Y, 6개월평가성공여부=미실시","6주평가성공여부=Y, 서비스상태=중간종결",0.09652,0.5085353003161223,2.647242583634161,0.060059419999999995
"6주평가성공여부=Y, 서비스상태=중간종결","12주평가성공여부=Y, 6개월평가성공여부=미실시",0.09652,0.5024466423737637,2.647242583634161,0.060059419999999995
"4주평가성공여부=미실시, 서비스구분=보건소 금연클리닉","6주평가성공여부=미실시, 등록유형=보건소",0.22986,0.7807744565217392,2.634547363077808,0.142611616
"6주평가성공여부=미실시, 등록유형=보건소","4주평가성공여부=미실시, 서비스구분=보건소 금연클리닉",0.22986,0.7756107436901066,2.634547363077808,0.142611616
"6개월평가성공여부=Y, 6주평가성공여부=Y","12주평가성공여부=Y, 성별=남",0.18104,0.874335941273061,2.5474504436602206,0.1099728668
"12주평가성공여부=Y, 성별=남","6개월평가성공여부=Y, 6주평가성공여부=Y",0.18104,0.5274750888642853,2.5474504436602206,0.1099728668
"12주평가성공여부=Y, 성별=남","4주평가성공여부=Y, 6개월평가성공여부=Y",0.18104,0.5274750888642853,2.547204408268714,0.10996600240000001
"4주평가성공여부=Y, 6개월평가성공여부=Y","12주평가성공여부=Y, 성별=남",0.18104,0.8742514970059881,2.547204408268714,0.10996600240000001
"12주평가성공여부=Y, 6주평가성공여부=Y, 성별=남",6개월평가성공여부=Y,0.18104,0.5275058275058275,2.5463691229283043,0.109942688
6개월평가성공여부=Y,"12주평가성공여부=Y, 6주평가성공여부=Y, 성별=남",0.18104,0.873913882988994,2.546369122928304,0.109942688
"12주평가성공여부=Y, 성별=남",6개월평가성공여부=Y,0.18104,0.5274750888642853,2.5462207417661964,0.1099385448
"12주평가성공여부=Y, 4주평가성공여부=Y, 성별=남",6개월평가성공여부=Y,0.18104,0.5274750888642853,2.5462207417661964,0.1099385448
6개월평가성공여부=Y,"12주평가성공여부=Y, 4주평가성공여부=Y, 성별=남",0.18104,0.873913882988994,2.5462207417661964,0.1099385448
6개월평가성공여부=Y,"12주평가성공여부=Y, 성별=남",0.18104,0.873913882988994,2.5462207417661964,0.1099385448
"12주평가성공여부=Y, 성별=남","6개월평가성공여부=Y, 서비스구분=보건소 금연클리닉",0.16622,0.48429578695880193,2.5449069204351127,0.100905234
"6개월평가성공여부=Y, 서비스구분=보건소 금연클리닉","12주평가성공여부=Y, 성별=남",0.16622,0.8734629532317394,2.5449069204351127,0.100905234
"6주평가성공여부=Y, 서비스상태=정상종결","12주평가성공여부=Y, 성별=남",0.13734,0.8727758007117437,2.542904844448877,0.0833309008
"12주평가성공여부=Y, 성별=남","6주평가성공여부=Y, 서비스상태=정상종결",0.13734,0.4001515063224753,2.542904844448877,0.0833309008
"12주평가성공여부=Y, 성별=남","4주평가성공여부=Y, 서비스상태=정상종결",0.13734,0.4001515063224753,2.542581689684047,0.0833240364
"4주평가성공여부=Y, 서비스상태=정상종결","12주평가성공여부=Y, 성별=남",0.13734,0.8726648875333587,2.542581689684047,0.0833240364
"12주평가성공여부=Y, 6주평가성공여부=Y, 성별=남",서비스상태=정상종결,0.13734,0.40017482517482517,2.5414379853602513,0.08329972799999999
서비스상태=정상종결,"12주평가성공여부=Y, 6주평가성공여부=Y, 성별=남",0.13734,0.8722215165756383,2.5414379853602513,0.08329972799999999
"12주평가성공여부=Y, 4주평가성공여부=Y, 성별=남",서비스상태=정상종결,0.13734,0.4001515063224753,2.5412898915437276,0.08329657879999999
서비스상태=정상종결,"12주평가성공여부=Y, 성별=남",0.13734,0.8722215165756383,2.5412898915437276,0.08329657879999999
서비스상태=정상종결,"12주평가성공여부=Y, 4주평가성공여부=Y, 성별=남",0.13734,0.8722215165756383,2.5412898915437276,0.08329657879999999
"12주평가성공여부=Y, 성별=남",서비스상태=정상종결,0.13734,0.4001515063224753,2.5412898915437276,0.08329657879999999
"6개월평가성공여부=Y, 서비스상태=정상종결","12주평가성공여부=Y, 성별=남",0.1373,0.8721890484055393,2.5411952928312433,0.08327030760000001
"12주평가성공여부=Y, 성별=남","6개월평가성공여부=Y, 서비스상태=정상종결",0.1373,0.4000349629974943,2.541195292831243,0.08327030760000001
"6개월평가성공여부=Y, 등록유형=보건소","12주평가성공여부=Y, 성별=남",0.13226,0.871622512191907,2.539544642479771,0.08017979719999999
"12주평가성공여부=Y, 성별=남","6개월평가성공여부=Y, 등록유형=보건소",0.13226,0.38535050404988047,2.539544642479771,0.08017979719999999
"12주평가성공여부=Y, 성별=남","서비스구분=보건소 금연클리닉, 서비스상태=정상종결",0.12344,0.3596527008915564,2.53776955187381,0.07479886159999999
"서비스구분=보건소 금연클리닉, 서비스상태=정상종결","12주평가성공여부=Y, 성별=남",0.12344,0.8710132655941292,2.53776955187381,0.07479886159999999
6개월평가성공여부=Y,"12주평가성공여부=Y, 등록유형=보건소, 성별=남",0.13226,0.6384437150028962,2.536123440863177,0.08010954159999997
"12주평가성공여부=Y, 등록유형=보건소, 성별=남",6개월평가성공여부=Y,0.13226,0.5253833320092157,2.5361234408631765,0.08010954159999997
"6개월평가성공여부=미실시, 6주평가성공여부=Y","12주평가성공여부=Y, 서비스상태=중간종결",0.09652,0.26147261201712085,2.5321771452364987,0.05840260359999999
"12주평가성공여부=Y, 서비스상태=중간종결","6개월평가성공여부=미실시, 6주평가성공여부=Y",0.09652,0.9347278713926012,2.5321771452364987,0.05840260359999999
"등록유형=보건소, 서비스상태=정상종결","12주평가성공여부=Y, 성별=남",0.09756,0.8685897435897435,2.530708419059913,0.05900952959999999
"12주평가성공여부=Y, 성별=남","등록유형=보건소, 서비스상태=정상종결",0.09756,0.2842491696288095,2.530708419059913,0.05900952959999999
"12주평가성공여부=Y, 서비스구분=보건소 금연클리닉, 성별=남",6개월평가성공여부=Y,0.16622,0.5241548940464178,2.530193541448242,0.1005254208
6개월평가성공여부=Y,"12주평가성공여부=Y, 서비스구분=보건소 금연클리닉, 성별=남",0.16622,0.8023749758640664,2.5301935414482415,0.1005254208
12주평가성공여부=Y,"6개월평가성공여부=Y, 6주평가성공여부=Y, 성별=남",0.18104,0.456272997630929,2.5197315972549648,0.1091910776
"4주평가성공여부=Y, 6개월평가성공여부=Y, 성별=남",12주평가성공여부=Y,0.18104,0.9997791031588249,2.5197315972549648,0.1091910776
12주평가성공여부=Y,"4주평가성공여부=Y, 6개월평가성공여부=Y, 성별=남",0.18104,0.456272997630929,2.5197315972549648,0.1091910776
"6개월평가성공여부=Y, 6주평가성공여부=Y, 성별=남",12주평가성공여부=Y,0.18104,0.9997791031588249,2.5197315972549648,0.1091910776
12주평가성공여부=Y,"6주평가성공여부=Y, 서비스상태=정상종결",0.15732,0.39649175865719033,2.5196476782993793,0.09488269919999998
"4주평가성공여부=Y, 6주평가성공여부=Y, 서비스상태=정상종결",12주평가성공여부=Y,0.15732,0.9997458057956278,2.5196476782993793,0.09488269919999998
"6주평가성공여부=Y, 서비스상태=정상종결",12주평가성공여부=Y,0.15732,0.9997458057956278,2.5196476782993793,0.09488269919999998
"12주평가성공여부=Y, 4주평가성공여부=Y","6주평가성공여부=Y, 서비스상태=정상종결",0.15732,0.39649175865719033,2.5196476782993793,0.09488269919999998
12주평가성공여부=Y,"4주평가성공여부=Y, 6주평가성공여부=Y, 서비스상태=정상종결",0.15732,0.39649175865719033,2.5196476782993793,0.09488269919999998
"6주평가성공여부=Y, 서비스상태=정상종결","12주평가성공여부=Y, 4주평가성공여부=Y",0.15732,0.9997458057956278,2.5196476782993793,0.09488269919999998
12주평가성공여부=Y,"6개월평가성공여부=Y, 6주평가성공여부=Y, 서비스상태=정상종결",0.15728,0.396390947124351,2.519647515410317,0.09485857040000001
"6개월평가성공여부=Y, 6주평가성공여부=Y, 서비스상태=정상종결",12주평가성공여부=Y,0.15728,0.9997457411645055,2.5196475154103166,0.09485857040000001
12주평가성공여부=Y,"4주평가성공여부=Y, 서비스구분=보건소 금연클리닉, 서비스상태=정상종결",0.1416,0.35687282625132316,2.5195765761883875,0.0854000808
12주평가성공여부=Y,"6주평가성공여부=Y, 서비스구분=보건소 금연클리닉, 서비스상태=정상종결",0.1416,0.35687282625132316,2.5195765761883875,0.0854000808
"6주평가성공여부=Y, 서비스구분=보건소 금연클리닉, 서비스상태=정상종결",12주평가성공여부=Y,0.1416,0.9997175939000283,2.519576576188387,0.0854000808
"4주평가성공여부=Y, 서비스구분=보건소 금연클리닉, 서비스상태=정상종결",12주평가성공여부=Y,0.1416,0.9997175939000283,2.519576576188387,0.0854000808
"4주평가성공여부=Y, 서비스상태=정상종결, 성별=남",12주평가성공여부=Y,0.13734,0.999708836803028,2.519554505779092,0.08283036359999998
"6주평가성공여부=Y, 서비스상태=정상종결, 성별=남",12주평가성공여부=Y,0.13734,0.999708836803028,2.519554505779092,0.08283036359999998
12주평가성공여부=Y,"4주평가성공여부=Y, 서비스상태=정상종결, 성별=남",0.13734,0.3461363980039316,2.5195545057790913,0.08283036359999998
12주평가성공여부=Y,"6주평가성공여부=Y, 서비스상태=정상종결, 성별=남",0.13734,0.3461363980039316,2.5195545057790913,0.08283036359999998
"12주평가성공여부=Y, 6주평가성공여부=Y","4주평가성공여부=Y, 서비스상태=정상종결",0.15732,0.39651174513559834,2.5194544741110585,0.0948779112
"4주평가성공여부=Y, 서비스상태=정상종결","12주평가성공여부=Y, 6주평가성공여부=Y",0.15732,0.9996187571483034,2.519454474111058,0.0948779112
12주평가성공여부=Y,"6주평가성공여부=Y, 등록유형=보건소, 서비스상태=정상종결",0.1122,0.28277634961439585,2.5193901426799346,0.06766541279999999
"4주평가성공여부=Y, 등록유형=보건소, 서비스상태=정상종결",12주평가성공여부=Y,0.1122,0.9996436208125444,2.5193901426799346,0.06766541279999999
12주평가성공여부=Y,"4주평가성공여부=Y, 등록유형=보건소, 서비스상태=정상종결",0.1122,0.28277634961439585,2.5193901426799346,0.06766541279999999
"6주평가성공여부=Y, 등록유형=보건소, 서비스상태=정상종결",12주평가성공여부=Y,0.1122,0.9996436208125444,2.5193901426799346,0.06766541279999999
"4주평가성공여부=Y, 서비스상태=정상종결",12주평가성공여부=Y,0.15732,0.9996187571483034,2.519327479077331,0.0948747636
12주평가성공여부=Y,"4주평가성공여부=Y, 서비스상태=정상종결",0.15732,0.39649175865719033,2.519327479077331,0.0948747636
12주평가성공여부=Y,"4주평가성공여부=Y, 6개월평가성공여부=Y, 서비스상태=정상종결",0.15728,0.396390947124351,2.519327234805841,0.0948506348
"4주평가성공여부=Y, 6개월평가성공여부=Y, 서비스상태=정상종결",12주평가성공여부=Y,0.15728,0.9996186602262616,2.5193272348058406,0.0948506348
"12주평가성공여부=Y, 4주평가성공여부=Y","6개월평가성공여부=Y, 6주평가성공여부=Y",0.20698,0.5216492766772518,2.5193145787561666,0.1248227332
12주평가성공여부=Y,"4주평가성공여부=Y, 6개월평가성공여부=Y, 6주평가성공여부=Y",0.20698,0.5216492766772518,2.5193145787561666,0.1248227332
"6개월평가성공여부=Y, 6주평가성공여부=Y",12주평가성공여부=Y,0.20698,0.9996136385588719,2.5193145787561666,0.1248227332
"6개월평가성공여부=Y, 6주평가성공여부=Y","12주평가성공여부=Y, 4주평가성공여부=Y",0.20698,0.9996136385588719,2.5193145787561666,0.1248227332
"4주평가성공여부=Y, 6개월평가성공여부=Y, 6주평가성공여부=Y",12주평가성공여부=Y,0.20698,0.9996136385588719,2.5193145787561666,0.1248227332
12주평가성공여부=Y,"6개월평가성공여부=Y, 6주평가성공여부=Y",0.20698,0.5216492766772518,2.5193145787561666,0.1248227332
"4주평가성공여부=Y, 6개월평가성공여부=Y, 서비스구분=보건소 금연클리닉",12주평가성공여부=Y,0.19014,0.9995794343391862,2.5192283742607646,0.1146645084
"6개월평가성공여부=Y, 6주평가성공여부=Y, 서비스구분=보건소 금연클리닉",12주평가성공여부=Y,0.19014,0.9995794343391862,2.5192283742607646,0.1146645084
12주평가성공여부=Y,"4주평가성공여부=Y, 6개월평가성공여부=Y, 서비스구분=보건소 금연클리닉",0.19014,0.47920762135188266,2.5192283742607646,0.1146645084
12주평가성공여부=Y,"6개월평가성공여부=Y, 6주평가성공여부=Y, 서비스구분=보건소 금연클리닉",0.19014,0.47920762135188266,2.5192283742607646,0.1146645084
"12주평가성공여부=Y, 6주평가성공여부=Y","4주평가성공여부=Y, 6개월평가성공여부=Y",0.20698,0.5216755721342877,2.5191982428737094,0.1248189392
"4주평가성공여부=Y, 6개월평가성공여부=Y","12주평가성공여부=Y, 6주평가성공여부=Y",0.20698,0.999517094842573,2.5191982428737094,0.1248189392
"4주평가성공여부=Y, 6개월평가성공여부=Y",12주평가성공여부=Y,0.20698,0.999517094842573,2.5190712607555144,0.1248147976
12주평가성공여부=Y,"4주평가성공여부=Y, 6개월평가성공여부=Y",0.20698,0.5216492766772518,2.519071260755514,0.1248147976
"12주평가성공여부=Y, 6주평가성공여부=Y","6개월평가성공여부=Y, 성별=남",0.18104,0.4562959975804013,2.5190239460108277,0.10917089360000001
"6개월평가성공여부=Y, 성별=남","12주평가성공여부=Y, 6주평가성공여부=Y",0.18104,0.9994479408192559,2.5190239460108277,0.10917089360000001
12주평가성공여부=Y,"6개월평가성공여부=Y, 6주평가성공여부=Y, 등록유형=보건소",0.15158,0.38202530369474264,2.518958879696312,0.09140434519999999
"4주평가성공여부=Y, 6개월평가성공여부=Y, 등록유형=보건소",12주평가성공여부=Y,0.15158,0.9994725042859027,2.518958879696312,0.09140434519999999
12주평가성공여부=Y,"4주평가성공여부=Y, 6개월평가성공여부=Y, 등록유형=보건소",0.15158,0.38202530369474264,2.518958879696312,0.09140434519999999
"6개월평가성공여부=Y, 6주평가성공여부=Y, 등록유형=보건소",12주평가성공여부=Y,0.15158,0.9994725042859027,2.518958879696312,0.09140434519999999
"6개월평가성공여부=Y, 성별=남",12주평가성공여부=Y,0.18104,0.9994479408192559,2.518896972678199,0.10916727080000001
"6개월평가성공여부=Y, 성별=남","12주평가성공여부=Y, 4주평가성공여부=Y",0.18104,0.9994479408192559,2.518896972678199,0.10916727080000001
12주평가성공여부=Y,"6개월평가성공여부=Y, 성별=남",0.18104,0.456272997630929,2.518896972678199,0.10916727080000001
"12주평가성공여부=Y, 4주평가성공여부=Y","6개월평가성공여부=Y, 성별=남",0.18104,0.456272997630929,2.518896972678199,0.10916727080000001
"6개월평가성공여부=Y, 서비스구분=보건소 금연클리닉, 성별=남",12주평가성공여부=Y,0.16622,0.9993987493987495,2.5187729961156045,0.1002275504
12주평가성공여부=Y,"6개월평가성공여부=Y, 서비스구분=보건소 금연클리닉, 성별=남",0.16622,0.41892232471394725,2.518772996115604,0.1002275504
"서비스상태=정상종결, 성별=남","12주평가성공여부=Y, 6주평가성공여부=Y",0.13734,0.9992724097788125,2.5185815348795555,0.0828093056
"12주평가성공여부=Y, 6주평가성공여부=Y","서비스상태=정상종결, 성별=남",0.13734,0.34615384615384615,2.5185815348795555,0.0828093056
12주평가성공여부=Y,"서비스상태=정상종결, 성별=남",0.13734,0.3461363980039316,2.5184545838469994,0.08280655679999999
"서비스상태=정상종결, 성별=남","12주평가성공여부=Y, 4주평가성공여부=Y",0.13734,0.9992724097788125,2.5184545838469994,0.08280655679999999
"12주평가성공여부=Y, 4주평가성공여부=Y","서비스상태=정상종결, 성별=남",0.13734,0.3461363980039316,2.5184545838469994,0.08280655679999999
"서비스상태=정상종결, 성별=남",12주평가성공여부=Y,0.13734,0.9992724097788125,2.5184545838469994,0.08280655679999999
12주평가성공여부=Y,"6개월평가성공여부=Y, 서비스상태=정상종결, 성별=남",0.1373,0.3460355864710923,2.51845405000795,0.082782428
"6개월평가성공여부=Y, 서비스상태=정상종결, 성별=남",12주평가성공여부=Y,0.1373,0.9992721979621544,2.51845405000795,0.082782428
"6개월평가성공여부=Y, 등록유형=보건소, 성별=남",12주평가성공여부=Y,0.13226,0.9992444847385916,2.518384204694268,0.07974219919999997
12주평가성공여부=Y,"6개월평가성공여부=Y, 등록유형=보건소, 성별=남",0.13226,0.33333333333333326,2.5183842046942675,0.07974219919999997
"12주평가성공여부=Y, 6주평가성공여부=Y","6개월평가성공여부=Y, 서비스구분=보건소 금연클리닉",0.19014,0.479231777396915,2.518296255370021,0.114636572
"6개월평가성공여부=Y, 서비스구분=보건소 금연클리닉","12주평가성공여부=Y, 6주평가성공여부=Y",0.19014,0.9991592222806096,2.518296255370021,0.114636572
"12주평가성공여부=Y, 6주평가성공여부=Y","서비스구분=보건소 금연클리닉, 서비스상태=정상종결",0.1416,0.35689081560641195,2.518281227818317,0.0853711728
"서비스구분=보건소 금연클리닉, 서비스상태=정상종결","12주평가성공여부=Y, 6주평가성공여부=Y",0.1416,0.9991532599491956,2.518281227818317,0.0853711728
12주평가성공여부=Y,"서비스구분=보건소 금연클리닉, 서비스상태=정상종결, 성별=남",0.12344,0.3111043903422551,2.5182482624433797,0.0744217988
"서비스구분=보건소 금연클리닉, 서비스상태=정상종결, 성별=남",12주평가성공여부=Y,0.12344,0.9991905455722843,2.5182482624433797,0.0744217988
"12주평가성공여부=Y, 4주평가성공여부=Y, 6주평가성공여부=Y",6개월평가성공여부=Y,0.20698,0.5216755721342877,2.518225391650356,0.1247871984
6개월평가성공여부=Y,"12주평가성공여부=Y, 4주평가성공여부=Y, 6주평가성공여부=Y",0.20698,0.9991311063911952,2.518225391650356,0.1247871984
6개월평가성공여부=Y,"12주평가성공여부=Y, 6주평가성공여부=Y",0.20698,0.9991311063911952,2.518225391650356,0.1247871984
"12주평가성공여부=Y, 6주평가성공여부=Y",6개월평가성공여부=Y,0.20698,0.5216755721342877,2.518225391650356,0.1247871984
"12주평가성공여부=Y, 6주평가성공여부=Y",서비스상태=정상종결,0.15732,0.39651174513559834,2.5181744261120182,0.09484617039999999
"12주평가성공여부=Y, 4주평가성공여부=Y, 6주평가성공여부=Y",서비스상태=정상종결,0.15732,0.39651174513559834,2.5181744261120182,0.09484617039999999
서비스상태=정상종결,"12주평가성공여부=Y, 4주평가성공여부=Y, 6주평가성공여부=Y",0.15732,0.9991108853042042,2.518174426112018,0.09484617039999999
서비스상태=정상종결,"12주평가성공여부=Y, 6주평가성공여부=Y",0.15732,0.9991108853042042,2.518174426112018,0.09484617039999999
"6개월평가성공여부=Y, 서비스상태=정상종결","12주평가성공여부=Y, 6주평가성공여부=Y",0.15728,0.9991106593825435,2.518173856695593,0.09482204080000001
"12주평가성공여부=Y, 6주평가성공여부=Y","6개월평가성공여부=Y, 서비스상태=정상종결",0.15728,0.3964109285210203,2.518173856695593,0.09482204080000001
12주평가성공여부=Y,"6개월평가성공여부=Y, 서비스구분=보건소 금연클리닉",0.19014,0.47920762135188266,2.5181693187171974,0.114632766
"6개월평가성공여부=Y, 서비스구분=보건소 금연클리닉",12주평가성공여부=Y,0.19014,0.9991592222806096,2.5181693187171974,0.114632766
"6개월평가성공여부=Y, 서비스구분=보건소 금연클리닉","12주평가성공여부=Y, 4주평가성공여부=Y",0.19014,0.9991592222806096,2.5181693187171974,0.114632766
"12주평가성공여부=Y, 4주평가성공여부=Y","6개월평가성공여부=Y, 서비스구분=보건소 금연클리닉",0.19014,0.47920762135188266,2.5181693187171974,0.114632766
"12주평가성공여부=Y, 4주평가성공여부=Y","서비스구분=보건소 금연클리닉, 서비스상태=정상종결",0.1416,0.35687282625132316,2.518154291922969,0.0853683384
12주평가성공여부=Y,"서비스구분=보건소 금연클리닉, 서비스상태=정상종결",0.1416,0.35687282625132316,2.518154291922969,0.0853683384
"서비스구분=보건소 금연클리닉, 서비스상태=정상종결",12주평가성공여부=Y,0.1416,0.9991532599491956,2.5181542919229685,0.0853683384
"서비스구분=보건소 금연클리닉, 서비스상태=정상종결","12주평가성공여부=Y, 4주평가성공여부=Y",0.1416,0.9991532599491956,2.5181542919229685,0.0853683384
12주평가성공여부=Y,"6개월평가성공여부=Y, 서비스구분=보건소 금연클리닉, 서비스상태=정상종결",0.14156,0.35677201471848374,2.518153689430292,0.0853442096
"6개월평가성공여부=Y, 서비스구분=보건소 금연클리닉, 서비스상태=정상종결",12주평가성공여부=Y,0.14156,0.9991530208921513,2.518153689430292,0.0853442096
12주평가성공여부=Y,6개월평가성공여부=Y,0.20698,0.5216492766772518,2.518098458569472,0.12478305519999999
"12주평가성공여부=Y, 4주평가성공여부=Y",6개월평가성공여부=Y,0.20698,0.5216492766772518,2.518098458569472,0.12478305519999999
6개월평가성공여부=Y,"12주평가성공여부=Y, 4주평가성공여부=Y",0.20698,0.9991311063911952,2.518098458569472,0.12478305519999999
6개월평가성공여부=Y,12주평가성공여부=Y,0.20698,0.9991311063911952,2.518098458569472,0.12478305519999999
서비스상태=정상종결,12주평가성공여부=Y,0.15732,0.9991108853042042,2.5180474956000913,0.09484302119999999
12주평가성공여부=Y,서비스상태=정상종결,0.15732,0.39649175865719033,2.5180474956000913,0.09484302119999999
서비스상태=정상종결,"12주평가성공여부=Y, 4주평가성공여부=Y",0.15732,0.9991108853042042,2.5180474956000913,0.09484302119999999
"12주평가성공여부=Y, 4주평가성공여부=Y",서비스상태=정상종결,0.15732,0.39649175865719033,2.5180474956000913,0.09484302119999999
12주평가성공여부=Y,"6개월평가성공여부=Y, 서비스상태=정상종결",0.15728,0.396390947124351,2.518046926212368,0.0948188924
"6개월평가성공여부=Y, 서비스상태=정상종결",12주평가성공여부=Y,0.15728,0.9991106593825435,2.518046926212368,0.0948188924
"6개월평가성공여부=Y, 서비스상태=정상종결","12주평가성공여부=Y, 4주평가성공여부=Y",0.15728,0.9991106593825435,2.518046926212368,0.0948188924
"12주평가성공여부=Y, 4주평가성공여부=Y","6개월평가성공여부=Y, 서비스상태=정상종결",0.15728,0.396390947124351,2.518046926212368,0.0948188924
"12주평가성공여부=Y, 6주평가성공여부=Y","6개월평가성공여부=Y, 등록유형=보건소",0.15158,0.3820445609436435,2.5177577497274513,0.09137563759999999
"6개월평가성공여부=Y, 등록유형=보건소","12주평가성공여부=Y, 6주평가성공여부=Y",0.15158,0.9989455647818636,2.5177577497274513,0.09137563759999999
"12주평가성공여부=Y, 6주평가성공여부=Y","등록유형=보건소, 서비스상태=정상종결",0.1122,0.28279060389152133,2.5177226129943135,0.0676359168
"등록유형=보건소, 서비스상태=정상종결","12주평가성공여부=Y, 6주평가성공여부=Y",0.1122,0.9989316239316238,2.5177226129943135,0.0676359168
12주평가성공여부=Y,"등록유형=보건소, 서비스상태=정상종결, 성별=남",0.09756,0.24587932859519127,2.5177076448411966,0.058810465199999995
"등록유형=보건소, 서비스상태=정상종결, 성별=남",12주평가성공여부=Y,0.09756,0.99897603932009,2.5177076448411966,0.058810465199999995
"6개월평가성공여부=Y, 등록유형=보건소, 서비스구분=보건소 금연클리닉",12주평가성공여부=Y,0.15158,0.9989455647818636,2.517630840218417,0.09137260279999998
12주평가성공여부=Y,"6개월평가성공여부=Y, 등록유형=보건소, 서비스구분=보건소 금연클리닉",0.15158,0.38202530369474264,2.517630840218417,0.09137260279999998
"6개월평가성공여부=Y, 등록유형=보건소","12주평가성공여부=Y, 4주평가성공여부=Y",0.15158,0.9989455647818636,2.517630840218417,0.09137260279999998
12주평가성공여부=Y,"6개월평가성공여부=Y, 등록유형=보건소",0.15158,0.38202530369474264,2.517630840218417,0.09137260279999998
"6개월평가성공여부=Y, 등록유형=보건소",12주평가성공여부=Y,0.15158,0.9989455647818636,2.517630840218417,0.09137260279999998
"12주평가성공여부=Y, 4주평가성공여부=Y","6개월평가성공여부=Y, 등록유형=보건소",0.15158,0.38202530369474264,2.517630840218417,0.09137260279999998
"등록유형=보건소, 서비스상태=정상종결","12주평가성공여부=Y, 4주평가성공여부=Y",0.1122,0.9989316239316238,2.5175957052563733,0.06763367039999998
12주평가성공여부=Y,"등록유형=보건소, 서비스상태=정상종결",0.1122,0.28277634961439585,2.5175957052563733,0.06763367039999998
"등록유형=보건소, 서비스구분=보건소 금연클리닉, 서비스상태=정상종결",12주평가성공여부=Y,0.1122,0.9989316239316238,2.5175957052563733,0.06763367039999998
12주평가성공여부=Y,"등록유형=보건소, 서비스구분=보건소 금연클리닉, 서비스상태=정상종결",0.1122,0.28277634961439585,2.5175957052563733,0.06763367039999998
"12주평가성공여부=Y, 4주평가성공여부=Y","등록유형=보건소, 서비스상태=정상종결",0.1122,0.28277634961439585,2.5175957052563733,0.06763367039999998
"등록유형=보건소, 서비스상태=정상종결",12주평가성공여부=Y,0.1122,0.9989316239316238,2.5175957052563733,0.06763367039999998
"6개월평가성공여부=Y, 등록유형=보건소, 서비스상태=정상종결",12주평가성공여부=Y,0.11216,0.9989312433202707,2.5175947460060253,0.06760954159999999
12주평가성공여부=Y,"6개월평가성공여부=Y, 등록유형=보건소, 서비스상태=정상종결",0.11216,0.2826755380815565,2.517594746006025,0.06760954159999999
"6개월평가성공여부=Y, 6주평가성공여부=Y","12주평가성공여부=Y, 등록유형=보건소",0.15158,0.7320583405776103,2.5158373103911273,0.09132968119999998
"12주평가성공여부=Y, 등록유형=보건소","6개월평가성공여부=Y, 6주평가성공여부=Y",0.15158,0.5209292734895868,2.5158373103911273,0.09132968119999998
"4주평가성공여부=Y, 6개월평가성공여부=Y","12주평가성공여부=Y, 등록유형=보건소",0.15158,0.7319876376279699,2.515594328228641,0.0913238616
"12주평가성공여부=Y, 등록유형=보건소","4주평가성공여부=Y, 6개월평가성공여부=Y",0.15158,0.5209292734895868,2.5155943282286404,0.0913238616
"12주평가성공여부=Y, 6주평가성공여부=Y, 등록유형=보건소",6개월평가성공여부=Y,0.15158,0.5209650811108056,2.5147957188202628,0.09130472639999998
6개월평가성공여부=Y,"12주평가성공여부=Y, 6주평가성공여부=Y, 등록유형=보건소",0.15158,0.7317049623479436,2.5147957188202623,0.09130472639999998
6개월평가성공여부=Y,"12주평가성공여부=Y, 등록유형=보건소",0.15158,0.7317049623479436,2.514622868746799,0.09130058319999998
6개월평가성공여부=Y,"12주평가성공여부=Y, 4주평가성공여부=Y, 등록유형=보건소",0.15158,0.7317049623479436,2.514622868746799,0.09130058319999998
6개월평가성공여부=Y,"12주평가성공여부=Y, 등록유형=보건소, 서비스구분=보건소 금연클리닉",0.15158,0.7317049623479436,2.514622868746799,0.09130058319999998
"12주평가성공여부=Y, 등록유형=보건소",6개월평가성공여부=Y,0.15158,0.5209292734895868,2.5146228687467986,0.09130058319999998
"12주평가성공여부=Y, 4주평가성공여부=Y, 등록유형=보건소",6개월평가성공여부=Y,0.15158,0.5209292734895868,2.5146228687467986,0.09130058319999998
"12주평가성공여부=Y, 등록유형=보건소, 서비스구분=보건소 금연클리닉",6개월평가성공여부=Y,0.15158,0.5209292734895868,2.5146228687467986,0.09130058319999998
"6개월평가성공여부=Y, 성별=남","12주평가성공여부=Y, 등록유형=보건소",0.13226,0.7301534724522468,2.509290921892387,0.07955188279999999
"12주평가성공여부=Y, 등록유형=보건소","6개월평가성공여부=Y, 성별=남",0.13226,0.45453295759158696,2.509290921892387,0.07955188279999999
"6개월평가성공여부=Y, 6주평가성공여부=Y","12주평가성공여부=Y, 서비스구분=보건소 금연클리닉",0.19014,0.918284555201391,2.500911147669783,0.11411170920000001
"12주평가성공여부=Y, 서비스구분=보건소 금연클리닉","6개월평가성공여부=Y, 6주평가성공여부=Y",0.19014,0.5178386622365052,2.500911147669783,0.11411170920000001
"12주평가성공여부=Y, 서비스구분=보건소 금연클리닉","4주평가성공여부=Y, 6개월평가성공여부=Y",0.19014,0.5178386622365052,2.5006696070914876,0.11410436560000001
"4주평가성공여부=Y, 6개월평가성공여부=Y","12주평가성공여부=Y, 서비스구분=보건소 금연클리닉",0.19014,0.9181958663318525,2.5006696070914876,0.11410436560000001
6개월평가성공여부=Y,"12주평가성공여부=Y, 6주평가성공여부=Y, 서비스구분=보건소 금연클리닉",0.19014,0.9178412821007916,2.4998400754461043,0.1140791344
"12주평가성공여부=Y, 6주평가성공여부=Y, 서비스구분=보건소 금연클리닉",6개월평가성공여부=Y,0.19014,0.517866870029415,2.4998400754461043,0.1140791344
6개월평가성공여부=Y,"12주평가성공여부=Y, 4주평가성공여부=Y, 서비스구분=보건소 금연클리닉",0.19014,0.9178412821007916,2.4997039111628947,0.1140749912
6개월평가성공여부=Y,"12주평가성공여부=Y, 서비스구분=보건소 금연클리닉",0.19014,0.9178412821007916,2.4997039111628947,0.1140749912
"12주평가성공여부=Y, 서비스구분=보건소 금연클리닉",6개월평가성공여부=Y,0.19014,0.5178386622365052,2.4997039111628943,0.1140749912
"12주평가성공여부=Y, 4주평가성공여부=Y, 서비스구분=보건소 금연클리닉",6개월평가성공여부=Y,0.19014,0.5178386622365052,2.4997039111628943,0.1140749912
"12주평가성공여부=Y, 서비스구분=보건소 금연클리닉","6개월평가성공여부=Y, 성별=남",0.16622,0.4526935018247181,2.4991360374556595,0.09970901480000001
"6개월평가성공여부=Y, 성별=남","12주평가성공여부=Y, 서비스구분=보건소 금연클리닉",0.16622,0.9176327702329691,2.4991360374556595,0.09970901480000001
"6주평가성공여부=미실시, 서비스구분=보건소 금연클리닉","4주평가성공여부=미실시, 서비스상태=금연유지",0.13664,0.3631724431214119,2.489528675085083,0.0817541088
"4주평가성공여부=미실시, 서비스상태=금연유지","6주평가성공여부=미실시, 서비스구분=보건소 금연클리닉",0.13664,0.9366602687140115,2.4895286750850825,0.0817541088
"6주평가성공여부=미실시, 성별=여","4주평가성공여부=미실시, 서비스구분=보건소 금연클리닉",0.05482,0.7278279341476368,2.472241624142788,0.03264579200000001
"4주평가성공여부=미실시, 서비스구분=보건소 금연클리닉","6주평가성공여부=미실시, 성별=여",0.05482,0.1862092391304348,2.472241624142788,0.03264579200000001
"12주평가성공여부=Y, 서비스구분=보건소 금연클리닉, 성별=남",서비스상태=정상종결,0.12344,0.38925327951564076,2.4720772228860715,0.07350628479999999
서비스상태=정상종결,"12주평가성공여부=Y, 서비스구분=보건소 금연클리닉, 성별=남",0.12344,0.7839451289216309,2.472077222886071,0.07350628479999999
"12주평가성공여부=Y, 등록유형=보건소, 성별=남",서비스상태=정상종결,0.09756,0.3875427027885914,2.461213659269601,0.05792101959999999
서비스상태=정상종결,"12주평가성공여부=Y, 등록유형=보건소, 성별=남",0.09756,0.6195859265845294,2.461213659269601,0.05792101959999999
"12주평가성공여부=Y, 서비스구분=보건소 금연클리닉","6주평가성공여부=Y, 서비스상태=정상종결",0.1416,0.38564191949452586,2.4506985224614,0.08382055520000001
"6주평가성공여부=Y, 서비스상태=정상종결","12주평가성공여부=Y, 서비스구분=보건소 금연클리닉",0.1416,0.8998474834773768,2.4506985224613995,0.08382055520000001
"6주평가성공여부=Y, 서비스상태=정상종결","12주평가성공여부=Y, 등록유형=보건소",0.1122,0.7130147432638535,2.450390897188307,0.06641138719999999
"12주평가성공여부=Y, 등록유형=보건소","6주평가성공여부=Y, 서비스상태=정상종결",0.1122,0.385593511581552,2.450390897188307,0.06641138719999999
"4주평가성공여부=Y, 서비스상태=정상종결","12주평가성공여부=Y, 서비스구분=보건소 금연클리닉",0.1416,0.8997331300038125,2.450387085363616,0.0838132116
"12주평가성공여부=Y, 서비스구분=보건소 금연클리닉","4주평가성공여부=Y, 서비스상태=정상종결",0.1416,0.38564191949452586,2.450387085363616,0.0838132116
"12주평가성공여부=Y, 등록유형=보건소","4주평가성공여부=Y, 서비스상태=정상종결",0.1122,0.385593511581552,2.4500794991838353,0.06640556759999999
"4주평가성공여부=Y, 서비스상태=정상종결","12주평가성공여부=Y, 등록유형=보건소",0.1122,0.7129241326725124,2.4500794991838353,0.06640556759999999
"12주평가성공여부=Y, 6주평가성공여부=Y, 서비스구분=보건소 금연클리닉",서비스상태=정상종결,0.1416,0.385662926244689,2.449275538198203,0.08378698640000001
서비스상태=정상종결,"12주평가성공여부=Y, 6주평가성공여부=Y, 서비스구분=보건소 금연클리닉",0.1416,0.8992760066048521,2.4492755381982025,0.08378698640000001
서비스상태=정상종결,"12주평가성공여부=Y, 4주평가성공여부=Y, 서비스구분=보건소 금연클리닉",0.1416,0.8992760066048521,2.4491421281247674,0.08378383720000002
"12주평가성공여부=Y, 서비스구분=보건소 금연클리닉",서비스상태=정상종결,0.1416,0.38564191949452586,2.4491421281247674,0.08378383720000002
서비스상태=정상종결,"12주평가성공여부=Y, 서비스구분=보건소 금연클리닉",0.1416,0.8992760066048521,2.4491421281247674,0.08378383720000002
"12주평가성공여부=Y, 4주평가성공여부=Y, 서비스구분=보건소 금연클리닉",서비스상태=정상종결,0.1416,0.38564191949452586,2.4491421281247674,0.08378383720000002
"6개월평가성공여부=Y, 서비스상태=정상종결","12주평가성공여부=Y, 서비스구분=보건소 금연클리닉",0.14156,0.8992504129081438,2.4490724247185134,0.08375852439999998
"12주평가성공여부=Y, 서비스구분=보건소 금연클리닉","6개월평가성공여부=Y, 서비스상태=정상종결",0.14156,0.3855329810991884,2.4490724247185134,0.08375852439999998
서비스상태=정상종결,"12주평가성공여부=Y, 6주평가성공여부=Y, 등록유형=보건소",0.1122,0.7125619204877429,2.449003026147041,0.0663854384
"12주평가성공여부=Y, 6주평가성공여부=Y, 등록유형=보건소",서비스상태=정상종결,0.1122,0.38562001649711297,2.4490030261470404,0.0663854384
"12주평가성공여부=Y, 등록유형=보건소",서비스상태=정상종결,0.1122,0.385593511581552,2.4488346982189255,0.0663822892
"12주평가성공여부=Y, 등록유형=보건소, 서비스구분=보건소 금연클리닉",서비스상태=정상종결,0.1122,0.385593511581552,2.4488346982189255,0.0663822892
"12주평가성공여부=Y, 4주평가성공여부=Y, 등록유형=보건소",서비스상태=정상종결,0.1122,0.385593511581552,2.4488346982189255,0.0663822892
서비스상태=정상종결,"12주평가성공여부=Y, 등록유형=보건소",0.1122,0.7125619204877429,2.448834698218925,0.0663822892
서비스상태=정상종결,"12주평가성공여부=Y, 4주평가성공여부=Y, 등록유형=보건소",0.1122,0.7125619204877429,2.448834698218925,0.0663822892
서비스상태=정상종결,"12주평가성공여부=Y, 등록유형=보건소, 서비스구분=보건소 금연클리닉",0.1122,0.7125619204877429,2.448834698218925,0.0663822892
"6개월평가성공여부=Y, 서비스상태=정상종결","12주평가성공여부=Y, 등록유형=보건소",0.11216,0.7124888832422818,2.4485836938699626,0.06635392839999998
"12주평가성공여부=Y, 등록유형=보건소","6개월평가성공여부=Y, 서비스상태=정상종결",0.11216,0.3854560450890095,2.4485836938699626,0.06635392839999998
"12주평가성공여부=Y, 서비스구분=보건소 금연클리닉","서비스상태=정상종결, 성별=남",0.12344,0.3361838880113296,2.4460410943781254,0.0729747808
"서비스상태=정상종결, 성별=남","12주평가성공여부=Y, 서비스구분=보건소 금연클리닉",0.12344,0.8981373690337601,2.4460410943781254,0.0729747808
4주평가성공여부=미실시,"6주평가성공여부=미실시, 서비스구분=보건소 금연클리닉, 성별=여",0.05482,0.1653795100760227,2.4413863312078936,0.03236554480000001
"6주평가성공여부=미실시, 서비스구분=보건소 금연클리닉, 성별=여",4주평가성공여부=미실시,0.05482,0.8092707410687925,2.441386331207893,0.03236554480000001
4주평가성공여부=미실시,"6개월평가성공여부=미실시, 6주평가성공여부=미실시, 성별=여",0.06092,0.18378182695788586,2.4413101349347217,0.035966185600000006
"6개월평가성공여부=미실시, 6주평가성공여부=미실시, 성별=여",4주평가성공여부=미실시,0.06092,0.8092454835281616,2.4413101349347217,0.035966185600000006
"12주평가성공여부=미실시, 6주평가성공여부=미실시, 성별=여",4주평가성공여부=미실시,0.06094,0.8090812533191716,2.440814689631868,0.0359729264
"6주평가성공여부=미실시, 성별=여","12주평가성공여부=미실시, 4주평가성공여부=미실시",0.06094,0.8090812533191716,2.440814689631868,0.0359729264
"6주평가성공여부=미실시, 성별=여",4주평가성공여부=미실시,0.06094,0.8090812533191716,2.440814689631868,0.0359729264
4주평가성공여부=미실시,"6주평가성공여부=미실시, 성별=여",0.06094,0.18384216242307228,2.4408146896318677,0.0359729264
"12주평가성공여부=미실시, 4주평가성공여부=미실시","6주평가성공여부=미실시, 성별=여",0.06094,0.18384216242307228,2.4408146896318677,0.0359729264
4주평가성공여부=미실시,"12주평가성공여부=미실시, 6주평가성공여부=미실시, 성별=여",0.06094,0.18384216242307228,2.4408146896318677,0.0359729264
"4주평가성공여부=미실시, 6개월평가성공여부=미실시","6주평가성공여부=미실시, 성별=여",0.06092,0.183826191913096,2.4406026541834307,0.035958952
"6주평가성공여부=미실시, 성별=여","4주평가성공여부=미실시, 6개월평가성공여부=미실시",0.06092,0.8088157195963888,2.4406026541834303,0.035958952
"12주평가성공여부=Y, 등록유형=보건소","서비스상태=정상종결, 성별=남",0.09756,0.3352807753110179,2.439470134684356,0.05756770879999999
"서비스상태=정상종결, 성별=남","12주평가성공여부=Y, 등록유형=보건소",0.09756,0.709837019790454,2.439470134684356,0.05756770879999999
"6주평가성공여부=미실시, 성별=남","4주평가성공여부=미실시, 서비스상태=금연유지",0.12274,0.35227598874921073,2.4148340331039946,0.0719124904
"4주평가성공여부=미실시, 서비스상태=금연유지","6주평가성공여부=미실시, 성별=남",0.12274,0.8413764738140938,2.4148340331039946,0.0719124904
"4주평가성공여부=미실시, 서비스구분=보건소 금연클리닉","6주평가성공여부=미실시, 서비스상태=금연유지",0.13664,0.46413043478260874,2.409314964610718,0.079926784
"6주평가성공여부=미실시, 서비스상태=금연유지","4주평가성공여부=미실시, 서비스구분=보건소 금연클리닉",0.13664,0.7093023255813954,2.409314964610718,0.079926784
"6주평가성공여부=미실시, 서비스상태=중간종결","4주평가성공여부=미실시, 6개월평가성공여부=미실시",0.17844,0.7968205769402518,2.4044072931208564,0.10422628399999999
"4주평가성공여부=미실시, 6개월평가성공여부=미실시","6주평가성공여부=미실시, 서비스상태=중간종결",0.17844,0.5384429692214846,2.4044072931208564,0.10422628399999999
4주평가성공여부=미실시,"12주평가성공여부=미실시, 6주평가성공여부=미실시, 서비스상태=중간종결",0.17844,0.5383130203933872,2.404041713082294,0.10421499839999998
"12주평가성공여부=미실시, 6주평가성공여부=미실시, 서비스상태=중간종결",4주평가성공여부=미실시,0.17844,0.7968917470525186,2.4040417130822935,0.10421499839999998
4주평가성공여부=미실시,"6개월평가성공여부=미실시, 6주평가성공여부=미실시, 서비스상태=중간종결",0.17844,0.5383130203933872,2.4038270089907443,0.10420836879999999
"12주평가성공여부=미실시, 4주평가성공여부=미실시","6주평가성공여부=미실시, 서비스상태=중간종결",0.17844,0.5383130203933872,2.4038270089907443,0.10420836879999999
4주평가성공여부=미실시,"6주평가성공여부=미실시, 서비스상태=중간종결",0.17844,0.5383130203933872,2.4038270089907443,0.10420836879999999
"6주평가성공여부=미실시, 서비스상태=중간종결","12주평가성공여부=미실시, 4주평가성공여부=미실시",0.17844,0.7968205769402518,2.403827008990744,0.10420836879999999
"6주평가성공여부=미실시, 서비스상태=중간종결",4주평가성공여부=미실시,0.17844,0.7968205769402518,2.403827008990744,0.10420836879999999
"6개월평가성공여부=미실시, 6주평가성공여부=미실시, 서비스상태=중간종결",4주평가성공여부=미실시,0.17844,0.7968205769402518,2.403827008990744,0.10420836879999999
4주평가성공여부=미실시,"6주평가성공여부=미실시, 서비스구분=보건소 금연클리닉, 서비스상태=중간종결",0.15232,0.4595149028599011,2.402817940074781,0.08892776480000002
"6주평가성공여부=미실시, 서비스구분=보건소 금연클리닉, 서비스상태=중간종결",4주평가성공여부=미실시,0.15232,0.7964860907759884,2.402817940074781,0.08892776480000002
"6주평가성공여부=미실시, 등록유형=보건소, 서비스상태=중간종결",4주평가성공여부=미실시,0.11034,0.7951859325454022,2.3988956574918614,0.0643438352
4주평가성공여부=미실시,"6주평가성공여부=미실시, 등록유형=보건소, 서비스상태=중간종결",0.11034,0.33287076143357064,2.398895657491861,0.0643438352
"6주평가성공여부=미실시, 서비스상태=중간종결, 성별=남",4주평가성공여부=미실시,0.14432,0.7927057014171153,2.391413362547108,0.0839707512
4주평가성공여부=미실시,"6주평가성공여부=미실시, 서비스상태=중간종결, 성별=남",0.14432,0.4353807167853264,2.3914133625471075,0.0839707512
"4주평가성공여부=미실시, 성별=여","6주평가성공여부=미실시, 서비스구분=보건소 금연클리닉",0.05482,0.8995733508368887,2.3909561738169485,0.0318919344
"6주평가성공여부=미실시, 서비스구분=보건소 금연클리닉","4주평가성공여부=미실시, 성별=여",0.05482,0.14570486923240483,2.3909561738169485,0.0318919344
"6주평가성공여부=미실시, 서비스상태=중간종결","4주평가성공여부=미실시, 성별=남",0.14432,0.6444583370545682,2.382118492846042,0.0837352724
"4주평가성공여부=미실시, 성별=남","6주평가성공여부=미실시, 서비스상태=중간종결",0.14432,0.5334516152879426,2.382118492846042,0.0837352724
"6주평가성공여부=미실시, 성별=남","4주평가성공여부=미실시, 등록유형=보건소",0.19076,0.5475001435049653,2.3818852497388208,0.1106721788
"4주평가성공여부=미실시, 등록유형=보건소","6주평가성공여부=미실시, 성별=남",0.19076,0.8298964587139999,2.3818852497388203,0.1106721788
"6주평가성공여부=미실시, 등록유형=보건소","4주평가성공여부=미실시, 성별=남",0.19076,0.6436766095289513,2.379228984730359,0.11058276560000001
"4주평가성공여부=미실시, 성별=남","6주평가성공여부=미실시, 등록유형=보건소",0.19076,0.7051083019146892,2.379228984730359,0.11058276560000001
4주평가성공여부=미실시,"12주평가성공여부=미실시, 6주평가성공여부=미실시, 서비스구분=보건소 금연클리닉",0.2944,0.8881380475443466,2.3606880217541506,0.1696905944
"12주평가성공여부=미실시, 6주평가성공여부=미실시, 서비스구분=보건소 금연클리닉",4주평가성공여부=미실시,0.2944,0.7825208654510658,2.3606880217541506,0.1696905944
"12주평가성공여부=미실시, 4주평가성공여부=미실시","6주평가성공여부=미실시, 서비스구분=보건소 금연클리닉",0.2944,0.8881380475443466,2.360562533341342,0.16968396479999998
4주평가성공여부=미실시,"6주평가성공여부=미실시, 서비스구분=보건소 금연클리닉",0.2944,0.8881380475443466,2.360562533341342,0.16968396479999998
"6주평가성공여부=미실시, 서비스구분=보건소 금연클리닉","12주평가성공여부=미실시, 4주평가성공여부=미실시",0.2944,0.782479268551988,2.360562533341342,0.16968396479999998
"6주평가성공여부=미실시, 서비스구분=보건소 금연클리닉",4주평가성공여부=미실시,0.2944,0.782479268551988,2.360562533341342,0.16968396479999998
"6개월평가성공여부=미실시, 6주평가성공여부=미실시","4주평가성공여부=미실시, 서비스상태=금연유지",0.14588,0.34434897554527427,2.3604947597016332,0.08407939680000001
"4주평가성공여부=미실시, 서비스상태=금연유지","6개월평가성공여부=미실시, 6주평가성공여부=미실시",0.14588,1.0,2.3604947597016332,0.08407939680000001
"4주평가성공여부=미실시, 6개월평가성공여부=미실시","6주평가성공여부=미실시, 서비스구분=보건소 금연클리닉",0.29432,0.8881110440555222,2.360490761363816,0.16963406400000003
"6주평가성공여부=미실시, 서비스구분=보건소 금연클리닉","4주평가성공여부=미실시, 6개월평가성공여부=미실시",0.29432,0.7822666383159685,2.360490761363816,0.16963406400000003
4주평가성공여부=미실시,"6개월평가성공여부=미실시, 6주평가성공여부=미실시, 서비스구분=보건소 금연클리닉",0.29432,0.8878967056836009,2.3604229734251407,0.16963048320000002
"6개월평가성공여부=미실시, 6주평가성공여부=미실시, 서비스구분=보건소 금연클리닉",4주평가성공여부=미실시,0.29432,0.7824330072309656,2.3604229734251407,0.16963048320000002
"6개월평가성공여부=미실시, 6주평가성공여부=미실시","4주평가성공여부=미실시, 서비스상태=중간종결",0.17844,0.4212066849211594,2.360230219215283,0.10283720559999998
"4주평가성공여부=미실시, 서비스상태=중간종결","6개월평가성공여부=미실시, 6주평가성공여부=미실시",0.17844,0.9998879300683625,2.360230219215283,0.10283720559999998
"4주평가성공여부=미실시, 서비스상태=금연유지","12주평가성공여부=미실시, 6주평가성공여부=미실시",0.14588,1.0,2.360049089021052,0.08406772640000001
"4주평가성공여부=미실시, 등록유형=보건소","12주평가성공여부=미실시, 6주평가성공여부=미실시",0.22986,1.0,2.360049089021052,0.13246372080000002
"12주평가성공여부=미실시, 6주평가성공여부=미실시","4주평가성공여부=미실시, 등록유형=보건소",0.22986,0.542480883602379,2.360049089021052,0.13246372080000002
"4주평가성공여부=미실시, 서비스구분=보건소 금연클리닉","12주평가성공여부=미실시, 6주평가성공여부=미실시",0.2944,1.0,2.360049089021052,0.169656832
"4주평가성공여부=미실시, 성별=여","12주평가성공여부=미실시, 6주평가성공여부=미실시",0.06094,1.0,2.360049089021052,0.0351185032
"12주평가성공여부=미실시, 6주평가성공여부=미실시","4주평가성공여부=미실시, 서비스구분=보건소 금연클리닉",0.2944,0.6947984518077976,2.360049089021052,0.169656832
"12주평가성공여부=미실시, 6주평가성공여부=미실시","4주평가성공여부=미실시, 성별=여",0.06094,0.14382139148494288,2.3600490890210515,0.0351185032
"12주평가성공여부=미실시, 6주평가성공여부=미실시","4주평가성공여부=미실시, 서비스상태=금연유지",0.14588,0.34428396110639103,2.3600490890210515,0.08406772640000001
"12주평가성공여부=미실시, 4주평가성공여부=미실시, 서비스상태=금연유지",6주평가성공여부=미실시,0.14588,1.0,2.3599376976447823,0.0840648088
6주평가성공여부=미실시,"4주평가성공여부=미실시, 서비스구분=보건소 금연클리닉, 서비스상태=금연유지",0.13664,0.32246188700618306,2.3599376976447823,0.0787401664
"4주평가성공여부=미실시, 성별=여",6주평가성공여부=미실시,0.06094,1.0,2.3599376976447823,0.035117284400000004
"4주평가성공여부=미실시, 서비스상태=금연유지",6주평가성공여부=미실시,0.14588,1.0,2.3599376976447823,0.0840648088
6주평가성공여부=미실시,"4주평가성공여부=미실시, 서비스상태=금연유지",0.14588,0.34426771133242084,2.3599376976447823,0.0840648088
"4주평가성공여부=미실시, 6개월평가성공여부=미실시, 서비스상태=금연유지",6주평가성공여부=미실시,0.14588,1.0,2.3599376976447823,0.0840648088
"4주평가성공여부=미실시, 서비스상태=금연유지, 성별=남",6주평가성공여부=미실시,0.12274,1.0,2.3599376976447823,0.0707301524
6주평가성공여부=미실시,"4주평가성공여부=미실시, 6개월평가성공여부=미실시, 서비스상태=금연유지",0.14588,0.34426771133242084,2.3599376976447823,0.0840648088
6주평가성공여부=미실시,"12주평가성공여부=미실시, 4주평가성공여부=미실시, 서비스상태=금연유지",0.14588,0.34426771133242084,2.3599376976447823,0.0840648088
6주평가성공여부=미실시,"4주평가성공여부=미실시, 서비스구분=보건소 금연클리닉, 성별=남",0.23958,0.5653938736017369,2.3599376976447823,0.1380603708
"4주평가성공여부=미실시, 등록유형=보건소, 서비스상태=금연유지",6주평가성공여부=미실시,0.11934,1.0,2.3599376976447823,0.06877086839999999
"4주평가성공여부=미실시, 서비스구분=보건소 금연클리닉, 서비스상태=금연유지",6주평가성공여부=미실시,0.13664,1.0,2.3599376976447823,0.0787401664
6주평가성공여부=미실시,"4주평가성공여부=미실시, 서비스상태=금연유지, 성별=남",0.12274,0.2896587530089206,2.3599376976447823,0.0707301524
"4주평가성공여부=미실시, 서비스구분=보건소 금연클리닉, 성별=남",6주평가성공여부=미실시,0.23958,1.0,2.3599376976447823,0.1380603708
"4주평가성공여부=미실시, 서비스구분=보건소 금연클리닉, 성별=여",6주평가성공여부=미실시,0.05482,1.0,2.3599376976447823,0.0315905732
"12주평가성공여부=미실시, 4주평가성공여부=미실시, 서비스구분=보건소 금연클리닉",6주평가성공여부=미실시,0.2944,1.0,2.3599376976447823,0.169650944
6주평가성공여부=미실시,"4주평가성공여부=미실시, 서비스구분=보건소 금연클리닉, 서비스상태=중간종결",0.15232,0.35946571010525324,2.3599376976447823,0.08777592320000001
6주평가성공여부=미실시,"4주평가성공여부=미실시, 6개월평가성공여부=미실시, 성별=여",0.06092,0.14376740454052014,2.3599376976447823,0.0351057592
"4주평가성공여부=미실시, 서비스구분=보건소 금연클리닉",6주평가성공여부=미실시,0.2944,1.0,2.3599376976447823,0.169650944
"12주평가성공여부=미실시, 4주평가성공여부=미실시, 등록유형=보건소",6주평가성공여부=미실시,0.22986,1.0,2.3599376976447823,0.1324591236
"4주평가성공여부=미실시, 등록유형=보건소, 서비스구분=보건소 금연클리닉",6주평가성공여부=미실시,0.22986,1.0,2.3599376976447823,0.1324591236
"4주평가성공여부=미실시, 등록유형=보건소, 서비스상태=중간종결",6주평가성공여부=미실시,0.11034,1.0,2.3599376976447823,0.06358452839999999
6주평가성공여부=미실시,"4주평가성공여부=미실시, 서비스구분=보건소 금연클리닉, 성별=여",0.05482,0.12937178458488696,2.3599376976447823,0.0315905732
6주평가성공여부=미실시,"4주평가성공여부=미실시, 6개월평가성공여부=미실시, 서비스구분=보건소 금연클리닉",0.29432,0.6945768631708124,2.3599376976447823,0.16960484320000002
"12주평가성공여부=미실시, 4주평가성공여부=미실시, 성별=여",6주평가성공여부=미실시,0.06094,1.0,2.3599376976447823,0.035117284400000004
"4주평가성공여부=미실시, 서비스구분=보건소 금연클리닉, 서비스상태=중간종결",6주평가성공여부=미실시,0.15232,1.0,2.3599376976447823,0.08777592320000001
"4주평가성공여부=미실시, 6개월평가성공여부=미실시, 서비스구분=보건소 금연클리닉",6주평가성공여부=미실시,0.29432,1.0,2.3599376976447823,0.16960484320000002
"4주평가성공여부=미실시, 6개월평가성공여부=미실시, 등록유형=보건소",6주평가성공여부=미실시,0.22978,1.0,2.3599376976447823,0.1324130228
"4주평가성공여부=미실시, 6개월평가성공여부=미실시, 성별=여",6주평가성공여부=미실시,0.06092,1.0,2.3599376976447823,0.0351057592
"4주평가성공여부=미실시, 등록유형=보건소, 성별=남",6주평가성공여부=미실시,0.19076,1.0,2.3599376976447823,0.10992735760000001
"4주평가성공여부=미실시, 등록유형=보건소",6주평가성공여부=미실시,0.22986,1.0,2.3599376976447823,0.1324591236
6주평가성공여부=미실시,"4주평가성공여부=미실시, 등록유형=보건소, 서비스상태=중간종결",0.11034,0.26039552555812523,2.359937697644782,0.06358452839999999
6주평가성공여부=미실시,"4주평가성공여부=미실시, 등록유형=보건소, 서비스상태=금연유지",0.11934,0.2816349648369283,2.359937697644782,0.06877086839999999
6주평가성공여부=미실시,"4주평가성공여부=미실시, 서비스구분=보건소 금연클리닉",0.2944,0.6947656581866238,2.359937697644782,0.169650944
6주평가성공여부=미실시,"4주평가성공여부=미실시, 등록유형=보건소, 성별=남",0.19076,0.45018171520271866,2.359937697644782,0.10992735760000001
6주평가성공여부=미실시,"4주평가성공여부=미실시, 성별=여",0.06094,0.14381460329447301,2.359937697644782,0.035117284400000004
6주평가성공여부=미실시,"12주평가성공여부=미실시, 4주평가성공여부=미실시, 서비스구분=보건소 금연클리닉",0.2944,0.6947656581866238,2.359937697644782,0.169650944
6주평가성공여부=미실시,"12주평가성공여부=미실시, 4주평가성공여부=미실시, 성별=여",0.06094,0.14381460329447301,2.359937697644782,0.035117284400000004
6주평가성공여부=미실시,"4주평가성공여부=미실시, 6개월평가성공여부=미실시, 등록유형=보건소",0.22978,0.542266484164818,2.359937697644782,0.1324130228
6주평가성공여부=미실시,"12주평가성공여부=미실시, 4주평가성공여부=미실시, 등록유형=보건소",0.22986,0.5424552791806296,2.359937697644782,0.1324591236
6주평가성공여부=미실시,"4주평가성공여부=미실시, 등록유형=보건소, 서비스구분=보건소 금연클리닉",0.22986,0.5424552791806296,2.359937697644782,0.1324591236
6주평가성공여부=미실시,"4주평가성공여부=미실시, 등록유형=보건소",0.22986,0.5424552791806296,2.359937697644782,0.1324591236
"12주평가성공여부=미실시, 6주평가성공여부=미실시",4주평가성공여부=미실시,0.33146,0.7822618710469178,2.3599066943614027,0.19100529439999997
4주평가성공여부=미실시,"12주평가성공여부=미실시, 6주평가성공여부=미실시",0.33146,0.9999396645348135,2.3599066943614027,0.19100529439999997
"12주평가성공여부=미실시, 6주평가성공여부=미실시","4주평가성공여부=미실시, 6개월평가성공여부=미실시",0.33138,0.7820730671197962,2.359906659987315,0.19095919200000003
"4주평가성공여부=미실시, 6개월평가성공여부=미실시","12주평가성공여부=미실시, 6주평가성공여부=미실시",0.33138,0.9999396499698251,2.359906659987315,0.19095919200000003
4주평가성공여부=미실시,"12주평가성공여부=미실시, 6개월평가성공여부=미실시, 6주평가성공여부=미실시",0.33138,0.9996983226740679,2.3598940623060005,0.1909584424
"12주평가성공여부=미실시, 6개월평가성공여부=미실시, 6주평가성공여부=미실시",4주평가성공여부=미실시,0.33138,0.7822576837731929,2.359894062306,0.1909584424
"12주평가성공여부=미실시, 6주평가성공여부=미실시","4주평가성공여부=미실시, 성별=남",0.27052,0.6384404795619749,2.359874619509037,0.15588679119999999
"4주평가성공여부=미실시, 성별=남","12주평가성공여부=미실시, 6주평가성공여부=미실시",0.27052,0.9999260737783691,2.359874619509037,0.15588679119999999
"4주평가성공여부=미실시, 서비스구분=보건소 금연클리닉","6개월평가성공여부=미실시, 6주평가성공여부=미실시",0.29432,0.9997282608695653,2.3598533209082366,0.16960038400000002
"6개월평가성공여부=미실시, 6주평가성공여부=미실시","4주평가성공여부=미실시, 서비스구분=보건소 금연클리닉",0.29432,0.6947408176753848,2.359853320908236,0.16960038400000002
"4주평가성공여부=미실시, 성별=남","6개월평가성공여부=미실시, 6주평가성공여부=미실시",0.27046,0.9997042951134767,2.359796749866577,0.15584843439999996
"6개월평가성공여부=미실시, 6주평가성공여부=미실시","4주평가성공여부=미실시, 성별=남",0.27046,0.6384194127089037,2.3597967498665766,0.15584843439999996
"12주평가성공여부=미실시, 4주평가성공여부=미실시",6주평가성공여부=미실시,0.33146,0.9999396645348135,2.3597953097059836,0.19099866479999997
4주평가성공여부=미실시,6주평가성공여부=미실시,0.33146,0.9999396645348135,2.3597953097059836,0.19099866479999997
6주평가성공여부=미실시,4주평가성공여부=미실시,0.33146,0.7822249492613395,2.3597953097059836,0.19099866479999997
6주평가성공여부=미실시,"12주평가성공여부=미실시, 4주평가성공여부=미실시",0.33146,0.7822249492613395,2.3597953097059836,0.19099866479999997
"4주평가성공여부=미실시, 6개월평가성공여부=미실시",6주평가성공여부=미실시,0.33138,0.9999396499698251,2.3597952753335183,0.19095256400000002
6주평가성공여부=미실시,"12주평가성공여부=미실시, 4주평가성공여부=미실시, 6개월평가성공여부=미실시",0.33138,0.782036154245528,2.3597952753335183,0.19095256400000002
6주평가성공여부=미실시,"4주평가성공여부=미실시, 6개월평가성공여부=미실시",0.33138,0.782036154245528,2.3597952753335183,0.19095256400000002
"12주평가성공여부=미실시, 4주평가성공여부=미실시, 6개월평가성공여부=미실시",6주평가성공여부=미실시,0.33138,0.9999396499698251,2.3597952753335183,0.19095256400000002
"12주평가성공여부=미실시, 6주평가성공여부=미실시","4주평가성공여부=미실시, 서비스상태=중간종결",0.17844,0.42112715944491647,2.359784598480984,0.10282292879999999
"4주평가성공여부=미실시, 서비스상태=중간종결","12주평가성공여부=미실시, 6주평가성공여부=미실시",0.17844,0.9998879300683625,2.359784598480984,0.10282292879999999
4주평가성공여부=미실시,"6개월평가성공여부=미실시, 6주평가성공여부=미실시",0.33138,0.9996983226740679,2.35978265195465,0.1909518128
"12주평가성공여부=미실시, 4주평가성공여부=미실시","6개월평가성공여부=미실시, 6주평가성공여부=미실시",0.33138,0.9996983226740679,2.35978265195465,0.1909518128
"6개월평가성공여부=미실시, 6주평가성공여부=미실시","12주평가성공여부=미실시, 4주평가성공여부=미실시",0.33138,0.7822207534699273,2.3597826519546494,0.1909518128
"6개월평가성공여부=미실시, 6주평가성공여부=미실시",4주평가성공여부=미실시,0.33138,0.7822207534699273,2.3597826519546494,0.1909518128
"12주평가성공여부=미실시, 4주평가성공여부=미실시, 성별=남",6주평가성공여부=미실시,0.27052,0.9999260737783691,2.359763236367511,0.1558813804
6주평가성공여부=미실시,"4주평가성공여부=미실시, 성별=남",0.27052,0.6384103459668664,2.359763236367511,0.1558813804
6주평가성공여부=미실시,"12주평가성공여부=미실시, 4주평가성공여부=미실시, 성별=남",0.27052,0.6384103459668664,2.359763236367511,0.1558813804
"4주평가성공여부=미실시, 성별=남",6주평가성공여부=미실시,0.27052,0.9999260737783691,2.359763236367511,0.1558813804
"4주평가성공여부=미실시, 6개월평가성공여부=미실시, 성별=남",6주평가성공여부=미실시,0.27046,0.9999260573794735,2.359763197667139,0.15584680479999996
6주평가성공여부=미실시,"4주평가성공여부=미실시, 6개월평가성공여부=미실시, 성별=남",0.27046,0.6382687497050077,2.3597631976671387,0.15584680479999996
"6개월평가성공여부=미실시, 6주평가성공여부=미실시","4주평가성공여부=미실시, 성별=여",0.06092,0.14380134076102352,2.359720064998745,0.035103378399999996
"4주평가성공여부=미실시, 성별=여","6개월평가성공여부=미실시, 6주평가성공여부=미실시",0.06092,0.9996718083360683,2.359720064998745,0.035103378399999996
6주평가성공여부=미실시,"4주평가성공여부=미실시, 6개월평가성공여부=미실시, 서비스상태=중간종결",0.17844,0.4211072827677349,2.3596732195883385,0.10281935959999998
"12주평가성공여부=미실시, 4주평가성공여부=미실시, 서비스상태=중간종결",6주평가성공여부=미실시,0.17844,0.9998879300683625,2.3596732195883385,0.10281935959999998
6주평가성공여부=미실시,"4주평가성공여부=미실시, 서비스상태=중간종결",0.17844,0.4211072827677349,2.3596732195883385,0.10281935959999998
"4주평가성공여부=미실시, 서비스상태=중간종결",6주평가성공여부=미실시,0.17844,0.9998879300683625,2.3596732195883385,0.10281935959999998
"4주평가성공여부=미실시, 6개월평가성공여부=미실시, 서비스상태=중간종결",6주평가성공여부=미실시,0.17844,0.9998879300683625,2.3596732195883385,0.10281935959999998
6주평가성공여부=미실시,"12주평가성공여부=미실시, 4주평가성공여부=미실시, 서비스상태=중간종결",0.17844,0.4211072827677349,2.3596732195883385,0.10281935959999998
"4주평가성공여부=미실시, 등록유형=보건소","6개월평가성공여부=미실시, 6주평가성공여부=미실시",0.22978,0.999651962063865,2.359673217977209,0.13240210959999998
"6개월평가성공여부=미실시, 6주평가성공여부=미실시","4주평가성공여부=미실시, 등록유형=보건소",0.22978,0.5423944858842413,2.359673217977209,0.13240210959999998
"4주평가성공여부=미실시, 서비스상태=중간종결, 성별=남",6주평가성공여부=미실시,0.14432,0.9998614382707497,2.3596107005964737,0.08315736840000001
6주평가성공여부=미실시,"4주평가성공여부=미실시, 서비스상태=중간종결, 성별=남",0.14432,0.340586208524095,2.3596107005964737,0.08315736840000001
"6주평가성공여부=미실시, 서비스상태=금연유지","4주평가성공여부=미실시, 성별=남",0.12274,0.6371470099667774,2.355093553510673,0.0706231744
"4주평가성공여부=미실시, 성별=남","6주평가성공여부=미실시, 서비스상태=금연유지",0.12274,0.453685222148296,2.3550935535106725,0.0706231744
"4주평가성공여부=미실시, 성별=남","6주평가성공여부=미실시, 서비스구분=보건소 금연클리닉",0.23958,0.8855622089155023,2.3537162686463486,0.1377920304
"6주평가성공여부=미실시, 서비스구분=보건소 금연클리닉","4주평가성공여부=미실시, 성별=남",0.23958,0.6367743993195831,2.3537162686463486,0.1377920304
4주평가성공여부=미실시,"6주평가성공여부=미실시, 서비스구분=보건소 금연클리닉, 성별=남",0.23958,0.7227585374683239,2.3428153564613416,0.13731842
"6주평가성공여부=미실시, 서비스구분=보건소 금연클리닉, 성별=남",4주평가성공여부=미실시,0.23958,0.7765964343598055,2.3428153564613416,0.13731842
4주평가성공여부=미실시,"12주평가성공여부=미실시, 6주평가성공여부=미실시, 성별=남",0.27052,0.8160975021117413,2.3424153332713584,0.15503236799999998
"12주평가성공여부=미실시, 6주평가성공여부=미실시, 성별=남",4주평가성공여부=미실시,0.27052,0.7764638346727899,2.3424153332713584,0.15503236799999998
"4주평가성공여부=미실시, 6개월평가성공여부=미실시","6주평가성공여부=미실시, 성별=남",0.27046,0.8161134580567291,2.342326669125564,0.154993612
"6주평가성공여부=미실시, 성별=남","4주평가성공여부=미실시, 6개월평가성공여부=미실시",0.27046,0.7762470581482118,2.3423266691255638,0.154993612
"12주평가성공여부=미실시, 4주평가성공여부=미실시","6주평가성공여부=미실시, 성별=남",0.27052,0.8160975021117413,2.342280873978937,0.1550257384
"6주평가성공여부=미실시, 성별=남","12주평가성공여부=미실시, 4주평가성공여부=미실시",0.27052,0.776419264106538,2.342280873978937,0.1550257384
4주평가성공여부=미실시,"6주평가성공여부=미실시, 성별=남",0.27052,0.8160975021117413,2.342280873978937,0.1550257384
"6주평가성공여부=미실시, 성별=남",4주평가성공여부=미실시,0.27052,0.776419264106538,2.342280873978937,0.1550257384
4주평가성공여부=미실시,"6개월평가성공여부=미실시, 6주평가성공여부=미실시, 성별=남",0.27046,0.815916495716182,2.3421647023658916,0.15498562719999998
"6개월평가성공여부=미실시, 6주평가성공여부=미실시, 성별=남",4주평가성공여부=미실시,0.27046,0.7763807555402457,2.342164702365891,0.15498562719999998
4주평가성공여부=미실시,"12주평가성공여부=미실시, 6주평가성공여부=미실시, 등록유형=보건소",0.22986,0.6934355013877157,2.3399996672326235,0.1316292168
"12주평가성공여부=미실시, 6주평가성공여부=미실시, 등록유형=보건소",4주평가성공여부=미실시,0.22986,0.7756630896942701,2.3399996672326235,0.1316292168
"6주평가성공여부=미실시, 등록유형=보건소","12주평가성공여부=미실시, 4주평가성공여부=미실시",0.22986,0.7756107436901066,2.339841751207031,0.1316225872
"12주평가성공여부=미실시, 4주평가성공여부=미실시","6주평가성공여부=미실시, 등록유형=보건소",0.22986,0.6934355013877157,2.339841751207031,0.1316225872
4주평가성공여부=미실시,"6주평가성공여부=미실시, 등록유형=보건소",0.22986,0.6934355013877157,2.339841751207031,0.1316225872
"6주평가성공여부=미실시, 등록유형=보건소",4주평가성공여부=미실시,0.22986,0.7756107436901066,2.339841751207031,0.1316225872
"6주평가성공여부=미실시, 등록유형=보건소, 서비스구분=보건소 금연클리닉",4주평가성공여부=미실시,0.22986,0.7756107436901066,2.339841751207031,0.1316225872
4주평가성공여부=미실시,"6주평가성공여부=미실시, 등록유형=보건소, 서비스구분=보건소 금연클리닉",0.22986,0.6934355013877157,2.339841751207031,0.1316225872
4주평가성공여부=미실시,"6개월평가성공여부=미실시, 6주평가성공여부=미실시, 등록유형=보건소",0.22978,0.6931941595269699,2.3396589696468544,0.1315691056
"6개월평가성공여부=미실시, 6주평가성공여부=미실시, 등록유형=보건소",4주평가성공여부=미실시,0.22978,0.7755501552585393,2.3396589696468544,0.1315691056
"6주평가성공여부=미실시, 등록유형=보건소","4주평가성공여부=미실시, 6개월평가성공여부=미실시",0.22978,0.7753408017276285,2.3395920390091387,0.13156629600000003
"4주평가성공여부=미실시, 6개월평가성공여부=미실시","6주평가성공여부=미실시, 등록유형=보건소",0.22978,0.6933614966807484,2.3395920390091387,0.13156629600000003
"4주평가성공여부=미실시, 서비스구분=보건소 금연클리닉","6주평가성공여부=미실시, 성별=남",0.23958,0.8137907608695651,2.335660297541947,0.137005152
"6주평가성공여부=미실시, 성별=남","4주평가성공여부=미실시, 서비스구분=보건소 금연클리닉",0.23958,0.6876183915963492,2.335660297541947,0.137005152
4주평가성공여부=미실시,"6주평가성공여부=미실시, 등록유형=보건소, 성별=남",0.19076,0.5754796669482322,2.3300658634230795,0.10889106960000002
"6주평가성공여부=미실시, 등록유형=보건소, 성별=남",4주평가성공여부=미실시,0.19076,0.7723702324074824,2.3300658634230795,0.10889106960000002
"4주평가성공여부=미실시, 서비스상태=중간종결","6주평가성공여부=미실시, 성별=남",0.14432,0.8086966266950577,2.3210396265858955,0.08214096679999999
"6주평가성공여부=미실시, 성별=남","4주평가성공여부=미실시, 서비스상태=중간종결",0.14432,0.4142127317605189,2.3210396265858955,0.08214096679999999
"6주평가성공여부=미실시, 서비스상태=중간종결","4주평가성공여부=미실시, 서비스구분=보건소 금연클리닉",0.15232,0.68018219165848,2.31040146623125,0.08639206400000002
"4주평가성공여부=미실시, 서비스구분=보건소 금연클리닉","6주평가성공여부=미실시, 서비스상태=중간종결",0.15232,0.5173913043478261,2.3104014662312498,0.08639206400000002
4주평가성공여부=미실시,"6주평가성공여부=미실시, 서비스구분=보건소 금연클리닉, 서비스상태=금연유지",0.13664,0.4122118981537348,2.29567775759487,0.07711945120000002
"6주평가성공여부=미실시, 서비스구분=보건소 금연클리닉, 서비스상태=금연유지",4주평가성공여부=미실시,0.13664,0.7609712630875474,2.2956777575948695,0.07711945120000002
4주평가성공여부=미실시,"6주평가성공여부=미실시, 등록유형=보건소, 서비스상태=금연유지",0.11934,0.36002172076746713,2.2870138531791837,0.0671584184
"6주평가성공여부=미실시, 등록유형=보건소, 서비스상태=금연유지",4주평가성공여부=미실시,0.11934,0.7580993520518359,2.2870138531791837,0.0671584184
"6주평가성공여부=미실시, 서비스상태=금연유지","4주평가성공여부=미실시, 6개월평가성공여부=미실시",0.14588,0.7572674418604651,2.285055648341778,0.08203910400000002
"4주평가성공여부=미실시, 6개월평가성공여부=미실시","6주평가성공여부=미실시, 서비스상태=금연유지",0.14588,0.4401931200965601,2.285055648341778,0.08203910400000002
"6주평가성공여부=미실시, 서비스상태=금연유지",4주평가성공여부=미실시,0.14588,0.7572674418604651,2.284504168759699,0.0820236928
4주평가성공여부=미실시,"12주평가성공여부=미실시, 6주평가성공여부=미실시, 서비스상태=금연유지",0.14588,0.4400868830698685,2.284504168759699,0.0820236928
"12주평가성공여부=미실시, 6주평가성공여부=미실시, 서비스상태=금연유지",4주평가성공여부=미실시,0.14588,0.7572674418604651,2.284504168759699,0.0820236928
"6개월평가성공여부=미실시, 6주평가성공여부=미실시, 서비스상태=금연유지",4주평가성공여부=미실시,0.14588,0.7572674418604651,2.284504168759699,0.0820236928
4주평가성공여부=미실시,"6주평가성공여부=미실시, 서비스상태=금연유지",0.14588,0.4400868830698685,2.284504168759699,0.0820236928
4주평가성공여부=미실시,"6개월평가성공여부=미실시, 6주평가성공여부=미실시, 서비스상태=금연유지",0.14588,0.4400868830698685,2.284504168759699,0.0820236928
"12주평가성공여부=미실시, 4주평가성공여부=미실시","6주평가성공여부=미실시, 서비스상태=금연유지",0.14588,0.4400868830698685,2.284504168759699,0.0820236928
"6주평가성공여부=미실시, 서비스상태=금연유지","12주평가성공여부=미실시, 4주평가성공여부=미실시",0.14588,0.7572674418604651,2.284504168759699,0.0820236928
4주평가성공여부=미실시,"6주평가성공여부=미실시, 서비스상태=금연유지, 성별=남",0.12274,0.37027874984916137,2.2730432771587563,0.068741908
"6주평가성공여부=미실시, 서비스상태=금연유지, 성별=남",4주평가성공여부=미실시,0.12274,0.7534683855125844,2.273043277158756,0.068741908
"6주평가성공여부=미실시, 서비스구분=보건소 금연클리닉","4주평가성공여부=미실시, 서비스상태=중간종결",0.15232,0.404847969381246,2.2685642126036423,0.08517620960000001
"4주평가성공여부=미실시, 서비스상태=중간종결","6주평가성공여부=미실시, 서비스구분=보건소 금연클리닉",0.15232,0.8535245993499945,2.2685642126036423,0.08517620960000001
"12주평가성공여부=미실시, 6주평가성공여부=Y","4주평가성공여부=Y, 6개월평가성공여부=미실시",0.17934,0.9994427106553724,2.166109039131713,0.09654638400000001
"4주평가성공여부=Y, 6개월평가성공여부=미실시","12주평가성공여부=미실시, 6주평가성공여부=Y",0.17934,0.38868660598179455,2.166109039131713,0.09654638400000001
"6주평가성공여부=Y, 서비스상태=금연유지","12주평가성공여부=Y, 6개월평가성공여부=미실시",0.09318,0.4110277900308778,2.1655837198676386,0.05015234
"12주평가성공여부=Y, 6개월평가성공여부=미실시","6주평가성공여부=Y, 서비스상태=금연유지",0.09318,0.49093782929399365,2.165583719867638,0.05015234
"6주평가성공여부=미실시, 서비스상태=중간종결","4주평가성공여부=미실시, 등록유형=보건소",0.11034,0.4927212646244529,2.1435711503717605,0.05886515159999999
"4주평가성공여부=미실시, 등록유형=보건소","6주평가성공여부=미실시, 서비스상태=중간종결",0.11034,0.4800313234142521,2.1435711503717605,0.05886515159999999
"12주평가성공여부=Y, 6개월평가성공여부=미실시","4주평가성공여부=Y, 서비스상태=중간종결",0.09654,0.5086406743940991,2.1405633969956197,0.051439724
"4주평가성공여부=Y, 서비스상태=중간종결","12주평가성공여부=Y, 6개월평가성공여부=미실시",0.09654,0.40627893274976856,2.1405633969956193,0.051439724
"4주평가성공여부=Y, 서비스상태=중간종결","6개월평가성공여부=미실시, 6주평가성공여부=Y",0.18534,0.7799848497601213,2.112978408625782,0.0976249532
"6개월평가성공여부=미실시, 6주평가성공여부=Y","4주평가성공여부=Y, 서비스상태=중간종결",0.18534,0.5020859294576583,2.1129784086257817,0.0976249532
"6주평가성공여부=Y, 서비스상태=중간종결","4주평가성공여부=Y, 6개월평가성공여부=미실시",0.18534,0.964809994794378,2.091048970078843,0.09670506000000001
"4주평가성공여부=Y, 6개월평가성공여부=미실시","6주평가성공여부=Y, 서비스상태=중간종결",0.18534,0.40169050715214566,2.091048970078843,0.09670506000000001
"6주평가성공여부=미실시, 등록유형=보건소","4주평가성공여부=미실시, 서비스상태=중간종결",0.11034,0.3723174517478742,2.0862795682386763,0.057451594399999986
"4주평가성공여부=미실시, 서비스상태=중간종결","6주평가성공여부=미실시, 등록유형=보건소",0.11034,0.6182898128432142,2.0862795682386763,0.057451594399999986
"12주평가성공여부=미실시, 6주평가성공여부=Y","4주평가성공여부=Y, 서비스상태=중간종결",0.08884,0.495095853767276,2.0835613743257135,0.046201467200000006
"4주평가성공여부=Y, 서비스상태=중간종결","12주평가성공여부=미실시, 6주평가성공여부=Y",0.08884,0.373874253009006,2.0835613743257135,0.046201467200000006
"12주평가성공여부=Y, 서비스상태=중간종결","4주평가성공여부=Y, 6개월평가성공여부=미실시",0.09654,0.9349215572341661,2.0262712553839752,0.048895836
"4주평가성공여부=Y, 6개월평가성공여부=미실시","12주평가성공여부=Y, 서비스상태=중간종결",0.09654,0.2092327698309493,2.0262712553839752,0.048895836
"12주평가성공여부=Y, 서비스구분=보건소 금연클리닉","6주평가성공여부=Y, 등록유형=출장",0.07534,0.205185467618062,1.9379058142997923,0.0364629816
"6주평가성공여부=Y, 등록유형=출장","12주평가성공여부=Y, 서비스구분=보건소 금연클리닉",0.07534,0.7115602568945977,1.937905814299792,0.0364629816
"12주평가성공여부=미실시, 등록유형=보건소","4주평가성공여부=미실시, 서비스상태=금연유지",0.11934,0.27529411764705886,1.8871272117292215,0.05610102
"4주평가성공여부=미실시, 서비스상태=금연유지","12주평가성공여부=미실시, 등록유형=보건소",0.11934,0.8180696462846174,1.8871272117292213,0.05610102
"12주평가성공여부=미실시, 등록유형=보건소","6주평가성공여부=미실시, 서비스상태=금연유지",0.15742,0.3631372549019608,1.8850563481206437,0.07391056
"6주평가성공여부=미실시, 서비스상태=금연유지","12주평가성공여부=미실시, 등록유형=보건소",0.15742,0.817171926910299,1.8850563481206437,0.07391056
"12주평가성공여부=미실시, 서비스상태=금연유지","6주평가성공여부=미실시, 등록유형=보건소",0.15742,0.5559008404548345,1.8757620476948118,0.0734967752
"6주평가성공여부=미실시, 등록유형=보건소","12주평가성공여부=미실시, 서비스상태=금연유지",0.15742,0.5311782966662167,1.8757620476948116,0.0734967752
"6주평가성공여부=Y, 서비스구분=보건소 금연클리닉","12주평가성공여부=Y, 등록유형=출장",0.07534,0.14058068368413199,1.865950141812211,0.034963787200000006
"12주평가성공여부=Y, 등록유형=출장","6주평가성공여부=Y, 서비스구분=보건소 금연클리닉",0.07534,1.0,1.8659501418122109,0.034963787200000006
"12주평가성공여부=Y, 등록유형=보건소","6주평가성공여부=Y, 서비스구분=보건소 금연클리닉",0.29096,0.9999312667537287,1.8658218890015839,0.1350179984
"6주평가성공여부=Y, 서비스구분=보건소 금연클리닉","12주평가성공여부=Y, 등록유형=보건소",0.29096,0.5429168532616809,1.8658218890015839,0.1350179984
"6개월평가성공여부=Y, 등록유형=보건소","6주평가성공여부=Y, 서비스구분=보건소 금연클리닉",0.15166,0.9994727823909317,1.8649663800398042,0.07033949919999999
"6주평가성공여부=Y, 서비스구분=보건소 금연클리닉","6개월평가성공여부=Y, 등록유형=보건소",0.15166,0.2829899985072399,1.864966380039804,0.07033949919999999
"등록유형=보건소, 서비스상태=정상종결","6주평가성공여부=Y, 서비스구분=보건소 금연클리닉",0.11224,0.9992877492877493,1.864621117494681,0.05204546560000001
"6주평가성공여부=Y, 서비스구분=보건소 금연클리닉","등록유형=보건소, 서비스상태=정상종결",0.11224,0.20943424391700258,1.864621117494681,0.05204546560000001
"6주평가성공여부=Y, 등록유형=보건소","6개월평가성공여부=Y, 서비스구분=보건소 금연클리닉",0.15166,0.3542464729515089,1.8615158851892217,0.07018876399999999
"6개월평가성공여부=Y, 서비스구분=보건소 금연클리닉","6주평가성공여부=Y, 등록유형=보건소",0.15166,0.7969521807672096,1.8615158851892217,0.07018876399999999
"6개월평가성공여부=미실시, 6주평가성공여부=Y","12주평가성공여부=Y, 서비스상태=금연유지",0.09318,0.25242455436961586,1.8538818622915383,0.0429178976
"12주평가성공여부=Y, 서비스상태=금연유지","6개월평가성공여부=미실시, 6주평가성공여부=Y",0.09318,0.6843419506462984,1.853881862291538,0.0429178976
"12주평가성공여부=Y, 서비스구분=보건소 금연클리닉","6주평가성공여부=Y, 등록유형=보건소",0.29096,0.7924178876845144,1.8509247119604653,0.1337628984
"6주평가성공여부=Y, 등록유형=보건소","12주평가성공여부=Y, 서비스구분=보건소 금연클리닉",0.29096,0.6796225357376436,1.8509247119604653,0.1337628984
"서비스구분=보건소 금연클리닉, 서비스상태=정상종결","6주평가성공여부=Y, 등록유형=보건소",0.11224,0.7919841941857183,1.8499116934170754,0.0515668336
"6주평가성공여부=Y, 등록유형=보건소","서비스구분=보건소 금연클리닉, 서비스상태=정상종결",0.11224,0.2621694851910679,1.8499116934170752,0.0515668336
"12주평가성공여부=미실시, 6주평가성공여부=Y","4주평가성공여부=Y, 서비스상태=금연유지",0.09054,0.5045697726259474,1.8451319118918577,0.041470337600000004
"4주평가성공여부=Y, 서비스상태=금연유지","12주평가성공여부=미실시, 6주평가성공여부=Y",0.09054,0.3310904702698749,1.8451319118918577,0.041470337600000004
"4주평가성공여부=미실시, 서비스구분=보건소 금연클리닉","12주평가성공여부=미실시, 성별=여",0.05482,0.1862092391304348,1.8378329957603121,0.024991392000000005
"12주평가성공여부=미실시, 성별=여","4주평가성공여부=미실시, 서비스구분=보건소 금연클리닉",0.05482,0.5410580339518358,1.837832995760312,0.024991392000000005
"12주평가성공여부=미실시, 서비스구분=보건소 금연클리닉","4주평가성공여부=미실시, 등록유형=보건소",0.22986,0.42176146788990826,1.8348623853211008,0.1045863
"6주평가성공여부=미실시, 등록유형=출장","12주평가성공여부=미실시, 서비스구분=보건소 금연클리닉",0.06436,1.0,1.8348623853211008,0.0292838
"4주평가성공여부=미실시, 등록유형=보건소","12주평가성공여부=미실시, 서비스구분=보건소 금연클리닉",0.22986,1.0,1.8348623853211008,0.1045863
"12주평가성공여부=미실시, 서비스구분=보건소 금연클리닉","6주평가성공여부=미실시, 등록유형=출장",0.06436,0.11809174311926604,1.8348623853211006,0.0292838
"12주평가성공여부=미실시, 서비스구분=보건소 금연클리닉","6주평가성공여부=미실시, 등록유형=보건소",0.29634,0.543743119266055,1.834738558732808,0.13482379999999997
"6주평가성공여부=미실시, 등록유형=보건소","12주평가성공여부=미실시, 서비스구분=보건소 금연클리닉",0.29634,0.9999325145093804,1.8347385587328078,0.13482379999999997
"12주평가성공여부=미실시, 서비스상태=금연유지","4주평가성공여부=미실시, 등록유형=보건소",0.11934,0.42142806695388096,1.8334119331500955,0.0542482452
"4주평가성공여부=미실시, 등록유형=보건소","12주평가성공여부=미실시, 서비스상태=금연유지",0.11934,0.519185591229444,1.8334119331500953,0.0542482452
"6주평가성공여부=Y, 등록유형=보건소","12주평가성공여부=Y, 서비스상태=금연유지",0.10626,0.24820143884892085,1.822866031499125,0.047967180799999995
"12주평가성공여부=Y, 서비스상태=금연유지","6주평가성공여부=Y, 등록유형=보건소",0.10626,0.7804054054054054,1.822866031499125,0.047967180799999995
"4주평가성공여부=Y, 서비스상태=금연유지","6개월평가성공여부=미실시, 6주평가성공여부=Y",0.1837,0.671761866452132,1.8198024230701955,0.0827549756
"6개월평가성공여부=미실시, 6주평가성공여부=Y","4주평가성공여부=Y, 서비스상태=금연유지",0.1837,0.49764317061277563,1.8198024230701955,0.0827549756
"12주평가성공여부=미실시, 등록유형=보건소","6주평가성공여부=미실시, 서비스구분=보건소 금연클리닉",0.29634,0.683598615916955,1.8169216880633505,0.13323996
"6주평가성공여부=미실시, 서비스구분=보건소 금연클리닉","12주평가성공여부=미실시, 등록유형=보건소",0.29634,0.7876355517754624,1.8169216880633505,0.13323996
4주평가성공여부=미실시,"12주평가성공여부=미실시, 6개월평가성공여부=미실시, 성별=여",0.06092,0.18378182695788586,1.815308444862563,0.027360964800000005
"12주평가성공여부=미실시, 6개월평가성공여부=미실시, 성별=여",4주평가성공여부=미실시,0.06092,0.6017384433030423,1.8153084448625627,0.027360964800000005
"12주평가성공여부=미실시, 성별=여","4주평가성공여부=미실시, 6주평가성공여부=미실시",0.06094,0.6014607185155942,1.81458009568453,0.027356472800000003
"4주평가성공여부=미실시, 6주평가성공여부=미실시","12주평가성공여부=미실시, 성별=여",0.06094,0.18385325529475655,1.8145800956845297,0.027356472800000003
"12주평가성공여부=미실시, 성별=여",4주평가성공여부=미실시,0.06094,0.6014607185155942,1.8144706121503387,0.027354446400000003
4주평가성공여부=미실시,"12주평가성공여부=미실시, 성별=여",0.06094,0.18384216242307228,1.8144706121503384,0.027354446400000003
"4주평가성공여부=미실시, 6개월평가성공여부=미실시","12주평가성공여부=미실시, 성별=여",0.06092,0.183826191913096,1.814312987693407,0.027342552000000006
"12주평가성공여부=미실시, 성별=여","4주평가성공여부=미실시, 6개월평가성공여부=미실시",0.06092,0.601263324121595,1.814312987693407,0.027342552000000006
"12주평가성공여부=미실시, 등록유형=출장","6주평가성공여부=미실시, 서비스구분=보건소 금연클리닉",0.06436,0.6780446691951116,1.8021599755345301,0.028647299199999997
"6주평가성공여부=미실시, 서비스구분=보건소 금연클리닉","12주평가성공여부=미실시, 등록유형=출장",0.06436,0.1710610248777376,1.8021599755345301,0.028647299199999997
"12주평가성공여부=미실시, 등록유형=보건소","4주평가성공여부=미실시, 서비스구분=보건소 금연클리닉",0.22986,0.530242214532872,1.8010944787122012,0.10223760000000001
"4주평가성공여부=미실시, 서비스구분=보건소 금연클리닉","12주평가성공여부=미실시, 등록유형=보건소",0.22986,0.7807744565217392,1.801094478712201,0.10223760000000001
"6주평가성공여부=Y, 등록유형=출장, 성별=남",12주평가성공여부=Y,0.06456,0.7127401192316186,1.7963105983961354,0.02861966760000001
12주평가성공여부=Y,"6주평가성공여부=Y, 등록유형=출장, 성별=남",0.06456,0.16270981400272191,1.7963105983961352,0.02861966760000001
"12주평가성공여부=Y, 6개월평가성공여부=미실시","4주평가성공여부=Y, 서비스상태=금연유지",0.09318,0.49093782929399365,1.7952820496379496,0.041277292
"4주평가성공여부=Y, 서비스상태=금연유지","12주평가성공여부=Y, 6개월평가성공여부=미실시",0.09318,0.3407445330212828,1.7952820496379496,0.041277292
"4주평가성공여부=Y, 6주평가성공여부=Y, 등록유형=출장",12주평가성공여부=Y,0.07534,0.7115602568945977,1.7933370051277726,0.0333289336
12주평가성공여부=Y,"4주평가성공여부=Y, 6주평가성공여부=Y, 등록유형=출장",0.07534,0.18987852210292858,1.7933370051277726,0.0333289336
12주평가성공여부=Y,"6주평가성공여부=Y, 등록유형=출장, 서비스구분=보건소 금연클리닉",0.07534,0.18987852210292858,1.7933370051277726,0.0333289336
"6주평가성공여부=Y, 등록유형=출장, 서비스구분=보건소 금연클리닉",12주평가성공여부=Y,0.07534,0.7115602568945977,1.7933370051277726,0.0333289336
"6주평가성공여부=Y, 등록유형=출장","12주평가성공여부=Y, 4주평가성공여부=Y",0.07534,0.7115602568945977,1.7933370051277726,0.0333289336
"12주평가성공여부=Y, 4주평가성공여부=Y","6주평가성공여부=Y, 등록유형=출장",0.07534,0.18987852210292858,1.7933370051277726,0.0333289336
12주평가성공여부=Y,"6주평가성공여부=Y, 등록유형=출장",0.07534,0.18987852210292858,1.7933370051277726,0.0333289336
"6주평가성공여부=Y, 등록유형=출장",12주평가성공여부=Y,0.07534,0.7115602568945977,1.7933370051277726,0.0333289336
4주평가성공여부=미실시,"12주평가성공여부=미실시, 서비스구분=보건소 금연클리닉, 성별=여",0.05482,0.1653795100760227,1.7898215376192934,0.024191248000000002
"12주평가성공여부=미실시, 서비스구분=보건소 금연클리닉, 성별=여",4주평가성공여부=미실시,0.05482,0.5932900432900433,1.7898215376192932,0.024191248000000002
"12주평가성공여부=미실시, 4주평가성공여부=Y","6개월평가성공여부=미실시, 6주평가성공여부=Y",0.17934,0.6601148409893993,1.7882506392951165,0.0790520448
"6개월평가성공여부=미실시, 6주평가성공여부=Y","12주평가성공여부=미실시, 4주평가성공여부=Y",0.17934,0.4858319336836972,1.7882506392951165,0.0790520448
"12주평가성공여부=미실시, 성별=여","6주평가성공여부=미실시, 서비스구분=보건소 금연클리닉",0.06774,0.6685748124753257,1.776990252167036,0.0296193632
"6주평가성공여부=미실시, 서비스구분=보건소 금연클리닉","12주평가성공여부=미실시, 성별=여",0.06774,0.18004465234956407,1.776990252167036,0.0296193632
"12주평가성공여부=Y, 성별=남","6주평가성공여부=Y, 등록유형=출장",0.06456,0.1881009265194336,1.7765482293108577,0.0282198664
"6주평가성공여부=Y, 등록유형=출장","12주평가성공여부=Y, 성별=남",0.06456,0.6097468832640726,1.7765482293108574,0.0282198664
"12주평가성공여부=Y, 서비스상태=금연유지","6주평가성공여부=Y, 성별=남",0.11932,0.876321974148061,1.7645013976885893,0.05169749759999999
"6주평가성공여부=Y, 성별=남","12주평가성공여부=Y, 서비스상태=금연유지",0.11932,0.24025451030927833,1.7645013976885893,0.05169749759999999
"6주평가성공여부=Y, 성별=남","12주평가성공여부=Y, 6개월평가성공여부=Y",0.18104,0.3645296391752577,1.7611829122391425,0.0782454528
"12주평가성공여부=Y, 6개월평가성공여부=Y","6주평가성공여부=Y, 성별=남",0.18104,0.8746738815344478,1.7611829122391425,0.0782454528
"4주평가성공여부=Y, 6개월평가성공여부=Y","6주평가성공여부=Y, 성별=남",0.18108,0.8744446590689589,1.7607213657155258,0.0782357888
"6주평가성공여부=Y, 성별=남","4주평가성공여부=Y, 6개월평가성공여부=Y",0.18108,0.3646101804123711,1.7607213657155258,0.0782357888
"6주평가성공여부=Y, 서비스구분=보건소 금연클리닉","12주평가성공여부=Y, 서비스상태=금연유지",0.12846,0.23969995521719661,1.7604285782696578,0.05548913279999999
"12주평가성공여부=Y, 서비스상태=금연유지","6주평가성공여부=Y, 서비스구분=보건소 금연클리닉",0.12846,0.9434488836662749,1.7604285782696578,0.05548913279999999
"4주평가성공여부=Y, 6주평가성공여부=Y, 성별=남",6개월평가성공여부=Y,0.18108,0.3646248640811888,1.760112300063665,0.07820020079999998
6개월평가성공여부=Y,"4주평가성공여부=Y, 6주평가성공여부=Y, 성별=남",0.18108,0.8741069704576172,1.7601123000636647,0.07820020079999998
6개월평가성공여부=Y,"6주평가성공여부=Y, 성별=남",0.18108,0.8741069704576172,1.760041419252612,0.07819605759999998
"6주평가성공여부=Y, 성별=남",6개월평가성공여부=Y,0.18108,0.3646101804123711,1.760041419252612,0.07819605759999998
"6주평가성공여부=Y, 성별=남","6개월평가성공여부=Y, 서비스구분=보건소 금연클리닉",0.16626,0.33476965206185566,1.7591679036356052,0.07174940799999999
"6개월평가성공여부=Y, 서비스구분=보건소 금연클리닉","6주평가성공여부=Y, 성별=남",0.16626,0.873673147661587,1.7591679036356052,0.07174940799999999
"서비스구분=보건소 금연클리닉, 서비스상태=중간종결","12주평가성공여부=미실시, 등록유형=출장",0.06196,0.16692709736515976,1.7586082739692346,0.0267275944
"12주평가성공여부=미실시, 등록유형=출장","서비스구분=보건소 금연클리닉, 서비스상태=중간종결",0.06196,0.6527602191319005,1.7586082739692346,0.0267275944
"12주평가성공여부=Y, 서비스상태=정상종결","6주평가성공여부=Y, 성별=남",0.13734,0.8729977116704806,1.7578078923777394,0.05920859519999999
"6주평가성공여부=Y, 성별=남","12주평가성공여부=Y, 서비스상태=정상종결",0.13734,0.2765383376288659,1.7578078923777394,0.05920859519999999
"4주평가성공여부=Y, 서비스상태=정상종결","6주평가성공여부=Y, 성별=남",0.13738,0.8729190494344898,1.7576495035327195,0.0592187968
"6주평가성공여부=Y, 성별=남","4주평가성공여부=Y, 서비스상태=정상종결",0.13738,0.27661887886597936,1.7576495035327193,0.0592187968
서비스상태=정상종결,"4주평가성공여부=Y, 6주평가성공여부=Y, 성별=남",0.13738,0.8724755493458657,1.7568272509078686,0.05918221480000001
"4주평가성공여부=Y, 6주평가성공여부=Y, 성별=남",서비스상태=정상종결,0.13738,0.27663001892795297,1.7568272509078686,0.05918221480000001
서비스상태=정상종결,"6주평가성공여부=Y, 성별=남",0.13738,0.8724755493458657,1.7567565023877771,0.0591790656
"6주평가성공여부=Y, 성별=남",서비스상태=정상종결,0.13738,0.27661887886597936,1.7567565023877771,0.0591790656
"6개월평가성공여부=Y, 서비스상태=정상종결","6주평가성공여부=Y, 성별=남",0.13734,0.8724431457248125,1.7566912566946127,0.05915893119999999
"6주평가성공여부=Y, 성별=남","6개월평가성공여부=Y, 서비스상태=정상종결",0.13734,0.2765383376288659,1.7566912566946127,0.05915893119999999
"6주평가성공여부=Y, 서비스상태=금연유지","4주평가성공여부=Y, 6개월평가성공여부=미실시",0.1837,0.8103220114689016,1.7562245588836187,0.07910062
"4주평가성공여부=Y, 6개월평가성공여부=미실시","6주평가성공여부=Y, 서비스상태=금연유지",0.1837,0.39813610749891637,1.7562245588836187,0.07910062
"6개월평가성공여부=Y, 등록유형=보건소","6주평가성공여부=Y, 성별=남",0.1323,0.8718861209964412,1.7555696701764683,0.056939846399999994
"6주평가성공여부=Y, 성별=남","6개월평가성공여부=Y, 등록유형=보건소",0.1323,0.2663901417525773,1.7555696701764683,0.056939846399999994
"12주평가성공여부=미실시, 6개월평가성공여부=미실시, 성별=여",6주평가성공여부=미실시,0.07528,0.7435796128012644,1.7548015594498145,0.0323805624
6주평가성공여부=미실시,"12주평가성공여부=미실시, 6개월평가성공여부=미실시, 성별=여",0.07528,0.1776561098786992,1.7548015594498143,0.0323805624
"서비스구분=보건소 금연클리닉, 서비스상태=정상종결","6주평가성공여부=Y, 성별=남",0.12348,0.8712955122777307,1.7543804612550955,0.053096179199999996
"6주평가성공여부=Y, 성별=남","서비스구분=보건소 금연클리닉, 서비스상태=정상종결",0.12348,0.24863079896907217,1.7543804612550955,0.053096179199999996
"12주평가성공여부=미실시, 성별=여",6주평가성공여부=미실시,0.07532,0.7433872878010265,1.7543476844315535,0.0323866632
6주평가성공여부=미실시,"12주평가성공여부=미실시, 성별=여",0.07532,0.177750507386605,1.7543476844315535,0.0323866632
"12주평가성공여부=Y, 서비스상태=중간종결","6주평가성공여부=Y, 서비스구분=보건소 금연클리닉",0.09706,0.9399573891148556,1.7539136235163004,0.041720900799999995
"6주평가성공여부=Y, 서비스구분=보건소 금연클리닉","12주평가성공여부=Y, 서비스상태=중간종결",0.09706,0.18110912076429317,1.7539136235163002,0.041720900799999995
"6개월평가성공여부=미실시, 6주평가성공여부=미실시","12주평가성공여부=미실시, 성별=여",0.07528,0.17769804551033896,1.753829900417874,0.0323567952
"12주평가성공여부=미실시, 성별=여","6개월평가성공여부=미실시, 6주평가성공여부=미실시",0.07528,0.7429924990130281,1.753829900417874,0.0323567952
"등록유형=보건소, 서비스상태=정상종결","6주평가성공여부=Y, 성별=남",0.0976,0.868945868945869,1.7496493817370107,0.0418173952
"6주평가성공여부=Y, 성별=남","등록유형=보건소, 서비스상태=정상종결",0.0976,0.19652061855670103,1.7496493817370105,0.0418173952
"12주평가성공여부=Y, 성별=여","6주평가성공여부=Y, 서비스구분=보건소 금연클리닉",0.05006,0.9346527259148618,1.744015386466006,0.0213561248
"6주평가성공여부=Y, 서비스구분=보건소 금연클리닉","12주평가성공여부=Y, 성별=여",0.05006,0.09340946409911928,1.744015386466006,0.0213561248
"6주평가성공여부=Y, 성별=남","12주평가성공여부=Y, 등록유형=보건소",0.25172,0.5068460051546392,1.741858564693928,0.10720769279999998
"12주평가성공여부=Y, 등록유형=보건소","6주평가성공여부=Y, 성별=남",0.25172,0.8650766375695924,1.741858564693928,0.10720769279999998
"4주평가성공여부=Y, 6주평가성공여부=Y, 성별=남",12주평가성공여부=Y,0.3432,0.6910716443155733,1.7416997941316934,0.1461511164
12주평가성공여부=Y,"4주평가성공여부=Y, 6주평가성공여부=Y, 성별=남",0.3432,0.8649629517616815,1.7416997941316932,0.1461511164
12주평가성공여부=Y,"6주평가성공여부=Y, 성별=남",0.3432,0.8649629517616815,1.7416296548036434,0.1461431808
"12주평가성공여부=Y, 4주평가성공여부=Y","6주평가성공여부=Y, 성별=남",0.3432,0.8649629517616815,1.7416296548036434,0.1461431808
"6주평가성공여부=Y, 성별=남",12주평가성공여부=Y,0.3432,0.6910438144329897,1.7416296548036434,0.1461431808
"6주평가성공여부=Y, 성별=남","12주평가성공여부=Y, 4주평가성공여부=Y",0.3432,0.6910438144329897,1.7416296548036434,0.1461431808
"12주평가성공여부=Y, 6개월평가성공여부=미실시","6주평가성공여부=Y, 서비스구분=보건소 금연클리닉",0.17702,0.9326659641728136,1.740308188111684,0.07530238400000003
"6주평가성공여부=Y, 서비스구분=보건소 금연클리닉","12주평가성공여부=Y, 6개월평가성공여부=미실시",0.17702,0.3303104941035976,1.7403081881116838,0.07530238400000003
"6주평가성공여부=Y, 서비스구분=보건소 금연클리닉, 성별=남",6개월평가성공여부=Y,0.16626,0.3604943625325238,1.7401735978592576,0.070717808
6개월평가성공여부=Y,"6주평가성공여부=Y, 서비스구분=보건소 금연클리닉, 성별=남",0.16626,0.8025680633326896,1.7401735978592576,0.070717808
"12주평가성공여부=Y, 서비스구분=보건소 금연클리닉","6주평가성공여부=Y, 성별=남",0.3171,0.8636091290375293,1.738903690877757,0.1347437248
"6주평가성공여부=Y, 성별=남","12주평가성공여부=Y, 서비스구분=보건소 금연클리닉",0.3171,0.6384906572164948,1.7389036908777569,0.1347437248
"6개월평가성공여부=미실시, 등록유형=출장","서비스구분=보건소 금연클리닉, 서비스상태=중간종결",0.08518,0.6451075431687369,1.7379911179717034,0.036169392800000005
"서비스구분=보건소 금연클리닉, 서비스상태=중간종결","6개월평가성공여부=미실시, 등록유형=출장",0.08518,0.2294843472169837,1.7379911179717034,0.036169392800000005
"12주평가성공여부=Y, 서비스상태=금연유지","4주평가성공여부=Y, 6주평가성공여부=Y",0.13616,1.0,1.7355687458780242,0.0577073312
"12주평가성공여부=Y, 6개월평가성공여부=Y","4주평가성공여부=Y, 6주평가성공여부=Y",0.20698,1.0,1.7355687458780242,0.08772226359999999
"4주평가성공여부=Y, 6주평가성공여부=Y","12주평가성공여부=Y, 6개월평가성공여부=Y",0.20698,0.35922801902183343,1.7355687458780242,0.08772226359999999
"12주평가성공여부=Y, 성별=여","4주평가성공여부=Y, 6주평가성공여부=Y",0.05356,1.0,1.7355687458780242,0.0226997992
"12주평가성공여부=Y, 등록유형=출장","4주평가성공여부=Y, 6주평가성공여부=Y",0.07534,1.0,1.7355687458780242,0.0319305988
"12주평가성공여부=Y, 서비스상태=정상종결","4주평가성공여부=Y, 6주평가성공여부=Y",0.15732,1.0,1.7355687458780242,0.0666753624
"4주평가성공여부=Y, 6주평가성공여부=Y","12주평가성공여부=Y, 서비스상태=정상종결",0.15732,0.27303967510153077,1.7355687458780242,0.0666753624
"4주평가성공여부=Y, 6주평가성공여부=Y","12주평가성공여부=Y, 등록유형=출장",0.07534,0.13075774931445033,1.735568745878024,0.0319305988
"4주평가성공여부=Y, 6주평가성공여부=Y","12주평가성공여부=Y, 서비스상태=금연유지",0.13616,0.23631504043875176,1.735568745878024,0.0577073312
"4주평가성공여부=Y, 6주평가성공여부=Y","12주평가성공여부=Y, 성별=여",0.05356,0.09295706202922698,1.735568745878024,0.0226997992
6주평가성공여부=Y,"12주평가성공여부=Y, 성별=여",0.05356,0.09295383547379382,1.7355085039916696,0.022698727999999998
6주평가성공여부=Y,"12주평가성공여부=Y, 서비스구분=보건소 금연클리닉, 서비스상태=금연유지",0.12846,0.22294342242276985,1.7355085039916696,0.05444134799999999
6주평가성공여부=Y,"12주평가성공여부=Y, 6개월평가성공여부=Y, 서비스상태=정상종결",0.15728,0.2729607775078098,1.7355085039916696,0.06665526399999999
6주평가성공여부=Y,"12주평가성공여부=Y, 등록유형=보건소, 서비스상태=정상종결",0.1122,0.1947240541478653,1.7355085039916696,0.047550359999999986
6주평가성공여부=Y,"12주평가성공여부=Y, 서비스상태=금연유지, 성별=남",0.11932,0.207080874696286,1.7355085039916696,0.05056781599999999
6주평가성공여부=Y,"12주평가성공여부=Y, 서비스구분=보건소 금연클리닉, 성별=여",0.05006,0.08687955570982298,1.7355085039916696,0.021215427999999998
6주평가성공여부=Y,"12주평가성공여부=Y, 6개월평가성공여부=Y, 등록유형=보건소",0.15158,0.26306837903505725,1.7355085039916696,0.06423960399999999
6주평가성공여부=Y,"12주평가성공여부=Y, 6개월평가성공여부=Y, 성별=남",0.18104,0.31419645956265185,1.7355085039916696,0.076724752
6주평가성공여부=Y,"4주평가성공여부=Y, 서비스구분=보건소 금연클리닉, 서비스상태=정상종결",0.14164,0.24581742450538005,1.7355085039916696,0.060027031999999994
6주평가성공여부=Y,"4주평가성공여부=Y, 6개월평가성공여부=Y, 등록유형=보건소",0.15166,0.2632072197153766,1.7355085039916696,0.064273508
6주평가성공여부=Y,"12주평가성공여부=Y, 4주평가성공여부=Y, 성별=여",0.05356,0.09295383547379382,1.7355085039916696,0.022698727999999998
6주평가성공여부=Y,"12주평가성공여부=Y, 등록유형=보건소, 서비스상태=금연유지",0.10626,0.1844151336341548,1.7355085039916696,0.04503298799999999
6주평가성공여부=Y,"12주평가성공여부=Y, 등록유형=출장, 서비스구분=보건소 금연클리닉",0.07534,0.13075321069073237,1.7355085039916693,0.031929092
6주평가성공여부=Y,"12주평가성공여부=Y, 4주평가성공여부=Y, 등록유형=출장",0.07534,0.13075321069073237,1.7355085039916693,0.031929092
"12주평가성공여부=Y, 6개월평가성공여부=Y, 등록유형=보건소",6주평가성공여부=Y,0.15158,1.0,1.7355085039916693,0.06423960399999999
6주평가성공여부=Y,"12주평가성공여부=Y, 등록유형=출장",0.07534,0.13075321069073237,1.7355085039916693,0.031929092
"12주평가성공여부=Y, 등록유형=출장",6주평가성공여부=Y,0.07534,1.0,1.7355085039916693,0.031929092
"12주평가성공여부=Y, 등록유형=출장, 성별=남",6주평가성공여부=Y,0.06456,1.0,1.7355085039916693,0.027360528000000002
6주평가성공여부=Y,"4주평가성공여부=Y, 6개월평가성공여부=Y, 서비스구분=보건소 금연클리닉",0.19022,0.33012842762929534,1.7355085039916693,0.08061523599999999
"12주평가성공여부=Y, 6개월평가성공여부=Y, 서비스구분=보건소 금연클리닉",6주평가성공여부=Y,0.19014,1.0,1.7355085039916693,0.08058133199999999
6주평가성공여부=Y,"12주평가성공여부=Y, 서비스구분=보건소 금연클리닉, 서비스상태=정상종결",0.1416,0.24574800416522039,1.7355085039916693,0.06001007999999999
"12주평가성공여부=Y, 서비스구분=보건소 금연클리닉, 서비스상태=정상종결",6주평가성공여부=Y,0.1416,1.0,1.7355085039916693,0.06001007999999999
"4주평가성공여부=Y, 서비스구분=보건소 금연클리닉, 서비스상태=정상종결",6주평가성공여부=Y,0.14164,1.0,1.7355085039916693,0.060027031999999994
6주평가성공여부=Y,"12주평가성공여부=Y, 4주평가성공여부=Y, 서비스상태=정상종결",0.15732,0.2730301978479694,1.7355085039916693,0.06667221599999999
"12주평가성공여부=Y, 4주평가성공여부=Y, 서비스상태=정상종결",6주평가성공여부=Y,0.15732,1.0,1.7355085039916693,0.06667221599999999
6주평가성공여부=Y,"12주평가성공여부=Y, 6개월평가성공여부=Y, 서비스구분=보건소 금연클리닉",0.19014,0.329989586948976,1.7355085039916693,0.08058133199999999
"4주평가성공여부=Y, 6개월평가성공여부=Y, 성별=남",6주평가성공여부=Y,0.18108,1.0,1.7355085039916693,0.076741704
"12주평가성공여부=Y, 서비스상태=정상종결",6주평가성공여부=Y,0.15732,1.0,1.7355085039916693,0.06667221599999999
6주평가성공여부=Y,"4주평가성공여부=Y, 6개월평가성공여부=Y, 성별=남",0.18108,0.31426587990281146,1.7355085039916693,0.076741704
"12주평가성공여부=Y, 6개월평가성공여부=Y, 성별=남",6주평가성공여부=Y,0.18104,1.0,1.7355085039916693,0.076724752
6주평가성공여부=Y,"12주평가성공여부=Y, 서비스상태=정상종결",0.15732,0.2730301978479694,1.7355085039916693,0.06667221599999999
"12주평가성공여부=Y, 6개월평가성공여부=Y, 서비스상태=정상종결",6주평가성공여부=Y,0.15728,1.0,1.7355085039916693,0.06665526399999999
"12주평가성공여부=Y, 서비스상태=금연유지, 성별=남",6주평가성공여부=Y,0.11932,1.0,1.7355085039916693,0.05056781599999999
"12주평가성공여부=Y, 등록유형=보건소, 서비스상태=금연유지",6주평가성공여부=Y,0.10626,1.0,1.7355085039916693,0.04503298799999999
"12주평가성공여부=Y, 서비스상태=정상종결, 성별=남",6주평가성공여부=Y,0.13734,1.0,1.7355085039916693,0.05820469199999999
6주평가성공여부=Y,"12주평가성공여부=Y, 4주평가성공여부=Y, 6개월평가성공여부=Y",0.20698,0.3592155501561957,1.7355085039916693,0.087718124
"4주평가성공여부=Y, 6개월평가성공여부=Y, 서비스구분=보건소 금연클리닉",6주평가성공여부=Y,0.19022,1.0,1.7355085039916693,0.08061523599999999
"4주평가성공여부=Y, 서비스상태=정상종결, 성별=남",6주평가성공여부=Y,0.13738,1.0,1.7355085039916693,0.05822164399999999
"12주평가성공여부=Y, 4주평가성공여부=Y, 성별=여",6주평가성공여부=Y,0.05356,1.0,1.7355085039916693,0.022698727999999998
"12주평가성공여부=Y, 서비스상태=금연유지",6주평가성공여부=Y,0.13616,1.0,1.7355085039916693,0.05770460799999999
6주평가성공여부=Y,"12주평가성공여부=Y, 6개월평가성공여부=미실시, 서비스상태=금연유지",0.09318,0.16171468240194375,1.7355085039916693,0.039489684
"12주평가성공여부=Y, 6개월평가성공여부=미실시, 서비스상태=금연유지",6주평가성공여부=Y,0.09318,1.0,1.7355085039916693,0.039489684
"12주평가성공여부=Y, 서비스구분=보건소 금연클리닉, 성별=여",6주평가성공여부=Y,0.05006,1.0,1.7355085039916693,0.021215427999999998
6주평가성공여부=Y,"4주평가성공여부=Y, 등록유형=보건소, 서비스상태=정상종결",0.11224,0.19479347448802498,1.7355085039916693,0.047567312
"4주평가성공여부=Y, 등록유형=보건소, 서비스상태=정상종결",6주평가성공여부=Y,0.11224,1.0,1.7355085039916693,0.047567312
6주평가성공여부=Y,"4주평가성공여부=Y, 서비스상태=정상종결, 성별=남",0.13738,0.23842415827837554,1.7355085039916693,0.05822164399999999
"12주평가성공여부=Y, 6개월평가성공여부=Y",6주평가성공여부=Y,0.20698,1.0,1.7355085039916693,0.087718124
6주평가성공여부=Y,"12주평가성공여부=Y, 6개월평가성공여부=Y",0.20698,0.3592155501561957,1.7355085039916693,0.087718124
"12주평가성공여부=Y, 4주평가성공여부=Y, 6개월평가성공여부=Y",6주평가성공여부=Y,0.20698,1.0,1.7355085039916693,0.087718124
6주평가성공여부=Y,"12주평가성공여부=Y, 서비스상태=정상종결, 성별=남",0.13734,0.23835473793821585,1.7355085039916693,0.05820469199999999
"12주평가성공여부=Y, 4주평가성공여부=Y, 등록유형=출장",6주평가성공여부=Y,0.07534,1.0,1.7355085039916693,0.031929092
"12주평가성공여부=Y, 등록유형=출장, 서비스구분=보건소 금연클리닉",6주평가성공여부=Y,0.07534,1.0,1.7355085039916693,0.031929092
6주평가성공여부=Y,"12주평가성공여부=Y, 서비스상태=금연유지",0.13616,0.2363068379035057,1.7355085039916693,0.05770460799999999
"12주평가성공여부=Y, 성별=여",6주평가성공여부=Y,0.05356,1.0,1.7355085039916693,0.022698727999999998
"12주평가성공여부=Y, 4주평가성공여부=Y, 서비스상태=금연유지",6주평가성공여부=Y,0.13616,1.0,1.7355085039916693,0.05770460799999999
6주평가성공여부=Y,"12주평가성공여부=Y, 4주평가성공여부=Y, 서비스상태=금연유지",0.13616,0.2363068379035057,1.7355085039916693,0.05770460799999999
"4주평가성공여부=Y, 6개월평가성공여부=Y, 등록유형=보건소",6주평가성공여부=Y,0.15166,1.0,1.7355085039916693,0.064273508
6주평가성공여부=Y,"12주평가성공여부=Y, 등록유형=출장, 성별=남",0.06456,0.11204442901770219,1.7355085039916693,0.027360528000000002
"12주평가성공여부=Y, 등록유형=보건소, 서비스상태=정상종결",6주평가성공여부=Y,0.1122,1.0,1.7355085039916693,0.047550359999999986
"12주평가성공여부=Y, 서비스구분=보건소 금연클리닉, 서비스상태=금연유지",6주평가성공여부=Y,0.12846,1.0,1.7355085039916693,0.05444134799999999
12주평가성공여부=Y,"4주평가성공여부=Y, 6주평가성공여부=Y",0.39676,0.9999495942335803,1.7354812632052141,0.1681432996
"4주평가성공여부=Y, 6주평가성공여부=Y",12주평가성공여부=Y,0.39676,0.6886042556145648,1.735481263205214,0.1681432996
"4주평가성공여부=Y, 6주평가성공여부=Y","12주평가성공여부=Y, 서비스구분=보건소 금연클리닉",0.36716,0.6372314207365753,1.7354742108409373,0.15559822759999997
"12주평가성공여부=Y, 서비스구분=보건소 금연클리닉","4주평가성공여부=Y, 6주평가성공여부=Y",0.36716,0.9999455308023312,1.7354742108409371,0.15559822759999997
"4주평가성공여부=Y, 6주평가성공여부=Y","12주평가성공여부=Y, 성별=남",0.3432,0.5956471935853379,1.7354676114018353,0.14544350039999998
"12주평가성공여부=Y, 성별=남","4주평가성공여부=Y, 6주평가성공여부=Y",0.3432,0.9999417283375094,1.735467611401835,0.14544350039999998
"12주평가성공여부=Y, 등록유형=보건소","4주평가성공여부=Y, 6주평가성공여부=Y",0.29096,0.9999312667537287,1.735449454603993,0.12330314359999997
"4주평가성공여부=Y, 6주평가성공여부=Y","12주평가성공여부=Y, 등록유형=보건소",0.29096,0.5049810823006698,1.7354494546039927,0.12330314359999997
6주평가성공여부=Y,12주평가성공여부=Y,0.39676,0.6885803540437347,1.7354210243553978,0.16813536399999998
12주평가성공여부=Y,6주평가성공여부=Y,0.39676,0.9999495942335803,1.7354210243553978,0.16813536399999998
6주평가성공여부=Y,"12주평가성공여부=Y, 4주평가성공여부=Y",0.39676,0.6885803540437347,1.7354210243553978,0.16813536399999998
"12주평가성공여부=Y, 4주평가성공여부=Y",6주평가성공여부=Y,0.39676,0.9999495942335803,1.7354210243553978,0.16813536399999998
6주평가성공여부=Y,"12주평가성공여부=Y, 서비스구분=보건소 금연클리닉",0.36716,0.6372093023255814,1.7354139722359099,0.15559088399999996
6주평가성공여부=Y,"12주평가성공여부=Y, 4주평가성공여부=Y, 서비스구분=보건소 금연클리닉",0.36716,0.6372093023255814,1.7354139722359099,0.15559088399999996
"12주평가성공여부=Y, 서비스구분=보건소 금연클리닉",6주평가성공여부=Y,0.36716,0.9999455308023312,1.7354139722359097,0.15559088399999996
"12주평가성공여부=Y, 4주평가성공여부=Y, 서비스구분=보건소 금연클리닉",6주평가성공여부=Y,0.36716,0.9999455308023312,1.7354139722359097,0.15559088399999996
6주평가성공여부=Y,"12주평가성공여부=Y, 4주평가성공여부=Y, 성별=남",0.3432,0.595626518569941,1.7354073730258754,0.14543663599999998
6주평가성공여부=Y,"12주평가성공여부=Y, 성별=남",0.3432,0.595626518569941,1.7354073730258754,0.14543663599999998
"12주평가성공여부=Y, 성별=남",6주평가성공여부=Y,0.3432,0.9999417283375094,1.7354073730258752,0.14543663599999998
"12주평가성공여부=Y, 4주평가성공여부=Y, 성별=남",6주평가성공여부=Y,0.3432,0.9999417283375094,1.7354073730258752,0.14543663599999998
"12주평가성공여부=Y, 서비스구분=보건소 금연클리닉, 성별=남",6주평가성공여부=Y,0.3171,0.9999369323915237,1.7353990496208325,0.13437545599999998
6주평가성공여부=Y,"12주평가성공여부=Y, 서비스구분=보건소 금연클리닉, 성별=남",0.3171,0.5503297466157584,1.7353990496208325,0.13437545599999998
6주평가성공여부=Y,"12주평가성공여부=Y, 등록유형=보건소",0.29096,0.5049635543214162,1.7353892168582588,0.12329732399999999
6주평가성공여부=Y,"12주평가성공여부=Y, 등록유형=보건소, 서비스구분=보건소 금연클리닉",0.29096,0.5049635543214162,1.7353892168582588,0.12329732399999999
6주평가성공여부=Y,"12주평가성공여부=Y, 4주평가성공여부=Y, 등록유형=보건소",0.29096,0.5049635543214162,1.7353892168582588,0.12329732399999999
"12주평가성공여부=Y, 4주평가성공여부=Y, 등록유형=보건소",6주평가성공여부=Y,0.29096,0.9999312667537287,1.7353892168582585,0.12329732399999999
"12주평가성공여부=Y, 등록유형=보건소, 서비스구분=보건소 금연클리닉",6주평가성공여부=Y,0.29096,0.9999312667537287,1.7353892168582585,0.12329732399999999
"12주평가성공여부=Y, 등록유형=보건소",6주평가성공여부=Y,0.29096,0.9999312667537287,1.7353892168582585,0.12329732399999999
"12주평가성공여부=Y, 6개월평가성공여부=미실시","4주평가성공여부=Y, 6주평가성공여부=Y",0.18978,0.9998946259220233,1.735385861921662,0.080421036
"4주평가성공여부=Y, 6주평가성공여부=Y","12주평가성공여부=Y, 6개월평가성공여부=미실시",0.18978,0.3293762365927314,1.7353858619216618,0.080421036
6주평가성공여부=Y,"12주평가성공여부=Y, 등록유형=보건소, 성별=남",0.25172,0.43686220062478304,1.7353706229633075,0.10666741199999999
"12주평가성공여부=Y, 등록유형=보건소, 성별=남",6주평가성공여부=Y,0.25172,0.9999205529514578,1.7353706229633072,0.10666741199999999
6주평가성공여부=Y,"4주평가성공여부=Y, 6개월평가성공여부=Y",0.20706,0.35935439083651505,1.7353408867902023,0.087740504
"4주평가성공여부=Y, 6개월평가성공여부=Y",6주평가성공여부=Y,0.20706,0.9999034189685146,1.7353408867902023,0.087740504
"12주평가성공여부=Y, 4주평가성공여부=Y, 6개월평가성공여부=미실시",6주평가성공여부=Y,0.18978,0.9998946259220233,1.7353256263832406,0.08041724
"12주평가성공여부=Y, 6개월평가성공여부=미실시",6주평가성공여부=Y,0.18978,0.9998946259220233,1.7353256263832406,0.08041724
6주평가성공여부=Y,"12주평가성공여부=Y, 4주평가성공여부=Y, 6개월평가성공여부=미실시",0.18978,0.329364803887539,1.7353256263832404,0.08041724
6주평가성공여부=Y,"12주평가성공여부=Y, 6개월평가성공여부=미실시",0.18978,0.329364803887539,1.7353256263832404,0.08041724
6주평가성공여부=Y,"12주평가성공여부=Y, 6개월평가성공여부=미실시, 서비스구분=보건소 금연클리닉",0.17702,0.30721971537660536,1.7353124456428228,0.07500955200000001
"12주평가성공여부=Y, 6개월평가성공여부=미실시, 서비스구분=보건소 금연클리닉",6주평가성공여부=Y,0.17702,0.9998870311793945,1.7353124456428226,0.07500955200000001
6주평가성공여부=Y,"12주평가성공여부=Y, 6개월평가성공여부=미실시, 성별=남",0.16216,0.2814300590072891,1.7352944814853197,0.068711884
"12주평가성공여부=Y, 6개월평가성공여부=미실시, 성별=남",6주평가성공여부=Y,0.16216,0.9998766802318412,1.7352944814853195,0.068711884
6주평가성공여부=Y,"4주평가성공여부=Y, 서비스상태=정상종결",0.15736,0.2730996181881291,1.7352879539212678,0.066677644
"4주평가성공여부=Y, 서비스상태=정상종결",6주평가성공여부=Y,0.15736,0.9998729190494345,1.7352879539212678,0.066677644
"4주평가성공여부=Y, 6개월평가성공여부=Y, 서비스상태=정상종결",6주평가성공여부=Y,0.15732,0.9998728867420871,1.7352878978515915,0.06666069199999998
6주평가성공여부=Y,"4주평가성공여부=Y, 6개월평가성공여부=Y, 서비스상태=정상종결",0.15732,0.2730301978479694,1.7352878978515913,0.06666069199999998
"12주평가성공여부=Y, 6개월평가성공여부=미실시, 등록유형=보건소",6주평가성공여부=Y,0.13938,0.9998565279770445,1.7352595070757453,0.059057719999999994
6주평가성공여부=Y,"12주평가성공여부=Y, 6개월평가성공여부=미실시, 등록유형=보건소",0.13938,0.2418951752863589,1.7352595070757453,0.059057719999999994
"4주평가성공여부=Y, 6주평가성공여부=Y","12주평가성공여부=Y, 서비스상태=중간종결",0.10324,0.17918011732444722,1.735232590784885,0.043743653199999996
"12주평가성공여부=Y, 서비스상태=중간종결","4주평가성공여부=Y, 6주평가성공여부=Y",0.10324,0.9998063141584349,1.7352325907848847,0.043743653199999996
6주평가성공여부=Y,"12주평가성공여부=Y, 4주평가성공여부=Y, 서비스상태=중간종결",0.10324,0.17917389795209995,1.7351723605665306,0.04374158799999999
6주평가성공여부=Y,"12주평가성공여부=Y, 서비스상태=중간종결",0.10324,0.17917389795209995,1.7351723605665306,0.04374158799999999
"12주평가성공여부=Y, 서비스상태=중간종결",6주평가성공여부=Y,0.10324,0.9998063141584349,1.7351723605665303,0.04374158799999999
"12주평가성공여부=Y, 4주평가성공여부=Y, 서비스상태=중간종결",6주평가성공여부=Y,0.10324,0.9998063141584349,1.7351723605665303,0.04374158799999999
"12주평가성공여부=Y, 서비스구분=보건소 금연클리닉, 서비스상태=중간종결",6주평가성공여부=Y,0.09706,0.99979398434281,1.7351509620666608,0.04112250399999999
6주평가성공여부=Y,"12주평가성공여부=Y, 서비스구분=보건소 금연클리닉, 서비스상태=중간종결",0.09706,0.16844845539743142,1.7351509620666608,0.04112250399999999
"12주평가성공여부=Y, 6개월평가성공여부=미실시, 서비스상태=중간종결",6주평가성공여부=Y,0.09652,0.9997928319867412,1.7351489621429037,0.04089365199999999
6주평가성공여부=Y,"12주평가성공여부=Y, 6개월평가성공여부=미실시, 서비스상태=중간종결",0.09652,0.16751128080527591,1.7351489621429035,0.04089365199999999
"12주평가성공여부=Y, 서비스상태=중간종결, 성별=남",6주평가성공여부=Y,0.08652,0.9997688929974577,1.7351074158234254,0.03665565199999999
6주평가성공여부=Y,"12주평가성공여부=Y, 서비스상태=중간종결, 성별=남",0.08652,0.15015619576535924,1.7351074158234254,0.03665565199999999
6주평가성공여부=Y,"12주평가성공여부=Y, 등록유형=보건소, 서비스상태=중간종결",0.07248,0.12578965636931622,1.7350297430250514,0.030705500000000004
"12주평가성공여부=Y, 등록유형=보건소, 서비스상태=중간종결",6주평가성공여부=Y,0.07248,0.9997241379310345,1.7350297430250512,0.030705500000000004
"6개월평가성공여부=Y, 성별=남","4주평가성공여부=Y, 6주평가성공여부=Y",0.18108,0.9996687644915535,1.7349938638820395,0.07671075479999999
"4주평가성공여부=Y, 6주평가성공여부=Y","6개월평가성공여부=Y, 성별=남",0.18108,0.3142767885035926,1.7349938638820392,0.07671075479999999
"6개월평가성공여부=Y, 성별=남",6주평가성공여부=Y,0.18108,0.9996687644915535,1.7349336419499366,0.07670713199999998
6주평가성공여부=Y,"6개월평가성공여부=Y, 성별=남",0.18108,0.31426587990281146,1.7349336419499364,0.07670713199999998
"6개월평가성공여부=Y, 서비스구분=보건소 금연클리닉, 성별=남",6주평가성공여부=Y,0.16626,0.9996392496392497,1.7348824186727692,0.07042641599999999
6주평가성공여부=Y,"6개월평가성공여부=Y, 서비스구분=보건소 금연클리닉, 성별=남",0.16626,0.28854564387365494,1.7348824186727692,0.07042641599999999
"4주평가성공여부=Y, 6주평가성공여부=Y","6개월평가성공여부=Y, 서비스구분=보건소 금연클리닉",0.19022,0.3301398868409178,1.734839132112022,0.08057294599999999
"6개월평가성공여부=Y, 서비스구분=보건소 금연클리닉","4주평가성공여부=Y, 6주평가성공여부=Y",0.19022,0.9995796111403048,1.7348391321120218,0.08057294599999999
"4주평가성공여부=Y, 6주평가성공여부=Y","서비스상태=정상종결, 성별=남",0.13738,0.23843243430872296,1.7348110761694044,0.0581898208
"서비스상태=정상종결, 성별=남","4주평가성공여부=Y, 6주평가성공여부=Y",0.13738,0.9995634458672875,1.7348110761694044,0.0581898208
"6개월평가성공여부=Y, 서비스구분=보건소 금연클리닉",6주평가성공여부=Y,0.19022,0.9995796111403048,1.734778915550685,0.08056914
6주평가성공여부=Y,"6개월평가성공여부=Y, 서비스구분=보건소 금연클리닉",0.19022,0.33012842762929534,1.734778915550685,0.08056914
6주평가성공여부=Y,"서비스상태=정상종결, 성별=남",0.13738,0.23842415827837554,1.7347508605818942,0.05818707199999999
"서비스상태=정상종결, 성별=남",6주평가성공여부=Y,0.13738,0.9995634458672875,1.7347508605818942,0.05818707199999999
"6개월평가성공여부=Y, 서비스상태=정상종결, 성별=남",6주평가성공여부=Y,0.13734,0.9995633187772925,1.7347506400161272,0.05817011999999999
6주평가성공여부=Y,"6개월평가성공여부=Y, 서비스상태=정상종결, 성별=남",0.13734,0.23835473793821585,1.734750640016127,0.05817011999999999
"4주평가성공여부=Y, 6주평가성공여부=Y",6개월평가성공여부=Y,0.20706,0.3593668645215037,1.7347309544386158,0.08769855119999999
6개월평가성공여부=Y,"4주평가성공여부=Y, 6주평가성공여부=Y",0.20706,0.9995172813284418,1.7347309544386158,0.08769855119999999
6주평가성공여부=Y,"6개월평가성공여부=Y, 등록유형=보건소, 성별=남",0.1323,0.22960777507809788,1.7347217820950276,0.056034167999999995
"6개월평가성공여부=Y, 등록유형=보건소, 성별=남",6주평가성공여부=Y,0.1323,0.999546690843155,1.7347217820950276,0.056034167999999995
6개월평가성공여부=Y,6주평가성공여부=Y,0.20706,0.9995172813284418,1.7346707416321445,0.08769440799999997
6주평가성공여부=Y,6개월평가성공여부=Y,0.20706,0.35935439083651505,1.7346707416321443,0.08769440799999997
6주평가성공여부=Y,"서비스구분=보건소 금연클리닉, 서비스상태=정상종결, 성별=남",0.12348,0.21430059007289134,1.734665614965933,0.052296252
"서비스구분=보건소 금연클리닉, 서비스상태=정상종결, 성별=남",6주평가성공여부=Y,0.12348,0.9995143273433706,1.734665614965933,0.052296252
"4주평가성공여부=Y, 6주평가성공여부=Y","6개월평가성공여부=Y, 등록유형=보건소",0.15166,0.26321635599986115,1.734653723473449,0.06423044679999998
"6개월평가성공여부=Y, 등록유형=보건소","4주평가성공여부=Y, 6주평가성공여부=Y",0.15166,0.9994727823909317,1.7346537234734487,0.06423044679999998
"6개월평가성공여부=Y, 등록유형=보건소",6주평가성공여부=Y,0.15166,0.9994727823909317,1.7345935133476773,0.06422741199999997
6주평가성공여부=Y,"6개월평가성공여부=Y, 등록유형=보건소",0.15166,0.2632072197153766,1.7345935133476773,0.06422741199999997
"6개월평가성공여부=Y, 등록유형=보건소, 서비스구분=보건소 금연클리닉",6주평가성공여부=Y,0.15166,0.9994727823909317,1.7345935133476773,0.06422741199999997
6주평가성공여부=Y,"6개월평가성공여부=Y, 등록유형=보건소, 서비스구분=보건소 금연클리닉",0.15166,0.2632072197153766,1.7345935133476773,0.06422741199999997
"서비스구분=보건소 금연클리닉, 서비스상태=정상종결","4주평가성공여부=Y, 6주평가성공여부=Y",0.14164,0.9994355066327969,1.734589028832651,0.05998377039999998
"4주평가성공여부=Y, 6주평가성공여부=Y","서비스구분=보건소 금연클리닉, 서비스상태=정상종결",0.14164,0.24582595716616332,1.7345890288326509,0.05998377039999998
6주평가성공여부=Y,"서비스구분=보건소 금연클리닉, 서비스상태=정상종결",0.14164,0.24581742450538005,1.7345288209524417,0.05998093599999997
"서비스구분=보건소 금연클리닉, 서비스상태=정상종결",6주평가성공여부=Y,0.14164,0.9994355066327969,1.7345288209524417,0.05998093599999997
"6개월평가성공여부=Y, 서비스구분=보건소 금연클리닉, 서비스상태=정상종결",6주평가성공여부=Y,0.1416,0.9994353472614342,1.7345285443620864,0.059963984
6주평가성공여부=Y,"6개월평가성공여부=Y, 서비스구분=보건소 금연클리닉, 서비스상태=정상종결",0.1416,0.24574800416522039,1.7345285443620864,0.059963984
"4주평가성공여부=Y, 6주평가성공여부=Y",서비스상태=정상종결,0.15736,0.2731090978513659,1.7344665175369358,0.0666346972
서비스상태=정상종결,"4주평가성공여부=Y, 6주평가성공여부=Y",0.15736,0.9993649180744316,1.7344665175369356,0.0666346972
"4주평가성공여부=Y, 6주평가성공여부=Y","6개월평가성공여부=Y, 서비스상태=정상종결",0.15732,0.27303967510153077,1.7344662374636688,0.06661774439999998
"6개월평가성공여부=Y, 서비스상태=정상종결","4주평가성공여부=Y, 6주평가성공여부=Y",0.15732,0.9993647567018167,1.7344662374636688,0.06661774439999998
"등록유형=보건소, 서비스상태=정상종결, 성별=남",6주평가성공여부=Y,0.0976,0.9993856235920542,1.7344422485110276,0.041328308
6주평가성공여부=Y,"등록유형=보건소, 서비스상태=정상종결, 성별=남",0.0976,0.16938562998958695,1.7344422485110276,0.041328308
서비스상태=정상종결,6주평가성공여부=Y,0.15736,0.9993649180744316,1.7344063139091142,0.066631548
6주평가성공여부=Y,서비스상태=정상종결,0.15736,0.2730996181881291,1.7344063139091142,0.066631548
"6개월평가성공여부=Y, 서비스상태=정상종결",6주평가성공여부=Y,0.15732,0.9993647567018167,1.7344060338455685,0.06661459599999998
6주평가성공여부=Y,"6개월평가성공여부=Y, 서비스상태=정상종결",0.15732,0.2730301978479694,1.7344060338455685,0.06661459599999998
"등록유형=보건소, 서비스상태=정상종결","4주평가성공여부=Y, 6주평가성공여부=Y",0.11224,0.9992877492877493,1.7343325858026126,0.04752346240000001
"4주평가성공여부=Y, 6주평가성공여부=Y","등록유형=보건소, 서비스상태=정상종결",0.11224,0.19480023603734944,1.7343325858026126,0.04752346240000001
"등록유형=보건소, 서비스구분=보건소 금연클리닉, 서비스상태=정상종결",6주평가성공여부=Y,0.11224,0.9992877492877493,1.7342723868235843,0.047521216000000005
"등록유형=보건소, 서비스상태=정상종결",6주평가성공여부=Y,0.11224,0.9992877492877493,1.7342723868235843,0.047521216000000005
6주평가성공여부=Y,"등록유형=보건소, 서비스상태=정상종결",0.11224,0.19479347448802498,1.734272386823584,0.047521216000000005
6주평가성공여부=Y,"등록유형=보건소, 서비스구분=보건소 금연클리닉, 서비스상태=정상종결",0.11224,0.19479347448802498,1.734272386823584,0.047521216000000005
6주평가성공여부=Y,"6개월평가성공여부=Y, 등록유형=보건소, 서비스상태=정상종결",0.1122,0.1947240541478653,1.7342719464540908,0.04750426399999999
"6개월평가성공여부=Y, 등록유형=보건소, 서비스상태=정상종결",6주평가성공여부=Y,0.1122,0.999287495546847,1.7342719464540906,0.04750426399999999
"6주평가성공여부=Y, 서비스구분=보건소 금연클리닉, 성별=남",12주평가성공여부=Y,0.3171,0.6875542064180399,1.7328348364787536,0.134105064
12주평가성공여부=Y,"6주평가성공여부=Y, 서비스구분=보건소 금연클리닉, 성별=남",0.3171,0.7991834265840011,1.7328348364787536,0.134105064
"12주평가성공여부=미실시, 서비스구분=보건소 금연클리닉, 성별=여",6주평가성공여부=미실시,0.06774,0.7331168831168831,1.730110169247376,0.028586424
6주평가성공여부=미실시,"12주평가성공여부=미실시, 서비스구분=보건소 금연클리닉, 성별=여",0.06774,0.15986217963845753,1.730110169247376,0.028586424
"6주평가성공여부=Y, 등록유형=보건소, 성별=남",6개월평가성공여부=Y,0.1323,0.35838118972803124,1.7299729181696815,0.055824814400000006
6개월평가성공여부=Y,"6주평가성공여부=Y, 등록유형=보건소, 성별=남",0.1323,0.6386368024715195,1.7299729181696815,0.055824814400000006
"4주평가성공여부=Y, 6주평가성공여부=Y, 서비스구분=보건소 금연클리닉",12주평가성공여부=Y,0.36716,0.6851022540677714,1.7266552096067627,0.1545176624
"6주평가성공여부=Y, 서비스구분=보건소 금연클리닉",12주평가성공여부=Y,0.36716,0.6851022540677714,1.7266552096067627,0.1545176624
12주평가성공여부=Y,"4주평가성공여부=Y, 6주평가성공여부=Y, 서비스구분=보건소 금연클리닉",0.36716,0.9253490599324562,1.7266552096067627,0.1545176624
12주평가성공여부=Y,"6주평가성공여부=Y, 서비스구분=보건소 금연클리닉",0.36716,0.9253490599324562,1.7266552096067627,0.1545176624
"6주평가성공여부=Y, 서비스구분=보건소 금연클리닉","12주평가성공여부=Y, 4주평가성공여부=Y",0.36716,0.6851022540677714,1.7266552096067627,0.1545176624
"12주평가성공여부=Y, 4주평가성공여부=Y","6주평가성공여부=Y, 서비스구분=보건소 금연클리닉",0.36716,0.9253490599324562,1.7266552096067627,0.1545176624
"6주평가성공여부=Y, 성별=남","12주평가성공여부=Y, 등록유형=출장",0.06456,0.12999355670103094,1.7254254937752977,0.0271431424
"12주평가성공여부=Y, 등록유형=출장","6주평가성공여부=Y, 성별=남",0.06456,0.8569153172285638,1.7254254937752975,0.0271431424
"6주평가성공여부=Y, 서비스구분=보건소 금연클리닉","12주평가성공여부=Y, 성별=남",0.3171,0.591692789968652,1.7239461277566925,0.1331615376
"12주평가성공여부=Y, 성별=남","6주평가성공여부=Y, 서비스구분=보건소 금연클리닉",0.3171,0.9238972087873666,1.7239461277566925,0.1331615376
"4주평가성공여부=미실시, 6개월평가성공여부=미실시","12주평가성공여부=미실시, 서비스상태=중간종결",0.17846,0.5385033192516597,1.7215579259963545,0.07479808
"12주평가성공여부=미실시, 서비스상태=중간종결","4주평가성공여부=미실시, 6개월평가성공여부=미실시",0.17846,0.5705242966751918,1.7215579259963543,0.07479808
4주평가성공여부=미실시,"12주평가성공여부=미실시, 6개월평가성공여부=미실시, 서비스상태=중간종결",0.17846,0.5383733558585737,1.7212524965105624,0.0747796856
"12주평가성공여부=미실시, 6개월평가성공여부=미실시, 서비스상태=중간종결",4주평가성공여부=미실시,0.17846,0.5705607775433212,1.7212524965105624,0.0747796856
4주평가성공여부=미실시,"12주평가성공여부=미실시, 서비스상태=중간종결",0.17846,0.5383733558585737,1.7211424420031127,0.074773056
"12주평가성공여부=미실시, 서비스상태=중간종결",4주평가성공여부=미실시,0.17846,0.5705242966751918,1.7211424420031127,0.074773056
"12주평가성공여부=미실시, 서비스상태=중간종결","4주평가성공여부=미실시, 6주평가성공여부=미실시",0.17844,0.5704603580562659,1.7210533942444517,0.07475931199999998
"4주평가성공여부=미실시, 6주평가성공여부=미실시","12주평가성공여부=미실시, 서비스상태=중간종결",0.17844,0.5383455017196646,1.7210533942444517,0.07475931199999998
"6주평가성공여부=Y, 성별=남","12주평가성공여부=Y, 6개월평가성공여부=미실시",0.16216,0.32651417525773196,1.7203065082072284,0.06789772799999999
"12주평가성공여부=Y, 6개월평가성공여부=미실시","6주평가성공여부=Y, 성별=남",0.16216,0.8543730242360379,1.7203065082072282,0.06789772799999999
"12주평가성공여부=미실시, 서비스구분=보건소 금연클리닉","4주평가성공여부=미실시, 서비스상태=금연유지",0.13664,0.25071559633027524,1.7186426948880944,0.0571354
"4주평가성공여부=미실시, 서비스상태=금연유지","12주평가성공여부=미실시, 서비스구분=보건소 금연클리닉",0.13664,0.9366602687140115,1.7186426948880944,0.0571354
"6주평가성공여부=Y, 등록유형=보건소, 성별=남",12주평가성공여부=Y,0.25172,0.6818723588687832,1.7185149424587507,0.10524469519999999
12주평가성공여부=Y,"6주평가성공여부=Y, 등록유형=보건소, 성별=남",0.25172,0.6344069761580724,1.7185149424587507,0.10524469519999999
"12주평가성공여부=Y, 6개월평가성공여부=미실시","6주평가성공여부=Y, 등록유형=보건소",0.13938,0.7343519494204426,1.715294659021869,0.058122824000000003
"6주평가성공여부=Y, 등록유형=보건소","12주평가성공여부=Y, 6개월평가성공여부=미실시",0.13938,0.32556292628235073,1.715294659021869,0.058122824000000003
"12주평가성공여부=Y, 6개월평가성공여부=Y","6주평가성공여부=Y, 서비스구분=보건소 금연클리닉",0.19014,0.9186394820755629,1.7141354718531927,0.07921527840000002
"6주평가성공여부=Y, 서비스구분=보건소 금연클리닉","12주평가성공여부=Y, 6개월평가성공여부=Y",0.19014,0.3547917599641738,1.7141354718531925,0.07921527840000002
"6주평가성공여부=Y, 서비스구분=보건소 금연클리닉","4주평가성공여부=Y, 6개월평가성공여부=Y",0.19022,0.3549410359755188,1.7140285685508925,0.07924168640000001
"4주평가성공여부=Y, 6개월평가성공여부=Y","6주평가성공여부=Y, 서비스구분=보건소 금연클리닉",0.19022,0.9185821904577941,1.7140285685508923,0.07924168640000001
"6주평가성공여부=Y, 성별=여","12주평가성공여부=Y, 서비스구분=보건소 금연클리닉",0.05006,0.6292106586224233,1.7136299869884615,0.020847159199999996
"12주평가성공여부=Y, 서비스구분=보건소 금연클리닉","6주평가성공여부=Y, 성별=여",0.05006,0.136336401764802,1.7136299869884613,0.020847159199999996
6개월평가성공여부=Y,"4주평가성공여부=Y, 6주평가성공여부=Y, 서비스구분=보건소 금연클리닉",0.19022,0.9182274570380382,1.7133666536759933,0.0791988128
"4주평가성공여부=Y, 6주평가성공여부=Y, 서비스구분=보건소 금연클리닉",6개월평가성공여부=Y,0.19022,0.3549410359755188,1.7133666536759933,0.0791988128
"6주평가성공여부=Y, 서비스구분=보건소 금연클리닉",6개월평가성공여부=Y,0.19022,0.3549410359755188,1.7133666536759933,0.0791988128
6개월평가성공여부=Y,"6주평가성공여부=Y, 서비스구분=보건소 금연클리닉",0.19022,0.9182274570380382,1.7133666536759933,0.0791988128
"6주평가성공여부=Y, 등록유형=보건소","12주평가성공여부=Y, 성별=남",0.25172,0.5879659908436887,1.7130877887176992,0.1047806536
"12주평가성공여부=Y, 성별=남","6주평가성공여부=Y, 등록유형=보건소",0.25172,0.7334071441058213,1.713087788717699,0.1047806536
12주평가성공여부=Y,"6주평가성공여부=Y, 등록유형=보건소",0.29096,0.7333030898734815,1.7128447394970603,0.1210905464
"6주평가성공여부=Y, 등록유형=보건소, 서비스구분=보건소 금연클리닉",12주평가성공여부=Y,0.29096,0.6796225357376436,1.7128447394970603,0.1210905464
12주평가성공여부=Y,"6주평가성공여부=Y, 등록유형=보건소, 서비스구분=보건소 금연클리닉",0.29096,0.7333030898734815,1.7128447394970603,0.1210905464
"4주평가성공여부=Y, 6주평가성공여부=Y, 등록유형=보건소",12주평가성공여부=Y,0.29096,0.6796225357376436,1.7128447394970603,0.1210905464
"6주평가성공여부=Y, 등록유형=보건소",12주평가성공여부=Y,0.29096,0.6796225357376436,1.7128447394970603,0.1210905464
"6주평가성공여부=Y, 등록유형=보건소","12주평가성공여부=Y, 4주평가성공여부=Y",0.29096,0.6796225357376436,1.7128447394970603,0.1210905464
12주평가성공여부=Y,"4주평가성공여부=Y, 6주평가성공여부=Y, 등록유형=보건소",0.29096,0.7333030898734815,1.7128447394970603,0.1210905464
"12주평가성공여부=Y, 4주평가성공여부=Y","6주평가성공여부=Y, 등록유형=보건소",0.29096,0.7333030898734815,1.7128447394970603,0.1210905464
"6개월평가성공여부=Y, 성별=남","6주평가성공여부=Y, 서비스구분=보건소 금연클리닉",0.16626,0.9178535939052667,1.7126690437103798,0.0691834512
"6주평가성공여부=Y, 서비스구분=보건소 금연클리닉","6개월평가성공여부=Y, 성별=남",0.16626,0.31023287057769816,1.7126690437103795,0.0691834512
"6주평가성공여부=Y, 등록유형=보건소","4주평가성공여부=Y, 6개월평가성공여부=Y",0.15166,0.3542464729515089,1.7106744878863673,0.06300491039999999
"4주평가성공여부=Y, 6개월평가성공여부=Y","6주평가성공여부=Y, 등록유형=보건소",0.15166,0.7323739617539116,1.7106744878863673,0.06300491039999999
"12주평가성공여부=Y, 6개월평가성공여부=Y","6주평가성공여부=Y, 등록유형=보건소",0.15158,0.7323412890134312,1.7105981711049034,0.0629677224
"6주평가성공여부=Y, 등록유형=보건소","12주평가성공여부=Y, 6개월평가성공여부=Y",0.15158,0.3540596094552929,1.7105981711049034,0.0629677224
"12주평가성공여부=미실시, 서비스구분=보건소 금연클리닉","6주평가성공여부=미실시, 서비스상태=금연유지",0.17956,0.3294678899082569,1.7102776677131275,0.07457119999999999
"6주평가성공여부=미실시, 서비스상태=금연유지","12주평가성공여부=미실시, 서비스구분=보건소 금연클리닉",0.17956,0.9321013289036545,1.7102776677131273,0.07457119999999999
6개월평가성공여부=Y,"4주평가성공여부=Y, 6주평가성공여부=Y, 등록유형=보건소",0.15166,0.7320911372851902,1.7100138682733583,0.06297066079999998
6개월평가성공여부=Y,"6주평가성공여부=Y, 등록유형=보건소, 서비스구분=보건소 금연클리닉",0.15166,0.7320911372851902,1.7100138682733583,0.06297066079999998
6개월평가성공여부=Y,"6주평가성공여부=Y, 등록유형=보건소",0.15166,0.7320911372851902,1.7100138682733583,0.06297066079999998
"4주평가성공여부=Y, 6주평가성공여부=Y, 등록유형=보건소",6개월평가성공여부=Y,0.15166,0.3542464729515089,1.710013868273358,0.06297066079999998
"6주평가성공여부=Y, 등록유형=보건소, 서비스구분=보건소 금연클리닉",6개월평가성공여부=Y,0.15166,0.3542464729515089,1.710013868273358,0.06297066079999998
"6주평가성공여부=Y, 등록유형=보건소",6개월평가성공여부=Y,0.15166,0.3542464729515089,1.710013868273358,0.06297066079999998
"6주평가성공여부=Y, 등록유형=보건소","6개월평가성공여부=Y, 성별=남",0.1323,0.3090255068672335,1.706003681501786,0.05475034320000001
"6개월평가성공여부=Y, 성별=남","6주평가성공여부=Y, 등록유형=보건소",0.1323,0.7303742961245445,1.7060036815017858,0.05475034320000001
"4주평가성공여부=미실시, 성별=남","12주평가성공여부=미실시, 서비스상태=중간종결",0.14434,0.5335255415095734,1.7056443142889175,0.059715087999999986
"12주평가성공여부=미실시, 서비스상태=중간종결","4주평가성공여부=미실시, 성별=남",0.14434,0.46144501278772376,1.7056443142889175,0.059715087999999986
"12주평가성공여부=Y, 서비스구분=보건소 금연클리닉","4주평가성공여부=Y, 등록유형=출장",0.07534,0.205185467618062,1.7053313465596909,0.031160902400000003
"4주평가성공여부=Y, 등록유형=출장","12주평가성공여부=Y, 서비스구분=보건소 금연클리닉",0.07534,0.6261635638297873,1.7053313465596909,0.031160902400000003
"6주평가성공여부=Y, 서비스상태=중간종결","12주평가성공여부=미실시, 4주평가성공여부=Y",0.08884,0.46246746486205104,1.7022506804404118,0.03665027200000001
"12주평가성공여부=미실시, 4주평가성공여부=Y","6주평가성공여부=Y, 서비스상태=중간종결",0.08884,0.3270023557126031,1.7022506804404118,0.03665027200000001
"6주평가성공여부=Y, 서비스구분=보건소 금연클리닉, 성별=남",서비스상태=정상종결,0.12348,0.26773633998265395,1.7003451034081924,0.050859448000000015
서비스상태=정상종결,"6주평가성공여부=Y, 서비스구분=보건소 금연클리닉, 성별=남",0.12348,0.7841991616918583,1.7003451034081924,0.050859448000000015
"12주평가성공여부=Y, 4주평가성공여부=Y","6주평가성공여부=Y, 성별=여",0.05356,0.1349866424718988,1.6966646866754498,0.0219921832
12주평가성공여부=Y,"6주평가성공여부=Y, 성별=여",0.05356,0.1349866424718988,1.6966646866754498,0.0219921832
12주평가성공여부=Y,"4주평가성공여부=Y, 6주평가성공여부=Y, 성별=여",0.05356,0.1349866424718988,1.6966646866754498,0.0219921832
"6주평가성공여부=Y, 성별=여","12주평가성공여부=Y, 4주평가성공여부=Y",0.05356,0.6732026143790849,1.6966646866754496,0.0219921832
"4주평가성공여부=Y, 6주평가성공여부=Y, 성별=여",12주평가성공여부=Y,0.05356,0.6732026143790849,1.6966646866754496,0.0219921832
"6주평가성공여부=Y, 성별=여",12주평가성공여부=Y,0.05356,0.6732026143790849,1.6966646866754496,0.0219921832
"12주평가성공여부=미실시, 서비스상태=중간종결, 성별=남",4주평가성공여부=미실시,0.14434,0.5615905377013461,1.6941913168255887,0.05914301039999999
4주평가성공여부=미실시,"12주평가성공여부=미실시, 서비스상태=중간종결, 성별=남",0.14434,0.43544105225051283,1.6941913168255887,0.05914301039999999
"6개월평가성공여부=미실시, 6주평가성공여부=미실시","12주평가성공여부=미실시, 서비스상태=중간종결",0.22392,0.5285619865923897,1.6897761719705553,0.091405408
"12주평가성공여부=미실시, 서비스상태=중간종결","6개월평가성공여부=미실시, 6주평가성공여부=미실시",0.22392,0.7158567774936061,1.6897761719705553,0.091405408
"12주평가성공여부=미실시, 6개월평가성공여부=미실시, 서비스상태=중간종결",6주평가성공여부=미실시,0.22392,0.7159025513140227,1.6894854186860402,0.09138260280000002
6주평가성공여부=미실시,"12주평가성공여부=미실시, 6개월평가성공여부=미실시, 서비스상태=중간종결",0.22392,0.5284372492566196,1.68948541868604,0.09138260280000002
"12주평가성공여부=미실시, 서비스상태=중간종결",6주평가성공여부=미실시,0.22392,0.7158567774936061,1.689377395321674,0.091374128
6주평가성공여부=미실시,"12주평가성공여부=미실시, 서비스상태=중간종결",0.22392,0.5284372492566196,1.6893773953216737,0.091374128
12주평가성공여부=Y,"6주평가성공여부=Y, 서비스구분=보건소 금연클리닉, 성별=여",0.05006,0.12616563334845507,1.6885122236142276,0.020412598400000002
"6주평가성공여부=Y, 서비스구분=보건소 금연클리닉, 성별=여",12주평가성공여부=Y,0.05006,0.6699678800856531,1.6885122236142271,0.020412598400000002
"6주평가성공여부=Y, 성별=남","12주평가성공여부=Y, 서비스상태=중간종결",0.08652,0.17421069587628865,1.6871072620210017,0.035236953599999996
"12주평가성공여부=Y, 서비스상태=중간종결","6주평가성공여부=Y, 성별=남",0.08652,0.8378849506101104,1.6871072620210017,0.035236953599999996
"12주평가성공여부=미실시, 서비스상태=금연유지","6주평가성공여부=미실시, 서비스구분=보건소 금연클리닉",0.17956,0.6340843279892648,1.6853187539582841,0.0730163568
"6주평가성공여부=미실시, 서비스구분=보건소 금연클리닉","12주평가성공여부=미실시, 서비스상태=금연유지",0.17956,0.4772485647459068,1.685318753958284,0.0730163568
"12주평가성공여부=미실시, 성별=남","6주평가성공여부=미실시, 서비스상태=금연유지",0.1629,0.32459251584107124,1.6849694551550625,0.0662216896
"6주평가성공여부=미실시, 서비스상태=금연유지","12주평가성공여부=미실시, 성별=남",0.1629,0.8456187707641195,1.6849694551550622,0.0662216896
"12주평가성공여부=미실시, 성별=남","4주평가성공여부=Y, 6주평가성공여부=미실시",0.07788,0.15518272028055635,1.6816506315621624,0.03156835920000001
"4주평가성공여부=Y, 6주평가성공여부=미실시","12주평가성공여부=미실시, 성별=남",0.07788,0.8439531859557868,1.6816506315621624,0.03156835920000001
"6주평가성공여부=Y, 서비스구분=보건소 금연클리닉","12주평가성공여부=Y, 서비스상태=정상종결",0.1416,0.2642185400806091,1.6794974579240345,0.05728906560000002
"12주평가성공여부=Y, 서비스상태=정상종결","6주평가성공여부=Y, 서비스구분=보건소 금연클리닉",0.1416,0.9000762776506485,1.6794974579240345,0.05728906560000002
"6주평가성공여부=Y, 서비스구분=보건소 금연클리닉","4주평가성공여부=Y, 서비스상태=정상종결",0.14164,0.26429317808628155,1.679331414959217,0.0572969104
"4주평가성공여부=Y, 서비스상태=정상종결","6주평가성공여부=Y, 서비스구분=보건소 금연클리닉",0.14164,0.8999872919049434,1.679331414959217,0.0572969104
"6주평가성공여부=Y, 등록유형=보건소, 성별=남",서비스상태=정상종결,0.0976,0.2643840069346625,1.6790550421355426,0.03947206640000001
서비스상태=정상종결,"6주평가성공여부=Y, 등록유형=보건소, 성별=남",0.0976,0.6198399593547569,1.6790550421355426,0.03947206640000001
"4주평가성공여부=Y, 6주평가성공여부=Y, 서비스구분=보건소 금연클리닉",서비스상태=정상종결,0.14164,0.26429317808628155,1.6784782045362732,0.057254036800000005
"6주평가성공여부=Y, 서비스구분=보건소 금연클리닉",서비스상태=정상종결,0.14164,0.26429317808628155,1.6784782045362732,0.057254036800000005
서비스상태=정상종결,"6주평가성공여부=Y, 서비스구분=보건소 금연클리닉",0.14164,0.8995300393750794,1.678478204536273,0.057254036800000005
서비스상태=정상종결,"4주평가성공여부=Y, 6주평가성공여부=Y, 서비스구분=보건소 금연클리닉",0.14164,0.8995300393750794,1.678478204536273,0.057254036800000005
"6주평가성공여부=Y, 서비스구분=보건소 금연클리닉","6개월평가성공여부=Y, 서비스상태=정상종결",0.1416,0.2642185400806091,1.6784305684195724,0.0572354736
"6개월평가성공여부=Y, 서비스상태=정상종결","6주평가성공여부=Y, 서비스구분=보건소 금연클리닉",0.1416,0.8995045102274171,1.6784305684195722,0.0572354736
4주평가성공여부=미실시,"12주평가성공여부=미실시, 서비스구분=보건소 금연클리닉, 서비스상태=중간종결",0.15232,0.4595149028599011,1.676694529883606,0.0614745912
"12주평가성공여부=미실시, 서비스구분=보건소 금연클리닉, 서비스상태=중간종결",4주평가성공여부=미실시,0.15232,0.5557907027658177,1.6766945298836058,0.0614745912
"4주평가성공여부=미실시, 서비스상태=금연유지","12주평가성공여부=미실시, 성별=남",0.12274,0.8413764738140938,1.676516306966273,0.0495286632
"12주평가성공여부=미실시, 성별=남","4주평가성공여부=미실시, 서비스상태=금연유지",0.12274,0.24457019886023992,1.676516306966273,0.0495286632
"서비스상태=정상종결, 성별=남","6주평가성공여부=Y, 서비스구분=보건소 금연클리닉",0.12348,0.8984284051222352,1.6764226099459534,0.04982315520000001
"6주평가성공여부=Y, 서비스구분=보건소 금연클리닉","서비스상태=정상종결, 성별=남",0.12348,0.23040752351097182,1.6764226099459532,0.04982315520000001
6주평가성공여부=미실시,"12주평가성공여부=미실시, 서비스상태=중간종결, 성별=남",0.18204,0.4296030584792562,1.671477155393573,0.07313034519999999
"12주평가성공여부=미실시, 서비스상태=중간종결, 성별=남",6주평가성공여부=미실시,0.18204,0.7082717298264726,1.6714771553935728,0.07313034519999999
"6주평가성공여부=미실시, 성별=남","12주평가성공여부=미실시, 서비스상태=중간종결",0.18204,0.5224728775615637,1.6703097108745641,0.073054224
"12주평가성공여부=미실시, 서비스상태=중간종결","6주평가성공여부=미실시, 성별=남",0.18204,0.5819693094629156,1.670309710874564,0.073054224
"12주평가성공여부=미실시, 성별=남","6주평가성공여부=미실시, 등록유형=출장",0.05386,0.10732076674769857,1.6675072521395053,0.0215602904
"6주평가성공여부=미실시, 등록유형=출장","12주평가성공여부=미실시, 성별=남",0.05386,0.8368551895587321,1.6675072521395053,0.0215602904
"6주평가성공여부=Y, 등록유형=보건소","12주평가성공여부=Y, 서비스상태=정상종결",0.1122,0.2620760534429599,1.6658788039852526,0.044848161600000006
"12주평가성공여부=Y, 서비스상태=정상종결","6주평가성공여부=Y, 등록유형=보건소",0.1122,0.7131960335621663,1.6658788039852526,0.044848161600000006
"4주평가성공여부=Y, 서비스상태=정상종결","6주평가성공여부=Y, 등록유형=보건소",0.11224,0.7131782945736435,1.6658373693675685,0.044862474400000005
"6주평가성공여부=Y, 등록유형=보건소","4주평가성공여부=Y, 서비스상태=정상종결",0.11224,0.2621694851910679,1.6658373693675685,0.044862474400000005
"6주평가성공여부=Y, 등록유형=보건소",서비스상태=정상종결,0.11224,0.2621694851910679,1.664991014804191,0.04482822480000001
서비스상태=정상종결,"6주평가성공여부=Y, 등록유형=보건소, 서비스구분=보건소 금연클리닉",0.11224,0.7128159532579703,1.664991014804191,0.04482822480000001
서비스상태=정상종결,"6주평가성공여부=Y, 등록유형=보건소",0.11224,0.7128159532579703,1.664991014804191,0.04482822480000001
서비스상태=정상종결,"4주평가성공여부=Y, 6주평가성공여부=Y, 등록유형=보건소",0.11224,0.7128159532579703,1.664991014804191,0.04482822480000001
"4주평가성공여부=Y, 6주평가성공여부=Y, 등록유형=보건소",서비스상태=정상종결,0.11224,0.2621694851910679,1.664991014804191,0.04482822480000001
"6주평가성공여부=Y, 등록유형=보건소, 서비스구분=보건소 금연클리닉",서비스상태=정상종결,0.11224,0.2621694851910679,1.664991014804191,0.04482822480000001
"6개월평가성공여부=Y, 서비스상태=정상종결","6주평가성공여부=Y, 등록유형=보건소",0.1122,0.712742980561555,1.6648205656394353,0.04480534959999999
"6주평가성공여부=Y, 등록유형=보건소","6개월평가성공여부=Y, 서비스상태=정상종결",0.1122,0.2620760534429599,1.6648205656394353,0.04480534959999999
"4주평가성공여부=Y, 6주평가성공여부=미실시","12주평가성공여부=미실시, 등록유형=보건소",0.06648,0.7204161248374512,1.6618595728660928,0.02647662
"12주평가성공여부=미실시, 등록유형=보건소","4주평가성공여부=Y, 6주평가성공여부=미실시",0.06648,0.15335640138408305,1.6618595728660928,0.02647662
"4주평가성공여부=Y, 서비스상태=중간종결","6개월평가성공여부=미실시, 등록유형=출장",0.05214,0.2194259742445922,1.6618144065782507,0.020764655200000003
"6개월평가성공여부=미실시, 등록유형=출장","4주평가성공여부=Y, 서비스상태=중간종결",0.05214,0.3948803392911239,1.6618144065782507,0.020764655200000003
"6주평가성공여부=미실시, 등록유형=보건소","12주평가성공여부=미실시, 성별=남",0.24696,0.8333108381697935,1.660444821603223,0.09822877040000003
"12주평가성공여부=미실시, 성별=남","6주평가성공여부=미실시, 등록유형=보건소",0.24696,0.49208942733033123,1.660444821603223,0.09822877040000003
"서비스상태=정상종결, 성별=남","6주평가성공여부=Y, 등록유형=보건소",0.0976,0.710128055878929,1.6587126410327222,0.0387591872
"6주평가성공여부=Y, 등록유형=보건소","서비스상태=정상종결, 성별=남",0.0976,0.22797346538353733,1.658712641032722,0.0387591872
"4주평가성공여부=미실시, 서비스상태=중간종결","12주평가성공여부=미실시, 6개월평가성공여부=미실시",0.17846,1.0,1.658374792703151,0.07084862
"6주평가성공여부=미실시, 등록유형=출장","12주평가성공여부=미실시, 6개월평가성공여부=미실시",0.06436,1.0,1.658374792703151,0.025550920000000005
"12주평가성공여부=미실시, 6개월평가성공여부=미실시","4주평가성공여부=미실시, 서비스상태=중간종결",0.17846,0.2959535655058043,1.658374792703151,0.07084862
"6주평가성공여부=미실시, 서비스상태=금연유지","12주평가성공여부=미실시, 6개월평가성공여부=미실시",0.19264,1.0,1.658374792703151,0.07647808
"12주평가성공여부=미실시, 6개월평가성공여부=미실시","6주평가성공여부=미실시, 등록유형=출장",0.06436,0.1067330016583748,1.658374792703151,0.025550920000000005
"4주평가성공여부=미실시, 서비스상태=금연유지","12주평가성공여부=미실시, 6개월평가성공여부=미실시",0.14588,1.0,1.658374792703151,0.05791436000000001
"12주평가성공여부=미실시, 6개월평가성공여부=미실시","6주평가성공여부=미실시, 서비스상태=금연유지",0.19264,0.319469320066335,1.658374792703151,0.07647808
"12주평가성공여부=미실시, 6개월평가성공여부=미실시","4주평가성공여부=미실시, 서비스상태=금연유지",0.14588,0.24192371475953567,1.658374792703151,0.05791436000000001
"6주평가성공여부=미실시, 서비스상태=중간종결","12주평가성공여부=미실시, 6개월평가성공여부=미실시",0.22392,0.9999106903634902,1.6582266838532176,0.08888418000000001
"12주평가성공여부=미실시, 6개월평가성공여부=미실시","6주평가성공여부=미실시, 서비스상태=중간종결",0.22392,0.37134328358208957,1.6582266838532176,0.08888418000000001
"4주평가성공여부=미실시, 성별=남","12주평가성공여부=미실시, 6개월평가성공여부=미실시",0.27048,0.9997782213351075,1.658007000555734,0.10734437999999999
"12주평가성공여부=미실시, 6개월평가성공여부=미실시","4주평가성공여부=미실시, 성별=남",0.27048,0.44855721393034825,1.658007000555734,0.10734437999999999
"6주평가성공여부=미실시, 성별=남","12주평가성공여부=미실시, 6개월평가성공여부=미실시",0.34834,0.9997703920555651,1.6579940166758957,0.13824273999999998
"12주평가성공여부=미실시, 6개월평가성공여부=미실시","6주평가성공여부=미실시, 성별=남",0.34834,0.5776782752902155,1.6579940166758955,0.13824273999999998
"12주평가성공여부=미실시, 6개월평가성공여부=미실시",4주평가성공여부=미실시,0.3314,0.5495854063018242,1.657974557444866,0.13151755999999998
4주평가성공여부=미실시,"12주평가성공여부=미실시, 6개월평가성공여부=미실시",0.3314,0.9997586581392541,1.6579745574448659,0.13151755999999998
"4주평가성공여부=미실시, 6주평가성공여부=미실시","12주평가성공여부=미실시, 6개월평가성공여부=미실시",0.33138,0.9997586435769023,1.6579745332950286,0.13150962000000002
"12주평가성공여부=미실시, 6개월평가성공여부=미실시","4주평가성공여부=미실시, 6주평가성공여부=미실시",0.33138,0.5495522388059702,1.6579745332950286,0.13150962000000002
"6주평가성공여부=미실시, 서비스구분=보건소 금연클리닉","12주평가성공여부=미실시, 6개월평가성공여부=미실시",0.37614,0.9997342122049754,1.657934016923674,0.14926727999999997
"12주평가성공여부=미실시, 6개월평가성공여부=미실시","6주평가성공여부=미실시, 서비스구분=보건소 금연클리닉",0.37614,0.6237810945273632,1.657934016923674,0.14926727999999997
"4주평가성공여부=미실시, 서비스구분=보건소 금연클리닉","12주평가성공여부=미실시, 6개월평가성공여부=미실시",0.29432,0.9997282608695653,1.6579241473790471,0.11679680000000003
"12주평가성공여부=미실시, 6개월평가성공여부=미실시","4주평가성공여부=미실시, 서비스구분=보건소 금연클리닉",0.29432,0.48809286898839144,1.657924147379047,0.11679680000000003
"12주평가성공여부=미실시, 6개월평가성공여부=미실시",6주평가성공여부=미실시,0.42362,0.7025207296849088,1.657905153360336,0.16810478
6주평가성공여부=미실시,"12주평가성공여부=미실시, 6개월평가성공여부=미실시",0.42362,0.9997168074762826,1.657905153360336,0.16810478
12주평가성공여부=미실시,"4주평가성공여부=미실시, 6주평가성공여부=미실시, 성별=여",0.06094,0.10103120129977784,1.6578799031798137,0.0241822108
12주평가성공여부=미실시,"4주평가성공여부=미실시, 등록유형=보건소, 서비스상태=중간종결",0.11034,0.18293046851686062,1.6578799031798137,0.043785118799999995
12주평가성공여부=미실시,"6주평가성공여부=미실시, 서비스상태=금연유지",0.19264,0.3193739845485593,1.6578799031798137,0.07644340479999999
12주평가성공여부=미실시,"6주평가성공여부=미실시, 서비스구분=보건소 금연클리닉, 서비스상태=금연유지",0.17956,0.29768891541496734,1.6578799031798137,0.07125299919999999
12주평가성공여부=미실시,"4주평가성공여부=미실시, 서비스구분=보건소 금연클리닉, 성별=여",0.05482,0.09088497629231738,1.6578799031798137,0.0217536724
12주평가성공여부=미실시,"4주평가성공여부=미실시, 성별=여",0.06094,0.10103120129977784,1.6578799031798137,0.0241822108
12주평가성공여부=미실시,"4주평가성공여부=미실시, 6주평가성공여부=미실시, 서비스상태=중간종결",0.17844,0.2958320899234059,1.6578799031798137,0.07080856079999999
12주평가성공여부=미실시,"4주평가성공여부=미실시, 6주평가성공여부=미실시",0.33146,0.549520872707981,1.6578799031798137,0.13152995719999996
12주평가성공여부=미실시,"6개월평가성공여부=미실시, 6주평가성공여부=미실시, 서비스상태=금연유지",0.19264,0.3193739845485593,1.6578799031798137,0.07644340479999999
12주평가성공여부=미실시,"4주평가성공여부=미실시, 성별=남",0.27054,0.4485228290062668,1.6578799031798137,0.10735568279999999
12주평가성공여부=미실시,"4주평가성공여부=미실시, 6개월평가성공여부=미실시, 서비스구분=보건소 금연클리닉",0.29432,0.4879472131038828,1.6578799031798137,0.11679206240000001
12주평가성공여부=미실시,"6주평가성공여부=미실시, 등록유형=보건소, 서비스상태=금연유지",0.15742,0.26098345435856624,1.6578799031798135,0.062467404399999996
"4주평가성공여부=미실시, 6주평가성공여부=미실시, 서비스구분=보건소 금연클리닉",12주평가성공여부=미실시,0.2944,1.0,1.6578799031798135,0.11682380799999997
12주평가성공여부=미실시,"4주평가성공여부=미실시, 6주평가성공여부=미실시, 서비스구분=보건소 금연클리닉",0.2944,0.4880798434961371,1.6578799031798135,0.11682380799999997
"4주평가성공여부=미실시, 6개월평가성공여부=미실시, 서비스구분=보건소 금연클리닉",12주평가성공여부=미실시,0.29432,1.0,1.6578799031798135,0.11679206240000001
12주평가성공여부=미실시,"4주평가성공여부=미실시, 등록유형=보건소",0.22986,0.38108027454491195,1.6578799031798135,0.09121304519999998
"4주평가성공여부=미실시, 등록유형=보건소",12주평가성공여부=미실시,0.22986,1.0,1.6578799031798135,0.09121304519999998
"6주평가성공여부=미실시, 등록유형=보건소, 서비스상태=금연유지",12주평가성공여부=미실시,0.15742,1.0,1.6578799031798135,0.062467404399999996
"6주평가성공여부=미실시, 등록유형=출장",12주평가성공여부=미실시,0.06436,1.0,1.6578799031798135,0.0255393352
12주평가성공여부=미실시,"4주평가성공여부=미실시, 서비스상태=중간종결",0.17846,0.29586524752146953,1.6578799031798135,0.0708164972
"4주평가성공여부=미실시, 서비스상태=중간종결",12주평가성공여부=미실시,0.17846,1.0,1.6578799031798135,0.0708164972
12주평가성공여부=미실시,"4주평가성공여부=미실시, 6주평가성공여부=미실시, 서비스상태=금연유지",0.14588,0.2418515202758712,1.6578799031798135,0.05788810159999999
12주평가성공여부=미실시,"4주평가성공여부=미실시, 6개월평가성공여부=미실시",0.3314,0.5494213999137901,1.6578799031798135,0.13150614799999996
"4주평가성공여부=미실시, 6개월평가성공여부=미실시",12주평가성공여부=미실시,0.3314,1.0,1.6578799031798135,0.13150614799999996
"4주평가성공여부=미실시, 6주평가성공여부=미실시",12주평가성공여부=미실시,0.33146,1.0,1.6578799031798135,0.13152995719999996
"6주평가성공여부=미실시, 서비스상태=금연유지, 성별=남",12주평가성공여부=미실시,0.1629,1.0,1.6578799031798135,0.06464197799999999
12주평가성공여부=미실시,"4주평가성공여부=미실시, 6개월평가성공여부=미실시, 6주평가성공여부=미실시",0.33138,0.5493882423157266,1.6578799031798135,0.1314982116
"4주평가성공여부=미실시, 6개월평가성공여부=미실시, 6주평가성공여부=미실시",12주평가성공여부=미실시,0.33138,1.0,1.6578799031798135,0.1314982116
"6개월평가성공여부=미실시, 6주평가성공여부=미실시, 등록유형=출장",12주평가성공여부=미실시,0.06436,1.0,1.6578799031798135,0.0255393352
12주평가성공여부=미실시,"6주평가성공여부=미실시, 등록유형=출장",0.06436,0.1067011505686528,1.6578799031798135,0.0255393352
4주평가성공여부=미실시,12주평가성공여부=미실시,0.33148,1.0,1.6578799031798135,0.13153789359999998
12주평가성공여부=미실시,4주평가성공여부=미실시,0.33148,0.5495540303060445,1.6578799031798135,0.13153789359999998
"4주평가성공여부=미실시, 6주평가성공여부=미실시, 서비스상태=중간종결",12주평가성공여부=미실시,0.17844,1.0,1.6578799031798135,0.07080856079999999
"4주평가성공여부=미실시, 성별=남",12주평가성공여부=미실시,0.27054,1.0,1.6578799031798135,0.10735568279999999
"6개월평가성공여부=미실시, 6주평가성공여부=미실시, 서비스상태=금연유지",12주평가성공여부=미실시,0.19264,1.0,1.6578799031798135,0.07644340479999999
"4주평가성공여부=미실시, 6개월평가성공여부=미실시, 성별=남",12주평가성공여부=미실시,0.27048,1.0,1.6578799031798135,0.10733187359999999
12주평가성공여부=미실시,"4주평가성공여부=미실시, 6주평가성공여부=미실시, 성별=남",0.27052,0.4484896714082031,1.6578799031798135,0.10734774639999997
"4주평가성공여부=미실시, 6주평가성공여부=미실시, 성별=남",12주평가성공여부=미실시,0.27052,1.0,1.6578799031798135,0.10734774639999997
"4주평가성공여부=미실시, 서비스구분=보건소 금연클리닉, 성별=여",12주평가성공여부=미실시,0.05482,1.0,1.6578799031798135,0.0217536724
"6주평가성공여부=미실시, 서비스구분=보건소 금연클리닉, 서비스상태=금연유지",12주평가성공여부=미실시,0.17956,1.0,1.6578799031798135,0.07125299919999999
12주평가성공여부=미실시,"6주평가성공여부=미실시, 서비스상태=금연유지, 성별=남",0.1629,0.2700686362279916,1.6578799031798135,0.06464197799999999
"4주평가성공여부=미실시, 성별=여",12주평가성공여부=미실시,0.06094,1.0,1.6578799031798135,0.0241822108
12주평가성공여부=미실시,"4주평가성공여부=미실시, 6개월평가성공여부=미실시, 성별=여",0.06092,0.10099804370171424,1.6578799031798135,0.0241742744
"4주평가성공여부=미실시, 서비스구분=보건소 금연클리닉, 서비스상태=금연유지",12주평가성공여부=미실시,0.13664,1.0,1.6578799031798135,0.0542214848
12주평가성공여부=미실시,"4주평가성공여부=미실시, 서비스상태=금연유지, 성별=남",0.12274,0.20348817931629032,1.6578799031798135,0.048705686799999995
"4주평가성공여부=미실시, 서비스상태=금연유지, 성별=남",12주평가성공여부=미실시,0.12274,1.0,1.6578799031798135,0.048705686799999995
12주평가성공여부=미실시,"4주평가성공여부=미실시, 6개월평가성공여부=미실시, 서비스상태=금연유지",0.14588,0.2418515202758712,1.6578799031798135,0.05788810159999999
"4주평가성공여부=미실시, 6개월평가성공여부=미실시, 서비스상태=금연유지",12주평가성공여부=미실시,0.14588,1.0,1.6578799031798135,0.05788810159999999
12주평가성공여부=미실시,"4주평가성공여부=미실시, 6개월평가성공여부=미실시, 서비스상태=중간종결",0.17846,0.29586524752146953,1.6578799031798135,0.0708164972
12주평가성공여부=미실시,"4주평가성공여부=미실시, 6개월평가성공여부=미실시, 성별=남",0.27048,0.44842335621207596,1.6578799031798135,0.10733187359999999
"4주평가성공여부=미실시, 6주평가성공여부=미실시, 서비스상태=금연유지",12주평가성공여부=미실시,0.14588,1.0,1.6578799031798135,0.05788810159999999
12주평가성공여부=미실시,"4주평가성공여부=미실시, 서비스구분=보건소 금연클리닉, 서비스상태=금연유지",0.13664,0.22653270997048974,1.6578799031798135,0.0542214848
12주평가성공여부=미실시,"4주평가성공여부=미실시, 등록유형=보건소, 성별=남",0.19076,0.31625717033058126,1.6578799031798135,0.0756973832
"4주평가성공여부=미실시, 등록유형=보건소, 성별=남",12주평가성공여부=미실시,0.19076,1.0,1.6578799031798135,0.0756973832
"6주평가성공여부=미실시, 등록유형=출장, 성별=남",12주평가성공여부=미실시,0.05386,1.0,1.6578799031798135,0.021372725199999998
12주평가성공여부=미실시,"6주평가성공여부=미실시, 등록유형=출장, 서비스구분=보건소 금연클리닉",0.06436,0.1067011505686528,1.6578799031798135,0.0255393352
"6주평가성공여부=미실시, 등록유형=출장, 서비스구분=보건소 금연클리닉",12주평가성공여부=미실시,0.06436,1.0,1.6578799031798135,0.0255393352
12주평가성공여부=미실시,"6개월평가성공여부=미실시, 6주평가성공여부=미실시, 등록유형=출장",0.06436,0.1067011505686528,1.6578799031798135,0.0255393352
"4주평가성공여부=미실시, 서비스구분=보건소 금연클리닉, 서비스상태=중간종결",12주평가성공여부=미실시,0.15232,1.0,1.6578799031798135,0.060443622399999994
"4주평가성공여부=미실시, 서비스상태=중간종결, 성별=남",12주평가성공여부=미실시,0.14434,1.0,1.6578799031798135,0.05727699879999999
12주평가성공여부=미실시,"4주평가성공여부=미실시, 서비스구분=보건소 금연클리닉, 서비스상태=중간종결",0.15232,0.2525282668523492,1.6578799031798135,0.060443622399999994
"4주평가성공여부=미실시, 6개월평가성공여부=미실시, 성별=여",12주평가성공여부=미실시,0.06092,1.0,1.6578799031798135,0.0241742744
"6개월평가성공여부=미실시, 6주평가성공여부=미실시, 성별=여",12주평가성공여부=미실시,0.07528,1.0,1.6578799031798135,0.029872609599999995
12주평가성공여부=미실시,"6주평가성공여부=미실시, 성별=여",0.07532,0.12487151430750355,1.6578799031798135,0.029888482399999992
"6주평가성공여부=미실시, 성별=여",12주평가성공여부=미실시,0.07532,1.0,1.6578799031798135,0.029888482399999992
"4주평가성공여부=미실시, 등록유형=보건소, 서비스상태=금연유지",12주평가성공여부=미실시,0.11934,1.0,1.6578799031798135,0.047356498799999994
"4주평가성공여부=미실시, 6주평가성공여부=미실시, 성별=여",12주평가성공여부=미실시,0.06094,1.0,1.6578799031798135,0.0241822108
12주평가성공여부=미실시,"4주평가성공여부=미실시, 서비스상태=중간종결, 성별=남",0.14434,0.23929838522497426,1.6578799031798135,0.05727699879999999
12주평가성공여부=미실시,"4주평가성공여부=미실시, 서비스상태=금연유지",0.14588,0.2418515202758712,1.6578799031798135,0.05788810159999999
"4주평가성공여부=미실시, 서비스상태=금연유지",12주평가성공여부=미실시,0.14588,1.0,1.6578799031798135,0.05788810159999999
12주평가성공여부=미실시,"4주평가성공여부=미실시, 서비스구분=보건소 금연클리닉, 성별=남",0.23958,0.3971948672038197,1.6578799031798135,0.0950701356
12주평가성공여부=미실시,"4주평가성공여부=미실시, 6개월평가성공여부=미실시, 등록유형=보건소",0.22978,0.3809476441526576,1.6578799031798135,0.09118129959999999
12주평가성공여부=미실시,"4주평가성공여부=미실시, 등록유형=보건소, 서비스상태=금연유지",0.11934,0.19785138764547894,1.6578799031798135,0.047356498799999994
"6주평가성공여부=미실시, 서비스구분=보건소 금연클리닉, 성별=여",12주평가성공여부=미실시,0.06774,1.0,1.6578799031798135,0.026880586799999995
12주평가성공여부=미실시,"6주평가성공여부=미실시, 등록유형=출장, 성별=남",0.05386,0.08929341158526476,1.6578799031798135,0.021372725199999998
"4주평가성공여부=미실시, 등록유형=보건소, 서비스구분=보건소 금연클리닉",12주평가성공여부=미실시,0.22986,1.0,1.6578799031798135,0.09121304519999998
12주평가성공여부=미실시,"4주평가성공여부=미실시, 6주평가성공여부=미실시, 등록유형=보건소",0.22986,0.38108027454491195,1.6578799031798135,0.09121304519999998
12주평가성공여부=미실시,"6개월평가성공여부=미실시, 6주평가성공여부=미실시, 성별=여",0.07528,0.12480519911137636,1.6578799031798135,0.029872609599999995
12주평가성공여부=미실시,"6주평가성공여부=미실시, 서비스구분=보건소 금연클리닉, 성별=여",0.06774,0.11230478464140056,1.6578799031798135,0.026880586799999995
"4주평가성공여부=미실시, 6주평가성공여부=미실시, 등록유형=보건소",12주평가성공여부=미실시,0.22986,1.0,1.6578799031798135,0.09121304519999998
12주평가성공여부=미실시,"4주평가성공여부=미실시, 서비스구분=보건소 금연클리닉",0.2944,0.4880798434961371,1.6578799031798135,0.11682380799999997
"4주평가성공여부=미실시, 서비스구분=보건소 금연클리닉",12주평가성공여부=미실시,0.2944,1.0,1.6578799031798135,0.11682380799999997
"4주평가성공여부=미실시, 6개월평가성공여부=미실시, 등록유형=보건소",12주평가성공여부=미실시,0.22978,1.0,1.6578799031798135,0.09118129959999999
12주평가성공여부=미실시,"4주평가성공여부=미실시, 등록유형=보건소, 서비스구분=보건소 금연클리닉",0.22986,0.38108027454491195,1.6578799031798135,0.09121304519999998
"4주평가성공여부=미실시, 등록유형=보건소, 서비스상태=중간종결",12주평가성공여부=미실시,0.11034,1.0,1.6578799031798135,0.043785118799999995
"4주평가성공여부=미실시, 6개월평가성공여부=미실시, 서비스상태=중간종결",12주평가성공여부=미실시,0.17846,1.0,1.6578799031798135,0.0708164972
"6주평가성공여부=미실시, 서비스상태=금연유지",12주평가성공여부=미실시,0.19264,1.0,1.6578799031798135,0.07644340479999999
"4주평가성공여부=미실시, 서비스구분=보건소 금연클리닉, 성별=남",12주평가성공여부=미실시,0.23958,1.0,1.6578799031798135,0.0950701356
"12주평가성공여부=미실시, 6개월평가성공여부=미실시","4주평가성공여부=미실시, 성별=여",0.06092,0.10102819237147596,1.6578305279205114,0.024173180000000002
"4주평가성공여부=미실시, 성별=여","12주평가성공여부=미실시, 6개월평가성공여부=미실시",0.06092,0.9996718083360683,1.6578305279205112,0.024173180000000002
"6주평가성공여부=미실시, 등록유형=보건소","12주평가성공여부=미실시, 6개월평가성공여부=미실시",0.29626,0.9996625725469025,1.657815211520568,0.11755492000000003
"12주평가성공여부=미실시, 6개월평가성공여부=미실시","6주평가성공여부=미실시, 등록유형=보건소",0.29626,0.49131011608623554,1.657815211520568,0.11755492000000003
6주평가성공여부=미실시,12주평가성공여부=미실시,0.42372,0.999952801246047,1.6578016533141797,0.16812850679999997
12주평가성공여부=미실시,6주평가성공여부=미실시,0.42372,0.7024768725753505,1.6578016533141797,0.16812850679999997
"6개월평가성공여부=미실시, 6주평가성공여부=미실시",12주평가성공여부=미실시,0.42362,0.9999527901048059,1.65780163484334,0.16808882479999998
12주평가성공여부=미실시,"6개월평가성공여부=미실시, 6주평가성공여부=미실시",0.42362,0.7023110845850326,1.65780163484334,0.16808882479999998
"4주평가성공여부=미실시, 등록유형=보건소","12주평가성공여부=미실시, 6개월평가성공여부=미실시",0.22978,0.999651962063865,1.65779761536296,0.09117442
"12주평가성공여부=미실시, 6개월평가성공여부=미실시","4주평가성공여부=미실시, 등록유형=보건소",0.22978,0.38106135986733003,1.65779761536296,0.09117442
12주평가성공여부=미실시,"6주평가성공여부=미실시, 서비스구분=보건소 금연클리닉",0.37622,0.6237275771743095,1.6577917743310373,0.14927955679999996
"6주평가성공여부=미실시, 서비스구분=보건소 금연클리닉",12주평가성공여부=미실시,0.37622,0.9999468424409951,1.657791774331037,0.14927955679999996
"6개월평가성공여부=미실시, 6주평가성공여부=미실시, 서비스구분=보건소 금연클리닉",12주평가성공여부=미실시,0.37614,0.9999468311356869,1.657791755588194,0.14924781119999997
12주평가성공여부=미실시,"6개월평가성공여부=미실시, 6주평가성공여부=미실시, 서비스구분=보건소 금연클리닉",0.37614,0.623594946782055,1.6577917555881938,0.14924781119999997
"6주평가성공여부=미실시, 성별=남",12주평가성공여부=미실시,0.3484,0.9999425980138912,1.6577847375806412,0.13824002439999997
12주평가성공여부=미실시,"6주평가성공여부=미실시, 성별=남",0.3484,0.577605358267847,1.6577847375806412,0.13824002439999997
"6개월평가성공여부=미실시, 6주평가성공여부=미실시, 성별=남",12주평가성공여부=미실시,0.34834,0.9999425881272247,1.6577847211897354,0.13821621519999996
12주평가성공여부=미실시,"6개월평가성공여부=미실시, 6주평가성공여부=미실시, 성별=남",0.34834,0.5775058854736562,1.6577847211897354,0.13821621519999996
"6주평가성공여부=미실시, 서비스구분=보건소 금연클리닉, 성별=남",12주평가성공여부=미실시,0.30848,0.9999351701782819,1.6577724231212605,0.12239896999999997
12주평가성공여부=미실시,"6주평가성공여부=미실시, 서비스구분=보건소 금연클리닉, 성별=남",0.30848,0.5114227925329088,1.6577724231212603,0.12239896999999997
12주평가성공여부=미실시,"6주평가성공여부=미실시, 등록유형=보건소, 서비스구분=보건소 금연클리닉",0.29634,0.49129613050830595,1.657768020341159,0.11758157519999998
12주평가성공여부=미실시,"6주평가성공여부=미실시, 등록유형=보건소",0.29634,0.49129613050830595,1.657768020341159,0.11758157519999998
"6주평가성공여부=미실시, 등록유형=보건소, 서비스구분=보건소 금연클리닉",12주평가성공여부=미실시,0.29634,0.9999325145093804,1.6577680203411589,0.11758157519999998
"6주평가성공여부=미실시, 등록유형=보건소",12주평가성공여부=미실시,0.29634,0.9999325145093804,1.6577680203411589,0.11758157519999998
"6개월평가성공여부=미실시, 6주평가성공여부=미실시, 등록유형=보건소",12주평가성공여부=미실시,0.29626,0.999932496287296,1.6577679901311315,0.11754982960000002
12주평가성공여부=미실시,"6개월평가성공여부=미실시, 6주평가성공여부=미실시, 등록유형=보건소",0.29626,0.4911635001160516,1.6577679901311313,0.11754982960000002
"6주평가성공여부=미실시, 등록유형=보건소, 성별=남",12주평가성공여부=미실시,0.24696,0.9999190217831404,1.6577456510214867,0.0979866036
12주평가성공여부=미실시,"6주평가성공여부=미실시, 등록유형=보건소, 성별=남",0.24696,0.40943002088928676,1.6577456510214865,0.0979866036
12주평가성공여부=미실시,"6개월평가성공여부=미실시, 6주평가성공여부=미실시, 서비스상태=중간종결",0.22392,0.37123246792002385,1.6577318385282838,0.0888438708
12주평가성공여부=미실시,"6주평가성공여부=미실시, 서비스상태=중간종결",0.22392,0.37123246792002385,1.6577318385282838,0.0888438708
"6개월평가성공여부=미실시, 6주평가성공여부=미실시, 서비스상태=중간종결",12주평가성공여부=미실시,0.22392,0.9999106903634902,1.6577318385282838,0.0888438708
"6주평가성공여부=미실시, 서비스상태=중간종결",12주평가성공여부=미실시,0.22392,0.9999106903634902,1.6577318385282838,0.0888438708
12주평가성공여부=미실시,"6주평가성공여부=미실시, 서비스구분=보건소 금연클리닉, 서비스상태=중간종결",0.19122,0.31701979508604394,1.657706521052311,0.0758678568
"6주평가성공여부=미실시, 서비스구분=보건소 금연클리닉, 서비스상태=중간종결",12주평가성공여부=미실시,0.19122,0.999895419368333,1.657706521052311,0.0758678568
"6주평가성공여부=미실시, 서비스상태=중간종결, 성별=남",12주평가성공여부=미실시,0.18204,0.9998901461056795,1.6576977786161335,0.0722250492
12주평가성공여부=미실시,"6주평가성공여부=미실시, 서비스상태=중간종결, 성별=남",0.18204,0.30180045757485324,1.6576977786161333,0.0722250492
"12주평가성공여부=미실시, 6개월평가성공여부=미실시","4주평가성공여부=Y, 6주평가성공여부=미실시",0.09224,0.15296849087893866,1.657655947972894,0.03659516
"4주평가성공여부=Y, 6주평가성공여부=미실시","12주평가성공여부=미실시, 6개월평가성공여부=미실시",0.09224,0.9995665366276549,1.6576559479728938,0.03659516
12주평가성공여부=미실시,"6주평가성공여부=미실시, 등록유형=보건소, 서비스상태=중간종결",0.13874,0.23001425776716733,1.6576409467221631,0.055042743199999994
"6주평가성공여부=미실시, 등록유형=보건소, 서비스상태=중간종결",12주평가성공여부=미실시,0.13874,0.9998558662438743,1.657640946722163,0.055042743199999994
"4주평가성공여부=Y, 6주평가성공여부=미실시",12주평가성공여부=미실시,0.09226,0.9997832683138275,1.6575205880729258,0.03659854959999999
12주평가성공여부=미실시,"4주평가성공여부=Y, 6주평가성공여부=미실시",0.09226,0.15295599986736957,1.6575205880729256,0.03659854959999999
"4주평가성공여부=Y, 6개월평가성공여부=미실시, 6주평가성공여부=미실시",12주평가성공여부=미실시,0.09224,0.9997832213310212,1.6575205101810755,0.036590613200000004
12주평가성공여부=미실시,"4주평가성공여부=Y, 6개월평가성공여부=미실시, 6주평가성공여부=미실시",0.09224,0.152922842269306,1.6575205101810753,0.036590613200000004
"6주평가성공여부=미실시, 성별=여","12주평가성공여부=미실시, 6개월평가성공여부=미실시",0.07528,0.9994689325544345,1.6574940838381997,0.02986204
"12주평가성공여부=미실시, 6개월평가성공여부=미실시","6주평가성공여부=미실시, 성별=여",0.07528,0.1248424543946932,1.6574940838381997,0.02986204
"4주평가성공여부=Y, 6주평가성공여부=미실시, 서비스구분=보건소 금연클리닉",12주평가성공여부=미실시,0.08182,0.9997556207233628,1.657474751688323,0.0324557488
12주평가성공여부=미실시,"4주평가성공여부=Y, 6주평가성공여부=미실시, 서비스구분=보건소 금연클리닉",0.08182,0.13564773367817234,1.657474751688323,0.0324557488
"4주평가성공여부=Y, 6주평가성공여부=미실시, 성별=남",12주평가성공여부=미실시,0.07788,0.9997432605905008,1.6574542600724504,0.030892278000000002
12주평가성공여부=미실시,"4주평가성공여부=Y, 6주평가성공여부=미실시, 성별=남",0.07788,0.1291156868596439,1.6574542600724504,0.030892278000000002
12주평가성공여부=미실시,"4주평가성공여부=Y, 6주평가성공여부=미실시, 등록유형=보건소",0.06648,0.110215855963394,1.6573812926826166,0.026368529999999994
"4주평가성공여부=Y, 6주평가성공여부=미실시, 등록유형=보건소",12주평가성공여부=미실시,0.06648,0.9996992481203006,1.6573812926826164,0.026368529999999994
"12주평가성공여부=미실시, 서비스상태=중간종결","4주평가성공여부=미실시, 서비스구분=보건소 금연클리닉",0.15232,0.48695652173913045,1.6540642722117203,0.06023168000000001
"4주평가성공여부=미실시, 서비스구분=보건소 금연클리닉","12주평가성공여부=미실시, 서비스상태=중간종결",0.15232,0.5173913043478261,1.65406427221172,0.06023168000000001
"12주평가성공여부=미실시, 성별=남","4주평가성공여부=미실시, 등록유형=보건소",0.19076,0.38010600565894875,1.6536413715259233,0.07540246040000001
"4주평가성공여부=미실시, 등록유형=보건소","12주평가성공여부=미실시, 성별=남",0.19076,0.8298964587139999,1.6536413715259233,0.07540246040000001
"12주평가성공여부=미실시, 등록유형=보건소, 서비스상태=중간종결",4주평가성공여부=미실시,0.11034,0.547430045643977,1.6514723230480783,0.0435268912
4주평가성공여부=미실시,"12주평가성공여부=미실시, 등록유형=보건소, 서비스상태=중간종결",0.11034,0.33287076143357064,1.6514723230480783,0.0435268912
"12주평가성공여부=미실시, 서비스상태=금연유지","6주평가성공여부=미실시, 성별=남",0.1629,0.5752524895825977,1.651031770801325,0.06423442439999999
"6주평가성공여부=미실시, 성별=남","12주평가성공여부=미실시, 서비스상태=금연유지",0.1629,0.46753917685551916,1.651031770801325,0.06423442439999999
"12주평가성공여부=미실시, 서비스구분=보건소 금연클리닉","4주평가성공여부=미실시, 성별=여",0.05482,0.10058715596330274,1.650593304287869,0.0216077
"4주평가성공여부=미실시, 성별=여","12주평가성공여부=미실시, 서비스구분=보건소 금연클리닉",0.05482,0.8995733508368887,1.650593304287869,0.0216077
"12주평가성공여부=미실시, 서비스구분=보건소 금연클리닉","6주평가성공여부=미실시, 성별=여",0.06774,0.12429357798165136,1.6502068239730665,0.026690599999999995
"6주평가성공여부=미실시, 성별=여","12주평가성공여부=미실시, 서비스구분=보건소 금연클리닉",0.06774,0.8993627190653213,1.6502068239730665,0.026690599999999995
"12주평가성공여부=미실시, 서비스구분=보건소 금연클리닉, 서비스상태=중간종결",6주평가성공여부=미실시,0.19122,0.6977304239947456,1.6466003303788777,0.07508981559999998
6주평가성공여부=미실시,"12주평가성공여부=미실시, 서비스구분=보건소 금연클리닉, 서비스상태=중간종결",0.19122,0.45126728654363524,1.6466003303788777,0.07508981559999998
"6주평가성공여부=Y, 서비스구분=보건소 금연클리닉","4주평가성공여부=Y, 등록유형=출장",0.10588,0.1975668010150769,1.6420113116279662,0.04139810560000001
"4주평가성공여부=Y, 등록유형=출장","6주평가성공여부=Y, 서비스구분=보건소 금연클리닉",0.10588,0.8799867021276596,1.6420113116279662,0.04139810560000001
"6주평가성공여부=Y, 등록유형=보건소","12주평가성공여부=Y, 서비스상태=중간종결",0.07248,0.16929832757170887,1.639534452563518,0.028272328800000003
"12주평가성공여부=Y, 서비스상태=중간종결","6주평가성공여부=Y, 등록유형=보건소",0.07248,0.7019174898314933,1.6395344525635178,0.028272328800000003
"4주평가성공여부=미실시, 서비스구분=보건소 금연클리닉","12주평가성공여부=미실시, 서비스상태=금연유지",0.13664,0.46413043478260874,1.6389944020856302,0.05327180800000002
"12주평가성공여부=미실시, 서비스상태=금연유지","4주평가성공여부=미실시, 서비스구분=보건소 금연클리닉",0.13664,0.48251995197400954,1.6389944020856302,0.05327180800000002
"6개월평가성공여부=미실시, 6주평가성공여부=미실시","12주평가성공여부=미실시, 성별=남",0.34834,0.8222547445944669,1.6384145869255708,0.1357320296
"12주평가성공여부=미실시, 성별=남","6개월평가성공여부=미실시, 6주평가성공여부=미실시",0.34834,0.6940979556051489,1.6384145869255708,0.1357320296
"12주평가성공여부=미실시, 6개월평가성공여부=미실시, 성별=남",6주평가성공여부=미실시,0.34834,0.6942362882653061,1.638354387750286,0.13572421759999997
6주평가성공여부=미실시,"12주평가성공여부=미실시, 6개월평가성공여부=미실시, 성별=남",0.34834,0.8220606975975834,1.6383543877502857,0.13572421759999997
6주평가성공여부=미실시,"12주평가성공여부=미실시, 성별=남",0.3484,0.8222022938594421,1.6383100742427015,0.1357418436
"12주평가성공여부=미실시, 성별=남",6주평가성공여부=미실시,0.3484,0.6942175108596023,1.6383100742427013,0.1357418436
"6주평가성공여부=미실시, 성별=남","12주평가성공여부=미실시, 등록유형=보건소",0.24696,0.7087997244704667,1.635062801546636,0.09591993000000001
"12주평가성공여부=미실시, 등록유형=보건소","6주평가성공여부=미실시, 성별=남",0.24696,0.5696885813148789,1.6350628015466357,0.09591993000000001
"6주평가성공여부=미실시, 서비스구분=보건소 금연클리닉","12주평가성공여부=미실시, 성별=남",0.30848,0.819902190091431,1.6337269160551369,0.11966019359999996
"12주평가성공여부=미실시, 성별=남","6주평가성공여부=미실시, 서비스구분=보건소 금연클리닉",0.30848,0.6146734148965847,1.6337269160551366,0.11966019359999996
"4주평가성공여부=미실시, 6주평가성공여부=미실시","12주평가성공여부=미실시, 서비스구분=보건소 금연클리닉",0.2944,0.8881916369999397,1.6297094256879627,0.1137543
"12주평가성공여부=미실시, 서비스구분=보건소 금연클리닉","4주평가성공여부=미실시, 6주평가성공여부=미실시",0.2944,0.5401834862385321,1.6297094256879627,0.1137543
"12주평가성공여부=미실시, 6개월평가성공여부=미실시, 서비스구분=보건소 금연클리닉",4주평가성공여부=미실시,0.29432,0.5401952866896704,1.6296466956970872,0.11371643680000004
4주평가성공여부=미실시,"12주평가성공여부=미실시, 6개월평가성공여부=미실시, 서비스구분=보건소 금연클리닉",0.29432,0.8878967056836009,1.629646695697087,0.11371643680000004
"12주평가성공여부=미실시, 서비스구분=보건소 금연클리닉",4주평가성공여부=미실시,0.2944,0.5401834862385321,1.629611096411645,0.1137434
4주평가성공여부=미실시,"12주평가성공여부=미실시, 서비스구분=보건소 금연클리닉",0.2944,0.8881380475443466,1.629611096411645,0.1137434
"12주평가성공여부=미실시, 서비스구분=보건소 금연클리닉","4주평가성공여부=미실시, 6개월평가성공여부=미실시",0.29432,0.5400366972477064,1.6295615487257287,0.11370700000000003
"4주평가성공여부=미실시, 6개월평가성공여부=미실시","12주평가성공여부=미실시, 서비스구분=보건소 금연클리닉",0.29432,0.8881110440555222,1.6295615487257287,0.11370700000000003
6주평가성공여부=미실시,"12주평가성공여부=미실시, 6개월평가성공여부=미실시, 서비스구분=보건소 금연클리닉",0.37614,0.8876669655921083,1.629225030453176,0.14526949839999997
"12주평가성공여부=미실시, 6개월평가성공여부=미실시, 서비스구분=보건소 금연클리닉",6주평가성공여부=미실시,0.37614,0.6903678144042287,1.6292250304531757,0.14526949839999997
"6개월평가성공여부=미실시, 6주평가성공여부=미실시","12주평가성공여부=미실시, 서비스구분=보건소 금연클리닉",0.37614,0.8878764989141723,1.629131190668206,0.14525619999999995
"12주평가성공여부=미실시, 서비스구분=보건소 금연클리닉","6개월평가성공여부=미실시, 6주평가성공여부=미실시",0.37614,0.6901651376146788,1.629131190668206,0.14525619999999995
"12주평가성공여부=미실시, 서비스구분=보건소 금연클리닉",6주평가성공여부=미실시,0.37622,0.6903119266055046,1.6290931387301282,0.14528169999999999
6주평가성공여부=미실시,"12주평가성공여부=미실시, 서비스구분=보건소 금연클리닉",0.37622,0.8878557606079199,1.6290931387301282,0.14528169999999999
"6주평가성공여부=미실시, 성별=남","12주평가성공여부=미실시, 등록유형=출장",0.05386,0.15458354859078124,1.6285666728906578,0.020787973599999995
"12주평가성공여부=미실시, 등록유형=출장","6주평가성공여부=미실시, 성별=남",0.05386,0.5674252001685629,1.6285666728906576,0.020787973599999995
"12주평가성공여부=미실시, 서비스구분=보건소 금연클리닉","4주평가성공여부=Y, 6주평가성공여부=미실시",0.08182,0.15012844036697248,1.6268795011592163,0.0315274
"4주평가성공여부=Y, 6주평가성공여부=미실시","12주평가성공여부=미실시, 서비스구분=보건소 금연클리닉",0.08182,0.8866493281317729,1.626879501159216,0.0315274
"4주평가성공여부=미실시, 성별=남","12주평가성공여부=미실시, 등록유형=보건소",0.19076,0.7051083019146892,1.6265474092611054,0.07348091000000001
"12주평가성공여부=미실시, 등록유형=보건소","4주평가성공여부=미실시, 성별=남",0.19076,0.44004613610149945,1.6265474092611054,0.07348091000000001
"4주평가성공여부=미실시, 6개월평가성공여부=미실시","12주평가성공여부=미실시, 성별=남",0.27048,0.8161738080869041,1.6262977884009566,0.10416359600000002
"12주평가성공여부=미실시, 성별=남","4주평가성공여부=미실시, 6개월평가성공여부=미실시",0.27048,0.538955087076077,1.6262977884009566,0.10416359600000002
"12주평가성공여부=미실시, 성별=남",4주평가성공여부=미실시,0.27054,0.5390746423305305,1.626265965761224,0.1041834472
4주평가성공여부=미실시,"12주평가성공여부=미실시, 성별=남",0.27054,0.8161578375769277,1.6262659657612237,0.1041834472
"4주평가성공여부=미실시, 6주평가성공여부=미실시","12주평가성공여부=미실시, 성별=남",0.27052,0.8161467447052435,1.6262438622429434,0.10417348440000002
"12주평가성공여부=미실시, 성별=남","4주평가성공여부=미실시, 6주평가성공여부=미실시",0.27052,0.5390347905790459,1.6262438622429432,0.10417348440000002
4주평가성공여부=미실시,"12주평가성공여부=미실시, 6개월평가성공여부=미실시, 성별=남",0.27048,0.8159768311813684,1.6262293351031738,0.10415659520000001
"12주평가성공여부=미실시, 6개월평가성공여부=미실시, 성별=남",4주평가성공여부=미실시,0.27048,0.5390625,1.6262293351031736,0.10415659520000001
"12주평가성공여부=미실시, 서비스구분=보건소 금연클리닉","4주평가성공여부=미실시, 성별=남",0.23958,0.4395963302752293,1.6248847870009215,0.09213569999999999
"4주평가성공여부=미실시, 성별=남","12주평가성공여부=미실시, 서비스구분=보건소 금연클리닉",0.23958,0.8855622089155023,1.6248847870009215,0.09213569999999999
"12주평가성공여부=미실시, 서비스상태=중간종결","6주평가성공여부=미실시, 서비스구분=보건소 금연클리닉",0.19122,0.6113171355498721,1.6248063351846482,0.07353212799999999
"6주평가성공여부=미실시, 서비스구분=보건소 금연클리닉","12주평가성공여부=미실시, 서비스상태=중간종결",0.19122,0.508239421645758,1.6248063351846482,0.07353212799999999
"12주평가성공여부=미실시, 서비스구분=보건소 금연클리닉","6주평가성공여부=미실시, 성별=남",0.30848,0.5660183486238531,1.6245288692493345,0.11859109999999995
"6주평가성공여부=미실시, 성별=남","12주평가성공여부=미실시, 서비스구분=보건소 금연클리닉",0.30848,0.8853682337408874,1.6245288692493345,0.11859109999999995
6주평가성공여부=미실시,"12주평가성공여부=미실시, 등록유형=보건소, 서비스상태=중간종결",0.13874,0.3274177561712371,1.624418317975973,0.0533309656
"12주평가성공여부=미실시, 등록유형=보건소, 서비스상태=중간종결",6주평가성공여부=미실시,0.13874,0.6883310180591388,1.6244183179759728,0.0533309656
"12주평가성공여부=미실시, 성별=남","4주평가성공여부=미실시, 서비스구분=보건소 금연클리닉",0.23958,0.4773841310325589,1.6215493581268985,0.091832416
"4주평가성공여부=미실시, 서비스구분=보건소 금연클리닉","12주평가성공여부=미실시, 성별=남",0.23958,0.8137907608695651,1.6215493581268983,0.091832416
"6주평가성공여부=미실시, 서비스상태=중간종결","12주평가성공여부=미실시, 성별=남",0.18204,0.8128963115120121,1.6197670894512657,0.06965347160000002
"12주평가성공여부=미실시, 성별=남","6주평가성공여부=미실시, 서비스상태=중간종결",0.18204,0.36273064201171645,1.6197670894512657,0.06965347160000002
"4주평가성공여부=Y, 서비스구분=보건소 금연클리닉","6주평가성공여부=Y, 등록유형=보건소",0.42812,0.6929750728391065,1.618646811265782,0.163627464
"4주평가성공여부=Y, 서비스구분=보건소 금연클리닉","12주평가성공여부=Y, 등록유형=보건소",0.29098,0.4709938491421172,1.618646811265782,0.11121255599999999
"12주평가성공여부=Y, 등록유형=출장","4주평가성공여부=Y, 서비스구분=보건소 금연클리닉",0.07534,1.0,1.6186468112657817,0.028794948
"4주평가성공여부=Y, 서비스구분=보건소 금연클리닉","6주평가성공여부=Y, 등록유형=출장",0.10588,0.17138232437682097,1.6186468112657817,0.04046733599999999
"12주평가성공여부=Y, 등록유형=보건소","4주평가성공여부=Y, 서비스구분=보건소 금연클리닉",0.29098,1.0,1.6186468112657817,0.11121255599999999
"6주평가성공여부=Y, 등록유형=출장","4주평가성공여부=Y, 서비스구분=보건소 금연클리닉",0.10588,1.0,1.6186468112657817,0.04046733599999999
"6주평가성공여부=Y, 등록유형=보건소","4주평가성공여부=Y, 서비스구분=보건소 금연클리닉",0.42812,1.0,1.6186468112657817,0.163627464
"4주평가성공여부=Y, 서비스구분=보건소 금연클리닉","12주평가성공여부=Y, 등록유형=출장",0.07534,0.121948850760764,1.6186468112657817,0.028794948
"4주평가성공여부=Y, 서비스구분=보건소 금연클리닉","6개월평가성공여부=Y, 등록유형=보건소",0.15166,0.24548397539656844,1.6177934321640202,0.05791502799999998
"6개월평가성공여부=Y, 등록유형=보건소","4주평가성공여부=Y, 서비스구분=보건소 금연클리닉",0.15166,0.9994727823909317,1.6177934321640202,0.05791502799999998
"등록유형=보건소, 서비스상태=정상종결","4주평가성공여부=Y, 서비스구분=보건소 금연클리닉",0.11224,0.9992877492877493,1.6174939289215755,0.042848704
"4주평가성공여부=Y, 서비스구분=보건소 금연클리닉","등록유형=보건소, 서비스상태=정상종결",0.11224,0.18167691809647135,1.6174939289215753,0.042848704
"4주평가성공여부=Y, 등록유형=보건소","6주평가성공여부=Y, 서비스구분=보건소 금연클리닉",0.42812,0.8655183567847323,1.615014100583543,0.1630325312
"6주평가성공여부=Y, 서비스구분=보건소 금연클리닉","4주평가성공여부=Y, 등록유형=보건소",0.42812,0.7988505747126438,1.615014100583543,0.1630325312
6주평가성공여부=미실시,"12주평가성공여부=미실시, 6개월평가성공여부=미실시, 등록유형=보건소",0.29626,0.6991551423042432,1.613410122084837,0.11263650840000003
"12주평가성공여부=미실시, 6개월평가성공여부=미실시, 등록유형=보건소",6주평가성공여부=미실시,0.29626,0.6836664051322288,1.613410122084837,0.11263650840000003
"12주평가성공여부=미실시, 등록유형=보건소",6주평가성공여부=미실시,0.29634,0.683598615916955,1.6132501437602187,0.11264870999999999
"12주평가성공여부=미실시, 등록유형=보건소, 서비스구분=보건소 금연클리닉",6주평가성공여부=미실시,0.29634,0.683598615916955,1.6132501437602187,0.11264870999999999
6주평가성공여부=미실시,"12주평가성공여부=미실시, 등록유형=보건소, 서비스구분=보건소 금연클리닉",0.29634,0.6993439373200547,1.6132501437602185,0.11264870999999999
6주평가성공여부=미실시,"12주평가성공여부=미실시, 등록유형=보건소",0.29634,0.6993439373200547,1.6132501437602185,0.11264870999999999
"12주평가성공여부=미실시, 등록유형=보건소","6개월평가성공여부=미실시, 6주평가성공여부=미실시",0.29626,0.6834140715109573,1.6131953345079721,0.11261206000000001
"6개월평가성공여부=미실시, 6주평가성공여부=미실시","12주평가성공여부=미실시, 등록유형=보건소",0.29626,0.6993201775092059,1.6131953345079721,0.11261206000000001
"4주평가성공여부=미실시, 서비스상태=중간종결","12주평가성공여부=미실시, 성별=남",0.14434,0.808808696626695,1.61162215882257,0.05477806439999999
"12주평가성공여부=미실시, 성별=남","4주평가성공여부=미실시, 서비스상태=중간종결",0.14434,0.28761009046347585,1.61162215882257,0.05477806439999999
"6개월평가성공여부=Y, 서비스구분=보건소 금연클리닉","4주평가성공여부=Y, 등록유형=보건소",0.15166,0.7969521807672096,1.6111761700776517,0.05753000799999998
"4주평가성공여부=Y, 등록유형=보건소","6개월평가성공여부=Y, 서비스구분=보건소 금연클리닉",0.15166,0.3066068251657771,1.6111761700776515,0.05753000799999998
"6주평가성공여부=Y, 서비스상태=금연유지","12주평가성공여부=Y, 등록유형=보건소",0.10626,0.46872518747243047,1.610850187203349,0.04029483399999999
"12주평가성공여부=Y, 등록유형=보건소","6주평가성공여부=Y, 서비스상태=금연유지",0.10626,0.3651797374389992,1.6108501872033487,0.04029483399999999
"6주평가성공여부=Y, 서비스상태=금연유지","4주평가성공여부=Y, 등록유형=보건소",0.18056,0.796471107190119,1.6102035969394286,0.06842511199999998
"4주평가성공여부=Y, 등록유형=보건소","6주평가성공여부=Y, 서비스상태=금연유지",0.18056,0.3650331554261685,1.6102035969394286,0.06842511199999998
"12주평가성공여부=미실시, 서비스구분=보건소 금연클리닉, 성별=남",6주평가성공여부=미실시,0.30848,0.6815731330092797,1.6084701302904603,0.11669527599999999
6주평가성공여부=미실시,"12주평가성공여부=미실시, 서비스구분=보건소 금연클리닉, 성별=남",0.30848,0.7279935809694623,1.6084701302904603,0.11669527599999999
"12주평가성공여부=미실시, 서비스상태=금연유지","6개월평가성공여부=미실시, 6주평가성공여부=미실시",0.19264,0.6802740306518823,1.6057832845148765,0.0726736248
"6개월평가성공여부=미실시, 6주평가성공여부=미실시","12주평가성공여부=미실시, 서비스상태=금연유지",0.19264,0.4547257105089227,1.6057832845148765,0.0726736248
6주평가성공여부=미실시,"12주평가성공여부=미실시, 6개월평가성공여부=미실시, 서비스상태=금연유지",0.19264,0.45461839807429083,1.6055177216919438,0.0726537816
"12주평가성공여부=미실시, 6개월평가성공여부=미실시, 서비스상태=금연유지",6주평가성공여부=미실시,0.19264,0.6803220793897443,1.6055177216919438,0.0726537816
"12주평가성공여부=미실시, 서비스상태=금연유지",6주평가성공여부=미실시,0.19264,0.6802740306518823,1.6054043296641392,0.0726453068
6주평가성공여부=미실시,"12주평가성공여부=미실시, 서비스상태=금연유지",0.19264,0.45461839807429083,1.605404329664139,0.0726453068
6주평가성공여부=미실시,"12주평가성공여부=미실시, 등록유형=보건소, 서비스상태=금연유지",0.15742,0.3715013923632416,1.6032340426516554,0.0592309672
"12주평가성공여부=미실시, 등록유형=보건소, 서비스상태=금연유지",6주평가성공여부=미실시,0.15742,0.6793543932332125,1.6032340426516554,0.0592309672
"12주평가성공여부=Y, 서비스구분=보건소 금연클리닉","4주평가성공여부=Y, 등록유형=보건소",0.29098,0.7924723568821832,1.6021194340978957,0.1093580848
"4주평가성공여부=Y, 등록유형=보건소","12주평가성공여부=Y, 서비스구분=보건소 금연클리닉",0.29098,0.5882662138120653,1.6021194340978957,0.1093580848
"12주평가성공여부=미실시, 서비스상태=금연유지","4주평가성공여부=미실시, 성별=남",0.12274,0.43343456458789464,1.6021089842089695,0.04612848280000001
"4주평가성공여부=미실시, 성별=남","12주평가성공여부=미실시, 서비스상태=금연유지",0.12274,0.453685222148296,1.6021089842089695,0.04612848280000001
"서비스구분=보건소 금연클리닉, 서비스상태=정상종결","4주평가성공여부=Y, 등록유형=보건소",0.11224,0.7919841941857183,1.6011325290832086,0.04213961919999999
"4주평가성공여부=Y, 등록유형=보건소","서비스구분=보건소 금연클리닉, 서비스상태=정상종결",0.11224,0.22691250202167232,1.6011325290832084,0.04213961919999999
"12주평가성공여부=미실시, 등록유형=출장","6개월평가성공여부=미실시, 6주평가성공여부=미실시",0.06436,0.6780446691951116,1.6005208884786886,0.0241480912
"6개월평가성공여부=미실시, 6주평가성공여부=미실시","12주평가성공여부=미실시, 등록유형=출장",0.06436,0.15192144273439712,1.6005208884786886,0.0241480912
"서비스상태=중간종결, 성별=남","12주평가성공여부=미실시, 등록유형=출장",0.0522,0.15192083818393481,1.600514519426199,0.019585487999999998
"12주평가성공여부=미실시, 등록유형=출장","서비스상태=중간종결, 성별=남",0.0522,0.549936788874842,1.600514519426199,0.019585487999999998
"12주평가성공여부=미실시, 6개월평가성공여부=미실시, 등록유형=출장",6주평가성공여부=미실시,0.06436,0.6780446691951116,1.6001431755206297,0.0241385992
6주평가성공여부=미실시,"12주평가성공여부=미실시, 등록유형=출장",0.06436,0.15188559022041817,1.6001431755206297,0.0241385992
6주평가성공여부=미실시,"12주평가성공여부=미실시, 6개월평가성공여부=미실시, 등록유형=출장",0.06436,0.15188559022041817,1.6001431755206297,0.0241385992
"12주평가성공여부=미실시, 등록유형=출장, 서비스구분=보건소 금연클리닉",6주평가성공여부=미실시,0.06436,0.6780446691951116,1.6001431755206297,0.0241385992
6주평가성공여부=미실시,"12주평가성공여부=미실시, 등록유형=출장, 서비스구분=보건소 금연클리닉",0.06436,0.15188559022041817,1.6001431755206297,0.0241385992
"12주평가성공여부=미실시, 등록유형=출장",6주평가성공여부=미실시,0.06436,0.6780446691951116,1.6001431755206297,0.0241385992
"12주평가성공여부=미실시, 등록유형=보건소","4주평가성공여부=미실시, 6주평가성공여부=미실시",0.22986,0.530242214532872,1.599717053438943,0.08617209
"4주평가성공여부=미실시, 6주평가성공여부=미실시","12주평가성공여부=미실시, 등록유형=보건소",0.22986,0.6934773426657818,1.5997170534389429,0.08617209
"12주평가성공여부=미실시, 6개월평가성공여부=미실시, 등록유형=보건소",4주평가성공여부=미실시,0.22978,0.5302533807172197,1.599654219612706,0.08613645680000001
4주평가성공여부=미실시,"12주평가성공여부=미실시, 6개월평가성공여부=미실시, 등록유형=보건소",0.22978,0.6931941595269699,1.5996542196127057,0.08613645680000001
"12주평가성공여부=미실시, 등록유형=보건소",4주평가성공여부=미실시,0.22986,0.530242214532872,1.599620533766357,0.08616342000000002
"12주평가성공여부=미실시, 등록유형=보건소, 서비스구분=보건소 금연클리닉",4주평가성공여부=미실시,0.22986,0.530242214532872,1.599620533766357,0.08616342000000002
4주평가성공여부=미실시,"12주평가성공여부=미실시, 등록유형=보건소, 서비스구분=보건소 금연클리닉",0.22986,0.6934355013877157,1.599620533766357,0.08616342000000002
4주평가성공여부=미실시,"12주평가성공여부=미실시, 등록유형=보건소",0.22986,0.6934355013877157,1.599620533766357,0.08616342000000002
"4주평가성공여부=미실시, 6개월평가성공여부=미실시","12주평가성공여부=미실시, 등록유형=보건소",0.22978,0.6933614966807484,1.599449819332753,0.08611810000000003
"12주평가성공여부=미실시, 등록유형=보건소","4주평가성공여부=미실시, 6개월평가성공여부=미실시",0.22978,0.5300576701268743,1.599449819332753,0.08611810000000003
"12주평가성공여부=미실시, 등록유형=보건소, 성별=남",6주평가성공여부=미실시,0.24696,0.6777167947310648,1.5993694122128306,0.092549144
6주평가성공여부=미실시,"12주평가성공여부=미실시, 등록유형=보건소, 성별=남",0.24696,0.5828102138103555,1.5993694122128306,0.092549144
4주평가성공여부=미실시,"12주평가성공여부=미실시, 서비스구분=보건소 금연클리닉, 성별=남",0.23958,0.7227585374683239,1.5969035295367298,0.089552152
"12주평가성공여부=미실시, 서비스구분=보건소 금연클리닉, 성별=남",4주평가성공여부=미실시,0.23958,0.5293415819708351,1.5969035295367298,0.089552152
"12주평가성공여부=미실시, 서비스구분=보건소 금연클리닉, 서비스상태=금연유지",6주평가성공여부=미실시,0.17956,0.6764107586830408,1.5962872485086157,0.06707397960000001
6주평가성공여부=미실시,"12주평가성공여부=미실시, 서비스구분=보건소 금연클리닉, 서비스상태=금연유지",0.17956,0.4237504129890971,1.5962872485086157,0.06707397960000001
"6개월평가성공여부=미실시, 서비스상태=중간종결","12주평가성공여부=미실시, 등록유형=출장",0.06196,0.15136561293790005,1.5946651173398656,0.023105447200000004
"12주평가성공여부=미실시, 등록유형=출장","6개월평가성공여부=미실시, 서비스상태=중간종결",0.06196,0.6527602191319005,1.5946651173398656,0.023105447200000004
"12주평가성공여부=미실시, 서비스상태=금연유지, 성별=남",6주평가성공여부=미실시,0.1629,0.6749813541062402,1.5929139427626378,0.060634588399999995
6주평가성공여부=미실시,"12주평가성공여부=미실시, 서비스상태=금연유지, 성별=남",0.1629,0.384433850946335,1.5929139427626378,0.060634588399999995
"12주평가성공여부=미실시, 등록유형=출장, 성별=남",6주평가성공여부=미실시,0.05386,0.6740926157697121,1.5908165756589232,0.020003174
6주평가성공여부=미실시,"12주평가성공여부=미실시, 등록유형=출장, 성별=남",0.05386,0.12710624439514795,1.590816575658923,0.020003174
"4주평가성공여부=Y, 등록유형=출장, 성별=남",12주평가성공여부=Y,0.06456,0.6276492319657788,1.58185702899788,0.023747209200000008
12주평가성공여부=Y,"4주평가성공여부=Y, 등록유형=출장, 성별=남",0.06456,0.16270981400272191,1.58185702899788,0.023747209200000008
4주평가성공여부=미실시,"12주평가성공여부=미실시, 등록유형=보건소, 성별=남",0.19076,0.5754796669482322,1.5792526535352145,0.06996868800000001
"12주평가성공여부=미실시, 등록유형=보건소, 성별=남",4주평가성공여부=미실시,0.19076,0.5234906695938529,1.5792526535352145,0.06996868800000001
"4주평가성공여부=Y, 등록유형=출장","12주평가성공여부=Y, 6주평가성공여부=Y",0.07534,0.6261635638297873,1.5781922669366553,0.02760183680000001
"12주평가성공여부=Y, 6주평가성공여부=Y","4주평가성공여부=Y, 등록유형=출장",0.07534,0.18988809355781833,1.578192266936655,0.02760183680000001
"4주평가성공여부=Y, 등록유형=출장",12주평가성공여부=Y,0.07534,0.6261635638297873,1.5781127169458826,0.0275994304
"4주평가성공여부=Y, 등록유형=출장, 서비스구분=보건소 금연클리닉",12주평가성공여부=Y,0.07534,0.6261635638297873,1.5781127169458826,0.0275994304
12주평가성공여부=Y,"4주평가성공여부=Y, 등록유형=출장, 서비스구분=보건소 금연클리닉",0.07534,0.18987852210292858,1.5781127169458824,0.0275994304
12주평가성공여부=Y,"4주평가성공여부=Y, 등록유형=출장",0.07534,0.18987852210292858,1.5781127169458824,0.0275994304
"12주평가성공여부=Y, 서비스상태=금연유지","4주평가성공여부=Y, 등록유형=보건소",0.10626,0.7804054054054054,1.5777240122218286,0.03890981759999999
"4주평가성공여부=Y, 등록유형=보건소","12주평가성공여부=Y, 서비스상태=금연유지",0.10626,0.2148229015041242,1.5777240122218286,0.03890981759999999
"6개월평가성공여부=미실시, 등록유형=출장","서비스상태=중간종결, 성별=남",0.07128,0.5398364132081188,1.57111878116449,0.025911055999999995
"서비스상태=중간종결, 성별=남","6개월평가성공여부=미실시, 등록유형=출장",0.07128,0.20745052386495924,1.57111878116449,0.025911055999999995
"12주평가성공여부=미실시, 등록유형=출장, 성별=남",서비스상태=중간종결,0.0522,0.6533166458072591,1.5700952795175658,0.018953610000000003
서비스상태=중간종결,"12주평가성공여부=미실시, 등록유형=출장, 성별=남",0.0522,0.1254506128334535,1.5700952795175656,0.018953610000000003
"12주평가성공여부=미실시, 등록유형=출장",서비스상태=중간종결,0.06196,0.6527602191319005,1.5687580368466727,0.022463788
"12주평가성공여부=미실시, 6개월평가성공여부=미실시, 등록유형=출장",서비스상태=중간종결,0.06196,0.6527602191319005,1.5687580368466727,0.022463788
서비스상태=중간종결,"12주평가성공여부=미실시, 등록유형=출장, 서비스구분=보건소 금연클리닉",0.06196,0.14890651285748618,1.5687580368466727,0.022463788
서비스상태=중간종결,"12주평가성공여부=미실시, 6개월평가성공여부=미실시, 등록유형=출장",0.06196,0.14890651285748618,1.5687580368466727,0.022463788
"12주평가성공여부=미실시, 등록유형=출장, 서비스구분=보건소 금연클리닉",서비스상태=중간종결,0.06196,0.6527602191319005,1.5687580368466727,0.022463788
서비스상태=중간종결,"12주평가성공여부=미실시, 등록유형=출장",0.06196,0.14890651285748618,1.5687580368466727,0.022463788
"6주평가성공여부=미실시, 서비스상태=중간종결","12주평가성공여부=미실시, 서비스구분=보건소 금연클리닉",0.19122,0.8538894346700009,1.566769604899084,0.06917269999999999
"12주평가성공여부=미실시, 서비스구분=보건소 금연클리닉","6주평가성공여부=미실시, 서비스상태=중간종결",0.19122,0.35086238532110087,1.566769604899084,0.06917269999999999
"12주평가성공여부=미실시, 서비스구분=보건소 금연클리닉","4주평가성공여부=미실시, 서비스상태=중간종결",0.15232,0.2794862385321101,1.5661001822935676,0.055059300000000005
"4주평가성공여부=미실시, 서비스상태=중간종결","12주평가성공여부=미실시, 서비스구분=보건소 금연클리닉",0.15232,0.8535245993499945,1.5661001822935676,0.055059300000000005
"12주평가성공여부=Y, 성별=남","4주평가성공여부=Y, 등록유형=출장",0.06456,0.1881009265194336,1.5633388174819949,0.023263769600000005
"4주평가성공여부=Y, 등록유형=출장","12주평가성공여부=Y, 성별=남",0.06456,0.5365691489361702,1.5633388174819947,0.023263769600000005
"12주평가성공여부=미실시, 서비스상태=금연유지","4주평가성공여부=미실시, 6개월평가성공여부=미실시",0.14588,0.5151493749558586,1.5544640161613115,0.052034148000000016
"4주평가성공여부=미실시, 6개월평가성공여부=미실시","12주평가성공여부=미실시, 서비스상태=금연유지",0.14588,0.4401931200965601,1.5544640161613112,0.052034148000000016
4주평가성공여부=미실시,"12주평가성공여부=미실시, 6개월평가성공여부=미실시, 서비스상태=금연유지",0.14588,0.4400868830698685,1.554198626465138,0.0520181232
"12주평가성공여부=미실시, 6개월평가성공여부=미실시, 서비스상태=금연유지",4주평가성공여부=미실시,0.14588,0.5151857607006639,1.554198626465138,0.0520181232
"12주평가성공여부=미실시, 서비스상태=금연유지","4주평가성공여부=미실시, 6주평가성공여부=미실시",0.14588,0.5151493749558586,1.5541826312552303,0.052017157200000025
"4주평가성공여부=미실시, 6주평가성공여부=미실시","12주평가성공여부=미실시, 서비스상태=금연유지",0.14588,0.440113437518856,1.55418263125523,0.052017157200000025
"12주평가성공여부=미실시, 서비스상태=금연유지",4주평가성공여부=미실시,0.14588,0.5151493749558586,1.5540888589231887,0.052011493600000014
4주평가성공여부=미실시,"12주평가성공여부=미실시, 서비스상태=금연유지",0.14588,0.4400868830698685,1.5540888589231885,0.052011493600000014
"12주평가성공여부=미실시, 등록유형=보건소, 서비스상태=금연유지",4주평가성공여부=미실시,0.11934,0.5150181253236665,1.553692908542496,0.0425294544
4주평가성공여부=미실시,"12주평가성공여부=미실시, 등록유형=보건소, 서비스상태=금연유지",0.11934,0.36002172076746713,1.5536929085424958,0.0425294544
4주평가성공여부=미실시,"12주평가성공여부=미실시, 서비스구분=보건소 금연클리닉, 서비스상태=금연유지",0.13664,0.4122118981537348,1.5528211337065279,0.04864531920000002
"12주평가성공여부=미실시, 서비스구분=보건소 금연클리닉, 서비스상태=금연유지",4주평가성공여부=미실시,0.13664,0.5147291494010398,1.5528211337065276,0.04864531920000002
"6개월평가성공여부=미실시, 등록유형=출장",서비스상태=중간종결,0.08518,0.6451075431687369,1.5503666021839386,0.03023815600000001
"6개월평가성공여부=미실시, 등록유형=출장, 서비스구분=보건소 금연클리닉",서비스상태=중간종결,0.08518,0.6451075431687369,1.5503666021839386,0.03023815600000001
서비스상태=중간종결,"6개월평가성공여부=미실시, 등록유형=출장",0.08518,0.2047104061523672,1.5503666021839384,0.03023815600000001
서비스상태=중간종결,"6개월평가성공여부=미실시, 등록유형=출장, 서비스구분=보건소 금연클리닉",0.08518,0.2047104061523672,1.5503666021839384,0.03023815600000001
"6개월평가성공여부=미실시, 등록유형=출장, 성별=남",서비스상태=중간종결,0.07128,0.6432051976177585,1.5457947551496238,0.02516779799999999
서비스상태=중간종결,"6개월평가성공여부=미실시, 등록유형=출장, 성별=남",0.07128,0.1713049747656813,1.5457947551496236,0.02516779799999999
"4주평가성공여부=Y, 등록유형=보건소","12주평가성공여부=미실시, 6주평가성공여부=Y",0.13716,0.27729257641921395,1.5453219818279869,0.0484017984
"12주평가성공여부=미실시, 6주평가성공여부=Y","4주평가성공여부=Y, 등록유형=보건소",0.13716,0.7643780650913955,1.5453219818279869,0.0484017984
"4주평가성공여부=Y, 성별=여","6개월평가성공여부=미실시, 6주평가성공여부=Y",0.05358,0.5703640621673409,1.5451158426812073,0.0189029884
"6개월평가성공여부=미실시, 6주평가성공여부=Y","4주평가성공여부=Y, 성별=여",0.05358,0.1451481822614726,1.5451158426812073,0.0189029884
"6주평가성공여부=Y, 서비스상태=금연유지","12주평가성공여부=Y, 서비스구분=보건소 금연클리닉",0.12846,0.5666519629466255,1.54325388895535,0.04522029399999998
"12주평가성공여부=Y, 서비스구분=보건소 금연클리닉","6주평가성공여부=Y, 서비스상태=금연유지",0.12846,0.34985565662617785,1.54325388895535,0.04522029399999998
"4주평가성공여부=Y, 서비스상태=금연유지","6주평가성공여부=Y, 등록유형=보건소",0.18056,0.6602793827250787,1.5422764241919993,0.0634863048
"6주평가성공여부=Y, 등록유형=보건소","4주평가성공여부=Y, 서비스상태=금연유지",0.18056,0.42175091095954403,1.542276424191999,0.0634863048
"4주평가성공여부=미실시, 등록유형=보건소","12주평가성공여부=미실시, 서비스상태=중간종결",0.11034,0.4800313234142521,1.5346269930123146,0.038439791999999987
"12주평가성공여부=미실시, 서비스상태=중간종결","4주평가성공여부=미실시, 등록유형=보건소",0.11034,0.3527493606138107,1.5346269930123146,0.038439791999999987
4주평가성공여부=미실시,"12주평가성공여부=미실시, 서비스상태=금연유지, 성별=남",0.12274,0.37027874984916137,1.534261829158703,0.042740616800000006
"12주평가성공여부=미실시, 서비스상태=금연유지, 성별=남",4주평가성공여부=미실시,0.12274,0.5085771111295269,1.534261829158703,0.042740616800000006
"6주평가성공여부=Y, 서비스상태=금연유지","12주평가성공여부=Y, 성별=남",0.11932,0.5263343625937361,1.533518916711544,0.04151202599999998
"12주평가성공여부=Y, 성별=남","6주평가성공여부=Y, 서비스상태=금연유지",0.11932,0.347648738418507,1.533518916711544,0.04151202599999998
"4주평가성공여부=Y, 서비스구분=보건소 금연클리닉","6주평가성공여부=Y, 서비스상태=금연유지",0.21436,0.346973130462933,1.5305387316406396,0.07430473999999998
"6주평가성공여부=Y, 서비스상태=금연유지","4주평가성공여부=Y, 서비스구분=보건소 금연클리닉",0.21436,0.945566828407587,1.5305387316406394,0.07430473999999998
6주평가성공여부=Y,"4주평가성공여부=Y, 등록유형=출장, 성별=남",0.09058,0.1572023602915654,1.5283138274505679,0.03131206799999999
"4주평가성공여부=Y, 등록유형=출장, 성별=남",6주평가성공여부=Y,0.09058,0.8806144273770173,1.5283138274505679,0.03131206799999999
"4주평가성공여부=Y, 등록유형=출장",6주평가성공여부=Y,0.10588,0.8799867021276596,1.5272244049421373,0.036551615999999995
6주평가성공여부=Y,"4주평가성공여부=Y, 등록유형=출장",0.10588,0.18375564040263795,1.5272244049421373,0.036551615999999995
"4주평가성공여부=Y, 등록유형=출장, 서비스구분=보건소 금연클리닉",6주평가성공여부=Y,0.10588,0.8799867021276596,1.5272244049421373,0.036551615999999995
6주평가성공여부=Y,"4주평가성공여부=Y, 등록유형=출장, 서비스구분=보건소 금연클리닉",0.10588,0.18375564040263795,1.5272244049421373,0.036551615999999995
"12주평가성공여부=Y, 서비스상태=금연유지","4주평가성공여부=Y, 서비스구분=보건소 금연클리닉",0.12846,0.9434488836662749,1.5271105271386773,0.044340351999999986
"4주평가성공여부=Y, 서비스구분=보건소 금연클리닉","12주평가성공여부=Y, 서비스상태=금연유지",0.12846,0.20793136937520232,1.5271105271386773,0.044340351999999986
"4주평가성공여부=Y, 6개월평가성공여부=미실시, 등록유형=출장",서비스상태=중간종결,0.05214,0.6352339181286549,1.5266376306865055,0.017986511999999996
서비스상태=중간종결,"4주평가성공여부=Y, 6개월평가성공여부=미실시, 등록유형=출장",0.05214,0.12530641672674836,1.5266376306865053,0.017986511999999996
"4주평가성공여부=Y, 성별=남","12주평가성공여부=Y, 서비스상태=금연유지",0.11932,0.20767195767195767,1.5252053295531556,0.0410879104
"12주평가성공여부=Y, 서비스상태=금연유지","4주평가성공여부=Y, 성별=남",0.11932,0.876321974148061,1.5252053295531556,0.0410879104
"4주평가성공여부=Y, 등록유형=출장","6개월평가성공여부=미실시, 6주평가성공여부=Y",0.06764,0.5621675531914895,1.5229115056387534,0.023225075200000007
"6개월평가성공여부=미실시, 6주평가성공여부=Y","4주평가성공여부=Y, 등록유형=출장",0.06764,0.1832367123584548,1.5229115056387532,0.023225075200000007
"4주평가성공여부=Y, 성별=남","12주평가성공여부=Y, 6개월평가성공여부=Y",0.18104,0.3150932887774993,1.5223368865470062,0.06211757120000001
"12주평가성공여부=Y, 6개월평가성공여부=Y","4주평가성공여부=Y, 성별=남",0.18104,0.8746738815344478,1.5223368865470062,0.06211757120000001
"4주평가성공여부=Y, 서비스구분=보건소 금연클리닉","12주평가성공여부=미실시, 6주평가성공여부=Y",0.16876,0.2731628358692133,1.5223073777820626,0.057901968
"12주평가성공여부=미실시, 6주평가성공여부=Y","4주평가성공여부=Y, 서비스구분=보건소 금연클리닉",0.16876,0.9404814979937584,1.5223073777820626,0.057901968
"4주평가성공여부=Y, 성별=남","6개월평가성공여부=Y, 6주평가성공여부=Y",0.18108,0.3151629072681704,1.522084938028448,0.062111606400000005
"6개월평가성공여부=Y, 6주평가성공여부=Y","4주평가성공여부=Y, 성별=남",0.18108,0.874529121993625,1.522084938028448,0.062111606400000005
"12주평가성공여부=Y, 서비스상태=중간종결","4주평가성공여부=Y, 서비스구분=보건소 금연클리닉",0.09708,0.9401510749564207,1.5217725395863073,0.033285972
"4주평가성공여부=Y, 서비스구분=보건소 금연클리닉","12주평가성공여부=Y, 서비스상태=중간종결",0.09708,0.1571382324376821,1.5217725395863073,0.033285972
6개월평가성공여부=Y,"4주평가성공여부=Y, 성별=남",0.18108,0.8741069704576172,1.521350199209164,0.062054150399999994
"4주평가성공여부=Y, 성별=남",6개월평가성공여부=Y,0.18108,0.3151629072681704,1.521350199209164,0.062054150399999994
12주평가성공여부=Y,"6주평가성공여부=Y, 서비스상태=금연유지, 성별=남",0.11932,0.3007208024598014,1.5206351257069244,0.04085278719999999
"6주평가성공여부=Y, 서비스상태=금연유지, 성별=남",12주평가성공여부=Y,0.11932,0.6033576051779935,1.5206351257069244,0.04085278719999999
"6개월평가성공여부=Y, 서비스구분=보건소 금연클리닉","4주평가성공여부=Y, 성별=남",0.16626,0.873673147661587,1.5205951470022052,0.056921232
"4주평가성공여부=Y, 성별=남","6개월평가성공여부=Y, 서비스구분=보건소 금연클리닉",0.16626,0.28936925647451966,1.5205951470022052,0.056921232
"6주평가성공여부=Y, 성별=여","4주평가성공여부=Y, 서비스구분=보건소 금연클리닉",0.07472,0.9391654097536449,1.5201770957488587,0.02556783199999999
"4주평가성공여부=Y, 서비스구분=보건소 금연클리닉","6주평가성공여부=Y, 성별=여",0.07472,0.12094528973777921,1.5201770957488587,0.02556783199999999
"4주평가성공여부=Y, 성별=남","6주평가성공여부=Y, 서비스상태=정상종결",0.13738,0.23910470620996938,1.519475763916938,0.046967238400000014
"6주평가성공여부=Y, 서비스상태=정상종결","4주평가성공여부=Y, 성별=남",0.13738,0.8730299949161159,1.519475763916938,0.046967238400000014
"12주평가성공여부=Y, 서비스상태=정상종결","4주평가성공여부=Y, 성별=남",0.13734,0.8729977116704806,1.5194195761460607,0.0469502208
"4주평가성공여부=Y, 성별=남","12주평가성공여부=Y, 서비스상태=정상종결",0.13734,0.23903508771929824,1.5194195761460607,0.0469502208
"4주평가성공여부=Y, 성별=남",서비스상태=정상종결,0.13738,0.23910470620996938,1.5185107723229354,0.046909782400000016
서비스상태=정상종결,"4주평가성공여부=Y, 성별=남",0.13738,0.8724755493458657,1.5185107723229354,0.046909782400000016
"4주평가성공여부=Y, 성별=남","6개월평가성공여부=Y, 서비스상태=정상종결",0.13734,0.23903508771929824,1.5184543750431854,0.0468927648
"6개월평가성공여부=Y, 서비스상태=정상종결","4주평가성공여부=Y, 성별=남",0.13734,0.8724431457248125,1.5184543750431854,0.0468927648
"4주평가성공여부=Y, 성별=남","6주평가성공여부=Y, 서비스상태=금연유지",0.19776,0.34419381787802844,1.5182788613940381,0.06750724799999999
"6주평가성공여부=Y, 서비스상태=금연유지","4주평가성공여부=Y, 성별=남",0.19776,0.8723423026025584,1.518278861394038,0.06750724799999999
"4주평가성공여부=Y, 성별=남","6개월평가성공여부=Y, 등록유형=보건소",0.1323,0.23026315789473686,1.517484894521793,0.0451162656
"6개월평가성공여부=Y, 등록유형=보건소","4주평가성공여부=Y, 성별=남",0.1323,0.8718861209964412,1.517484894521793,0.0451162656
"서비스구분=보건소 금연클리닉, 서비스상태=정상종결","4주평가성공여부=Y, 성별=남",0.12348,0.8712955122777307,1.516456962332447,0.04205335680000001
"4주평가성공여부=Y, 성별=남","서비스구분=보건소 금연클리닉, 서비스상태=정상종결",0.12348,0.21491228070175442,1.516456962332447,0.04205335680000001
"6개월평가성공여부=미실시, 6주평가성공여부=Y","4주평가성공여부=Y, 서비스구분=보건소 금연클리닉",0.3457,0.9365010565097253,1.5158644488665025,0.11764530799999998
"4주평가성공여부=Y, 서비스구분=보건소 금연클리닉","6개월평가성공여부=미실시, 6주평가성공여부=Y",0.3457,0.5595662026545808,1.5158644488665025,0.11764530799999998
"6주평가성공여부=Y, 성별=남","4주평가성공여부=Y, 등록유형=출장",0.09058,0.18238563144329895,1.5158380272880565,0.030824275199999994
"4주평가성공여부=Y, 등록유형=출장","6주평가성공여부=Y, 성별=남",0.09058,0.7528257978723404,1.5158380272880565,0.030824275199999994
"6주평가성공여부=Y, 서비스상태=중간종결","4주평가성공여부=Y, 서비스구분=보건소 금연클리닉",0.17988,0.9363872982821448,1.5156803144741742,0.06120062000000001
"4주평가성공여부=Y, 서비스구분=보건소 금연클리닉","6주평가성공여부=Y, 서비스상태=중간종결",0.17988,0.29116218841048885,1.5156803144741742,0.06120062000000001
"4주평가성공여부=Y, 등록유형=보건소","6개월평가성공여부=미실시, 6주평가성공여부=Y",0.27646,0.5589115316189551,1.5140909454921034,0.09386859039999995
"6개월평가성공여부=미실시, 6주평가성공여부=Y","4주평가성공여부=Y, 등록유형=보건소",0.27646,0.7489299452782141,1.5140909454921034,0.09386859039999995
"4주평가성공여부=Y, 서비스구분=보건소 금연클리닉, 성별=남",6개월평가성공여부=Y,0.16626,0.3136034404708013,1.5138223618015123,0.05643205439999999
6개월평가성공여부=Y,"4주평가성공여부=Y, 서비스구분=보건소 금연클리닉, 성별=남",0.16626,0.8025680633326896,1.513822361801512,0.05643205439999999
"6주평가성공여부=Y, 서비스상태=금연유지",12주평가성공여부=Y,0.13616,0.6006175562417292,1.513729412373933,0.04620997399999999
"4주평가성공여부=Y, 6주평가성공여부=Y, 서비스상태=금연유지",12주평가성공여부=Y,0.13616,0.6006175562417292,1.513729412373933,0.04620997399999999
"6주평가성공여부=Y, 서비스상태=금연유지","12주평가성공여부=Y, 4주평가성공여부=Y",0.13616,0.6006175562417292,1.513729412373933,0.04620997399999999
12주평가성공여부=Y,"6주평가성공여부=Y, 서비스상태=금연유지",0.13616,0.3431624577851706,1.5137294123739329,0.04620997399999999
12주평가성공여부=Y,"4주평가성공여부=Y, 6주평가성공여부=Y, 서비스상태=금연유지",0.13616,0.3431624577851706,1.5137294123739329,0.04620997399999999
"12주평가성공여부=Y, 4주평가성공여부=Y","6주평가성공여부=Y, 서비스상태=금연유지",0.13616,0.3431624577851706,1.5137294123739329,0.04620997399999999
"4주평가성공여부=Y, 서비스구분=보건소 금연클리닉","12주평가성공여부=Y, 성별=여",0.05006,0.08102945937196504,1.5128726544429618,0.016970632
"12주평가성공여부=Y, 성별=여","4주평가성공여부=Y, 서비스구분=보건소 금연클리닉",0.05006,0.9346527259148618,1.5128726544429618,0.016970632
"등록유형=보건소, 서비스상태=정상종결","4주평가성공여부=Y, 성별=남",0.0976,0.868945868945869,1.512367496772955,0.03306542080000001
"4주평가성공여부=Y, 성별=남","등록유형=보건소, 서비스상태=정상종결",0.0976,0.1698691172375383,1.512367496772955,0.03306542080000001
"6주평가성공여부=Y, 서비스구분=보건소 금연클리닉, 서비스상태=금연유지",12주평가성공여부=Y,0.12846,0.5992722522858742,1.5103388585258184,0.04340623919999999
12주평가성공여부=Y,"6주평가성공여부=Y, 서비스구분=보건소 금연클리닉, 서비스상태=금연유지",0.12846,0.3237562377135944,1.5103388585258184,0.04340623919999999
"12주평가성공여부=Y, 6개월평가성공여부=미실시","4주평가성공여부=Y, 서비스구분=보건소 금연클리닉",0.17704,0.9327713382507903,1.5098273522997576,0.05978156
"4주평가성공여부=Y, 서비스구분=보건소 금연클리닉","12주평가성공여부=Y, 6개월평가성공여부=미실시",0.17704,0.286565231466494,1.5098273522997576,0.05978156
6주평가성공여부=Y,"4주평가성공여부=Y, 서비스구분=보건소 금연클리닉, 성별=남",0.4612,0.8004165220409579,1.5097640750734835,0.15572180800000002
"4주평가성공여부=Y, 서비스구분=보건소 금연클리닉, 성별=남",6주평가성공여부=Y,0.4612,0.8699260600573412,1.5097640750734833,0.15572180800000002
"4주평가성공여부=Y, 서비스구분=보건소 금연클리닉, 성별=남",12주평가성공여부=Y,0.31712,0.5981590463256377,1.5075332585453844,0.10676311520000001
12주평가성공여부=Y,"4주평가성공여부=Y, 서비스구분=보건소 금연클리닉, 성별=남",0.31712,0.7992338323504209,1.5075332585453842,0.10676311520000001
"4주평가성공여부=Y, 등록유형=보건소, 성별=남",6주평가성공여부=Y,0.36916,0.867795016455101,1.5060656307794185,0.12404451999999996
6주평가성공여부=Y,"4주평가성공여부=Y, 등록유형=보건소, 성별=남",0.36916,0.6406803193335646,1.5060656307794185,0.12404451999999996
"12주평가성공여부=Y, 등록유형=보건소","4주평가성공여부=Y, 성별=남",0.25174,0.8651453708158636,1.50575287318272,0.08455453120000003
"4주평가성공여부=Y, 성별=남","12주평가성공여부=Y, 등록유형=보건소",0.25174,0.43814397103870795,1.50575287318272,0.08455453120000003
12주평가성공여부=Y,"4주평가성공여부=Y, 성별=남",0.34322,0.8650133575281013,1.5055231090366565,0.11524608320000002
"4주평가성공여부=Y, 성별=남",12주평가성공여부=Y,0.34322,0.5973614592035645,1.5055231090366563,0.11524608320000002
"4주평가성공여부=Y, 성별=남","12주평가성공여부=Y, 6주평가성공여부=Y",0.3432,0.5973266499582289,1.5055112661513987,0.11523757440000001
"12주평가성공여부=Y, 6주평가성공여부=Y","4주평가성공여부=Y, 성별=남",0.3432,0.8650065530799476,1.5055112661513987,0.11523757440000001
"4주평가성공여부=Y, 서비스구분=보건소 금연클리닉",6주평가성공여부=Y,0.53592,0.8674651990935577,1.505493229943696,0.1799436399999999
6주평가성공여부=Y,"4주평가성공여부=Y, 서비스구분=보건소 금연클리닉",0.53592,0.9300937174592154,1.505493229943696,0.1799436399999999
"12주평가성공여부=Y, 서비스구분=보건소 금연클리닉","4주평가성공여부=Y, 성별=남",0.31712,0.863663598235198,1.5031739039181253,0.10615305920000001
"4주평가성공여부=Y, 성별=남","12주평가성공여부=Y, 서비스구분=보건소 금연클리닉",0.31712,0.5519353940406573,1.5031739039181253,0.10615305920000001
"4주평가성공여부=Y, 서비스구분=보건소 금연클리닉","6주평가성공여부=Y, 성별=남",0.4612,0.7465199093557785,1.5031409257324793,0.15437580799999995
"6주평가성공여부=Y, 성별=남","4주평가성공여부=Y, 서비스구분=보건소 금연클리닉",0.4612,0.9286404639175257,1.5031409257324793,0.15437580799999995
"4주평가성공여부=Y, 등록유형=보건소","6주평가성공여부=Y, 성별=남",0.36916,0.7463205563642245,1.5027395223184288,0.12350199039999996
"6주평가성공여부=Y, 성별=남","4주평가성공여부=Y, 등록유형=보건소",0.36916,0.7433150773195876,1.5027395223184286,0.12350199039999996
"4주평가성공여부=Y, 등록유형=보건소, 서비스구분=보건소 금연클리닉",6주평가성공여부=Y,0.42812,0.8655183567847323,1.5021144685607988,0.14310843199999995
"4주평가성공여부=Y, 등록유형=보건소",6주평가성공여부=Y,0.42812,0.8655183567847323,1.5021144685607988,0.14310843199999995
6주평가성공여부=Y,"4주평가성공여부=Y, 등록유형=보건소, 서비스구분=보건소 금연클리닉",0.42812,0.7430059007289135,1.5021144685607986,0.14310843199999995
6주평가성공여부=Y,"4주평가성공여부=Y, 등록유형=보건소",0.42812,0.7430059007289135,1.5021144685607986,0.14310843199999995
"4주평가성공여부=Y, 등록유형=보건소, 성별=남",6개월평가성공여부=Y,0.1323,0.31100141043723556,1.501261876989938,0.044174136
6개월평가성공여부=Y,"4주평가성공여부=Y, 등록유형=보건소, 성별=남",0.1323,0.6386368024715195,1.5012618769899377,0.044174136
"6주평가성공여부=Y, 등록유형=보건소","4주평가성공여부=Y, 성별=남",0.36916,0.8622816032887975,1.5007685938610373,0.12317937279999999
"4주평가성공여부=Y, 성별=남","6주평가성공여부=Y, 등록유형=보건소",0.36916,0.6425090504037873,1.5007685938610371,0.12317937279999999
"6개월평가성공여부=미실시, 등록유형=출장","12주평가성공여부=미실시, 서비스상태=중간종결",0.06196,0.46925174189639507,1.5001654152698052,0.020657888
"12주평가성공여부=미실시, 서비스상태=중간종결","6개월평가성공여부=미실시, 등록유형=출장",0.06196,0.19808184143222504,1.500165415269805,0.020657888
"4주평가성공여부=Y, 성별=남",6주평가성공여부=Y,0.49662,0.8643483709273184,1.500083948155707,0.16555852799999998
6주평가성공여부=Y,"4주평가성공여부=Y, 성별=남",0.49662,0.8618882332523429,1.500083948155707,0.16555852799999998
"4주평가성공여부=Y, 등록유형=보건소","6주평가성공여부=Y, 성별=여",0.05896,0.11919780042050783,1.4982126749686755,0.019606441599999996
"6주평가성공여부=Y, 성별=여","4주평가성공여부=Y, 등록유형=보건소",0.05896,0.7410759175465057,1.4982126749686755,0.019606441599999996
"4주평가성공여부=Y, 서비스구분=보건소 금연클리닉",12주평가성공여부=Y,0.36718,0.5943347361605698,1.4978948943005437,0.12204931599999999
12주평가성공여부=Y,"4주평가성공여부=Y, 서비스구분=보건소 금연클리닉",0.36718,0.9253994656988759,1.4978948943005437,0.12204931599999999
"4주평가성공여부=Y, 서비스구분=보건소 금연클리닉","12주평가성공여부=Y, 6주평가성공여부=Y",0.36716,0.5943023632243444,1.4978888074008074,0.12204167199999999
"12주평가성공여부=Y, 6주평가성공여부=Y","4주평가성공여부=Y, 서비스구분=보건소 금연클리닉",0.36716,0.9253957052122189,1.4978888074008074,0.12204167199999999
"6주평가성공여부=Y, 서비스구분=보건소 금연클리닉","4주평가성공여부=Y, 성별=남",0.4612,0.8605762054037916,1.4978004131923415,0.15328180480000003
"4주평가성공여부=Y, 성별=남","6주평가성공여부=Y, 서비스구분=보건소 금연클리닉",0.4612,0.8027011974380396,1.4978004131923415,0.15328180480000003
"6주평가성공여부=미실시, 등록유형=보건소","12주평가성공여부=미실시, 서비스상태=중간종결",0.13874,0.4681468484275881,1.4966331471470207,0.04603859199999999
"12주평가성공여부=미실시, 서비스상태=중간종결","6주평가성공여부=미실시, 등록유형=보건소",0.13874,0.44354219948849105,1.4966331471470207,0.04603859199999999
4주평가성공여부=Y,"6개월평가성공여부=미실시, 6주평가성공여부=Y, 등록유형=보건소",0.27646,0.4135527299925206,1.4958863126402395,0.09164649
4주평가성공여부=Y,"6주평가성공여부=Y, 성별=여",0.07956,0.11901271503365746,1.4958863126402395,0.026374140000000004
4주평가성공여부=Y,"12주평가성공여부=Y, 등록유형=보건소, 서비스상태=금연유지",0.10626,0.15895287958115184,1.4958863126402395,0.03522519
4주평가성공여부=Y,"12주평가성공여부=Y, 6주평가성공여부=Y, 서비스상태=중간종결",0.10324,0.15443530291697832,1.4958863126402395,0.03422406
4주평가성공여부=Y,"12주평가성공여부=Y, 6개월평가성공여부=미실시, 서비스상태=중간종결",0.09654,0.14441286462228872,1.4958863126402395,0.03200301
4주평가성공여부=Y,"6주평가성공여부=Y, 등록유형=보건소, 서비스상태=중간종결",0.1353,0.2023934181002244,1.4958863126402395,0.04485195
4주평가성공여부=Y,"12주평가성공여부=Y, 등록유형=보건소, 성별=남",0.25174,0.3765744203440539,1.4958863126402395,0.08345181000000002
4주평가성공여부=Y,"12주평가성공여부=Y, 서비스구분=보건소 금연클리닉, 서비스상태=중간종결",0.09708,0.14522064323111444,1.4958863126402395,0.032182020000000006
4주평가성공여부=Y,"12주평가성공여부=Y, 등록유형=보건소, 서비스상태=정상종결",0.1122,0.16783844427823486,1.4958863126402395,0.0371943
4주평가성공여부=Y,"12주평가성공여부=Y, 서비스구분=보건소 금연클리닉",0.36718,0.5492595362752432,1.4958863126402395,0.12172017000000002
4주평가성공여부=Y,"6주평가성공여부=Y, 등록유형=출장, 성별=남",0.09058,0.13549738219895288,1.4958863126402395,0.030027270000000002
4주평가성공여부=Y,"6주평가성공여부=Y, 등록유형=보건소, 성별=여",0.05896,0.08819745699326852,1.4958863126402395,0.01954524
4주평가성공여부=Y,"6주평가성공여부=Y, 등록유형=보건소, 서비스상태=금연유지",0.18056,0.27009723261032165,1.4958863126402395,0.05985564
4주평가성공여부=Y,"6개월평가성공여부=미실시, 6주평가성공여부=Y, 성별=여",0.05358,0.08014958863126403,1.4958863126402395,0.017761770000000003
4주평가성공여부=Y,"12주평가성공여부=미실시, 6주평가성공여부=Y, 서비스구분=보건소 금연클리닉",0.16876,0.2524457741211668,1.4958863126402395,0.05594394
4주평가성공여부=Y,"6주평가성공여부=Y, 등록유형=출장",0.10588,0.15838444278234856,1.4958863126402395,0.03509922
4주평가성공여부=Y,"6개월평가성공여부=Y, 6주평가성공여부=Y, 등록유형=보건소",0.15166,0.2268661181750187,1.4958863126402395,0.05027529
4주평가성공여부=Y,"6개월평가성공여부=미실시, 6주평가성공여부=Y, 등록유형=출장",0.06764,0.1011817501869858,1.4958863126402395,0.022422660000000004
4주평가성공여부=Y,"12주평가성공여부=Y, 6개월평가성공여부=Y, 성별=남",0.18104,0.270815258040389,1.4958863126402395,0.06001476
4주평가성공여부=Y,"12주평가성공여부=Y, 서비스상태=정상종결, 성별=남",0.13734,0.20544502617801047,1.4958863126402395,0.04552821
4주평가성공여부=Y,"12주평가성공여부=Y, 서비스상태=금연유지",0.13616,0.203679880329095,1.4958863126402395,0.04513704
4주평가성공여부=Y,"6주평가성공여부=Y, 등록유형=출장, 서비스구분=보건소 금연클리닉",0.10588,0.15838444278234856,1.4958863126402395,0.03509922
4주평가성공여부=Y,"6주평가성공여부=Y, 서비스상태=금연유지, 성별=남",0.19776,0.29582647718773375,1.4958863126402395,0.06555744
4주평가성공여부=Y,"6주평가성공여부=Y, 서비스상태=정상종결",0.15736,0.23539267015706808,1.4958863126402395,0.052164840000000004
4주평가성공여부=Y,"6주평가성공여부=Y, 서비스상태=정상종결, 성별=남",0.13738,0.2055048616305161,1.4958863126402395,0.04554147
4주평가성공여부=Y,"12주평가성공여부=Y, 6주평가성공여부=Y, 서비스상태=금연유지",0.13616,0.203679880329095,1.4958863126402395,0.04513704
4주평가성공여부=Y,"6주평가성공여부=Y, 서비스구분=보건소 금연클리닉, 서비스상태=정상종결",0.14164,0.2118773373223635,1.4958863126402395,0.046953659999999994
4주평가성공여부=Y,"6주평가성공여부=Y, 서비스구분=보건소 금연클리닉, 성별=여",0.07472,0.11177262528047868,1.4958863126402395,0.024769680000000002
"6개월평가성공여부=Y, 6주평가성공여부=Y",4주평가성공여부=Y,0.20706,1.0,1.4958863126402393,0.06864039
"12주평가성공여부=Y, 서비스구분=보건소 금연클리닉, 서비스상태=중간종결",4주평가성공여부=Y,0.09708,1.0,1.4958863126402393,0.032182020000000006
4주평가성공여부=Y,"12주평가성공여부=Y, 성별=여",0.05356,0.08011967090501122,1.4958863126402393,0.017755140000000003
"12주평가성공여부=Y, 성별=여",4주평가성공여부=Y,0.05356,1.0,1.4958863126402393,0.017755140000000003
4주평가성공여부=Y,"12주평가성공여부=Y, 6개월평가성공여부=Y",0.20698,0.30961854899027674,1.4958863126402393,0.06861387
"6개월평가성공여부=미실시, 6주평가성공여부=Y, 등록유형=보건소",4주평가성공여부=Y,0.27646,1.0,1.4958863126402393,0.09164649
"12주평가성공여부=Y, 6주평가성공여부=Y, 등록유형=출장",4주평가성공여부=Y,0.07534,1.0,1.4958863126402393,0.024975210000000005
4주평가성공여부=Y,"12주평가성공여부=Y, 6개월평가성공여부=미실시, 서비스구분=보건소 금연클리닉",0.17704,0.264831712789828,1.4958863126402393,0.058688760000000006
"6개월평가성공여부=Y, 6주평가성공여부=Y, 등록유형=보건소",4주평가성공여부=Y,0.15166,1.0,1.4958863126402393,0.05027529
4주평가성공여부=Y,"12주평가성공여부=Y, 등록유형=출장, 성별=남",0.06456,0.09657442034405386,1.4958863126402393,0.021401640000000006
4주평가성공여부=Y,"12주평가성공여부=Y, 등록유형=출장, 서비스구분=보건소 금연클리닉",0.07534,0.11270007479431564,1.4958863126402393,0.024975210000000005
"12주평가성공여부=Y, 등록유형=출장, 성별=남",4주평가성공여부=Y,0.06456,1.0,1.4958863126402393,0.021401640000000006
"12주평가성공여부=Y, 서비스구분=보건소 금연클리닉, 서비스상태=금연유지",4주평가성공여부=Y,0.12846,1.0,1.4958863126402393,0.04258449
12주평가성공여부=Y,4주평가성공여부=Y,0.39678,1.0,1.4958863126402393,0.13153257000000002
4주평가성공여부=Y,"12주평가성공여부=Y, 서비스구분=보건소 금연클리닉, 서비스상태=금연유지",0.12846,0.19216155572176513,1.4958863126402393,0.04258449
4주평가성공여부=Y,"12주평가성공여부=Y, 6주평가성공여부=Y, 서비스상태=정상종결",0.15732,0.23533283470456243,1.4958863126402393,0.05215158
4주평가성공여부=Y,"12주평가성공여부=Y, 6개월평가성공여부=Y, 서비스구분=보건소 금연클리닉",0.19014,0.2844278234854151,1.4958863126402393,0.06303141000000001
"12주평가성공여부=Y, 6개월평가성공여부=Y, 서비스구분=보건소 금연클리닉",4주평가성공여부=Y,0.19014,1.0,1.4958863126402393,0.06303141000000001
4주평가성공여부=Y,"6주평가성공여부=Y, 서비스구분=보건소 금연클리닉, 서비스상태=금연유지",0.21436,0.3206581899775617,1.4958863126402393,0.07106034
4주평가성공여부=Y,"12주평가성공여부=Y, 6개월평가성공여부=Y, 서비스상태=정상종결",0.15728,0.23527299925205686,1.4958863126402393,0.05213832
4주평가성공여부=Y,12주평가성공여부=Y,0.39678,0.5935377711293942,1.4958863126402393,0.13153257000000002
4주평가성공여부=Y,"6개월평가성공여부=미실시, 6주평가성공여부=Y, 서비스상태=금연유지",0.1837,0.27479431563201195,1.4958863126402393,0.06089655000000001
4주평가성공여부=Y,"12주평가성공여부=미실시, 6주평가성공여부=Y, 서비스상태=금연유지",0.09054,0.13543754674644726,1.4958863126402393,0.03001401
4주평가성공여부=Y,"12주평가성공여부=Y, 서비스구분=보건소 금연클리닉, 서비스상태=정상종결",0.1416,0.2118175018698579,1.4958863126402393,0.04694040000000001
"12주평가성공여부=Y, 서비스구분=보건소 금연클리닉, 서비스상태=정상종결",4주평가성공여부=Y,0.1416,1.0,1.4958863126402393,0.04694040000000001
"6주평가성공여부=Y, 성별=여",4주평가성공여부=Y,0.07956,1.0,1.4958863126402393,0.026374140000000004
"6주평가성공여부=Y, 등록유형=보건소, 성별=여",4주평가성공여부=Y,0.05896,1.0,1.4958863126402393,0.01954524
"6주평가성공여부=Y, 등록유형=보건소, 서비스상태=금연유지",4주평가성공여부=Y,0.18056,1.0,1.4958863126402393,0.05985564
"12주평가성공여부=Y, 서비스상태=금연유지, 성별=남",4주평가성공여부=Y,0.11932,1.0,1.4958863126402393,0.039554580000000006
4주평가성공여부=Y,"6주평가성공여부=Y, 서비스구분=보건소 금연클리닉, 성별=남",0.4612,0.6899027673896784,1.4958863126402393,0.15288780000000002
4주평가성공여부=Y,"12주평가성공여부=Y, 서비스상태=중간종결",0.10326,0.15446522064323112,1.4958863126402393,0.03423069000000001
"12주평가성공여부=Y, 서비스상태=중간종결",4주평가성공여부=Y,0.10326,1.0,1.4958863126402393,0.03423069000000001
"12주평가성공여부=Y, 등록유형=보건소, 서비스상태=금연유지",4주평가성공여부=Y,0.10626,1.0,1.4958863126402393,0.03522519
4주평가성공여부=Y,"12주평가성공여부=Y, 서비스상태=금연유지, 성별=남",0.11932,0.17848915482423336,1.4958863126402393,0.039554580000000006
4주평가성공여부=Y,"6주평가성공여부=Y, 등록유형=보건소, 성별=남",0.36916,0.5522213911742707,1.4958863126402393,0.12237654
"6주평가성공여부=Y, 서비스구분=보건소 금연클리닉, 서비스상태=정상종결",4주평가성공여부=Y,0.14164,1.0,1.4958863126402393,0.046953659999999994
"12주평가성공여부=Y, 등록유형=보건소, 서비스상태=중간종결",4주평가성공여부=Y,0.0725,1.0,1.4958863126402393,0.02403375
4주평가성공여부=Y,"12주평가성공여부=Y, 6주평가성공여부=Y, 성별=여",0.05356,0.08011967090501122,1.4958863126402393,0.017755140000000003
"12주평가성공여부=Y, 6주평가성공여부=Y, 서비스상태=중간종결",4주평가성공여부=Y,0.10324,1.0,1.4958863126402393,0.03422406
"12주평가성공여부=Y, 6주평가성공여부=Y, 성별=여",4주평가성공여부=Y,0.05356,1.0,1.4958863126402393,0.017755140000000003
"6개월평가성공여부=미실시, 6주평가성공여부=Y, 서비스구분=보건소 금연클리닉",4주평가성공여부=Y,0.3457,1.0,1.4958863126402393,0.11459955
4주평가성공여부=Y,"6주평가성공여부=Y, 등록유형=보건소, 서비스상태=정상종결",0.11224,0.16789827973074048,1.4958863126402393,0.03720756
4주평가성공여부=Y,"12주평가성공여부=Y, 서비스구분=보건소 금연클리닉, 성별=여",0.05006,0.07488406881077038,1.4958863126402393,0.01659489
4주평가성공여부=Y,"12주평가성공여부=Y, 서비스상태=중간종결, 성별=남",0.08654,0.12945400149588632,1.4958863126402393,0.028688010000000007
"12주평가성공여부=Y, 성별=남",4주평가성공여부=Y,0.34322,1.0,1.4958863126402393,0.11377743000000001
4주평가성공여부=Y,"12주평가성공여부=Y, 6주평가성공여부=Y",0.39676,0.5935078534031414,1.4958863126402393,0.13152594
"12주평가성공여부=Y, 6주평가성공여부=Y",4주평가성공여부=Y,0.39676,1.0,1.4958863126402393,0.13152594
"6개월평가성공여부=미실시, 6주평가성공여부=Y, 성별=여",4주평가성공여부=Y,0.05358,1.0,1.4958863126402393,0.017761770000000003
4주평가성공여부=Y,"12주평가성공여부=Y, 성별=남",0.34322,0.513418100224383,1.4958863126402393,0.11377743000000001
"6주평가성공여부=Y, 등록유형=보건소, 성별=남",4주평가성공여부=Y,0.36916,1.0,1.4958863126402393,0.12237654
"6주평가성공여부=Y, 등록유형=보건소, 서비스상태=정상종결",4주평가성공여부=Y,0.11224,1.0,1.4958863126402393,0.03720756
"12주평가성공여부=Y, 서비스상태=중간종결, 성별=남",4주평가성공여부=Y,0.08654,1.0,1.4958863126402393,0.028688010000000007
4주평가성공여부=Y,"12주평가성공여부=Y, 6개월평가성공여부=Y, 6주평가성공여부=Y",0.20698,0.30961854899027674,1.4958863126402393,0.06861387
"6주평가성공여부=Y, 서비스상태=정상종결, 성별=남",4주평가성공여부=Y,0.13738,1.0,1.4958863126402393,0.04554147
4주평가성공여부=Y,"6주평가성공여부=Y, 등록유형=보건소, 서비스구분=보건소 금연클리닉",0.42812,0.6404188481675392,1.4958863126402393,0.14192178
"12주평가성공여부=Y, 서비스구분=보건소 금연클리닉, 성별=여",4주평가성공여부=Y,0.05006,1.0,1.4958863126402393,0.01659489
4주평가성공여부=Y,"6개월평가성공여부=Y, 6주평가성공여부=Y, 서비스구분=보건소 금연클리닉",0.19022,0.2845474943904263,1.4958863126402393,0.06305793000000001
"12주평가성공여부=미실시, 6주평가성공여부=Y, 서비스상태=금연유지",4주평가성공여부=Y,0.09054,1.0,1.4958863126402393,0.03001401
4주평가성공여부=Y,"12주평가성공여부=Y, 6개월평가성공여부=미실시, 서비스상태=금연유지",0.09318,0.1393866866118175,1.4958863126402393,0.03088917
"12주평가성공여부=Y, 6개월평가성공여부=미실시, 서비스상태=금연유지",4주평가성공여부=Y,0.09318,1.0,1.4958863126402393,0.03088917
4주평가성공여부=Y,"12주평가성공여부=Y, 등록유형=보건소, 서비스상태=중간종결",0.0725,0.10845175766641735,1.4958863126402393,0.02403375
4주평가성공여부=Y,"6개월평가성공여부=미실시, 6주평가성공여부=Y, 서비스구분=보건소 금연클리닉",0.3457,0.5171278982797307,1.4958863126402393,0.11459955
4주평가성공여부=Y,"12주평가성공여부=Y, 6개월평가성공여부=미실시, 성별=남",0.16218,0.242602842183994,1.4958863126402393,0.05376267
"6주평가성공여부=Y, 등록유형=보건소, 서비스상태=중간종결",4주평가성공여부=Y,0.1353,1.0,1.4958863126402393,0.04485195
"12주평가성공여부=Y, 6개월평가성공여부=미실시",4주평가성공여부=Y,0.1898,1.0,1.4958863126402393,0.0629187
4주평가성공여부=Y,"12주평가성공여부=Y, 6개월평가성공여부=Y, 등록유형=보건소",0.15158,0.22674644727000748,1.4958863126402393,0.05024877
4주평가성공여부=Y,"12주평가성공여부=Y, 6개월평가성공여부=미실시",0.1898,0.2839192221391174,1.4958863126402393,0.0629187
"6개월평가성공여부=Y, 6주평가성공여부=Y, 서비스구분=보건소 금연클리닉",4주평가성공여부=Y,0.19022,1.0,1.4958863126402393,0.06305793000000001
"12주평가성공여부=Y, 6개월평가성공여부=미실시, 서비스상태=중간종결",4주평가성공여부=Y,0.09654,1.0,1.4958863126402393,0.03200301
4주평가성공여부=Y,"12주평가성공여부=Y, 6개월평가성공여부=미실시, 등록유형=보건소",0.1394,0.20852655198204936,1.4958863126402393,0.046211100000000005
4주평가성공여부=Y,"12주평가성공여부=Y, 등록유형=출장",0.07534,0.11270007479431564,1.4958863126402393,0.024975210000000005
"12주평가성공여부=Y, 등록유형=출장",4주평가성공여부=Y,0.07534,1.0,1.4958863126402393,0.024975210000000005
"12주평가성공여부=Y, 6개월평가성공여부=미실시, 등록유형=보건소",4주평가성공여부=Y,0.1394,1.0,1.4958863126402393,0.046211100000000005
"12주평가성공여부=Y, 6개월평가성공여부=미실시, 서비스구분=보건소 금연클리닉",4주평가성공여부=Y,0.17704,1.0,1.4958863126402393,0.058688760000000006
"12주평가성공여부=Y, 6개월평가성공여부=미실시, 6주평가성공여부=Y",4주평가성공여부=Y,0.18978,1.0,1.4958863126402393,0.06291207000000001
4주평가성공여부=Y,"12주평가성공여부=Y, 6개월평가성공여부=미실시, 6주평가성공여부=Y",0.18978,0.28388930441286464,1.4958863126402393,0.06291207000000001
4주평가성공여부=Y,"12주평가성공여부=Y, 6주평가성공여부=Y, 등록유형=출장",0.07534,0.11270007479431564,1.4958863126402393,0.024975210000000005
4주평가성공여부=Y,"12주평가성공여부=Y, 6주평가성공여부=Y, 등록유형=보건소",0.29096,0.43524308152580404,1.4958863126402393,0.09645324
"12주평가성공여부=Y, 6개월평가성공여부=미실시, 성별=남",4주평가성공여부=Y,0.16218,1.0,1.4958863126402393,0.05376267
"12주평가성공여부=Y, 6개월평가성공여부=Y, 등록유형=보건소",4주평가성공여부=Y,0.15158,1.0,1.4958863126402393,0.05024877
"12주평가성공여부=Y, 등록유형=보건소, 성별=남",4주평가성공여부=Y,0.25174,1.0,1.4958863126402393,0.08345181000000002
4주평가성공여부=Y,"6주평가성공여부=Y, 서비스상태=금연유지",0.2267,0.33911742707554227,1.4958863126402393,0.07515105
"12주평가성공여부=Y, 서비스상태=금연유지",4주평가성공여부=Y,0.13616,1.0,1.4958863126402393,0.04513704
"12주평가성공여부=Y, 6주평가성공여부=Y, 서비스상태=금연유지",4주평가성공여부=Y,0.13616,1.0,1.4958863126402393,0.04513704
"6주평가성공여부=Y, 서비스상태=정상종결",4주평가성공여부=Y,0.15736,1.0,1.4958863126402393,0.052164840000000004
"12주평가성공여부=Y, 등록유형=출장, 서비스구분=보건소 금연클리닉",4주평가성공여부=Y,0.07534,1.0,1.4958863126402393,0.024975210000000005
"6개월평가성공여부=미실시, 6주평가성공여부=Y, 서비스상태=금연유지",4주평가성공여부=Y,0.1837,1.0,1.4958863126402393,0.06089655000000001
"12주평가성공여부=Y, 6주평가성공여부=Y, 서비스상태=정상종결",4주평가성공여부=Y,0.15732,1.0,1.4958863126402393,0.05215158
4주평가성공여부=Y,"6개월평가성공여부=Y, 6주평가성공여부=Y, 성별=남",0.18108,0.2708750934928945,1.4958863126402393,0.06002802
"12주평가성공여부=Y, 6개월평가성공여부=Y, 6주평가성공여부=Y",4주평가성공여부=Y,0.20698,1.0,1.4958863126402393,0.06861387
4주평가성공여부=Y,"12주평가성공여부=미실시, 6주평가성공여부=Y, 등록유형=보건소",0.13716,0.20517576664173523,1.4958863126402393,0.04546854
"12주평가성공여부=Y, 6개월평가성공여부=Y",4주평가성공여부=Y,0.20698,1.0,1.4958863126402393,0.06861387
"6주평가성공여부=Y, 서비스구분=보건소 금연클리닉, 서비스상태=금연유지",4주평가성공여부=Y,0.21436,1.0,1.4958863126402393,0.07106034
4주평가성공여부=Y,"6개월평가성공여부=Y, 6주평가성공여부=Y, 서비스상태=정상종결",0.15732,0.23533283470456243,1.4958863126402393,0.05215158
4주평가성공여부=Y,"12주평가성공여부=Y, 등록유형=보건소, 서비스구분=보건소 금연클리닉",0.29098,0.43527299925205687,1.4958863126402393,0.09645987
"12주평가성공여부=Y, 등록유형=보건소, 서비스구분=보건소 금연클리닉",4주평가성공여부=Y,0.29098,1.0,1.4958863126402393,0.09645987
"6주평가성공여부=Y, 서비스상태=금연유지",4주평가성공여부=Y,0.2267,1.0,1.4958863126402393,0.07515105
"6주평가성공여부=Y, 서비스구분=보건소 금연클리닉, 서비스상태=중간종결",4주평가성공여부=Y,0.17988,1.0,1.4958863126402393,0.05963022000000001
"6주평가성공여부=Y, 등록유형=출장, 성별=남",4주평가성공여부=Y,0.09058,1.0,1.4958863126402393,0.030027270000000002
"12주평가성공여부=Y, 6개월평가성공여부=Y, 성별=남",4주평가성공여부=Y,0.18104,1.0,1.4958863126402393,0.06001476
"6주평가성공여부=Y, 서비스구분=보건소 금연클리닉, 성별=남",4주평가성공여부=Y,0.4612,1.0,1.4958863126402393,0.15288780000000002
4주평가성공여부=Y,"12주평가성공여부=Y, 6주평가성공여부=Y, 서비스구분=보건소 금연클리닉",0.36716,0.5492296185489902,1.4958863126402393,0.12171354000000001
"12주평가성공여부=Y, 6주평가성공여부=Y, 성별=남",4주평가성공여부=Y,0.3432,1.0,1.4958863126402393,0.1137708
"6주평가성공여부=Y, 등록유형=출장, 서비스구분=보건소 금연클리닉",4주평가성공여부=Y,0.10588,1.0,1.4958863126402393,0.03509922
4주평가성공여부=Y,"6주평가성공여부=Y, 등록유형=보건소",0.42812,0.6404188481675392,1.4958863126402393,0.14192178
"6주평가성공여부=Y, 등록유형=보건소, 서비스구분=보건소 금연클리닉",4주평가성공여부=Y,0.42812,1.0,1.4958863126402393,0.14192178
"6주평가성공여부=Y, 서비스구분=보건소 금연클리닉, 성별=여",4주평가성공여부=Y,0.07472,1.0,1.4958863126402393,0.024769680000000002
"12주평가성공여부=Y, 등록유형=보건소, 서비스상태=정상종결",4주평가성공여부=Y,0.1122,1.0,1.4958863126402393,0.0371943
"12주평가성공여부=Y, 서비스상태=정상종결",4주평가성공여부=Y,0.15732,1.0,1.4958863126402393,0.05215158
"12주평가성공여부=미실시, 6주평가성공여부=Y, 서비스구분=보건소 금연클리닉",4주평가성공여부=Y,0.16876,1.0,1.4958863126402393,0.05594394
"6개월평가성공여부=Y, 6주평가성공여부=Y, 성별=남",4주평가성공여부=Y,0.18108,1.0,1.4958863126402393,0.06002802
"6주평가성공여부=Y, 서비스상태=금연유지, 성별=남",4주평가성공여부=Y,0.19776,1.0,1.4958863126402393,0.06555744
"6개월평가성공여부=미실시, 6주평가성공여부=Y, 등록유형=출장",4주평가성공여부=Y,0.06764,1.0,1.4958863126402393,0.022422660000000004
4주평가성공여부=Y,"12주평가성공여부=Y, 서비스상태=정상종결",0.15732,0.23533283470456243,1.4958863126402393,0.05215158
"12주평가성공여부=Y, 서비스구분=보건소 금연클리닉, 성별=남",4주평가성공여부=Y,0.31712,1.0,1.4958863126402393,0.10512528000000002
4주평가성공여부=Y,"6주평가성공여부=Y, 서비스구분=보건소 금연클리닉",0.53592,0.801675392670157,1.4958863126402393,0.17765747999999998
"6주평가성공여부=Y, 등록유형=출장",4주평가성공여부=Y,0.10588,1.0,1.4958863126402393,0.03509922
4주평가성공여부=Y,"12주평가성공여부=Y, 등록유형=보건소",0.29098,0.43527299925205687,1.4958863126402393,0.09645987
"12주평가성공여부=Y, 등록유형=보건소",4주평가성공여부=Y,0.29098,1.0,1.4958863126402393,0.09645987
4주평가성공여부=Y,"12주평가성공여부=Y, 서비스구분=보건소 금연클리닉, 성별=남",0.31712,0.47437546746447273,1.4958863126402393,0.10512528000000002
4주평가성공여부=Y,"12주평가성공여부=Y, 6주평가성공여부=Y, 성별=남",0.3432,0.5133881824981301,1.4958863126402393,0.1137708
"6주평가성공여부=Y, 서비스구분=보건소 금연클리닉",4주평가성공여부=Y,0.53592,1.0,1.4958863126402393,0.17765747999999998
"12주평가성공여부=Y, 6주평가성공여부=Y, 등록유형=보건소",4주평가성공여부=Y,0.29096,1.0,1.4958863126402393,0.09645324
4주평가성공여부=Y,"6주평가성공여부=Y, 서비스구분=보건소 금연클리닉, 서비스상태=중간종결",0.17988,0.2690800299177263,1.4958863126402393,0.05963022000000001
"12주평가성공여부=미실시, 6주평가성공여부=Y, 등록유형=보건소",4주평가성공여부=Y,0.13716,1.0,1.4958863126402393,0.04546854
4주평가성공여부=Y,"6개월평가성공여부=Y, 6주평가성공여부=Y",0.20706,0.30973821989528794,1.4958863126402393,0.06864039
"12주평가성공여부=Y, 서비스상태=정상종결, 성별=남",4주평가성공여부=Y,0.13734,1.0,1.4958863126402393,0.04552821
"12주평가성공여부=Y, 6개월평가성공여부=Y, 서비스상태=정상종결",4주평가성공여부=Y,0.15728,1.0,1.4958863126402393,0.05213832
"6개월평가성공여부=Y, 6주평가성공여부=Y, 서비스상태=정상종결",4주평가성공여부=Y,0.15732,1.0,1.4958863126402393,0.05215158
"6주평가성공여부=Y, 등록유형=보건소",4주평가성공여부=Y,0.42812,1.0,1.4958863126402393,0.14192178
"12주평가성공여부=Y, 서비스구분=보건소 금연클리닉",4주평가성공여부=Y,0.36718,1.0,1.4958863126402393,0.12172017000000002
"12주평가성공여부=Y, 6주평가성공여부=Y, 서비스구분=보건소 금연클리닉",4주평가성공여부=Y,0.36716,1.0,1.4958863126402393,0.12171354000000001
6주평가성공여부=Y,4주평가성공여부=Y,0.57618,0.9999652898299202,1.4958343901719076,0.1909903
4주평가성공여부=Y,6주평가성공여부=Y,0.57618,0.8618997756170531,1.4958343901719073,0.1909903
"6주평가성공여부=Y, 성별=남",4주평가성공여부=Y,0.49662,0.9999597293814433,1.495826072373139,0.16461616
4주평가성공여부=Y,"6주평가성공여부=Y, 성별=남",0.49662,0.7428870605833957,1.495826072373139,0.16461616
"6개월평가성공여부=미실시, 6주평가성공여부=Y",4주평가성공여부=Y,0.36912,0.9999458200140867,1.4958052655408927,0.12234991
4주평가성공여부=Y,"6개월평가성공여부=미실시, 6주평가성공여부=Y",0.36912,0.5521615557217652,1.4958052655408927,0.12234991
4주평가성공여부=Y,"6개월평가성공여부=미실시, 6주평가성공여부=Y, 성별=남",0.31554,0.47201196709050114,1.4957915042796968,0.10458814
"6개월평가성공여부=미실시, 6주평가성공여부=Y, 성별=남",4주평가성공여부=Y,0.31554,0.9999366206109772,1.4957915042796968,0.10458814
4주평가성공여부=Y,"6주평가성공여부=Y, 서비스상태=중간종결",0.19208,0.2873298429319372,1.4957305722641188,0.06366115
"6주평가성공여부=Y, 서비스상태=중간종결",4주평가성공여부=Y,0.19208,0.9998958875585633,1.4957305722641185,0.06366115
4주평가성공여부=Y,"6개월평가성공여부=미실시, 6주평가성공여부=Y, 서비스상태=중간종결",0.18534,0.27724756918474197,1.4957249092832432,0.06142684000000001
"6개월평가성공여부=미실시, 6주평가성공여부=Y, 서비스상태=중간종결",4주평가성공여부=Y,0.18534,0.9998921018558481,1.4957249092832432,0.06142684000000001
"12주평가성공여부=미실시, 6주평가성공여부=Y",4주평가성공여부=Y,0.17942,0.9998885421310745,1.4957195843396776,0.05946436000000001
4주평가성공여부=Y,"12주평가성공여부=미실시, 6주평가성공여부=Y",0.17942,0.2683919222139117,1.4957195843396776,0.05946436000000001
4주평가성공여부=Y,"12주평가성공여부=미실시, 6개월평가성공여부=미실시, 6주평가성공여부=Y",0.17934,0.26827225130890053,1.4957195099737988,0.059437840000000006
"12주평가성공여부=미실시, 6개월평가성공여부=미실시, 6주평가성공여부=Y",4주평가성공여부=Y,0.17934,0.9998884924174845,1.4957195099737988,0.059437840000000006
"6주평가성공여부=Y, 서비스상태=중간종결, 성별=남",4주평가성공여부=Y,0.16146,0.9998761456527123,1.4957010406173707,0.05351061999999998
4주평가성공여부=Y,"6주평가성공여부=Y, 서비스상태=중간종결, 성별=남",0.16146,0.24152580403889304,1.4957010406173707,0.05351061999999998
4주평가성공여부=Y,"12주평가성공여부=미실시, 6주평가성공여부=Y, 성별=남",0.15342,0.22949887808526553,1.4956913326724814,0.050845360000000006
"12주평가성공여부=미실시, 6주평가성공여부=Y, 성별=남",4주평가성공여부=Y,0.15342,0.9998696558915537,1.4956913326724812,0.050845360000000006
"12주평가성공여부=Y, 성별=남","4주평가성공여부=Y, 서비스구분=보건소 금연클리닉",0.31712,0.9239554804498572,1.4955575921817048,0.105078684
"4주평가성공여부=Y, 서비스구분=보건소 금연클리닉","12주평가성공여부=Y, 성별=남",0.31712,0.5133052767886047,1.4955575921817046,0.105078684
"12주평가성공여부=미실시, 6주평가성공여부=Y, 서비스상태=중간종결",4주평가성공여부=Y,0.08884,0.9997749268512267,1.4955496287976466,0.029437090000000006
4주평가성공여부=Y,"12주평가성공여부=미실시, 6주평가성공여부=Y, 서비스상태=중간종결",0.08884,0.13289454001495887,1.4955496287976466,0.029437090000000006
"6개월평가성공여부=Y, 성별=남",4주평가성공여부=Y,0.18108,0.9996687644915535,1.4953908219768939,0.05998790999999999
4주평가성공여부=Y,"6개월평가성공여부=Y, 성별=남",0.18108,0.2708750934928945,1.4953908219768937,0.05998790999999999
"6개월평가성공여부=Y, 서비스구분=보건소 금연클리닉, 성별=남",4주평가성공여부=Y,0.16626,0.9996392496392497,1.495346671113313,0.05507508
4주평가성공여부=Y,"6개월평가성공여부=Y, 서비스구분=보건소 금연클리닉, 성별=남",0.16626,0.2487060583395662,1.4953466711133128,0.05507508
6개월평가성공여부=Y,4주평가성공여부=Y,0.20708,0.9996138250627533,1.4953086388373273,0.06859353999999998
4주평가성공여부=Y,6개월평가성공여부=Y,0.20708,0.30976813762154076,1.4953086388373273,0.06859353999999998
"6개월평가성공여부=Y, 서비스구분=보건소 금연클리닉",4주평가성공여부=Y,0.19022,0.9995796111403048,1.4952574586990348,0.06300445000000002
4주평가성공여부=Y,"6개월평가성공여부=Y, 서비스구분=보건소 금연클리닉",0.19022,0.2845474943904263,1.4952574586990348,0.06300445000000002
"서비스상태=정상종결, 성별=남",4주평가성공여부=Y,0.13738,0.9995634458672875,1.4952332772883883,0.045501360000000005
4주평가성공여부=Y,"서비스상태=정상종결, 성별=남",0.13738,0.2055048616305161,1.4952332772883883,0.045501360000000005
4주평가성공여부=Y,"6개월평가성공여부=Y, 서비스상태=정상종결, 성별=남",0.13734,0.20544502617801047,1.4952330871762043,0.04548809999999999
"6개월평가성공여부=Y, 서비스상태=정상종결, 성별=남",4주평가성공여부=Y,0.13734,0.9995633187772925,1.4952330871762043,0.04548809999999999
4주평가성공여부=Y,"6개월평가성공여부=Y, 등록유형=보건소, 성별=남",0.1323,0.19790575916230368,1.4952082136771205,0.043817339999999996
"6개월평가성공여부=Y, 등록유형=보건소, 성별=남",4주평가성공여부=Y,0.1323,0.999546690843155,1.4952082136771203,0.043817339999999996
4주평가성공여부=Y,"서비스구분=보건소 금연클리닉, 서비스상태=정상종결, 성별=남",0.12348,0.18471204188481677,1.495159801560764,0.04089351000000001
"서비스구분=보건소 금연클리닉, 서비스상태=정상종결, 성별=남",4주평가성공여부=Y,0.12348,0.9995143273433706,1.495159801560764,0.04089351000000001
4주평가성공여부=Y,서비스상태=정상종결,0.15738,0.23542258788332085,1.495126304352349,0.05211799
서비스상태=정상종결,4주평가성공여부=Y,0.15738,0.9994919344595453,1.495126304352349,0.05211799
4주평가성공여부=Y,"6개월평가성공여부=Y, 서비스상태=정상종결",0.15734,0.23536275243081528,1.4951261112362806,0.05210473
"6개월평가성공여부=Y, 서비스상태=정상종결",4주평가성공여부=Y,0.15734,0.9994918053614534,1.4951261112362804,0.05210473
"6개월평가성공여부=Y, 등록유형=보건소",4주평가성공여부=Y,0.15166,0.9994727823909317,1.4950976550350512,0.05022180999999998
4주평가성공여부=Y,"6개월평가성공여부=Y, 등록유형=보건소",0.15166,0.2268661181750187,1.4950976550350512,0.05022180999999998
"6개월평가성공여부=Y, 등록유형=보건소, 서비스구분=보건소 금연클리닉",4주평가성공여부=Y,0.15166,0.9994727823909317,1.4950976550350512,0.05022180999999998
4주평가성공여부=Y,"6개월평가성공여부=Y, 등록유형=보건소, 서비스구분=보건소 금연클리닉",0.15166,0.2268661181750187,1.4950976550350512,0.05022180999999998
4주평가성공여부=Y,"서비스구분=보건소 금연클리닉, 서비스상태=정상종결",0.14164,0.2118773373223635,1.4950418947386641,0.046900179999999986
"서비스구분=보건소 금연클리닉, 서비스상태=정상종결",4주평가성공여부=Y,0.14164,0.9994355066327969,1.4950418947386641,0.046900179999999986
4주평가성공여부=Y,"6개월평가성공여부=Y, 서비스구분=보건소 금연클리닉, 서비스상태=정상종결",0.1416,0.2118175018698579,1.495041656337224,0.04688692000000001
"6개월평가성공여부=Y, 서비스구분=보건소 금연클리닉, 서비스상태=정상종결",4주평가성공여부=Y,0.1416,0.9994353472614342,1.495041656337224,0.04688692000000001
"등록유형=보건소, 서비스상태=정상종결, 성별=남",4주평가성공여부=Y,0.0976,0.9993856235920542,1.494967275380784,0.03231429000000001
4주평가성공여부=Y,"등록유형=보건소, 서비스상태=정상종결, 성별=남",0.0976,0.14599850411368737,1.494967275380784,0.03231429000000001
4주평가성공여부=Y,"등록유형=보건소, 서비스상태=정상종결",0.11224,0.16789827973074048,1.4948208665486153,0.037154080000000006
"등록유형=보건소, 서비스상태=정상종결",4주평가성공여부=Y,0.11224,0.9992877492877493,1.4948208665486153,0.037154080000000006
4주평가성공여부=Y,"등록유형=보건소, 서비스구분=보건소 금연클리닉, 서비스상태=정상종결",0.11224,0.16789827973074048,1.4948208665486153,0.037154080000000006
"등록유형=보건소, 서비스구분=보건소 금연클리닉, 서비스상태=정상종결",4주평가성공여부=Y,0.11224,0.9992877492877493,1.4948208665486153,0.037154080000000006
4주평가성공여부=Y,"6개월평가성공여부=Y, 등록유형=보건소, 서비스상태=정상종결",0.1122,0.16783844427823486,1.4948204869810728,0.03714081999999999
"6개월평가성공여부=Y, 등록유형=보건소, 서비스상태=정상종결",4주평가성공여부=Y,0.1122,0.999287495546847,1.4948204869810726,0.03714081999999999
12주평가성공여부=Y,"4주평가성공여부=Y, 등록유형=보건소, 성별=남",0.25174,0.6344573819244922,1.4914371930524029,0.082949788
"4주평가성공여부=Y, 등록유형=보건소, 성별=남",12주평가성공여부=Y,0.25174,0.5917724494593324,1.4914371930524026,0.082949788
"4주평가성공여부=Y, 성별=남","12주평가성공여부=Y, 등록유형=출장",0.06456,0.11236424394319133,1.4914287754604636,0.021272649600000006
"12주평가성공여부=Y, 등록유형=출장","4주평가성공여부=Y, 성별=남",0.06456,0.8569153172285638,1.4914287754604636,0.021272649600000006
"4주평가성공여부=Y, 성별=남","6주평가성공여부=Y, 등록유형=출장",0.09058,0.15765107212475635,1.4889598802867052,0.0297455872
"6주평가성공여부=Y, 등록유형=출장","4주평가성공여부=Y, 성별=남",0.09058,0.8554967888175292,1.488959880286705,0.0297455872
"4주평가성공여부=Y, 성별=남","12주평가성공여부=미실시, 6주평가성공여부=Y",0.15342,0.26702172096908944,1.4880835988023264,0.05032095360000001
"12주평가성공여부=미실시, 6주평가성공여부=Y","4주평가성공여부=Y, 성별=남",0.15342,0.8549933125278645,1.4880835988023262,0.05032095360000001
"6개월평가성공여부=미실시, 6주평가성공여부=Y","4주평가성공여부=Y, 성별=남",0.31554,0.8547976377526141,1.4877430342394427,0.10344692159999999
"4주평가성공여부=Y, 성별=남","6개월평가성공여부=미실시, 6주평가성공여부=Y",0.31554,0.5491854636591479,1.4877430342394427,0.10344692159999999
"4주평가성공여부=Y, 성별=남","12주평가성공여부=Y, 6개월평가성공여부=미실시",0.16218,0.28226817042606517,1.487187410042493,0.053128512
"12주평가성공여부=Y, 6개월평가성공여부=미실시","4주평가성공여부=Y, 성별=남",0.16218,0.8544783983140147,1.487187410042493,0.053128512
"4주평가성공여부=Y, 서비스구분=보건소 금연클리닉","6개월평가성공여부=Y, 6주평가성공여부=Y",0.19022,0.307898996438977,1.4870037498260262,0.06229833200000001
"6개월평가성공여부=Y, 6주평가성공여부=Y","4주평가성공여부=Y, 서비스구분=보건소 금연클리닉",0.19022,0.9186709166425191,1.4870037498260262,0.06229833200000001
"4주평가성공여부=Y, 서비스구분=보건소 금연클리닉","12주평가성공여부=Y, 6개월평가성공여부=Y",0.19014,0.30776950469407577,1.4869528683644593,0.06226775600000001
"12주평가성공여부=Y, 6개월평가성공여부=Y","4주평가성공여부=Y, 서비스구분=보건소 금연클리닉",0.19014,0.9186394820755629,1.486952868364459,0.06226775600000001
"4주평가성공여부=Y, 서비스구분=보건소 금연클리닉",6개월평가성공여부=Y,0.19022,0.307898996438977,1.4862859453513082,0.062236552
6개월평가성공여부=Y,"4주평가성공여부=Y, 서비스구분=보건소 금연클리닉",0.19022,0.9182274570380382,1.4862859453513082,0.062236552
"4주평가성공여부=Y, 서비스구분=보건소 금연클리닉","6개월평가성공여부=Y, 성별=남",0.16626,0.26911621884104886,1.4856807929835976,0.054351707999999985
"6개월평가성공여부=Y, 성별=남","4주평가성공여부=Y, 서비스구분=보건소 금연클리닉",0.16626,0.9178535939052667,1.4856807929835976,0.054351707999999985
"12주평가성공여부=Y, 6개월평가성공여부=미실시","4주평가성공여부=Y, 등록유형=보건소",0.1394,0.7344573234984194,1.4848320465357014,0.045517327999999996
"4주평가성공여부=Y, 등록유형=보건소","12주평가성공여부=Y, 6개월평가성공여부=미실시",0.1394,0.28182112243247615,1.4848320465357014,0.045517327999999996
"6주평가성공여부=Y, 서비스구분=보건소 금연클리닉","4주평가성공여부=Y, 성별=여",0.07472,0.1394237945962084,1.4841792058357293,0.024375675200000002
"4주평가성공여부=Y, 성별=여","6주평가성공여부=Y, 서비스구분=보건소 금연클리닉",0.07472,0.7954013199914839,1.484179205835729,0.024375675200000002
"6주평가성공여부=Y, 등록유형=보건소, 서비스상태=금연유지",12주평가성공여부=Y,0.10626,0.5885024368630926,1.4831958184966292,0.034617403199999994
12주평가성공여부=Y,"6주평가성공여부=Y, 등록유형=보건소, 서비스상태=금연유지",0.10626,0.26780583698775134,1.4831958184966292,0.034617403199999994
"12주평가성공여부=Y, 서비스상태=금연유지","4주평가성공여부=Y, 6개월평가성공여부=미실시",0.09318,0.6843419506462984,1.4831858488216265,0.030355776
"4주평가성공여부=Y, 6개월평가성공여부=미실시","12주평가성공여부=Y, 서비스상태=금연유지",0.09318,0.20195058517555267,1.4831858488216265,0.030355776
"4주평가성공여부=Y, 등록유형=보건소","12주평가성공여부=Y, 성별=남",0.25174,0.5089357916868834,1.4828267341264594,0.08196965919999999
"12주평가성공여부=Y, 성별=남","4주평가성공여부=Y, 등록유형=보건소",0.25174,0.7334654157683119,1.4828267341264594,0.08196965919999999
12주평가성공여부=Y,"4주평가성공여부=Y, 등록유형=보건소",0.29098,0.7333534956399012,1.482600468299978,0.0947167408
"4주평가성공여부=Y, 등록유형=보건소, 서비스구분=보건소 금연클리닉",12주평가성공여부=Y,0.29098,0.5882662138120653,1.482600468299978,0.0947167408
12주평가성공여부=Y,"4주평가성공여부=Y, 등록유형=보건소, 서비스구분=보건소 금연클리닉",0.29098,0.7333534956399012,1.482600468299978,0.0947167408
"4주평가성공여부=Y, 등록유형=보건소",12주평가성공여부=Y,0.29098,0.5882662138120653,1.482600468299978,0.0947167408
"4주평가성공여부=Y, 등록유형=보건소","12주평가성공여부=Y, 6주평가성공여부=Y",0.29096,0.5882257803655183,1.4825732946000563,0.09470663359999998
"12주평가성공여부=Y, 6주평가성공여부=Y","4주평가성공여부=Y, 등록유형=보건소",0.29096,0.7333400544409718,1.4825732946000563,0.09470663359999998
"6개월평가성공여부=Y, 6주평가성공여부=Y","4주평가성공여부=Y, 등록유형=보건소",0.15166,0.7324447020187385,1.480763185384802,0.04923984159999999
"4주평가성공여부=Y, 등록유형=보건소","6개월평가성공여부=Y, 6주평가성공여부=Y",0.15166,0.3066068251657771,1.480763185384802,0.04923984159999999
"12주평가성공여부=Y, 6개월평가성공여부=Y","4주평가성공여부=Y, 등록유형=보건소",0.15158,0.7323412890134312,1.4805541181736843,0.049199412799999995
"4주평가성공여부=Y, 등록유형=보건소","12주평가성공여부=Y, 6개월평가성공여부=Y",0.15158,0.30644509137958914,1.480554118173684,0.049199412799999995
6개월평가성공여부=Y,"4주평가성공여부=Y, 등록유형=보건소, 서비스구분=보건소 금연클리닉",0.15166,0.7320911372851902,1.4800483933470607,0.049190377599999974
6개월평가성공여부=Y,"4주평가성공여부=Y, 등록유형=보건소",0.15166,0.7320911372851902,1.4800483933470607,0.049190377599999974
"4주평가성공여부=Y, 등록유형=보건소",6개월평가성공여부=Y,0.15166,0.3066068251657771,1.4800483933470605,0.049190377599999974
"4주평가성공여부=Y, 등록유형=보건소, 서비스구분=보건소 금연클리닉",6개월평가성공여부=Y,0.15166,0.3066068251657771,1.4800483933470605,0.049190377599999974
"4주평가성공여부=Y, 서비스구분=보건소 금연클리닉, 성별=여",6주평가성공여부=Y,0.07472,0.8525787311729803,1.4796576382731348,0.024221831999999992
6주평가성공여부=Y,"4주평가성공여부=Y, 서비스구분=보건소 금연클리닉, 성별=여",0.07472,0.12967719541825753,1.4796576382731348,0.024221831999999992
서비스상태=정상종결,"4주평가성공여부=Y, 서비스구분=보건소 금연클리닉, 성별=남",0.12348,0.7841991616918583,1.4791745165456813,0.040001006400000025
"4주평가성공여부=Y, 서비스구분=보건소 금연클리닉, 성별=남",서비스상태=정상종결,0.12348,0.23291081937528296,1.4791745165456813,0.040001006400000025
"4주평가성공여부=Y, 등록유형=보건소, 성별=여",6주평가성공여부=Y,0.05896,0.8515309069901791,1.477839130493195,0.019063911999999995
6주평가성공여부=Y,"4주평가성공여부=Y, 등록유형=보건소, 성별=여",0.05896,0.10232558139534882,1.477839130493195,0.019063911999999995
"4주평가성공여부=Y, 등록유형=보건소","6개월평가성공여부=Y, 성별=남",0.1323,0.26746724890829693,1.4765775030821295,0.0427009104
"6개월평가성공여부=Y, 성별=남","4주평가성공여부=Y, 등록유형=보건소",0.1323,0.7303742961245445,1.4765775030821293,0.0427009104
"12주평가성공여부=미실시, 4주평가성공여부=Y","6주평가성공여부=Y, 서비스상태=금연유지",0.09054,0.33325971731448767,1.470047275317546,0.028950143999999997
"6주평가성공여부=Y, 서비스상태=금연유지","12주평가성공여부=미실시, 4주평가성공여부=Y",0.09054,0.3993824437582708,1.4700472753175458,0.028950143999999997
"4주평가성공여부=Y, 성별=여",6주평가성공여부=Y,0.07956,0.8469235682350438,1.4698430549028874,0.025431772000000005
6주평가성공여부=Y,"4주평가성공여부=Y, 성별=여",0.07956,0.13807705657757724,1.4698430549028874,0.025431772000000005
"4주평가성공여부=Y, 성별=여","6주평가성공여부=Y, 등록유형=보건소",0.05896,0.6276346604215457,1.4660250874090108,0.0187424072
"6주평가성공여부=Y, 등록유형=보건소","4주평가성공여부=Y, 성별=여",0.05896,0.13771839671120245,1.4660250874090106,0.0187424072
"4주평가성공여부=Y, 성별=남","6주평가성공여부=Y, 서비스상태=중간종결",0.16146,0.281015037593985,1.462858082217517,0.05108702400000001
"6주평가성공여부=Y, 서비스상태=중간종결","4주평가성공여부=Y, 성별=남",0.16146,0.8404997397188964,1.4628580822175168,0.05108702400000001
"4주평가성공여부=Y, 서비스상태=금연유지","6주평가성공여부=Y, 서비스구분=보건소 금연클리닉",0.21436,0.7838806406787099,1.4626821926382856,0.06780731680000002
"6주평가성공여부=Y, 서비스구분=보건소 금연클리닉","4주평가성공여부=Y, 서비스상태=금연유지",0.21436,0.39998507239886555,1.4626821926382856,0.06780731680000002
"4주평가성공여부=Y, 6개월평가성공여부=미실시","6주평가성공여부=Y, 성별=여",0.05358,0.11612483745123538,1.4595882032583631,0.016871016000000003
"6주평가성공여부=Y, 성별=여","4주평가성공여부=Y, 6개월평가성공여부=미실시",0.05358,0.6734539969834087,1.4595882032583631,0.016871016000000003
"4주평가성공여부=Y, 성별=남","12주평가성공여부=Y, 서비스상태=중간종결",0.08654,0.15061960456697301,1.4586442433369458,0.027210934400000004
"12주평가성공여부=Y, 서비스상태=중간종결","4주평가성공여부=Y, 성별=남",0.08654,0.8380786364516754,1.4586442433369455,0.027210934400000004
서비스상태=정상종결,"4주평가성공여부=Y, 등록유형=보건소, 성별=남",0.0976,0.6198399593547569,1.4570755979190335,0.03061651600000001
"4주평가성공여부=Y, 등록유형=보건소, 성별=남",서비스상태=정상종결,0.0976,0.229431123648331,1.4570755979190335,0.03061651600000001
"4주평가성공여부=Y, 서비스구분=보건소 금연클리닉","6주평가성공여부=Y, 서비스상태=정상종결",0.14164,0.2292651343476853,1.456946710394543,0.04442299199999998
"6주평가성공여부=Y, 서비스상태=정상종결","4주평가성공여부=Y, 서비스구분=보건소 금연클리닉",0.14164,0.9001016776817488,1.456946710394543,0.04442299199999998
"4주평가성공여부=Y, 서비스구분=보건소 금연클리닉","12주평가성공여부=Y, 서비스상태=정상종결",0.1416,0.22920038847523472,1.4569055967151967,0.044407704000000006
"12주평가성공여부=Y, 서비스상태=정상종결","4주평가성공여부=Y, 서비스구분=보건소 금연클리닉",0.1416,0.9000762776506485,1.4569055967151965,0.044407704000000006
"4주평가성공여부=Y, 서비스상태=금연유지","6주평가성공여부=Y, 성별=남",0.19776,0.7231770642872816,1.4561393852433988,0.06194882560000001
"6주평가성공여부=Y, 성별=남","4주평가성공여부=Y, 서비스상태=금연유지",0.19776,0.39819587628865977,1.4561393852433986,0.06194882560000001
"4주평가성공여부=Y, 서비스구분=보건소 금연클리닉",서비스상태=정상종결,0.14164,0.2292651343476853,1.4560214298722554,0.044361212
서비스상태=정상종결,"4주평가성공여부=Y, 서비스구분=보건소 금연클리닉",0.14164,0.8995300393750794,1.4560214298722554,0.044361212
"6개월평가성공여부=Y, 서비스상태=정상종결","4주평가성공여부=Y, 서비스구분=보건소 금연클리닉",0.1416,0.8995045102274171,1.4559801071987974,0.044345923999999995
"4주평가성공여부=Y, 서비스구분=보건소 금연클리닉","6개월평가성공여부=Y, 서비스상태=정상종결",0.1416,0.22920038847523472,1.4559801071987974,0.044345923999999995
"4주평가성공여부=Y, 서비스구분=보건소 금연클리닉","서비스상태=정상종결, 성별=남",0.12348,0.19987050825509875,1.454238273101708,0.038569568
"서비스상태=정상종결, 성별=남","4주평가성공여부=Y, 서비스구분=보건소 금연클리닉",0.12348,0.8984284051222352,1.454238273101708,0.038569568
"4주평가성공여부=Y, 성별=여","12주평가성공여부=Y, 서비스구분=보건소 금연클리닉",0.05006,0.5328933361720247,1.4513136232148394,0.015567110799999999
"12주평가성공여부=Y, 서비스구분=보건소 금연클리닉","4주평가성공여부=Y, 성별=여",0.05006,0.136336401764802,1.4513136232148394,0.015567110799999999
6주평가성공여부=Y,"4주평가성공여부=Y, 서비스구분=보건소 금연클리닉, 서비스상태=금연유지",0.21436,0.37202360291565423,1.4459872625763923,0.06611526399999998
"4주평가성공여부=Y, 서비스구분=보건소 금연클리닉, 서비스상태=금연유지",6주평가성공여부=Y,0.21436,0.8331778606965173,1.4459872625763923,0.06611526399999998
"4주평가성공여부=미실시, 서비스구분=보건소 금연클리닉","6개월평가성공여부=미실시, 성별=여",0.0548,0.1861413043478261,1.4445235476317406,0.016863616000000005
"6개월평가성공여부=미실시, 성별=여","4주평가성공여부=미실시, 서비스구분=보건소 금연클리닉",0.0548,0.42526773242278443,1.4445235476317406,0.016863616000000005
6주평가성공여부=Y,"4주평가성공여부=Y, 서비스상태=금연유지, 성별=남",0.19776,0.3432141617493925,1.4425612043938825,0.06067049599999999
"4주평가성공여부=Y, 서비스상태=금연유지, 성별=남",6주평가성공여부=Y,0.19776,0.8312037659717552,1.4425612043938825,0.06067049599999999
"6주평가성공여부=Y, 서비스상태=정상종결","4주평가성공여부=Y, 등록유형=보건소",0.11224,0.7132689374682257,1.441996072837267,0.0344034496
"4주평가성공여부=Y, 등록유형=보건소","6주평가성공여부=Y, 서비스상태=정상종결",0.11224,0.22691250202167232,1.441996072837267,0.0344034496
"12주평가성공여부=Y, 서비스상태=정상종결","4주평가성공여부=Y, 등록유형=보건소",0.1122,0.7131960335621663,1.441848685027831,0.0343832352
"4주평가성공여부=Y, 등록유형=보건소","12주평가성공여부=Y, 서비스상태=정상종결",0.1122,0.22683163512857835,1.441848685027831,0.0343832352
"4주평가성공여부=Y, 등록유형=보건소, 서비스구분=보건소 금연클리닉",서비스상태=정상종결,0.11224,0.22691250202167232,1.4410802871946675,0.03435398560000001
"4주평가성공여부=Y, 등록유형=보건소",서비스상태=정상종결,0.11224,0.22691250202167232,1.4410802871946675,0.03435398560000001
서비스상태=정상종결,"4주평가성공여부=Y, 등록유형=보건소, 서비스구분=보건소 금연클리닉",0.11224,0.7128159532579703,1.4410802871946673,0.03435398560000001
서비스상태=정상종결,"4주평가성공여부=Y, 등록유형=보건소",0.11224,0.7128159532579703,1.4410802871946673,0.03435398560000001
"6개월평가성공여부=Y, 서비스상태=정상종결","4주평가성공여부=Y, 등록유형=보건소",0.1122,0.712742980561555,1.4409327603136726,0.03433377119999999
"4주평가성공여부=Y, 등록유형=보건소","6개월평가성공여부=Y, 서비스상태=정상종결",0.1122,0.22683163512857835,1.4409327603136726,0.03433377119999999
12주평가성공여부=Y,"4주평가성공여부=Y, 서비스구분=보건소 금연클리닉, 성별=여",0.05006,0.12616563334845507,1.4395896091790858,0.015286200800000004
"4주평가성공여부=Y, 서비스구분=보건소 금연클리닉, 성별=여",12주평가성공여부=Y,0.05006,0.5712003651300777,1.4395896091790856,0.015286200800000004
"4주평가성공여부=Y, 서비스상태=금연유지",6주평가성공여부=Y,0.2267,0.8290060703576393,1.4387470849663992,0.06913234800000001
6주평가성공여부=Y,"4주평가성공여부=Y, 서비스상태=금연유지",0.2267,0.39343977785491147,1.438747084966399,0.06913234800000001
"4주평가성공여부=Y, 성별=여","12주평가성공여부=Y, 6주평가성공여부=Y",0.05356,0.5701511603150948,1.4370177445183356,0.016288365600000007
"12주평가성공여부=Y, 6주평가성공여부=Y","4주평가성공여부=Y, 성별=여",0.05356,0.13499344692005244,1.4370177445183356,0.016288365600000007
"4주평가성공여부=Y, 성별=여",12주평가성공여부=Y,0.05356,0.5701511603150948,1.4369453105375645,0.016286486800000007
12주평가성공여부=Y,"4주평가성공여부=Y, 성별=여",0.05356,0.1349866424718988,1.4369453105375642,0.016286486800000007
"4주평가성공여부=Y, 등록유형=보건소","서비스상태=정상종결, 성별=남",0.0976,0.1973152191492803,1.4356462394447052,0.0296166784
"서비스상태=정상종결, 성별=남","4주평가성공여부=Y, 등록유형=보건소",0.0976,0.710128055878929,1.4356462394447052,0.0296166784
"4주평가성공여부=Y, 등록유형=보건소, 서비스상태=중간종결",6주평가성공여부=Y,0.1353,0.8263100036643459,1.43406803829286,0.040953012
6주평가성공여부=Y,"4주평가성공여부=Y, 등록유형=보건소, 서비스상태=중간종결",0.1353,0.23481430059007288,1.43406803829286,0.040953012
"4주평가성공여부=Y, 등록유형=보건소, 서비스상태=금연유지",6주평가성공여부=Y,0.18056,0.8258324185876327,1.4332391853308446,0.05457963199999999
6주평가성공여부=Y,"4주평가성공여부=Y, 등록유형=보건소, 서비스상태=금연유지",0.18056,0.3133634154807358,1.4332391853308444,0.05457963199999999
등록유형=출장,"4주평가성공여부=Y, 서비스구분=보건소 금연클리닉, 서비스상태=중간종결",0.05334,0.31324876673713886,1.4314054411311408,0.016075924800000002
"4주평가성공여부=Y, 서비스구분=보건소 금연클리닉, 서비스상태=중간종결",등록유형=출장,0.05334,0.2437397185158106,1.4314054411311405,0.016075924800000002
6주평가성공여부=Y,"4주평가성공여부=Y, 6개월평가성공여부=미실시, 등록유형=출장",0.06764,0.11738979520999653,1.4301875634746166,0.020345504
"4주평가성공여부=Y, 6개월평가성공여부=미실시, 등록유형=출장",6주평가성공여부=Y,0.06764,0.8240740740740742,1.4301875634746166,0.020345504
"12주평가성공여부=미실시, 등록유형=보건소","6주평가성공여부=미실시, 서비스상태=중간종결",0.13874,0.32004613610149946,1.4291602040792153,0.04166201
"6주평가성공여부=미실시, 서비스상태=중간종결","12주평가성공여부=미실시, 등록유형=보건소",0.13874,0.6195409484683397,1.429160204079215,0.04166201
"6개월평가성공여부=미실시, 등록유형=보건소","12주평가성공여부=미실시, 서비스상태=금연유지",0.2317,0.4045465656318748,1.4285845244433746,0.0695114868
"12주평가성공여부=미실시, 서비스상태=금연유지","6개월평가성공여부=미실시, 등록유형=보건소",0.2317,0.8182075005296984,1.4285845244433746,0.0695114868
"6개월평가성공여부=미실시, 등록유형=보건소","4주평가성공여부=미실시, 서비스상태=금연유지",0.11934,0.20836679819813528,1.428343831903861,0.035788688799999996
"4주평가성공여부=미실시, 서비스상태=금연유지","6개월평가성공여부=미실시, 등록유형=보건소",0.11934,0.8180696462846174,1.428343831903861,0.035788688799999996
"6개월평가성공여부=미실시, 등록유형=보건소","6주평가성공여부=미실시, 서비스상태=금연유지",0.15742,0.27485420958899326,1.4267764202086444,0.0470873664
"6주평가성공여부=미실시, 서비스상태=금연유지","6개월평가성공여부=미실시, 등록유형=보건소",0.15742,0.817171926910299,1.4267764202086444,0.0470873664
6주평가성공여부=Y,"4주평가성공여부=Y, 서비스구분=보건소 금연클리닉, 서비스상태=중간종결",0.17988,0.3121832696980215,1.4265366007038087,0.053784391999999986
"4주평가성공여부=Y, 서비스구분=보건소 금연클리닉, 서비스상태=중간종결",6주평가성공여부=Y,0.17988,0.8219703893255347,1.4265366007038087,0.053784391999999986
"4주평가성공여부=미실시, 6주평가성공여부=미실시","6개월평가성공여부=미실시, 성별=여",0.06092,0.1837929161889821,1.426299209909841,0.0182080644
"6개월평가성공여부=미실시, 성별=여","4주평가성공여부=미실시, 6주평가성공여부=미실시",0.06092,0.47276113611671583,1.4262992099098408,0.0182080644
"12주평가성공여부=미실시, 등록유형=보건소","4주평가성공여부=미실시, 서비스상태=중간종결",0.11034,0.25453287197231833,1.426274078069698,0.03297758999999999
"4주평가성공여부=미실시, 서비스상태=중간종결","12주평가성공여부=미실시, 등록유형=보건소",0.11034,0.6182898128432142,1.426274078069698,0.03297758999999999
"6개월평가성공여부=미실시, 성별=여",4주평가성공여부=미실시,0.06092,0.47276113611671583,1.4262131534835158,0.018205487200000002
4주평가성공여부=미실시,"6개월평가성공여부=미실시, 성별=여",0.06092,0.18378182695788586,1.4262131534835158,0.018205487200000002
"12주평가성공여부=미실시, 4주평가성공여부=미실시","6개월평가성공여부=미실시, 성별=여",0.06092,0.18378182695788586,1.4262131534835158,0.018205487200000002
"6개월평가성공여부=미실시, 성별=여","12주평가성공여부=미실시, 4주평가성공여부=미실시",0.06092,0.47276113611671583,1.4262131534835158,0.018205487200000002
"6주평가성공여부=Y, 서비스상태=중간종결","4주평가성공여부=Y, 등록유형=보건소",0.1353,0.7043206663196252,1.423905600678524,0.040279656
"4주평가성공여부=Y, 등록유형=보건소","6주평가성공여부=Y, 서비스상태=중간종결",0.1353,0.27353226589034446,1.423905600678524,0.040279656
"6개월평가성공여부=미실시, 서비스상태=금연유지","12주평가성공여부=미실시, 등록유형=보건소",0.2317,0.6156666843811447,1.4202230320210951,0.06855660999999999
"12주평가성공여부=미실시, 등록유형=보건소","6개월평가성공여부=미실시, 서비스상태=금연유지",0.2317,0.5344867358708189,1.420223032021095,0.06855660999999999
"12주평가성공여부=Y, 서비스상태=중간종결","4주평가성공여부=Y, 등록유형=보건소",0.0725,0.7021111756730583,1.4194387345808228,0.021423473599999993
"4주평가성공여부=Y, 등록유형=보건소","12주평가성공여부=Y, 서비스상태=중간종결",0.0725,0.14657124373281577,1.4194387345808228,0.021423473599999993
"4주평가성공여부=Y, 서비스상태=중간종결","6주평가성공여부=Y, 서비스구분=보건소 금연클리닉",0.17988,0.7570069859439442,1.4125372927749371,0.05253468960000002
"6주평가성공여부=Y, 서비스구분=보건소 금연클리닉","4주평가성공여부=Y, 서비스상태=중간종결",0.17988,0.33564711150918053,1.4125372927749371,0.05253468960000002
"6개월평가성공여부=미실시, 서비스상태=금연유지","6주평가성공여부=미실시, 등록유형=보건소",0.15742,0.41829197002710317,1.4114319409741636,0.0458878776
"6주평가성공여부=미실시, 등록유형=보건소","6개월평가성공여부=미실시, 서비스상태=금연유지",0.15742,0.5311782966662167,1.4114319409741636,0.0458878776
"4주평가성공여부=Y, 서비스상태=중간종결, 성별=남",6주평가성공여부=Y,0.16146,0.8103794418791407,1.4064204128412714,0.04665791199999998
6주평가성공여부=Y,"4주평가성공여부=Y, 서비스상태=중간종결, 성별=남",0.16146,0.28021520305449493,1.4064204128412714,0.04665791199999998
"4주평가성공여부=Y, 6개월평가성공여부=미실시, 서비스구분=보건소 금연클리닉",6주평가성공여부=Y,0.3457,0.8085414912526897,1.403230633899149,0.099339928
6주평가성공여부=Y,"4주평가성공여부=Y, 6개월평가성공여부=미실시, 서비스구분=보건소 금연클리닉",0.3457,0.5999652898299201,1.403230633899149,0.099339928
6주평가성공여부=Y,"4주평가성공여부=Y, 서비스상태=중간종결",0.19208,0.33335647344671987,1.4028973716299968,0.055163356
"4주평가성공여부=Y, 서비스상태=중간종결",6주평가성공여부=Y,0.19208,0.8083494655332043,1.4028973716299968,0.055163356
"4주평가성공여부=Y, 6개월평가성공여부=미실시","6주평가성공여부=Y, 등록유형=보건소",0.27646,0.5991764195925444,1.3995525076907045,0.07892543199999999
"6주평가성공여부=Y, 등록유형=보건소","4주평가성공여부=Y, 6개월평가성공여부=미실시",0.27646,0.645753527048491,1.3995525076907045,0.07892543199999999
"4주평가성공여부=Y, 6개월평가성공여부=미실시, 등록유형=보건소",6주평가성공여부=Y,0.27646,0.806099836715652,1.3989931216863103,0.07884644799999999
6주평가성공여부=Y,"4주평가성공여부=Y, 6개월평가성공여부=미실시, 등록유형=보건소",0.27646,0.4797986810135369,1.39899312168631,0.07884644799999999
"6주평가성공여부=Y, 서비스구분=보건소 금연클리닉","4주평가성공여부=Y, 6개월평가성공여부=미실시",0.3457,0.6450589640244814,1.3980471695372376,0.09842651200000005
"4주평가성공여부=Y, 6개월평가성공여부=미실시","6주평가성공여부=Y, 서비스구분=보건소 금연클리닉",0.3457,0.7492414390983962,1.3980471695372374,0.09842651200000005
"6개월평가성공여부=미실시, 성별=여","6주평가성공여부=미실시, 서비스구분=보건소 금연클리닉",0.06772,0.5255315846655285,1.3967988110395717,0.019237713599999998
"6주평가성공여부=미실시, 서비스구분=보건소 금연클리닉","6개월평가성공여부=미실시, 성별=여",0.06772,0.1799914947905592,1.3967988110395717,0.019237713599999998
"6개월평가성공여부=미실시, 서비스구분=보건소 금연클리닉, 성별=여",4주평가성공여부=미실시,0.0548,0.462525320729237,1.3953340193352148,0.0155262496
4주평가성공여부=미실시,"6개월평가성공여부=미실시, 서비스구분=보건소 금연클리닉, 성별=여",0.0548,0.16531917461083626,1.3953340193352148,0.0155262496
"4주평가성공여부=Y, 6개월평가성공여부=미실시, 서비스상태=중간종결",6주평가성공여부=Y,0.18534,0.8028242224724942,1.3933082653115136,0.05231846799999998
6주평가성공여부=Y,"4주평가성공여부=Y, 6개월평가성공여부=미실시, 서비스상태=중간종결",0.18534,0.321659146129816,1.3933082653115134,0.05231846799999998
6주평가성공여부=Y,"4주평가성공여부=Y, 6개월평가성공여부=미실시, 성별=남",0.31554,0.5476223533495314,1.3918120097329625,0.08882834799999997
"4주평가성공여부=Y, 6개월평가성공여부=미실시, 성별=남",6주평가성공여부=Y,0.31554,0.801962080008133,1.3918120097329623,0.08882834799999997
등록유형=출장,"서비스구분=보건소 금연클리닉, 서비스상태=중간종결, 성별=남",0.07236,0.4249471458773784,1.3899880474858644,0.0203019984
"서비스구분=보건소 금연클리닉, 서비스상태=중간종결, 성별=남",등록유형=출장,0.07236,0.23668716472589296,1.3899880474858644,0.0203019984
6주평가성공여부=Y,"4주평가성공여부=Y, 6개월평가성공여부=미실시",0.36912,0.6406108989934051,1.3884068031933356,0.10326131999999999
"4주평가성공여부=Y, 6개월평가성공여부=미실시",6주평가성공여부=Y,0.36912,0.8,1.3884068031933356,0.10326131999999999
"12주평가성공여부=미실시, 서비스구분=보건소 금연클리닉","6개월평가성공여부=미실시, 등록유형=보건소",0.43334,0.7951192660550458,1.3882726299106851,0.12119669999999999
"6개월평가성공여부=미실시, 등록유형=보건소","12주평가성공여부=미실시, 서비스구분=보건소 금연클리닉",0.43334,0.7566085833013234,1.3882726299106851,0.12119669999999999
"6개월평가성공여부=미실시, 서비스구분=보건소 금연클리닉","12주평가성공여부=미실시, 등록유형=출장",0.09492,0.1314863554508935,1.3852334118298935,0.026397251999999996
"6주평가성공여부=미실시, 등록유형=출장","6개월평가성공여부=미실시, 서비스구분=보건소 금연클리닉",0.06436,1.0,1.3852334118298935,0.017898516000000003
"6개월평가성공여부=미실시, 서비스구분=보건소 금연클리닉","6주평가성공여부=미실시, 등록유형=출장",0.06436,0.08915362238537194,1.3852334118298935,0.017898516000000003
"12주평가성공여부=미실시, 등록유형=출장","6개월평가성공여부=미실시, 서비스구분=보건소 금연클리닉",0.09492,1.0,1.3852334118298935,0.026397251999999996
"6주평가성공여부=미실시, 등록유형=보건소","6개월평가성공여부=미실시, 서비스구분=보건소 금연클리닉",0.29628,0.9997300580375218,1.3848594792042137,0.08233771599999998
"6개월평가성공여부=미실시, 서비스구분=보건소 금연클리닉","6주평가성공여부=미실시, 등록유형=보건소",0.29628,0.4104169552569608,1.3848594792042137,0.08233771599999998
"4주평가성공여부=미실시, 등록유형=보건소","6개월평가성공여부=미실시, 서비스구분=보건소 금연클리닉",0.22978,0.999651962063865,1.3847512980521748,0.063844066
"6개월평가성공여부=미실시, 서비스구분=보건소 금연클리닉","4주평가성공여부=미실시, 등록유형=보건소",0.22978,0.31829893337027293,1.3847512980521748,0.063844066
"6개월평가성공여부=미실시, 서비스구분=보건소 금연클리닉","12주평가성공여부=미실시, 등록유형=보건소",0.43334,0.600277046682366,1.384722137675585,0.12039634999999999
"12주평가성공여부=미실시, 등록유형=보건소","6개월평가성공여부=미실시, 서비스구분=보건소 금연클리닉",0.43334,0.9996309111880046,1.3847221376755847,0.12039634999999999
"6주평가성공여부=Y, 등록유형=출장","4주평가성공여부=Y, 6개월평가성공여부=미실시",0.06764,0.6388364185870797,1.384560941887906,0.018786968000000008
"4주평가성공여부=Y, 6개월평가성공여부=미실시","6주평가성공여부=Y, 등록유형=출장",0.06764,0.1465973125270915,1.384560941887906,0.018786968000000008
6주평가성공여부=Y,"4주평가성공여부=Y, 6개월평가성공여부=미실시, 서비스상태=금연유지",0.1837,0.3188129121832697,1.3833763437614757,0.05090894799999998
"4주평가성공여부=Y, 6개월평가성공여부=미실시, 서비스상태=금연유지",6주평가성공여부=Y,0.1837,0.7971014492753623,1.3833763437614757,0.05090894799999998
"6개월평가성공여부=미실시, 성별=여","12주평가성공여부=미실시, 서비스상태=중간종결",0.05576,0.43271767810026385,1.3833685361261632,0.015452591999999994
"12주평가성공여부=미실시, 서비스상태=중간종결","6개월평가성공여부=미실시, 성별=여",0.05576,0.17826086956521736,1.383368536126163,0.015452591999999994
"6개월평가성공여부=미실시, 서비스상태=금연유지","4주평가성공여부=미실시, 등록유형=보건소",0.11934,0.31710687144603283,1.379565263403954,0.03283448759999999
"4주평가성공여부=미실시, 등록유형=보건소","6개월평가성공여부=미실시, 서비스상태=금연유지",0.11934,0.519185591229444,1.3795652634039537,0.03283448759999999
"12주평가성공여부=미실시, 6주평가성공여부=미실시","6개월평가성공여부=미실시, 성별=여",0.07528,0.17766449542150478,1.3787404580281295,0.020679440799999997
"6개월평가성공여부=미실시, 성별=여","12주평가성공여부=미실시, 6주평가성공여부=미실시",0.07528,0.584199906875679,1.3787404580281295,0.020679440799999997
6주평가성공여부=미실시,"6개월평가성공여부=미실시, 성별=여",0.07528,0.1776561098786992,1.3786753831964862,0.020676863599999998
"6개월평가성공여부=미실시, 성별=여",6주평가성공여부=미실시,0.07528,0.584199906875679,1.3786753831964862,0.020676863599999998
"6주평가성공여부=Y, 성별=남","4주평가성공여부=Y, 6개월평가성공여부=미실시",0.31554,0.6353495489690721,1.3770037905701609,0.08639030399999997
"4주평가성공여부=Y, 6개월평가성공여부=미실시","6주평가성공여부=Y, 성별=남",0.31554,0.6838751625487647,1.3770037905701609,0.08639030399999997
"6주평가성공여부=Y, 서비스상태=중간종결","12주평가성공여부=Y, 서비스구분=보건소 금연클리닉",0.09706,0.505257678292556,1.3760490176277465,0.026524722
"12주평가성공여부=Y, 서비스구분=보건소 금연클리닉","6주평가성공여부=Y, 서비스상태=중간종결",0.09706,0.2643390162862901,1.3760490176277465,0.026524722
"6개월평가성공여부=미실시, 등록유형=보건소","6주평가성공여부=미실시, 서비스구분=보건소 금연클리닉",0.29628,0.517302790096728,1.374927679398065,0.08079230239999996
"6주평가성공여부=미실시, 서비스구분=보건소 금연클리닉","6개월평가성공여부=미실시, 등록유형=보건소",0.29628,0.7874760790984477,1.374927679398065,0.08079230239999996
"6개월평가성공여부=미실시, 서비스구분=보건소 금연클리닉, 서비스상태=중간종결",등록유형=출장,0.08518,0.23356183164244584,1.3716339654830036,0.023078884000000008
등록유형=출장,"6개월평가성공여부=미실시, 서비스구분=보건소 금연클리닉, 서비스상태=중간종결",0.08518,0.5002349072116514,1.3716339654830036,0.023078884000000008
6주평가성공여부=Y,"4주평가성공여부=Y, 6개월평가성공여부=미실시, 성별=여",0.05358,0.09298854564387365,1.368686276771764,0.014432972000000002
"4주평가성공여부=Y, 6개월평가성공여부=미실시, 성별=여",6주평가성공여부=Y,0.05358,0.7886370326758905,1.368686276771764,0.014432972000000002
"4주평가성공여부=Y, 서비스상태=중간종결","6주평가성공여부=Y, 성별=남",0.16146,0.6794882585640939,1.3681706237195834,0.043448403199999985
"6주평가성공여부=Y, 성별=남","4주평가성공여부=Y, 서비스상태=중간종결",0.16146,0.3251047036082474,1.3681706237195834,0.043448403199999985
"4주평가성공여부=미실시, 서비스구분=보건소 금연클리닉","등록유형=보건소, 서비스상태=중간종결",0.11034,0.3747961956521739,1.367470065864616,0.029650847999999994
"등록유형=보건소, 서비스상태=중간종결","4주평가성공여부=미실시, 서비스구분=보건소 금연클리닉",0.11034,0.4025831873905429,1.3674700658646157,0.029650847999999994
등록유형=출장,"서비스구분=보건소 금연클리닉, 서비스상태=중간종결",0.08638,0.5072821235611934,1.3666741838493275,0.023175469599999998
"서비스구분=보건소 금연클리닉, 서비스상태=중간종결",등록유형=출장,0.08638,0.23271728002586345,1.3666741838493275,0.023175469599999998
"등록유형=출장, 서비스상태=중간종결","6개월평가성공여부=미실시, 서비스구분=보건소 금연클리닉",0.08518,0.9861078953461451,1.365989604302736,0.02282227800000001
"6개월평가성공여부=미실시, 서비스구분=보건소 금연클리닉","등록유형=출장, 서비스상태=중간종결",0.08518,0.11799418201967032,1.365989604302736,0.02282227800000001
"6개월평가성공여부=미실시, 등록유형=보건소","4주평가성공여부=미실시, 서비스구분=보건소 금연클리닉",0.22978,0.4011942591751929,1.3627522390461717,0.06116534400000001
"4주평가성공여부=미실시, 서비스구분=보건소 금연클리닉","6개월평가성공여부=미실시, 등록유형=보건소",0.22978,0.7805027173913044,1.3627522390461717,0.06116534400000001
"6주평가성공여부=Y, 서비스구분=보건소 금연클리닉, 서비스상태=중간종결",12주평가성공여부=Y,0.09706,0.5395819435179008,1.3599020704619706,0.02568721359999998
12주평가성공여부=Y,"6주평가성공여부=Y, 서비스구분=보건소 금연클리닉, 서비스상태=중간종결",0.09706,0.2446191844346993,1.3599020704619706,0.02568721359999998
"6개월평가성공여부=미실시, 서비스구분=보건소 금연클리닉","등록유형=보건소, 서비스상태=중간종결",0.2688,0.3723507410998753,1.358547654334046,0.070941648
"등록유형=보건소, 서비스상태=중간종결","6개월평가성공여부=미실시, 서비스구분=보건소 금연클리닉",0.2688,0.9807355516637478,1.358547654334046,0.070941648
"서비스구분=보건소 금연클리닉, 서비스상태=금연유지","12주평가성공여부=미실시, 등록유형=보건소",0.23172,0.5882412672623883,1.3569579406283467,0.06095568000000001
"12주평가성공여부=미실시, 등록유형=보건소","서비스구분=보건소 금연클리닉, 서비스상태=금연유지",0.23172,0.5345328719723184,1.3569579406283467,0.06095568000000001
12주평가성공여부=Y,"4주평가성공여부=Y, 6주평가성공여부=Y, 서비스상태=중간종결",0.10324,0.26019456625837994,1.3546156094251351,0.02702649759999999
"4주평가성공여부=Y, 6주평가성공여부=Y, 서비스상태=중간종결",12주평가성공여부=Y,0.10324,0.5374843815077052,1.3546156094251351,0.02702649759999999
"6주평가성공여부=Y, 서비스상태=중간종결",12주평가성공여부=Y,0.10324,0.5374284226965123,1.3544745770868296,0.027018561999999996
"6주평가성공여부=Y, 서비스상태=중간종결","12주평가성공여부=Y, 4주평가성공여부=Y",0.10324,0.5374284226965123,1.3544745770868296,0.027018561999999996
12주평가성공여부=Y,"6주평가성공여부=Y, 서비스상태=중간종결",0.10324,0.26019456625837994,1.3544745770868296,0.027018561999999996
"12주평가성공여부=Y, 4주평가성공여부=Y","6주평가성공여부=Y, 서비스상태=중간종결",0.10324,0.26019456625837994,1.3544745770868296,0.027018561999999996
12주평가성공여부=Y,"6주평가성공여부=Y, 서비스상태=중간종결, 성별=남",0.08652,0.2180553455315288,1.3503551246688679,0.022447965599999994
"6주평가성공여부=Y, 서비스상태=중간종결, 성별=남",12주평가성공여부=Y,0.08652,0.5357939063661135,1.3503551246688679,0.022447965599999994
12주평가성공여부=Y,"6주평가성공여부=Y, 등록유형=보건소, 서비스상태=중간종결",0.07248,0.18267049750491457,1.3501145417953775,0.018795665999999996
"6주평가성공여부=Y, 등록유형=보건소, 서비스상태=중간종결",12주평가성공여부=Y,0.07248,0.5356984478935698,1.3501145417953773,0.018795665999999996
"등록유형=보건소, 서비스상태=중간종결","12주평가성공여부=미실시, 서비스구분=보건소 금연클리닉",0.20156,0.7354057209573847,1.3493682953346506,0.052186399999999994
"12주평가성공여부=미실시, 서비스구분=보건소 금연클리닉","등록유형=보건소, 서비스상태=중간종결",0.20156,0.36983486238532104,1.3493682953346506,0.052186399999999994
"6개월평가성공여부=미실시, 성별=여","서비스구분=보건소 금연클리닉, 서비스상태=중간종결",0.06454,0.5008536396088779,1.3493551366153291,0.0167097452
"서비스구분=보건소 금연클리닉, 서비스상태=중간종결","6개월평가성공여부=미실시, 성별=여",0.06454,0.1738779029042513,1.3493551366153291,0.0167097452
"서비스구분=보건소 금연클리닉, 서비스상태=중간종결","등록유형=출장, 성별=남",0.07236,0.19494584837545123,1.3492929704834664,0.01873191359999999
"등록유형=출장, 성별=남","서비스구분=보건소 금연클리닉, 서비스상태=중간종결",0.07236,0.5008305647840531,1.3492929704834664,0.01873191359999999
6주평가성공여부=미실시,"6개월평가성공여부=미실시, 서비스구분=보건소 금연클리닉, 성별=여",0.06772,0.15981498088450466,1.3488772863310656,0.017515284800000003
"6개월평가성공여부=미실시, 서비스구분=보건소 금연클리닉, 성별=여",6주평가성공여부=미실시,0.06772,0.5715732613099257,1.3488772863310654,0.017515284800000003
"서비스구분=보건소 금연클리닉, 서비스상태=금연유지","6주평가성공여부=미실시, 등록유형=보건소",0.15742,0.3996242891957758,1.34844206099263,0.0406778688
"6주평가성공여부=미실시, 등록유형=보건소","서비스구분=보건소 금연클리닉, 서비스상태=금연유지",0.15742,0.5311782966662167,1.3484420609926298,0.0406778688
"6개월평가성공여부=미실시, 등록유형=보건소","서비스구분=보건소 금연클리닉, 서비스상태=금연유지",0.30378,0.5303977371931418,1.346460543240104,0.07816625919999998
"서비스구분=보건소 금연클리닉, 서비스상태=금연유지","6개월평가성공여부=미실시, 등록유형=보건소",0.30378,0.7711718115353371,1.3464605432401038,0.07816625919999998
"등록유형=보건소, 서비스상태=중간종결","6주평가성공여부=미실시, 서비스구분=보건소 금연클리닉",0.13876,0.5062755399883245,1.3456185944831078,0.0356401408
"6주평가성공여부=미실시, 서비스구분=보건소 금연클리닉","등록유형=보건소, 서비스상태=중간종결",0.13876,0.3688071443759302,1.3456185944831078,0.0356401408
"6개월평가성공여부=미실시, 서비스상태=중간종결","12주평가성공여부=미실시, 성별=여",0.05576,0.13621927981628965,1.3444461095172686,0.014285671200000002
"12주평가성공여부=미실시, 성별=여","6개월평가성공여부=미실시, 서비스상태=중간종결",0.05576,0.5503355704697986,1.3444461095172684,0.014285671200000002
"6개월평가성공여부=미실시, 서비스상태=금연유지","12주평가성공여부=미실시, 4주평가성공여부=Y",0.13728,0.3647765318594888,1.3426698021918757,0.03503594880000002
"12주평가성공여부=미실시, 4주평가성공여부=Y","6개월평가성공여부=미실시, 서비스상태=금연유지",0.13728,0.5053003533568905,1.3426698021918757,0.03503594880000002
"12주평가성공여부=미실시, 6주평가성공여부=Y","6개월평가성공여부=미실시, 서비스상태=금연유지",0.09052,0.5044583147570219,1.340432361048578,0.022989550400000003
"6개월평가성공여부=미실시, 서비스상태=금연유지","12주평가성공여부=미실시, 6주평가성공여부=Y",0.09052,0.24052718286655683,1.340432361048578,0.022989550400000003
"12주평가성공여부=Y, 등록유형=보건소","4주평가성공여부=Y, 서비스상태=금연유지",0.10626,0.3651797374389992,1.3354045836283157,0.02668860919999999
"4주평가성공여부=Y, 서비스상태=금연유지","12주평가성공여부=Y, 등록유형=보건소",0.10626,0.38857602574416733,1.3354045836283157,0.02668860919999999
서비스상태=중간종결,"6개월평가성공여부=미실시, 성별=여",0.07152,0.1718817591925018,1.3338643426393124,0.017901353999999994
"6개월평가성공여부=미실시, 성별=여",서비스상태=중간종결,0.07152,0.5550209529722179,1.3338643426393122,0.017901353999999994
"12주평가성공여부=미실시, 6주평가성공여부=Y","6개월평가성공여부=미실시, 등록유형=보건소",0.13708,0.7639322336156934,1.333820291259024,0.034307534400000006
"6개월평가성공여부=미실시, 등록유형=보건소","12주평가성공여부=미실시, 6주평가성공여부=Y",0.13708,0.23934071306351923,1.3338202912590238,0.034307534400000006
"4주평가성공여부=Y, 서비스상태=중간종결","6주평가성공여부=Y, 등록유형=보건소",0.1353,0.5693965154448279,1.3299927951154535,0.0335701256
"6주평가성공여부=Y, 등록유형=보건소","4주평가성공여부=Y, 서비스상태=중간종결",0.1353,0.316032887975334,1.3299927951154533,0.0335701256
등록유형=출장,"12주평가성공여부=미실시, 서비스구분=보건소 금연클리닉, 서비스상태=중간종결",0.06196,0.36387127084801507,1.3277066001897944,0.015293063199999998
"12주평가성공여부=미실시, 서비스구분=보건소 금연클리닉, 서비스상태=중간종결",등록유형=출장,0.06196,0.22608187988031817,1.3277066001897944,0.015293063199999998
등록유형=출장,"4주평가성공여부=Y, 6개월평가성공여부=미실시, 서비스상태=중간종결",0.05214,0.30620155038759694,1.3263516866828249,0.012829159200000002
"4주평가성공여부=Y, 6개월평가성공여부=미실시, 서비스상태=중간종결",등록유형=출장,0.05214,0.22585116520835136,1.3263516866828247,0.012829159200000002
"12주평가성공여부=미실시, 6개월평가성공여부=미실시, 성별=여",서비스상태=중간종결,0.05576,0.5507704464638483,1.323649234472118,0.013634035999999995
서비스상태=중간종결,"12주평가성공여부=미실시, 6개월평가성공여부=미실시, 성별=여",0.05576,0.1340062484979572,1.3236492344721178,0.013634035999999995
서비스상태=중간종결,"12주평가성공여부=미실시, 성별=여",0.05578,0.13405431386685893,1.3230785024364284,0.013620748000000002
"12주평가성공여부=미실시, 성별=여",서비스상태=중간종결,0.05578,0.5505329648637979,1.3230785024364284,0.013620748000000002
"12주평가성공여부=미실시, 서비스구분=보건소 금연클리닉","6개월평가성공여부=미실시, 등록유형=출장",0.09492,0.1741651376146789,1.3190331537009914,0.022958199999999998
"6개월평가성공여부=미실시, 등록유형=출장","12주평가성공여부=미실시, 서비스구분=보건소 금연클리닉",0.09492,0.7188730687670404,1.3190331537009914,0.022958199999999998
"등록유형=출장, 서비스구분=보건소 금연클리닉","4주평가성공여부=Y, 서비스상태=중간종결",0.05334,0.31324876673713886,1.3182760993903664,0.012878066399999999
"4주평가성공여부=Y, 서비스상태=중간종결","등록유형=출장, 서비스구분=보건소 금연클리닉",0.05334,0.22447605420419156,1.3182760993903664,0.012878066399999999
등록유형=출장,"4주평가성공여부=Y, 서비스상태=중간종결",0.05334,0.31324876673713886,1.3182760993903664,0.012878066399999999
"4주평가성공여부=Y, 서비스상태=중간종결",등록유형=출장,0.05334,0.22447605420419156,1.3182760993903664,0.012878066399999999
"서비스구분=보건소 금연클리닉, 서비스상태=금연유지","4주평가성공여부=미실시, 등록유형=보건소",0.11934,0.3029549147034931,1.3179975406921305,0.0287935488
"4주평가성공여부=미실시, 등록유형=보건소","서비스구분=보건소 금연클리닉, 서비스상태=금연유지",0.11934,0.519185591229444,1.3179975406921303,0.0287935488
"등록유형=출장, 서비스상태=중간종결","12주평가성공여부=미실시, 서비스구분=보건소 금연클리닉",0.06196,0.7172956702940496,1.3161388445762376,0.014882899999999998
"12주평가성공여부=미실시, 서비스구분=보건소 금연클리닉","등록유형=출장, 서비스상태=중간종결",0.06196,0.11368807339449541,1.3161388445762376,0.014882899999999998
"12주평가성공여부=미실시, 4주평가성공여부=Y, 등록유형=보건소",서비스상태=금연유지,0.11238,0.5518562168532705,1.3160113913608777,0.026985602400000003
서비스상태=금연유지,"12주평가성공여부=미실시, 4주평가성공여부=Y, 등록유형=보건소",0.11238,0.26799255973672914,1.3160113913608777,0.026985602400000003
"12주평가성공여부=미실시, 4주평가성공여부=미실시","6개월평가성공여부=미실시, 서비스상태=중간종결",0.17846,0.5383733558585737,1.3152229341343962,0.04277197680000003
"6개월평가성공여부=미실시, 서비스상태=중간종결","12주평가성공여부=미실시, 4주평가성공여부=미실시",0.17846,0.4359700982068696,1.3152229341343962,0.04277197680000003
"6개월평가성공여부=미실시, 서비스상태=중간종결",4주평가성공여부=미실시,0.17846,0.4359700982068696,1.3152229341343962,0.04277197680000003
4주평가성공여부=미실시,"6개월평가성공여부=미실시, 서비스상태=중간종결",0.17846,0.5383733558585737,1.3152229341343962,0.04277197680000003
"4주평가성공여부=미실시, 6주평가성공여부=미실시","6개월평가성공여부=미실시, 서비스상태=중간종결",0.17844,0.5383455017196646,1.3151548876720198,0.04276016360000001
"6개월평가성공여부=미실시, 서비스상태=중간종결","4주평가성공여부=미실시, 6주평가성공여부=미실시",0.17844,0.43592123906776764,1.3151548876720198,0.04276016360000001
"12주평가성공여부=미실시, 서비스구분=보건소 금연클리닉","6개월평가성공여부=미실시, 성별=여",0.09234,0.16943119266055046,1.3148470639496388,0.0221113
"6개월평가성공여부=미실시, 성별=여","12주평가성공여부=미실시, 서비스구분=보건소 금연클리닉",0.09234,0.7165916498525532,1.3148470639496388,0.0221113
12주평가성공여부=Y,"6개월평가성공여부=미실시, 6주평가성공여부=Y, 서비스상태=중간종결",0.09652,0.243258228741368,1.3123555715438497,0.022972859199999987
"6개월평가성공여부=미실시, 6주평가성공여부=Y, 서비스상태=중간종결",12주평가성공여부=Y,0.09652,0.5207164436771687,1.3123555715438497,0.022972859199999987
"6주평가성공여부=Y, 서비스상태=중간종결","12주평가성공여부=Y, 성별=남",0.08652,0.45039042165538784,1.312249931983532,0.020587438
"12주평가성공여부=Y, 성별=남","6주평가성공여부=Y, 서비스상태=중간종결",0.08652,0.25208321193403643,1.3122499319835317,0.020587438
"6개월평가성공여부=미실시, 서비스구분=보건소 금연클리닉, 성별=여",서비스상태=중간종결,0.06454,0.5447332883187036,1.3091403228039018,0.015240471999999998
서비스상태=중간종결,"6개월평가성공여부=미실시, 서비스구분=보건소 금연클리닉, 성별=여",0.06454,0.15510694544580628,1.3091403228039018,0.015240471999999998
"4주평가성공여부=Y, 6개월평가성공여부=미실시","등록유형=출장, 서비스상태=중간종결",0.05214,0.11300390117035111,1.3082183511270098,0.012284268000000001
"등록유형=출장, 서비스상태=중간종결","4주평가성공여부=Y, 6개월평가성공여부=미실시",0.05214,0.6036119472100023,1.3082183511270098,0.012284268000000001
"6개월평가성공여부=미실시, 등록유형=보건소","12주평가성공여부=미실시, 4주평가성공여부=Y",0.20356,0.3554143241261305,1.3082093791450624,0.047957996799999986
"12주평가성공여부=미실시, 4주평가성공여부=Y","6개월평가성공여부=미실시, 등록유형=보건소",0.20356,0.749263839811543,1.3082093791450622,0.047957996799999986
"6개월평가성공여부=미실시, 6주평가성공여부=Y","12주평가성공여부=Y, 서비스구분=보건소 금연클리닉",0.17702,0.4795470553177656,1.306027167377759,0.04147917479999999
"12주평가성공여부=Y, 서비스구분=보건소 금연클리닉","6개월평가성공여부=미실시, 6주평가성공여부=Y",0.17702,0.482106868565826,1.306027167377759,0.04147917479999999
"6개월평가성공여부=미실시, 서비스상태=중간종결","4주평가성공여부=미실시, 성별=남",0.14434,0.35261640689891044,1.3033799323534798,0.033597156399999994
"4주평가성공여부=미실시, 성별=남","6개월평가성공여부=미실시, 서비스상태=중간종결",0.14434,0.5335255415095734,1.3033799323534798,0.033597156399999994
12주평가성공여부=미실시,"6개월평가성공여부=미실시, 성별=여",0.10124,0.1678437613979243,1.3025280257482874,0.02351422519999999
"6개월평가성공여부=미실시, 성별=여",12주평가성공여부=미실시,0.10124,0.785658854570852,1.3025280257482874,0.02351422519999999
"6개월평가성공여부=미실시, 서비스구분=보건소 금연클리닉","12주평가성공여부=미실시, 6주평가성공여부=Y",0.16868,0.2336611719074664,1.3021688135725948,0.03914226400000001
"12주평가성공여부=미실시, 6주평가성공여부=Y","6개월평가성공여부=미실시, 서비스구분=보건소 금연클리닉",0.16868,0.9400356665180563,1.3021688135725948,0.03914226400000001
"6개월평가성공여부=미실시, 서비스구분=보건소 금연클리닉","12주평가성공여부=미실시, 서비스상태=금연유지",0.26544,0.3676963568361269,1.2984545407024752,0.061012358000000017
"12주평가성공여부=미실시, 서비스상태=금연유지","6개월평가성공여부=미실시, 서비스구분=보건소 금연클리닉",0.26544,0.9373543329331169,1.2984545407024752,0.061012358000000017
"12주평가성공여부=Y, 등록유형=보건소","6개월평가성공여부=미실시, 6주평가성공여부=Y",0.13938,0.47900199326414183,1.297616062372384,0.03196764279999999
"6개월평가성공여부=미실시, 6주평가성공여부=Y","12주평가성공여부=Y, 등록유형=보건소",0.13938,0.3775803218291163,1.297616062372384,0.03196764279999999
"6개월평가성공여부=미실시, 서비스구분=보건소 금연클리닉","4주평가성공여부=미실시, 서비스상태=금연유지",0.13664,0.18927829339243665,1.297493099756215,0.031329228
"4주평가성공여부=미실시, 서비스상태=금연유지","6개월평가성공여부=미실시, 서비스구분=보건소 금연클리닉",0.13664,0.9366602687140115,1.2974930997562149,0.031329228
"6주평가성공여부=Y, 서비스상태=중간종결","12주평가성공여부=Y, 등록유형=보건소",0.07248,0.3773034877667882,1.2966646771832708,0.016582742000000004
"12주평가성공여부=Y, 등록유형=보건소","6주평가성공여부=Y, 서비스상태=중간종결",0.07248,0.24908928448690631,1.2966646771832708,0.016582742000000004
12주평가성공여부=Y,"4주평가성공여부=Y, 6개월평가성공여부=미실시, 6주평가성공여부=Y",0.18978,0.4783003175563284,1.2957854290104258,0.04332056639999998
"4주평가성공여부=Y, 6개월평가성공여부=미실시, 6주평가성공여부=Y",12주평가성공여부=Y,0.18978,0.5141417425227568,1.2957854290104258,0.04332056639999998
"6개월평가성공여부=미실시, 6주평가성공여부=Y","12주평가성공여부=Y, 4주평가성공여부=Y",0.18978,0.5141138863303896,1.2957152233741356,0.043312630799999974
12주평가성공여부=Y,"6개월평가성공여부=미실시, 6주평가성공여부=Y",0.18978,0.4783003175563284,1.2957152233741356,0.043312630799999974
"6개월평가성공여부=미실시, 6주평가성공여부=Y",12주평가성공여부=Y,0.18978,0.5141138863303896,1.2957152233741356,0.043312630799999974
"12주평가성공여부=Y, 4주평가성공여부=Y","6개월평가성공여부=미실시, 6주평가성공여부=Y",0.18978,0.4783003175563284,1.2957152233741356,0.043312630799999974
"6개월평가성공여부=미실시, 등록유형=출장","6주평가성공여부=미실시, 서비스구분=보건소 금연클리닉",0.06436,0.4874280521054226,1.295524272021642,0.014681270400000002
"6주평가성공여부=미실시, 서비스구분=보건소 금연클리닉","6개월평가성공여부=미실시, 등록유형=출장",0.06436,0.1710610248777376,1.295524272021642,0.014681270400000002
12주평가성공여부=Y,"6개월평가성공여부=미실시, 6주평가성공여부=Y, 성별=남",0.16216,0.40868995413075254,1.2951259796259111,0.0369521032
"6개월평가성공여부=미실시, 6주평가성공여부=Y, 성별=남",12주평가성공여부=Y,0.16216,0.513880086195969,1.2951259796259111,0.0369521032
"4주평가성공여부=미실시, 6개월평가성공여부=미실시",서비스상태=중간종결,0.17846,0.5385033192516597,1.2941680347312177,0.040564460000000024
서비스상태=중간종결,"4주평가성공여부=미실시, 6개월평가성공여부=미실시",0.17846,0.4288872867099255,1.2941680347312177,0.040564460000000024
"12주평가성공여부=미실시, 4주평가성공여부=미실시, 6개월평가성공여부=미실시",서비스상태=중간종결,0.17846,0.5385033192516597,1.2941680347312177,0.040564460000000024
서비스상태=중간종결,"12주평가성공여부=미실시, 4주평가성공여부=미실시, 6개월평가성공여부=미실시",0.17846,0.4288872867099255,1.2941680347312177,0.040564460000000024
"6개월평가성공여부=미실시, 서비스상태=금연유지","12주평가성공여부=미실시, 서비스구분=보건소 금연클리닉",0.26544,0.7053196577562842,1.2941645096445582,0.06033469999999999
"12주평가성공여부=미실시, 서비스구분=보건소 금연클리닉","6개월평가성공여부=미실시, 서비스상태=금연유지",0.26544,0.487045871559633,1.2941645096445582,0.06033469999999999
서비스상태=중간종결,"4주평가성공여부=미실시, 6개월평가성공여부=미실시, 6주평가성공여부=미실시",0.17844,0.42883922134102376,1.294101096448258,0.04055278199999998
"4주평가성공여부=미실시, 6개월평가성공여부=미실시, 6주평가성공여부=미실시",서비스상태=중간종결,0.17844,0.5384754662321202,1.294101096448258,0.04055278199999998
4주평가성공여부=미실시,서비스상태=중간종결,0.17846,0.5383733558585737,1.2938556978095979,0.040531172000000004
서비스상태=중간종결,"12주평가성공여부=미실시, 4주평가성공여부=미실시",0.17846,0.4288872867099255,1.2938556978095979,0.040531172000000004
서비스상태=중간종결,4주평가성공여부=미실시,0.17846,0.4288872867099255,1.2938556978095979,0.040531172000000004
"12주평가성공여부=미실시, 4주평가성공여부=미실시",서비스상태=중간종결,0.17846,0.5383733558585737,1.2938556978095979,0.040531172000000004
"4주평가성공여부=미실시, 6주평가성공여부=미실시",서비스상태=중간종결,0.17844,0.5383455017196646,1.2937887568364925,0.04051949399999999
서비스상태=중간종결,"12주평가성공여부=미실시, 4주평가성공여부=미실시, 6주평가성공여부=미실시",0.17844,0.42883922134102376,1.2937887568364925,0.04051949399999999
"12주평가성공여부=미실시, 4주평가성공여부=미실시, 6주평가성공여부=미실시",서비스상태=중간종결,0.17844,0.5383455017196646,1.2937887568364925,0.04051949399999999
서비스상태=중간종결,"4주평가성공여부=미실시, 6주평가성공여부=미실시",0.17844,0.42883922134102376,1.2937887568364925,0.04051949399999999
"서비스구분=보건소 금연클리닉, 서비스상태=중간종결","4주평가성공여부=미실시, 등록유형=보건소",0.11034,0.29726817177649656,1.2932575122966004,0.025020565199999983
"4주평가성공여부=미실시, 등록유형=보건소","서비스구분=보건소 금연클리닉, 서비스상태=중간종결",0.11034,0.4800313234142521,1.2932575122966001,0.025020565199999983
"등록유형=보건소, 서비스상태=중간종결","12주평가성공여부=Y, 6개월평가성공여부=미실시",0.06726,0.2454028021015762,1.2929547002190527,0.015239616000000004
"12주평가성공여부=Y, 6개월평가성공여부=미실시","등록유형=보건소, 서비스상태=중간종결",0.06726,0.35437302423603795,1.2929547002190527,0.015239616000000004
"6개월평가성공여부=미실시, 서비스상태=중간종결, 성별=여",12주평가성공여부=미실시,0.05576,0.7796420581655481,1.2925528999064095,0.012620566399999991
12주평가성공여부=미실시,"6개월평가성공여부=미실시, 서비스상태=중간종결, 성별=여",0.05576,0.0924433834013064,1.2925528999064093,0.012620566399999991
"6개월평가성공여부=미실시, 서비스구분=보건소 금연클리닉, 성별=여",12주평가성공여부=미실시,0.09234,0.7793720459149224,1.2921052520224847,0.0208752336
12주평가성공여부=미실시,"6개월평가성공여부=미실시, 서비스구분=보건소 금연클리닉, 성별=여",0.09234,0.153088630259624,1.2921052520224847,0.0208752336
서비스상태=금연유지,"12주평가성공여부=미실시, 등록유형=보건소, 성별=남",0.19742,0.4707874278628321,1.2919523267366413,0.044612504000000025
"12주평가성공여부=미실시, 등록유형=보건소, 성별=남",서비스상태=금연유지,0.19742,0.5417672886937431,1.2919523267366413,0.044612504000000025
서비스상태=금연유지,"12주평가성공여부=미실시, 6주평가성공여부=Y, 등록유형=보건소",0.0743,0.17718319263604715,1.2917993047247531,0.016783325600000003
"12주평가성공여부=미실시, 6주평가성공여부=Y, 등록유형=보건소",서비스상태=금연유지,0.0743,0.541703120443278,1.2917993047247531,0.016783325600000003
"6개월평가성공여부=미실시, 서비스구분=보건소 금연클리닉","6주평가성공여부=미실시, 서비스상태=금연유지",0.17956,0.24873251142817565,1.2911779040083868,0.04049318399999999
"6주평가성공여부=미실시, 서비스상태=금연유지","6개월평가성공여부=미실시, 서비스구분=보건소 금연클리닉",0.17956,0.9321013289036545,1.2911779040083868,0.04049318399999999
"6개월평가성공여부=미실시, 서비스상태=중간종결",6주평가성공여부=미실시,0.22394,0.5470757805247471,1.291064757928794,0.050486268400000006
6주평가성공여부=미실시,"6개월평가성공여부=미실시, 서비스상태=중간종결",0.22394,0.5284844480105725,1.291064757928794,0.050486268400000006
"12주평가성공여부=미실시, 6주평가성공여부=미실시","6개월평가성공여부=미실시, 서비스상태=중간종결",0.22392,0.5284621920135939,1.2910103874861825,0.05047445520000002
"6개월평가성공여부=미실시, 서비스상태=중간종결","12주평가성공여부=미실시, 6주평가성공여부=미실시",0.22392,0.5470269213856452,1.2910103874861825,0.05047445520000002
"6개월평가성공여부=미실시, 6주평가성공여부=Y, 서비스구분=보건소 금연클리닉",12주평가성공여부=Y,0.17702,0.5120624819207406,1.2905450927988824,0.039853154
12주평가성공여부=Y,"6개월평가성공여부=미실시, 6주평가성공여부=Y, 서비스구분=보건소 금연클리닉",0.17702,0.44614143858057365,1.2905450927988824,0.039853154
"6개월평가성공여부=미실시, 서비스상태=중간종결, 성별=남",4주평가성공여부=미실시,0.14434,0.4272689598010775,1.2889735724661442,0.03235942639999999
4주평가성공여부=미실시,"6개월평가성공여부=미실시, 서비스상태=중간종결, 성별=남",0.14434,0.43544105225051283,1.2889735724661442,0.03235942639999999
"12주평가성공여부=미실시, 6주평가성공여부=Y","6개월평가성공여부=미실시, 성별=남",0.1534,0.8548818546589391,1.2875502359463509,0.03425901760000001
"6개월평가성공여부=미실시, 성별=남","12주평가성공여부=미실시, 6주평가성공여부=Y",0.1534,0.23103801433821317,1.2875502359463507,0.03425901760000001
12주평가성공여부=미실시,"6개월평가성공여부=미실시, 등록유형=보건소, 성별=여",0.06904,0.11446002851553433,1.286646003996564,0.0153811072
"6개월평가성공여부=미실시, 등록유형=보건소, 성별=여",12주평가성공여부=미실시,0.06904,0.7760791366906475,1.286646003996564,0.0153811072
"서비스구분=보건소 금연클리닉, 서비스상태=중간종결","12주평가성공여부=Y, 6개월평가성공여부=미실시",0.09064,0.2441941914973867,1.286586888816579,0.020190035999999995
"12주평가성공여부=Y, 6개월평가성공여부=미실시","서비스구분=보건소 금연클리닉, 서비스상태=중간종결",0.09064,0.4775553213909378,1.286586888816579,0.020190035999999995
"등록유형=보건소, 서비스상태=중간종결","6개월평가성공여부=미실시, 6주평가성공여부=Y",0.13004,0.47446001167542323,1.2853118374476438,0.028866108799999984
"6개월평가성공여부=미실시, 6주평가성공여부=Y","등록유형=보건소, 서비스상태=중간종결",0.13004,0.35227826840765014,1.2853118374476435,0.028866108799999984
서비스상태=금연유지,"6개월평가성공여부=미실시, 등록유형=보건소, 성별=남",0.26042,0.6210235131396957,1.2836899275284133,0.0575516948
"6개월평가성공여부=미실시, 등록유형=보건소, 성별=남",서비스상태=금연유지,0.26042,0.5383025342097647,1.283689927528413,0.0575516948
"12주평가성공여부=미실시, 서비스상태=금연유지","6개월평가성공여부=미실시, 성별=남",0.24134,0.8522494526449609,1.2835855362445945,0.05331980720000001
"6개월평가성공여부=미실시, 성별=남","12주평가성공여부=미실시, 서비스상태=금연유지",0.24134,0.3634857521537442,1.2835855362445943,0.05331980720000001
서비스상태=중간종결,"4주평가성공여부=미실시, 6개월평가성공여부=미실시, 성별=남",0.14434,0.3468877673636145,1.2824895273721328,0.031793271999999984
"4주평가성공여부=미실시, 6개월평가성공여부=미실시, 성별=남",서비스상태=중간종결,0.14434,0.5336438923395445,1.2824895273721326,0.031793271999999984
"4주평가성공여부=Y, 6개월평가성공여부=미실시, 등록유형=보건소",서비스상태=금연유지,0.18444,0.5377886634009797,1.2824644999307955,0.04062315359999999
서비스상태=금연유지,"4주평가성공여부=Y, 6개월평가성공여부=미실시, 등록유형=보건소",0.18444,0.43983402489626555,1.2824644999307953,0.04062315359999999
서비스상태=중간종결,"4주평가성공여부=미실시, 성별=남",0.14434,0.3468877673636145,1.2822050985570137,0.03176830599999998
"4주평가성공여부=미실시, 성별=남",서비스상태=중간종결,0.14434,0.5335255415095734,1.2822050985570137,0.03176830599999998
서비스상태=중간종결,"12주평가성공여부=미실시, 4주평가성공여부=미실시, 성별=남",0.14434,0.3468877673636145,1.2822050985570137,0.03176830599999998
"12주평가성공여부=미실시, 4주평가성공여부=미실시, 성별=남",서비스상태=중간종결,0.14434,0.5335255415095734,1.2822050985570137,0.03176830599999998
서비스상태=중간종결,"4주평가성공여부=미실시, 6주평가성공여부=미실시, 성별=남",0.14432,0.3468397019947128,1.2821222164524355,0.03175662800000001
"4주평가성공여부=미실시, 6주평가성공여부=미실시, 성별=남",서비스상태=중간종결,0.14432,0.5334910542658584,1.2821222164524355,0.03175662800000001
"12주평가성공여부=미실시, 4주평가성공여부=Y","6개월평가성공여부=미실시, 성별=남",0.23126,0.8512220259128387,1.2820381136105168,0.050875347200000004
"6개월평가성공여부=미실시, 성별=남","12주평가성공여부=미실시, 4주평가성공여부=Y",0.23126,0.34830411470570516,1.2820381136105168,0.050875347200000004
"6주평가성공여부=미실시, 등록유형=보건소, 성별=남",서비스상태=금연유지,0.13264,0.5370475342132967,1.28069712933013,0.029071406800000005
서비스상태=금연유지,"6주평가성공여부=미실시, 등록유형=보건소, 성별=남",0.13264,0.31630657700195547,1.28069712933013,0.029071406800000005
"12주평가성공여부=Y, 성별=남","6개월평가성공여부=미실시, 6주평가성공여부=Y",0.16216,0.47246663947322415,1.279911793555898,0.035463769199999995
"6개월평가성공여부=미실시, 6주평가성공여부=Y","12주평가성공여부=Y, 성별=남",0.16216,0.4392913257842553,1.279911793555898,0.035463769199999995
"4주평가성공여부=Y, 서비스상태=금연유지","12주평가성공여부=Y, 서비스구분=보건소 금연클리닉",0.12846,0.46975791706282455,1.2793668420470192,0.02805095719999999
"12주평가성공여부=Y, 서비스구분=보건소 금연클리닉","4주평가성공여부=Y, 서비스상태=금연유지",0.12846,0.34985565662617785,1.2793668420470192,0.02805095719999999
"6개월평가성공여부=미실시, 6주평가성공여부=Y, 서비스상태=금연유지",12주평가성공여부=Y,0.09318,0.5072400653238976,1.27839121257094,0.020291513999999997
12주평가성공여부=Y,"6개월평가성공여부=미실시, 6주평가성공여부=Y, 서비스상태=금연유지",0.09318,0.2348404657492817,1.27839121257094,0.020291513999999997
"6개월평가성공여부=미실시, 서비스상태=금연유지","12주평가성공여부=미실시, 성별=남",0.24134,0.6412818196311846,1.2778101853727826,0.05247000760000001
"12주평가성공여부=미실시, 성별=남","6개월평가성공여부=미실시, 서비스상태=금연유지",0.24134,0.48089108516319296,1.2778101853727823,0.05247000760000001
"12주평가성공여부=미실시, 6주평가성공여부=Y","등록유형=보건소, 서비스상태=중간종결",0.06282,0.3500891662951405,1.2773247456769574,0.013639084800000006
"등록유형=보건소, 서비스상태=중간종결","12주평가성공여부=미실시, 6주평가성공여부=Y",0.06282,0.22920315236427322,1.2773247456769574,0.013639084800000006
"6개월평가성공여부=미실시, 서비스구분=보건소 금연클리닉","12주평가성공여부=미실시, 4주평가성공여부=Y",0.2505,0.3470009696633883,1.2772414961108227,0.05437420800000001
"12주평가성공여부=미실시, 4주평가성공여부=Y","6개월평가성공여부=미실시, 서비스구분=보건소 금연클리닉",0.2505,0.9220406360424029,1.2772414961108227,0.05437420800000001
"6개월평가성공여부=미실시, 서비스상태=중간종결","6주평가성공여부=미실시, 성별=남",0.18206,0.444764743245224,1.2765189806705242,0.039437757200000007
"6주평가성공여부=미실시, 성별=남","6개월평가성공여부=미실시, 서비스상태=중간종결",0.18206,0.5225302795476723,1.276518980670524,0.039437757200000007
"서비스상태=중간종결, 성별=여",12주평가성공여부=미실시,0.05578,0.7693793103448276,1.2755384965430345,0.012049450000000003
12주평가성공여부=미실시,"서비스상태=중간종결, 성별=여",0.05578,0.09247654099937,1.2755384965430345,0.012049450000000003
"12주평가성공여부=미실시, 6개월평가성공여부=미실시","서비스상태=중간종결, 성별=여",0.05576,0.0924709784411277,1.2754617716017616,0.012042500000000005
"서비스상태=중간종결, 성별=여","12주평가성공여부=미실시, 6개월평가성공여부=미실시",0.05576,0.7691034482758621,1.2754617716017613,0.012042500000000005
서비스상태=금연유지,"12주평가성공여부=미실시, 6개월평가성공여부=미실시, 등록유형=보건소",0.2317,0.5525349358515763,1.2750610048727935,0.04998320439999998
"12주평가성공여부=미실시, 6개월평가성공여부=미실시, 등록유형=보건소",서비스상태=금연유지,0.2317,0.5346840817833571,1.2750610048727933,0.04998320439999998
서비스상태=금연유지,"12주평가성공여부=미실시, 등록유형=보건소, 서비스구분=보건소 금연클리닉",0.23172,0.5525826298469023,1.274700414871747,0.049936110000000006
"12주평가성공여부=미실시, 등록유형=보건소, 서비스구분=보건소 금연클리닉",서비스상태=금연유지,0.23172,0.5345328719723184,1.274700414871747,0.049936110000000006
"12주평가성공여부=미실시, 등록유형=보건소",서비스상태=금연유지,0.23172,0.5345328719723184,1.274700414871747,0.049936110000000006
서비스상태=금연유지,"12주평가성공여부=미실시, 등록유형=보건소",0.23172,0.5525826298469023,1.274700414871747,0.049936110000000006
"6개월평가성공여부=미실시, 성별=남","6주평가성공여부=미실시, 서비스상태=금연유지",0.1629,0.24534610518705946,1.273598967956081,0.03499474559999999
"6주평가성공여부=미실시, 서비스상태=금연유지","6개월평가성공여부=미실시, 성별=남",0.1629,0.8456187707641195,1.273598967956081,0.03499474559999999
"6개월평가성공여부=미실시, 서비스상태=중간종결, 성별=남",6주평가성공여부=미실시,0.18206,0.5389260552957196,1.2718319141353651,0.038912153199999994
6주평가성공여부=미실시,"6개월평가성공여부=미실시, 서비스상태=중간종결, 성별=남",0.18206,0.42965025723320904,1.2718319141353651,0.038912153199999994
"4주평가성공여부=Y, 6주평가성공여부=미실시","6개월평가성공여부=미실시, 성별=남",0.0779,0.8441699176419593,1.2714168287878174,0.016629771199999997
"6개월평가성공여부=미실시, 성별=남","4주평가성공여부=Y, 6주평가성공여부=미실시",0.0779,0.11732634496053979,1.2714168287878174,0.016629771199999997
"12주평가성공여부=Y, 성별=남","4주평가성공여부=Y, 서비스상태=금연유지",0.11932,0.347648738418507,1.271296490962141,0.025463058799999994
"4주평가성공여부=Y, 서비스상태=금연유지","12주평가성공여부=Y, 성별=남",0.11932,0.43633438162802607,1.271296490962141,0.025463058799999994
12주평가성공여부=Y,"6개월평가성공여부=미실시, 6주평가성공여부=Y, 등록유형=보건소",0.13938,0.35127778617873884,1.2706278889486322,0.029686201199999998
"6개월평가성공여부=미실시, 6주평가성공여부=Y, 등록유형=보건소",12주평가성공여부=Y,0.13938,0.5041597337770383,1.270627888948632,0.029686201199999998
서비스상태=중간종결,"6개월평가성공여부=미실시, 6주평가성공여부=미실시",0.22394,0.5381879355924056,1.2703898017005137,0.04766339599999997
"6개월평가성공여부=미실시, 6주평가성공여부=미실시",서비스상태=중간종결,0.22394,0.5286091964875838,1.2703898017005135,0.04766339599999997
서비스상태=중간종결,"12주평가성공여부=미실시, 6개월평가성공여부=미실시, 6주평가성공여부=미실시",0.22392,0.538139870223504,1.2703363160934422,0.04765171800000001
"12주평가성공여부=미실시, 6개월평가성공여부=미실시, 6주평가성공여부=미실시",서비스상태=중간종결,0.22392,0.5285869411264813,1.2703363160934422,0.04765171800000001
서비스상태=중간종결,6주평가성공여부=미실시,0.22394,0.5381879355924056,1.27008999762214,0.047621786
6주평가성공여부=미실시,서비스상태=중간종결,0.22394,0.5284844480105725,1.27008999762214,0.047621786
서비스상태=중간종결,"12주평가성공여부=미실시, 6주평가성공여부=미실시",0.22392,0.538139870223504,1.2700365104868876,0.04761010800000001
"12주평가성공여부=미실시, 6주평가성공여부=미실시",서비스상태=중간종결,0.22392,0.5284621920135939,1.2700365104868874,0.04761010800000001
"6개월평가성공여부=미실시, 서비스상태=금연유지","6주평가성공여부=미실시, 서비스구분=보건소 금연클리닉",0.17956,0.47712175160758885,1.2681313831798555,0.03796583839999998
"6주평가성공여부=미실시, 서비스구분=보건소 금연클리닉","6개월평가성공여부=미실시, 서비스상태=금연유지",0.17956,0.4772485647459068,1.2681313831798555,0.03796583839999998
"12주평가성공여부=미실시, 등록유형=출장","6개월평가성공여부=미실시, 성별=남",0.0799,0.8417614833544037,1.2677894501994151,0.016876916800000002
"6개월평가성공여부=미실시, 성별=남","12주평가성공여부=미실시, 등록유형=출장",0.0799,0.12033857461292849,1.2677894501994151,0.016876916800000002
"4주평가성공여부=미실시, 6개월평가성공여부=미실시","서비스상태=중간종결, 성별=남",0.14434,0.4355461677730839,1.2675965301894176,0.030470960000000005
"서비스상태=중간종결, 성별=남","4주평가성공여부=미실시, 6개월평가성공여부=미실시",0.14434,0.42008149010477297,1.2675965301894176,0.030470960000000005
"6개월평가성공여부=미실시, 등록유형=보건소","12주평가성공여부=미실시, 성별=남",0.3643,0.6360652302964696,1.2674156742846006,0.07686470360000003
"12주평가성공여부=미실시, 성별=남","6개월평가성공여부=미실시, 등록유형=보건소",0.3643,0.7258996532897621,1.2674156742846006,0.07686470360000003
"서비스상태=중간종결, 성별=남","12주평가성공여부=미실시, 4주평가성공여부=미실시",0.14434,0.42008149010477297,1.2672906060841467,0.030443471999999985
"12주평가성공여부=미실시, 4주평가성공여부=미실시","서비스상태=중간종결, 성별=남",0.14434,0.43544105225051283,1.2672906060841467,0.030443471999999985
"서비스상태=중간종결, 성별=남",4주평가성공여부=미실시,0.14434,0.42008149010477297,1.2672906060841467,0.030443471999999985
4주평가성공여부=미실시,"서비스상태=중간종결, 성별=남",0.14434,0.43544105225051283,1.2672906060841467,0.030443471999999985
"6개월평가성공여부=미실시, 성별=남","4주평가성공여부=미실시, 서비스상태=금연유지",0.12274,0.1848605337670944,1.2672095816225282,0.025881515199999997
"4주평가성공여부=미실시, 서비스상태=금연유지","6개월평가성공여부=미실시, 성별=남",0.12274,0.8413764738140938,1.2672095816225282,0.025881515199999997
"4주평가성공여부=미실시, 6주평가성공여부=미실시","서비스상태=중간종결, 성별=남",0.14432,0.43540698726844873,1.2671914646928077,0.030430344000000012
"서비스상태=중간종결, 성별=남","4주평가성공여부=미실시, 6주평가성공여부=미실시",0.14432,0.42002328288707796,1.2671914646928075,0.030430344000000012
서비스상태=금연유지,"6개월평가성공여부=미실시, 6주평가성공여부=미실시, 등록유형=보건소",0.15742,0.37539943721085517,1.267042787939973,0.03317794480000001
"6개월평가성공여부=미실시, 6주평가성공여부=미실시, 등록유형=보건소",서비스상태=금연유지,0.15742,0.5313217226947482,1.2670427879399728,0.03317794480000001
12주평가성공여부=미실시,"6개월평가성공여부=미실시, 서비스상태=중간종결",0.31278,0.518551676116582,1.2667994237469635,0.06587429879999998
"6개월평가성공여부=미실시, 서비스상태=중간종결",12주평가성공여부=미실시,0.31278,0.7641080764156936,1.2667994237469635,0.06587429879999998
서비스상태=금연유지,"12주평가성공여부=미실시, 6주평가성공여부=미실시, 등록유형=보건소",0.15742,0.37539943721085517,1.2667862496148181,0.03315278440000001
"12주평가성공여부=미실시, 6주평가성공여부=미실시, 등록유형=보건소",서비스상태=금연유지,0.15742,0.5312141459134778,1.2667862496148181,0.03315278440000001
서비스상태=금연유지,"6주평가성공여부=미실시, 등록유형=보건소, 서비스구분=보건소 금연클리닉",0.15742,0.37539943721085517,1.2667007599232527,0.0331443976
서비스상태=금연유지,"6주평가성공여부=미실시, 등록유형=보건소",0.15742,0.37539943721085517,1.2667007599232527,0.0331443976
"6주평가성공여부=미실시, 등록유형=보건소",서비스상태=금연유지,0.15742,0.5311782966662167,1.2667007599232527,0.0331443976
"6주평가성공여부=미실시, 등록유형=보건소, 서비스구분=보건소 금연클리닉",서비스상태=금연유지,0.15742,0.5311782966662167,1.2667007599232527,0.0331443976
"12주평가성공여부=미실시, 등록유형=보건소","6개월평가성공여부=미실시, 성별=남",0.3643,0.8403690888119955,1.265692344135182,0.07647334
"6개월평가성공여부=미실시, 성별=남","12주평가성공여부=미실시, 등록유형=보건소",0.3643,0.5486776311826014,1.265692344135182,0.07647334
"서비스구분=보건소 금연클리닉, 서비스상태=중간종결","6개월평가성공여부=미실시, 6주평가성공여부=Y",0.17342,0.4672126730966108,1.26567880234223,0.03640261479999998
"6개월평가성공여부=미실시, 6주평가성공여부=Y","서비스구분=보건소 금연클리닉, 서비스상태=중간종결",0.17342,0.4697946578533889,1.2656788023422298,0.03640261479999998
"6개월평가성공여부=미실시, 등록유형=보건소",서비스상태=금연유지,0.30378,0.5303977371931418,1.264839359930228,0.06360720839999998
"6개월평가성공여부=미실시, 등록유형=보건소, 서비스구분=보건소 금연클리닉",서비스상태=금연유지,0.30378,0.5303977371931418,1.264839359930228,0.06360720839999998
서비스상태=금연유지,"6개월평가성공여부=미실시, 등록유형=보건소, 서비스구분=보건소 금연클리닉",0.30378,0.7244240950064387,1.2648393599302277,0.06360720839999998
서비스상태=금연유지,"6개월평가성공여부=미실시, 등록유형=보건소",0.30378,0.7244240950064387,1.2648393599302277,0.06360720839999998
12주평가성공여부=미실시,"6개월평가성공여부=미실시, 등록유형=보건소, 서비스상태=금연유지",0.2317,0.3841307735667628,1.2645031719229798,0.048465979599999987
"6개월평가성공여부=미실시, 등록유형=보건소, 서비스상태=금연유지",12주평가성공여부=미실시,0.2317,0.762723023240503,1.2645031719229798,0.048465979599999987
"서비스구분=보건소 금연클리닉, 서비스상태=중간종결","6개월평가성공여부=미실시, 등록유형=보건소",0.2688,0.7241769491890726,1.2644078450764267,0.05621036679999997
"6개월평가성공여부=미실시, 등록유형=보건소","서비스구분=보건소 금연클리닉, 서비스상태=중간종결",0.2688,0.46932290393546805,1.2644078450764267,0.05621036679999997
"4주평가성공여부=미실시, 서비스구분=보건소 금연클리닉","6개월평가성공여부=미실시, 서비스상태=중간종결",0.15232,0.5173913043478261,1.2639646854639814,0.03181030400000001
"6개월평가성공여부=미실시, 서비스상태=중간종결","4주평가성공여부=미실시, 서비스구분=보건소 금연클리닉",0.15232,0.3721112034005961,1.2639646854639814,0.03181030400000001
"4주평가성공여부=Y, 서비스상태=금연유지, 성별=남",12주평가성공여부=Y,0.11932,0.5015131136516476,1.2639576431565291,0.02491810239999999
12주평가성공여부=Y,"4주평가성공여부=Y, 서비스상태=금연유지, 성별=남",0.11932,0.3007208024598014,1.263957643156529,0.02491810239999999
"서비스상태=금연유지, 성별=남","12주평가성공여부=미실시, 등록유형=보건소",0.19742,0.5473853490822382,1.26271130122777,0.04107389000000003
"12주평가성공여부=미실시, 등록유형=보건소","서비스상태=금연유지, 성별=남",0.19742,0.4554094579008074,1.2627113012277698,0.04107389000000003
서비스상태=금연유지,"6개월평가성공여부=미실시, 6주평가성공여부=Y, 등록유형=보건소",0.14636,0.3490246577955835,1.262477963523054,0.030429263600000006
"6개월평가성공여부=미실시, 6주평가성공여부=Y, 등록유형=보건소",서비스상태=금연유지,0.14636,0.5294075092237575,1.262477963523054,0.030429263600000006
"12주평가성공여부=미실시, 성별=여","6개월평가성공여부=미실시, 서비스구분=보건소 금연클리닉",0.09234,0.9113699170943547,1.26246005969574,0.019197092000000013
"6개월평가성공여부=미실시, 서비스구분=보건소 금연클리닉","12주평가성공여부=미실시, 성별=여",0.09234,0.12791245324837236,1.2624600596957398,0.019197092000000013
"서비스구분=보건소 금연클리닉, 서비스상태=중간종결","6주평가성공여부=미실시, 등록유형=보건소",0.13876,0.37383479713346623,1.2614212347599751,0.028757095199999985
"6주평가성공여부=미실시, 등록유형=보건소","서비스구분=보건소 금연클리닉, 서비스상태=중간종결",0.13876,0.46821433391820755,1.2614212347599751,0.028757095199999985
12주평가성공여부=미실시,"6개월평가성공여부=미실시, 서비스상태=중간종결, 성별=남",0.25702,0.4261082927152757,1.261347145566502,0.0532537324
"6개월평가성공여부=미실시, 서비스상태=중간종결, 성별=남",12주평가성공여부=미실시,0.25702,0.7608193712628027,1.261347145566502,0.0532537324
6개월평가성공여부=미실시,"4주평가성공여부=미실시, 서비스상태=금연유지",0.14588,0.1840014126787922,1.2613203501425294,0.030223418400000007
6개월평가성공여부=미실시,"12주평가성공여부=미실시, 4주평가성공여부=미실시, 서비스상태=금연유지",0.14588,0.1840014126787922,1.2613203501425294,0.030223418400000007
6개월평가성공여부=미실시,"4주평가성공여부=미실시, 6주평가성공여부=미실시, 서비스상태=금연유지",0.14588,0.1840014126787922,1.2613203501425294,0.030223418400000007
6개월평가성공여부=미실시,"4주평가성공여부=미실시, 서비스상태=금연유지, 성별=남",0.12274,0.15481445977649405,1.2613203501425294,0.025429273200000005
6개월평가성공여부=미실시,"12주평가성공여부=미실시, 6주평가성공여부=미실시, 등록유형=출장",0.06436,0.08117857773517319,1.2613203501425294,0.013334104800000003
6개월평가성공여부=미실시,"6주평가성공여부=미실시, 등록유형=출장, 성별=남",0.05386,0.06793471405867663,1.2613203501425294,0.011158714800000004
6개월평가성공여부=미실시,"6주평가성공여부=미실시, 등록유형=출장",0.06436,0.08117857773517319,1.2613203501425294,0.013334104800000003
6개월평가성공여부=미실시,"12주평가성공여부=미실시, 등록유형=출장, 서비스상태=중간종결",0.06196,0.07815140889483112,1.2613203501425294,0.012836872800000003
6개월평가성공여부=미실시,"12주평가성공여부=미실시, 서비스상태=중간종결, 성별=남",0.25702,0.3241845563936329,1.2613203501425294,0.05324940360000002
6개월평가성공여부=미실시,"4주평가성공여부=미실시, 서비스구분=보건소 금연클리닉, 서비스상태=중간종결",0.15232,0.19212431573371008,1.2613203501425294,0.03155765760000001
6개월평가성공여부=미실시,"4주평가성공여부=Y, 6주평가성공여부=미실시, 등록유형=보건소",0.0665,0.0838778032844782,1.2613203501425294,0.01377747
6개월평가성공여부=미실시,"6주평가성공여부=미실시, 등록유형=출장, 서비스구분=보건소 금연클리닉",0.06436,0.08117857773517319,1.2613203501425294,0.013334104800000003
6개월평가성공여부=미실시,"12주평가성공여부=미실시, 등록유형=출장, 성별=남",0.0799,0.10077949597638809,1.2613203501425294,0.016553682
6개월평가성공여부=미실시,"6주평가성공여부=미실시, 등록유형=보건소, 서비스상태=금연유지",0.15742,0.19855704951943695,1.2613203501425292,0.032614275600000006
"6주평가성공여부=미실시, 등록유형=출장, 서비스구분=보건소 금연클리닉",6개월평가성공여부=미실시,0.06436,1.0,1.2613203501425292,0.013334104800000003
"6주평가성공여부=미실시, 등록유형=보건소, 서비스상태=금연유지",6개월평가성공여부=미실시,0.15742,1.0,1.2613203501425292,0.032614275600000006
6개월평가성공여부=미실시,"4주평가성공여부=미실시, 등록유형=보건소, 서비스상태=중간종결",0.11034,0.13917408743472667,1.2613203501425292,0.022860241200000006
"4주평가성공여부=미실시, 등록유형=보건소, 서비스상태=중간종결",6개월평가성공여부=미실시,0.11034,1.0,1.2613203501425292,0.022860241200000006
"4주평가성공여부=미실시, 서비스상태=금연유지",6개월평가성공여부=미실시,0.14588,1.0,1.2613203501425292,0.030223418400000007
"4주평가성공여부=미실시, 6주평가성공여부=미실시, 서비스상태=금연유지",6개월평가성공여부=미실시,0.14588,1.0,1.2613203501425292,0.030223418400000007
"4주평가성공여부=미실시, 서비스상태=금연유지, 성별=남",6개월평가성공여부=미실시,0.12274,1.0,1.2613203501425292,0.025429273200000005
"12주평가성공여부=미실시, 4주평가성공여부=미실시, 서비스상태=금연유지",6개월평가성공여부=미실시,0.14588,1.0,1.2613203501425292,0.030223418400000007
"4주평가성공여부=미실시, 서비스상태=중간종결",6개월평가성공여부=미실시,0.17846,1.0,1.2613203501425292,0.0369733428
6개월평가성공여부=미실시,"6주평가성공여부=미실시, 서비스상태=중간종결",0.22394,0.282460079210918,1.2613203501425292,0.04639588920000001
6개월평가성공여부=미실시,"4주평가성공여부=미실시, 서비스상태=중간종결, 성별=남",0.14434,0.18205897933957266,1.2613203501425292,0.029904361200000007
6개월평가성공여부=미실시,"12주평가성공여부=미실시, 서비스상태=금연유지, 성별=남",0.24134,0.304407053303398,1.2613203501425292,0.05000082120000002
6개월평가성공여부=미실시,"4주평가성공여부=미실시, 서비스상태=중간종결",0.17846,0.22509522968643578,1.2613203501425292,0.0369733428
6개월평가성공여부=미실시,"6주평가성공여부=미실시, 서비스상태=금연유지, 성별=남",0.1629,0.205469085038218,1.2613203501425292,0.03374962200000001
6개월평가성공여부=미실시,"12주평가성공여부=미실시, 6주평가성공여부=미실시, 서비스상태=중간종결",0.22392,0.28243485280391517,1.2613203501425292,0.046391745600000006
"6주평가성공여부=미실시, 등록유형=보건소, 서비스상태=중간종결",6개월평가성공여부=미실시,0.13876,1.0,1.2613203501425292,0.028748296800000003
6개월평가성공여부=미실시,"4주평가성공여부=미실시, 등록유형=보건소, 서비스상태=금연유지",0.11934,0.15052597058600944,1.2613203501425292,0.024724861200000003
6개월평가성공여부=미실시,"6주평가성공여부=미실시, 서비스구분=보건소 금연클리닉, 서비스상태=금연유지",0.17956,0.22648268207159256,1.2613203501425292,0.03720124080000001
"12주평가성공여부=미실시, 6주평가성공여부=미실시, 서비스상태=중간종결",6개월평가성공여부=미실시,0.22392,1.0,1.2613203501425292,0.046391745600000006
"12주평가성공여부=미실시, 4주평가성공여부=미실시, 서비스상태=중간종결",6개월평가성공여부=미실시,0.17846,1.0,1.2613203501425292,0.0369733428
"6주평가성공여부=미실시, 서비스구분=보건소 금연클리닉, 서비스상태=중간종결",6개월평가성공여부=미실시,0.19124,1.0,1.2613203501425292,0.03962110320000001
6개월평가성공여부=미실시,"6주평가성공여부=미실시, 서비스구분=보건소 금연클리닉, 서비스상태=중간종결",0.19124,0.2412149037612573,1.2613203501425292,0.03962110320000001
"6주평가성공여부=미실시, 서비스상태=중간종결",6개월평가성공여부=미실시,0.22394,1.0,1.2613203501425292,0.04639588920000001
"6주평가성공여부=미실시, 서비스구분=보건소 금연클리닉, 서비스상태=금연유지",6개월평가성공여부=미실시,0.17956,1.0,1.2613203501425292,0.03720124080000001
6개월평가성공여부=미실시,"12주평가성공여부=미실시, 등록유형=출장, 서비스구분=보건소 금연클리닉",0.09492,0.11972452763552888,1.2613203501425292,0.019665525599999997
"12주평가성공여부=미실시, 등록유형=출장, 성별=남",6개월평가성공여부=미실시,0.0799,1.0,1.2613203501425292,0.016553682
"6주평가성공여부=미실시, 서비스상태=금연유지, 성별=남",6개월평가성공여부=미실시,0.1629,1.0,1.2613203501425292,0.03374962200000001
"4주평가성공여부=미실시, 등록유형=보건소, 서비스상태=금연유지",6개월평가성공여부=미실시,0.11934,1.0,1.2613203501425292,0.024724861200000003
"4주평가성공여부=미실시, 서비스상태=중간종결, 성별=남",6개월평가성공여부=미실시,0.14434,1.0,1.2613203501425292,0.029904361200000007
"12주평가성공여부=미실시, 등록유형=출장, 서비스상태=중간종결",6개월평가성공여부=미실시,0.06196,1.0,1.2613203501425292,0.012836872800000003
6개월평가성공여부=미실시,"4주평가성공여부=미실시, 6주평가성공여부=미실시, 서비스상태=중간종결",0.17844,0.2250700032794329,1.2613203501425292,0.0369691992
6개월평가성공여부=미실시,"4주평가성공여부=미실시, 서비스구분=보건소 금연클리닉, 서비스상태=금연유지",0.13664,0.1723468126434752,1.2613203501425292,0.028309075200000006
6개월평가성공여부=미실시,"4주평가성공여부=Y, 6주평가성공여부=미실시, 성별=남",0.0779,0.09825685527610302,1.2613203501425292,0.016139322000000005
"4주평가성공여부=Y, 6주평가성공여부=미실시, 성별=남",6개월평가성공여부=미실시,0.0779,1.0,1.2613203501425292,0.016139322000000005
"12주평가성공여부=미실시, 서비스상태=금연유지, 성별=남",6개월평가성공여부=미실시,0.24134,1.0,1.2613203501425292,0.05000082120000002
"4주평가성공여부=미실시, 6주평가성공여부=미실시, 서비스상태=중간종결",6개월평가성공여부=미실시,0.17844,1.0,1.2613203501425292,0.0369691992
6개월평가성공여부=미실시,"12주평가성공여부=미실시, 등록유형=출장",0.09492,0.11972452763552888,1.2613203501425292,0.019665525599999997
"12주평가성공여부=미실시, 등록유형=출장, 서비스구분=보건소 금연클리닉",6개월평가성공여부=미실시,0.09492,1.0,1.2613203501425292,0.019665525599999997
"12주평가성공여부=미실시, 등록유형=출장",6개월평가성공여부=미실시,0.09492,1.0,1.2613203501425292,0.019665525599999997
6개월평가성공여부=미실시,"12주평가성공여부=미실시, 4주평가성공여부=미실시, 서비스상태=중간종결",0.17846,0.22509522968643578,1.2613203501425292,0.0369733428
"4주평가성공여부=Y, 6주평가성공여부=미실시, 서비스구분=보건소 금연클리닉",6개월평가성공여부=미실시,0.08184,1.0,1.2613203501425292,0.016955611199999998
6개월평가성공여부=미실시,"4주평가성공여부=Y, 6주평가성공여부=미실시, 서비스구분=보건소 금연클리닉",0.08184,0.10322645745566458,1.2613203501425292,0.016955611199999998
"4주평가성공여부=Y, 6주평가성공여부=미실시, 등록유형=보건소",6개월평가성공여부=미실시,0.0665,1.0,1.2613203501425292,0.01377747
"6주평가성공여부=미실시, 서비스상태=금연유지",6개월평가성공여부=미실시,0.19264,1.0,1.2613203501425292,0.03991115520000002
6개월평가성공여부=미실시,"6주평가성공여부=미실시, 서비스상태=금연유지",0.19264,0.24298075225145685,1.2613203501425292,0.03991115520000002
6개월평가성공여부=미실시,"6주평가성공여부=미실시, 서비스상태=중간종결, 성별=남",0.18206,0.22963598294694887,1.2613203501425292,0.037719190799999996
"4주평가성공여부=미실시, 서비스구분=보건소 금연클리닉, 서비스상태=중간종결",6개월평가성공여부=미실시,0.15232,1.0,1.2613203501425292,0.03155765760000001
"12주평가성공여부=미실시, 6주평가성공여부=미실시, 서비스상태=금연유지",6개월평가성공여부=미실시,0.19264,1.0,1.2613203501425292,0.03991115520000002
"6주평가성공여부=미실시, 등록유형=출장",6개월평가성공여부=미실시,0.06436,1.0,1.2613203501425292,0.013334104800000003
"12주평가성공여부=미실시, 6주평가성공여부=미실시, 등록유형=출장",6개월평가성공여부=미실시,0.06436,1.0,1.2613203501425292,0.013334104800000003
6개월평가성공여부=미실시,"12주평가성공여부=미실시, 6주평가성공여부=미실시, 서비스상태=금연유지",0.19264,0.24298075225145685,1.2613203501425292,0.03991115520000002
"6주평가성공여부=미실시, 서비스상태=중간종결, 성별=남",6개월평가성공여부=미실시,0.18206,1.0,1.2613203501425292,0.037719190799999996
"4주평가성공여부=미실시, 서비스구분=보건소 금연클리닉, 서비스상태=금연유지",6개월평가성공여부=미실시,0.13664,1.0,1.2613203501425292,0.028309075200000006
6개월평가성공여부=미실시,"6주평가성공여부=미실시, 등록유형=보건소, 서비스상태=중간종결",0.13876,0.17502081178577736,1.2613203501425292,0.028748296800000003
"12주평가성공여부=미실시, 서비스상태=중간종결, 성별=남",6개월평가성공여부=미실시,0.25702,1.0,1.2613203501425292,0.05324940360000002
"6주평가성공여부=미실시, 등록유형=출장, 성별=남",6개월평가성공여부=미실시,0.05386,1.0,1.2613203501425292,0.011158714800000004
"12주평가성공여부=미실시, 서비스상태=중간종결",6개월평가성공여부=미실시,0.31278,0.9999360613810742,1.261239703061318,0.064785904
6개월평가성공여부=미실시,"12주평가성공여부=미실시, 서비스상태=중간종결",0.31278,0.3945157791175803,1.261239703061318,0.064785904
6개월평가성공여부=미실시,"12주평가성공여부=미실시, 서비스상태=금연유지",0.28316,0.3571554703463586,1.2612312675554722,0.05864923240000003
"12주평가성공여부=미실시, 서비스상태=금연유지",6개월평가성공여부=미실시,0.28316,0.9999293735433294,1.2612312675554722,0.05864923240000003
6개월평가성공여부=미실시,"12주평가성공여부=미실시, 서비스구분=보건소 금연클리닉, 서비스상태=중간종결",0.27404,0.34565222875305873,1.261228303119969,0.05675975079999998
"12주평가성공여부=미실시, 서비스구분=보건소 금연클리닉, 서비스상태=중간종결",6개월평가성공여부=미실시,0.27404,0.9999270232795737,1.261228303119969,0.05675975079999998
6개월평가성공여부=미실시,"12주평가성공여부=미실시, 서비스구분=보건소 금연클리닉, 서비스상태=금연유지",0.26544,0.334804873741833,1.261225321109896,0.054978002800000036
"12주평가성공여부=미실시, 서비스구분=보건소 금연클리닉, 서비스상태=금연유지",6개월평가성공여부=미실시,0.26544,0.9999246590823477,1.261225321109896,0.054978002800000036
"12주평가성공여부=미실시, 등록유형=보건소, 서비스상태=금연유지",6개월평가성공여부=미실시,0.2317,0.9999136889349214,1.261211484239703,0.04798774959999999
6개월평가성공여부=미실시,"12주평가성공여부=미실시, 등록유형=보건소, 서비스상태=금연유지",0.2317,0.292247925128024,1.261211484239703,0.04798774959999999
6개월평가성공여부=미실시,"12주평가성공여부=미실시, 등록유형=보건소, 서비스상태=중간종결",0.20154,0.2542065033677253,1.261195194322908,0.041739200800000015
"12주평가성공여부=미실시, 등록유형=보건소, 서비스상태=중간종결",6개월평가성공여부=미실시,0.20154,0.999900773963088,1.261195194322908,0.041739200800000015
6개월평가성공여부=미실시,"12주평가성공여부=미실시, 4주평가성공여부=Y, 서비스상태=금연유지",0.13728,0.17315405766756642,1.2611366181177452,0.028425814000000008
"12주평가성공여부=미실시, 4주평가성공여부=Y, 서비스상태=금연유지",6개월평가성공여부=미실시,0.13728,0.9998543335761108,1.2611366181177452,0.028425814000000008
"12주평가성공여부=미실시, 4주평가성공여부=Y, 서비스상태=중간종결",6개월평가성공여부=미실시,0.1343,0.9998511018463372,1.2611325418712156,0.02780841760000001
6개월평가성공여부=미실시,"12주평가성공여부=미실시, 4주평가성공여부=Y, 서비스상태=중간종결",0.1343,0.16939532302414168,1.2611325418712156,0.02780841760000001
"6주평가성공여부=미실시, 성별=남",6개월평가성공여부=미실시,0.34836,0.9998277940416739,1.2611031432628768,0.0721256556
6개월평가성공여부=미실시,"6주평가성공여부=미실시, 성별=남",0.34836,0.4393935571756515,1.2611031432628765,0.0721256556
6개월평가성공여부=미실시,"12주평가성공여부=미실시, 6주평가성공여부=미실시, 성별=남",0.34834,0.4393683307686486,1.2611031307940546,0.072121512
"12주평가성공여부=미실시, 6주평가성공여부=미실시, 성별=남",6개월평가성공여부=미실시,0.34834,0.9998277841561424,1.2611031307940546,0.072121512
"12주평가성공여부=미실시, 4주평가성공여부=Y, 성별=남",6개월평가성공여부=미실시,0.23126,0.9998270644185041,1.2611022229743247,0.04788073400000001
6개월평가성공여부=미실시,"12주평가성공여부=미실시, 4주평가성공여부=Y, 성별=남",0.23126,0.2916929441739613,1.2611022229743247,0.04788073400000001
6개월평가성공여부=미실시,"6주평가성공여부=미실시, 서비스구분=보건소 금연클리닉, 성별=남",0.30844,0.3890416487979617,1.2610750366222423,0.06385503000000001
"6주평가성공여부=미실시, 서비스구분=보건소 금연클리닉, 성별=남",6개월평가성공여부=미실시,0.30844,0.999805510534846,1.261075036622242,0.06385503000000001
6개월평가성공여부=미실시,"12주평가성공여부=미실시, 성별=남",0.50176,0.6328800988875155,1.2610690210168485,0.10387535480000004
"12주평가성공여부=미실시, 성별=남",6개월평가성공여부=미실시,0.50176,0.9998007412425777,1.2610690210168483,0.10387535480000004
6개월평가성공여부=미실시,"6주평가성공여부=미실시, 서비스구분=보건소 금연클리닉",0.37616,0.4744582629096138,1.2610521552987821,0.07786940319999996
"6주평가성공여부=미실시, 서비스구분=보건소 금연클리닉",6개월평가성공여부=미실시,0.37616,0.9997873697639804,1.2610521552987821,0.07786940319999996
6개월평가성공여부=미실시,"12주평가성공여부=미실시, 6주평가성공여부=미실시, 서비스구분=보건소 금연클리닉",0.37614,0.4744330365026109,1.261052141041441,0.07786525960000001
"12주평가성공여부=미실시, 6주평가성공여부=미실시, 서비스구분=보건소 금연클리닉",6개월평가성공여부=미실시,0.37614,0.9997873584604752,1.261052141041441,0.07786525960000001
6개월평가성공여부=미실시,"4주평가성공여부=Y, 6주평가성공여부=미실시",0.09226,0.11636941550414974,1.261046982056239,0.0190985704
"4주평가성공여부=Y, 6주평가성공여부=미실시",6개월평가성공여부=미실시,0.09226,0.9997832683138275,1.261046982056239,0.0190985704
6개월평가성공여부=미실시,"12주평가성공여부=미실시, 4주평가성공여부=Y, 6주평가성공여부=미실시",0.09224,0.1163441890971469,1.2610469227958694,0.01909442680000001
"12주평가성공여부=미실시, 4주평가성공여부=Y, 6주평가성공여부=미실시",6개월평가성공여부=미실시,0.09224,0.9997832213310212,1.2610469227958694,0.01909442680000001
"12주평가성공여부=미실시, 6주평가성공여부=Y, 서비스상태=금연유지",6개월평가성공여부=미실시,0.09052,0.9997791031588249,1.261041728461473,0.01873807720000001
6개월평가성공여부=미실시,"12주평가성공여부=미실시, 6주평가성공여부=Y, 서비스상태=금연유지",0.09052,0.11417471809490175,1.2610417284614728,0.01873807720000001
"12주평가성공여부=미실시, 서비스구분=보건소 금연클리닉, 성별=남",6개월평가성공여부=미실시,0.4525,0.9997790543526293,1.2610416669012252,0.09366966800000004
6개월평가성공여부=미실시,"12주평가성공여부=미실시, 서비스구분=보건소 금연클리닉, 성별=남",0.4525,0.5707474584394945,1.261041666901225,0.09366966800000004
"12주평가성공여부=미실시, 4주평가성공여부=미실시, 성별=남",6개월평가성공여부=미실시,0.27048,0.9997782213351075,1.2610406161992729,0.0559904772
"4주평가성공여부=미실시, 성별=남",6개월평가성공여부=미실시,0.27048,0.9997782213351075,1.2610406161992729,0.0559904772
6개월평가성공여부=미실시,"12주평가성공여부=미실시, 4주평가성공여부=미실시, 성별=남",0.27048,0.3411619283065513,1.2610406161992729,0.0559904772
6개월평가성공여부=미실시,"4주평가성공여부=미실시, 성별=남",0.27048,0.3411619283065513,1.2610406161992729,0.0559904772
6개월평가성공여부=미실시,"4주평가성공여부=미실시, 6주평가성공여부=미실시, 성별=남",0.27046,0.3411367018995484,1.2610405955180706,0.05598633359999999
"4주평가성공여부=미실시, 6주평가성공여부=미실시, 성별=남",6개월평가성공여부=미실시,0.27046,0.9997782049386367,1.2610405955180706,0.05598633359999999
"12주평가성공여부=미실시, 6주평가성공여부=Y, 서비스상태=중간종결",6개월평가성공여부=미실시,0.08884,0.9997749268512267,1.2610364607997109,0.018390014800000007
6개월평가성공여부=미실시,"12주평가성공여부=미실시, 6주평가성공여부=Y, 서비스상태=중간종결",0.08884,0.1120556999066623,1.2610364607997109,0.018390014800000007
6개월평가성공여부=미실시,6주평가성공여부=미실시,0.42364,0.5343457531343812,1.2610226863982186,0.08769045320000002
6주평가성공여부=미실시,6개월평가성공여부=미실시,0.42364,0.9997640062302355,1.2610226863982186,0.08769045320000002
6개월평가성공여부=미실시,"12주평가성공여부=미실시, 6주평가성공여부=미실시",0.42362,0.5343205267273783,1.2610226723481976,0.08768630960000001
"12주평가성공여부=미실시, 6주평가성공여부=미실시",6개월평가성공여부=미실시,0.42362,0.9997639950910979,1.2610226723481974,0.08768630960000001
4주평가성공여부=미실시,6개월평가성공여부=미실시,0.3314,0.9997586581392541,1.2610159407422292,0.06859602640000001
6개월평가성공여부=미실시,"12주평가성공여부=미실시, 4주평가성공여부=미실시",0.3314,0.41800156403723415,1.2610159407422292,0.06859602640000001
6개월평가성공여부=미실시,4주평가성공여부=미실시,0.3314,0.41800156403723415,1.2610159407422292,0.06859602640000001
"12주평가성공여부=미실시, 4주평가성공여부=미실시",6개월평가성공여부=미실시,0.3314,0.9997586581392541,1.2610159407422292,0.06859602640000001
6개월평가성공여부=미실시,"12주평가성공여부=미실시, 4주평가성공여부=미실시, 6주평가성공여부=미실시",0.33138,0.41797633763023134,1.2610159223744384,0.06859188280000006
"12주평가성공여부=미실시, 4주평가성공여부=미실시, 6주평가성공여부=미실시",6개월평가성공여부=미실시,0.33138,0.9997586435769023,1.2610159223744384,0.06859188280000006
"4주평가성공여부=미실시, 6주평가성공여부=미실시",6개월평가성공여부=미실시,0.33138,0.9997586435769023,1.2610159223744384,0.06859188280000006
6개월평가성공여부=미실시,"4주평가성공여부=미실시, 6주평가성공여부=미실시",0.33138,0.41797633763023134,1.2610159223744384,0.06859188280000006
6개월평가성공여부=미실시,"6주평가성공여부=미실시, 등록유형=보건소, 성별=남",0.24692,0.31144522085719334,1.2610139317239992,0.05110931639999999
"6주평가성공여부=미실시, 등록유형=보건소, 성별=남",6개월평가성공여부=미실시,0.24692,0.999757065349421,1.2610139317239992,0.05110931639999999
"4주평가성공여부=미실시, 서비스구분=보건소 금연클리닉, 성별=남",6개월평가성공여부=미실시,0.23952,0.9997495617330329,1.2610044672599492,0.04957618440000003
6개월평가성공여부=미실시,"4주평가성공여부=미실시, 서비스구분=보건소 금연클리닉, 성별=남",0.23952,0.3021114502661386,1.2610044672599492,0.04957618440000003
"12주평가성공여부=미실시, 6주평가성공여부=Y, 성별=남",6개월평가성공여부=미실시,0.1534,0.9997393117831075,1.2609915387895203,0.03174969920000002
6개월평가성공여부=미실시,"12주평가성공여부=미실시, 6주평가성공여부=Y, 성별=남",0.1534,0.193486541711864,1.2609915387895203,0.03174969920000002
6개월평가성공여부=미실시,"6주평가성공여부=미실시, 등록유형=보건소, 서비스구분=보건소 금연클리닉",0.29628,0.3737039933402285,1.2609798668518981,0.061319864799999985
6개월평가성공여부=미실시,"6주평가성공여부=미실시, 등록유형=보건소",0.29628,0.3737039933402285,1.2609798668518981,0.061319864799999985
"6주평가성공여부=미실시, 등록유형=보건소, 서비스구분=보건소 금연클리닉",6개월평가성공여부=미실시,0.29628,0.9997300580375218,1.2609798668518981,0.061319864799999985
"6주평가성공여부=미실시, 등록유형=보건소",6개월평가성공여부=미실시,0.29628,0.9997300580375218,1.2609798668518981,0.061319864799999985
6개월평가성공여부=미실시,"12주평가성공여부=미실시, 6주평가성공여부=미실시, 등록유형=보건소",0.29626,0.37367876693322577,1.2609798438726658,0.061315721200000034
"12주평가성공여부=미실시, 6주평가성공여부=미실시, 등록유형=보건소",6개월평가성공여부=미실시,0.29626,0.9997300398191268,1.2609798438726656,0.061315721200000034
"12주평가성공여부=미실시, 4주평가성공여부=미실시, 서비스구분=보건소 금연클리닉",6개월평가성공여부=미실시,0.29432,0.9997282608695653,1.260977600047382,0.06091379200000005
6개월평가성공여부=미실시,"4주평가성공여부=미실시, 6주평가성공여부=미실시, 서비스구분=보건소 금연클리닉",0.29432,0.37123180545394924,1.260977600047382,0.06091379200000005
6개월평가성공여부=미실시,"12주평가성공여부=미실시, 4주평가성공여부=미실시, 서비스구분=보건소 금연클리닉",0.29432,0.37123180545394924,1.260977600047382,0.06091379200000005
6개월평가성공여부=미실시,"4주평가성공여부=미실시, 서비스구분=보건소 금연클리닉",0.29432,0.37123180545394924,1.260977600047382,0.06091379200000005
"4주평가성공여부=미실시, 서비스구분=보건소 금연클리닉",6개월평가성공여부=미실시,0.29432,0.9997282608695653,1.260977600047382,0.06091379200000005
"4주평가성공여부=미실시, 6주평가성공여부=미실시, 서비스구분=보건소 금연클리닉",6개월평가성공여부=미실시,0.29432,0.9997282608695653,1.260977600047382,0.06091379200000005
"12주평가성공여부=미실시, 등록유형=보건소, 성별=남",6개월평가성공여부=미실시,0.3643,0.9997255762897914,1.2609742139322815,0.07539639200000003
6개월평가성공여부=미실시,"12주평가성공여부=미실시, 등록유형=보건소, 성별=남",0.3643,0.4594990035569234,1.2609742139322815,0.07539639200000003
"12주평가성공여부=미실시, 서비스구분=보건소 금연클리닉",6개월평가성공여부=미실시,0.54484,0.9997064220183486,1.2609500542599186,0.1127531
6개월평가성공여부=미실시,"12주평가성공여부=미실시, 서비스구분=보건소 금연클리닉",0.54484,0.6872177795716556,1.2609500542599186,0.1127531
"6주평가성공여부=미실시, 서비스구분=보건소 금연클리닉, 성별=여",6개월평가성공여부=미실시,0.06772,0.9997047534691469,1.2609479496848552,0.014014373200000006
6개월평가성공여부=미실시,"6주평가성공여부=미실시, 서비스구분=보건소 금연클리닉, 성별=여",0.06772,0.08541661411165208,1.260947949684855,0.014014373200000006
12주평가성공여부=미실시,6개월평가성공여부=미실시,0.603,0.9997015816174275,1.260943948963734,0.12478683239999994
6개월평가성공여부=미실시,12주평가성공여부=미실시,0.603,0.7605761711359451,1.260943948963734,0.12478683239999994
"4주평가성공여부=미실시, 등록유형=보건소, 성별=남",6개월평가성공여부=미실시,0.1907,0.9996854686517089,1.260923625352172,0.039461656799999995
6개월평가성공여부=미실시,"4주평가성공여부=미실시, 등록유형=보건소, 성별=남",0.1907,0.24053379077218034,1.260923625352172,0.039461656799999995
6개월평가성공여부=미실시,"12주평가성공여부=미실시, 4주평가성공여부=Y, 서비스구분=보건소 금연클리닉",0.2505,0.3159607477107036,1.2609176618672822,0.051835164399999994
"12주평가성공여부=미실시, 4주평가성공여부=Y, 서비스구분=보건소 금연클리닉",6개월평가성공여부=미실시,0.2505,0.9996807406816185,1.260917661867282,0.051835164399999994
"4주평가성공여부=미실시, 성별=여",6개월평가성공여부=미실시,0.06092,0.9996718083360683,1.260906395318065,0.012605549200000003
6개월평가성공여부=미실시,"12주평가성공여부=미실시, 4주평가성공여부=미실시, 성별=여",0.06092,0.07683963573068288,1.260906395318065,0.012605549200000003
6개월평가성공여부=미실시,"4주평가성공여부=미실시, 6주평가성공여부=미실시, 성별=여",0.06092,0.07683963573068288,1.260906395318065,0.012605549200000003
"4주평가성공여부=미실시, 6주평가성공여부=미실시, 성별=여",6개월평가성공여부=미실시,0.06092,0.9996718083360683,1.260906395318065,0.012605549200000003
6개월평가성공여부=미실시,"4주평가성공여부=미실시, 성별=여",0.06092,0.07683963573068288,1.260906395318065,0.012605549200000003
"12주평가성공여부=미실시, 4주평가성공여부=미실시, 성별=여",6개월평가성공여부=미실시,0.06092,0.9996718083360683,1.260906395318065,0.012605549200000003
6개월평가성공여부=미실시,"4주평가성공여부=미실시, 6주평가성공여부=미실시, 등록유형=보건소",0.22978,0.2898261900557504,1.2608813628110604,0.0475423948
6개월평가성공여부=미실시,"4주평가성공여부=미실시, 등록유형=보건소, 서비스구분=보건소 금연클리닉",0.22978,0.2898261900557504,1.2608813628110604,0.0475423948
"4주평가성공여부=미실시, 6주평가성공여부=미실시, 등록유형=보건소",6개월평가성공여부=미실시,0.22978,0.999651962063865,1.2608813628110604,0.0475423948
"12주평가성공여부=미실시, 4주평가성공여부=미실시, 등록유형=보건소",6개월평가성공여부=미실시,0.22978,0.999651962063865,1.2608813628110604,0.0475423948
6개월평가성공여부=미실시,"12주평가성공여부=미실시, 4주평가성공여부=미실시, 등록유형=보건소",0.22978,0.2898261900557504,1.2608813628110604,0.0475423948
"4주평가성공여부=미실시, 등록유형=보건소",6개월평가성공여부=미실시,0.22978,0.999651962063865,1.2608813628110604,0.0475423948
6개월평가성공여부=미실시,"4주평가성공여부=미실시, 등록유형=보건소",0.22978,0.2898261900557504,1.2608813628110604,0.0475423948
"4주평가성공여부=미실시, 등록유형=보건소, 서비스구분=보건소 금연클리닉",6개월평가성공여부=미실시,0.22978,0.999651962063865,1.2608813628110604,0.0475423948
6개월평가성공여부=미실시,"12주평가성공여부=미실시, 서비스상태=중간종결, 성별=여",0.05576,0.07033122272394743,1.2608681018993801,0.011536500399999997
"12주평가성공여부=미실시, 서비스상태=중간종결, 성별=여",6개월평가성공여부=미실시,0.05576,0.9996414485478665,1.2608681018993801,0.011536500399999997
6개월평가성공여부=미실시,"4주평가성공여부=미실시, 서비스구분=보건소 금연클리닉, 성별=여",0.0548,0.06912035518781061,1.260860182192824,0.0113376076
"4주평가성공여부=미실시, 서비스구분=보건소 금연클리닉, 성별=여",6개월평가성공여부=미실시,0.0548,0.9996351696461145,1.2608601821928238,0.0113376076
6개월평가성공여부=미실시,"12주평가성공여부=미실시, 4주평가성공여부=Y",0.27158,0.3425493806917081,1.2608560832291966,0.056186662400000004
"12주평가성공여부=미실시, 4주평가성공여부=Y",6개월평가성공여부=미실시,0.27158,0.9996319199057715,1.2608560832291964,0.056186662400000004
6개월평가성공여부=미실시,"12주평가성공여부=미실시, 등록유형=보건소, 서비스구분=보건소 금연클리닉",0.43334,0.5465805605307636,1.2608548109129496,0.08965253000000001
"12주평가성공여부=미실시, 등록유형=보건소, 서비스구분=보건소 금연클리닉",6개월평가성공여부=미실시,0.43334,0.9996309111880046,1.2608548109129496,0.08965253000000001
"12주평가성공여부=미실시, 등록유형=보건소",6개월평가성공여부=미실시,0.43334,0.9996309111880046,1.2608548109129496,0.08965253000000001
6개월평가성공여부=미실시,"12주평가성공여부=미실시, 등록유형=보건소",0.43334,0.5465805605307636,1.2608548109129496,0.08965253000000001
"12주평가성공여부=미실시, 4주평가성공여부=Y, 등록유형=보건소",6개월평가성공여부=미실시,0.20356,0.9996071498723237,1.260824840281935,0.04211013520000001
6개월평가성공여부=미실시,"12주평가성공여부=미실시, 4주평가성공여부=Y, 등록유형=보건소",0.20356,0.25675437047501326,1.260824840281935,0.04211013520000001
"12주평가성공여부=미실시, 6주평가성공여부=Y",6개월평가성공여부=미실시,0.17936,0.9995541685242978,1.260758013829492,0.0370963792
6개월평가성공여부=미실시,"12주평가성공여부=미실시, 6주평가성공여부=Y",0.17936,0.22623041800156404,1.260758013829492,0.0370963792
"12주평가성공여부=미실시, 4주평가성공여부=Y, 6주평가성공여부=Y",6개월평가성공여부=미실시,0.17934,0.9995541188273326,1.2607579511456983,0.037092235599999995
6개월평가성공여부=미실시,"12주평가성공여부=미실시, 4주평가성공여부=Y, 6주평가성공여부=Y",0.17934,0.2262051915945612,1.2607579511456983,0.037092235599999995
6개월평가성공여부=미실시,"12주평가성공여부=미실시, 6주평가성공여부=Y, 서비스구분=보건소 금연클리닉",0.16868,0.21275951666204182,1.2607224262979488,0.0348836968
"12주평가성공여부=미실시, 6주평가성공여부=Y, 서비스구분=보건소 금연클리닉",6개월평가성공여부=미실시,0.16868,0.9995259540175397,1.2607224262979488,0.0348836968
"6개월평가성공여부=미실시, 등록유형=보건소","서비스상태=금연유지, 성별=남",0.26042,0.45469148304640844,1.2607205762945946,0.053855591599999975
"서비스상태=금연유지, 성별=남","6개월평가성공여부=미실시, 등록유형=보건소",0.26042,0.7220651028669661,1.2607205762945946,0.053855591599999975
"6주평가성공여부=미실시, 성별=여",6개월평가성공여부=미실시,0.07528,0.9994689325544345,1.2606505039661393,0.015564797600000006
"12주평가성공여부=미실시, 6주평가성공여부=미실시, 성별=여",6개월평가성공여부=미실시,0.07528,0.9994689325544345,1.2606505039661393,0.015564797600000006
6개월평가성공여부=미실시,"6주평가성공여부=미실시, 성별=여",0.07528,0.0949521959587296,1.260650503966139,0.015564797600000006
6개월평가성공여부=미실시,"12주평가성공여부=미실시, 6주평가성공여부=미실시, 성별=여",0.07528,0.0949521959587296,1.260650503966139,0.015564797600000006
"12주평가성공여부=미실시, 6주평가성공여부=Y, 등록유형=보건소",6개월평가성공여부=미실시,0.13708,0.99941673957422,1.26058467189806,0.028336808800000002
6개월평가성공여부=미실시,"12주평가성공여부=미실시, 6주평가성공여부=Y, 등록유형=보건소",0.13708,0.1729017935975379,1.26058467189806,0.028336808800000002
"12주평가성공여부=미실시, 서비스구분=보건소 금연클리닉, 성별=여",6개월평가성공여부=미실시,0.09234,0.9993506493506494,1.2605013109541252,0.01908343200000001
6개월평가성공여부=미실시,"12주평가성공여부=미실시, 서비스구분=보건소 금연클리닉, 성별=여",0.09234,0.11647032113216116,1.2605013109541252,0.01908343200000001
"6주평가성공여부=미실시, 등록유형=출장","6개월평가성공여부=미실시, 성별=남",0.05386,0.8368551895587321,1.2604000083720888,0.0111275344
"6개월평가성공여부=미실시, 성별=남","6주평가성공여부=미실시, 등록유형=출장",0.05386,0.08111934453882763,1.2604000083720888,0.0111275344
"12주평가성공여부=미실시, 성별=여",6개월평가성공여부=미실시,0.10124,0.9992104224240032,1.2603244398779083,0.020911477600000006
6개월평가성공여부=미실시,"12주평가성공여부=미실시, 성별=여",0.10124,0.12769607224842966,1.2603244398779083,0.020911477600000006
"12주평가성공여부=미실시, 등록유형=보건소, 성별=여",6개월평가성공여부=미실시,0.06904,0.9991316931982636,1.260225137103332,0.014256138000000008
6개월평가성공여부=미실시,"12주평가성공여부=미실시, 등록유형=보건소, 성별=여",0.06904,0.08708155697384022,1.2602251371033317,0.014256138000000008
"6개월평가성공여부=미실시, 서비스구분=보건소 금연클리닉, 서비스상태=중간종결",4주평가성공여부=미실시,0.15232,0.417658349328215,1.2599805397858543,0.03142924400000001
4주평가성공여부=미실시,"6개월평가성공여부=미실시, 서비스구분=보건소 금연클리닉, 서비스상태=중간종결",0.15232,0.4595149028599011,1.2599805397858543,0.03142924400000001
12주평가성공여부=Y,"4주평가성공여부=Y, 서비스구분=보건소 금연클리닉, 서비스상태=금연유지",0.12846,0.3237562377135944,1.2583808990733614,0.02637644159999998
"4주평가성공여부=Y, 서비스구분=보건소 금연클리닉, 서비스상태=금연유지",12주평가성공여부=Y,0.12846,0.4993003731343283,1.2583808990733611,0.02637644159999998
"6개월평가성공여부=미실시, 등록유형=보건소","4주평가성공여부=Y, 6주평가성공여부=미실시",0.0665,0.11610853092153507,1.2582198842819146,0.013647552799999997
"4주평가성공여부=Y, 6주평가성공여부=미실시","6개월평가성공여부=미실시, 등록유형=보건소",0.0665,0.7206328565236237,1.2582198842819146,0.013647552799999997
"12주평가성공여부=미실시, 서비스구분=보건소 금연클리닉","등록유형=보건소, 서비스상태=금연유지",0.23172,0.4251743119266055,1.2579866025404032,0.047520900000000005
"등록유형=보건소, 서비스상태=금연유지","12주평가성공여부=미실시, 서비스구분=보건소 금연클리닉",0.23172,0.6856026983845198,1.2579866025404032,0.047520900000000005
서비스상태=중간종결,"6개월평가성공여부=미실시, 6주평가성공여부=미실시, 성별=남",0.18206,0.4375390531122326,1.2559968225750162,0.03710740399999998
"6개월평가성공여부=미실시, 6주평가성공여부=미실시, 성별=남",서비스상태=중간종결,0.18206,0.5226202778734642,1.255996822575016,0.03710740399999998
서비스상태=중간종결,"6주평가성공여부=미실시, 성별=남",0.18206,0.4375390531122326,1.25578053243853,0.037082437999999995
"6주평가성공여부=미실시, 성별=남",서비스상태=중간종결,0.18206,0.5225302795476723,1.2557805324385298,0.037082437999999995
"12주평가성공여부=미실시, 6주평가성공여부=미실시, 성별=남",서비스상태=중간종결,0.18204,0.5225028702640643,1.2557146605721323,0.03707076000000001
서비스상태=중간종결,"12주평가성공여부=미실시, 6주평가성공여부=미실시, 성별=남",0.18204,0.4374909877433309,1.2557146605721323,0.03707076000000001
"12주평가성공여부=Y, 6주평가성공여부=Y","4주평가성공여부=Y, 서비스상태=금연유지",0.13616,0.34317975602379275,1.2549541286615695,0.027662010400000006
"4주평가성공여부=Y, 서비스상태=금연유지","12주평가성공여부=Y, 6주평가성공여부=Y",0.13616,0.49791560008776425,1.2549541286615693,0.027662010400000006
12주평가성공여부=Y,"4주평가성공여부=Y, 서비스상태=금연유지",0.13616,0.3431624577851706,1.2548908717368925,0.02765654120000001
"4주평가성공여부=Y, 서비스상태=금연유지",12주평가성공여부=Y,0.13616,0.49791560008776425,1.2548908717368925,0.02765654120000001
"6개월평가성공여부=미실시, 성별=남","6주평가성공여부=미실시, 등록유형=보건소",0.24692,0.3718898728839087,1.2548585264000158,0.05014881439999999
"6주평가성공여부=미실시, 등록유형=보건소","6개월평가성공여부=미실시, 성별=남",0.24692,0.8331758671885544,1.2548585264000156,0.05014881439999999
12주평가성공여부=미실시,"6개월평가성공여부=미실시, 등록유형=보건소, 서비스구분=보건소 금연클리닉",0.43334,0.7184256772439404,1.254366164828614,0.08787468679999993
"6개월평가성공여부=미실시, 등록유형=보건소, 서비스구분=보건소 금연클리닉",12주평가성공여부=미실시,0.43334,0.7566085833013234,1.254366164828614,0.08787468679999993
"6개월평가성공여부=미실시, 등록유형=보건소",12주평가성공여부=미실시,0.43334,0.7566085833013234,1.254366164828614,0.08787468679999993
12주평가성공여부=미실시,"6개월평가성공여부=미실시, 등록유형=보건소",0.43334,0.7184256772439404,1.254366164828614,0.08787468679999993
"4주평가성공여부=Y, 6개월평가성공여부=미실시","등록유형=보건소, 서비스상태=중간종결",0.15846,0.3434330299089727,1.253039367735598,0.03199948799999999
"등록유형=보건소, 서비스상태=중간종결","4주평가성공여부=Y, 6개월평가성공여부=미실시",0.15846,0.5781523642732049,1.253039367735598,0.03199948799999999
12주평가성공여부=미실시,"6개월평가성공여부=미실시, 성별=남",0.50176,0.8318578202195032,1.2528733963183072,0.10127260719999998
"6개월평가성공여부=미실시, 성별=남",12주평가성공여부=미실시,0.50176,0.7557081751912765,1.2528733963183072,0.10127260719999998
"서비스구분=보건소 금연클리닉, 서비스상태=중간종결","12주평가성공여부=미실시, 등록유형=보건소",0.20156,0.5430249474648419,1.2526527046478475,0.04065347
"12주평가성공여부=미실시, 등록유형=보건소","서비스구분=보건소 금연클리닉, 서비스상태=중간종결",0.20156,0.46495963091118797,1.2526527046478473,0.04065347
"6개월평가성공여부=미실시, 서비스구분=보건소 금연클리닉",12주평가성공여부=미실시,0.54484,0.754730572101399,1.2512526478023127,0.10940435799999998
12주평가성공여부=미실시,"6개월평가성공여부=미실시, 서비스구분=보건소 금연클리닉",0.54484,0.9032792864484895,1.2512526478023127,0.10940435799999998
"6개월평가성공여부=미실시, 서비스상태=중간종결","12주평가성공여부=미실시, 성별=남",0.25702,0.627888796599404,1.2511234140983623,0.05158862760000005
"12주평가성공여부=미실시, 성별=남","6개월평가성공여부=미실시, 서비스상태=중간종결",0.25702,0.5121348583270235,1.2511234140983623,0.05158862760000005
12주평가성공여부=미실시,"6개월평가성공여부=미실시, 서비스구분=보건소 금연클리닉, 서비스상태=금연유지",0.26544,0.44006764150004973,1.25104514868106,0.05326540319999998
"6개월평가성공여부=미실시, 서비스구분=보건소 금연클리닉, 서비스상태=금연유지",12주평가성공여부=미실시,0.26544,0.7546054127814419,1.25104514868106,0.05326540319999998
"4주평가성공여부=미실시, 등록유형=보건소, 성별=남",서비스상태=금연유지,0.10006,0.5245334451667015,1.2508547841052644,0.020066701599999986
서비스상태=금연유지,"4주평가성공여부=미실시, 등록유형=보건소, 성별=남",0.10006,0.23861305861592025,1.2508547841052644,0.020066701599999986
"6개월평가성공여부=미실시, 6주평가성공여부=미실시","서비스상태=중간종결, 성별=남",0.18206,0.4297516759512794,1.2507324678442358,0.036497295999999985
"서비스상태=중간종결, 성별=남","6개월평가성공여부=미실시, 6주평가성공여부=미실시",0.18206,0.529860302677532,1.2507324678442358,0.036497295999999985
"6개월평가성공여부=미실시, 서비스구분=보건소 금연클리닉","6주평가성공여부=Y, 서비스상태=중간종결",0.17342,0.2402271782795401,1.2505319015072365,0.03474300999999999
"6주평가성공여부=Y, 서비스상태=중간종결","6개월평가성공여부=미실시, 서비스구분=보건소 금연클리닉",0.17342,0.902758979698074,1.2505319015072365,0.03474300999999999
"12주평가성공여부=미실시, 서비스구분=보건소 금연클리닉","6개월평가성공여부=미실시, 성별=남",0.4525,0.8302752293577982,1.2504898327576934,0.0906418
"6개월평가성공여부=미실시, 성별=남","12주평가성공여부=미실시, 서비스구분=보건소 금연클리닉",0.4525,0.681516958852943,1.2504898327576934,0.0906418
"서비스상태=중간종결, 성별=남",6주평가성공여부=미실시,0.18206,0.529860302677532,1.2504373027741824,0.036462936
6주평가성공여부=미실시,"서비스상태=중간종결, 성별=남",0.18206,0.42965025723320904,1.2504373027741822,0.036462936
"12주평가성공여부=미실시, 6주평가성공여부=미실시","서비스상태=중간종결, 성별=남",0.18204,0.4296233361653923,1.2503589527514327,0.036449808
"서비스상태=중간종결, 성별=남","12주평가성공여부=미실시, 6주평가성공여부=미실시",0.18204,0.529802095459837,1.2503589527514327,0.036449808
"6개월평가성공여부=미실시, 성별=남","4주평가성공여부=미실시, 등록유형=보건소",0.1907,0.2872160973552624,1.2495262218535734,0.03808215440000001
"4주평가성공여부=미실시, 등록유형=보건소","6개월평가성공여부=미실시, 성별=남",0.1907,0.8296354302618986,1.2495262218535734,0.03808215440000001
"12주평가성공여부=미실시, 성별=남","6개월평가성공여부=미실시, 서비스구분=보건소 금연클리닉",0.4525,0.901645877336309,1.2489899949249328,0.09020726600000006
"6개월평가성공여부=미실시, 서비스구분=보건소 금연클리닉","12주평가성공여부=미실시, 성별=남",0.4525,0.6268181188530267,1.2489899949249328,0.09020726600000006
"6개월평가성공여부=미실시, 등록유형=보건소, 성별=남",12주평가성공여부=미실시,0.3643,0.75302823597503,1.2484303789499485,0.07249357959999997
12주평가성공여부=미실시,"6개월평가성공여부=미실시, 등록유형=보건소, 성별=남",0.3643,0.6039656487284061,1.2484303789499485,0.07249357959999997
"6개월평가성공여부=미실시, 서비스상태=금연유지",12주평가성공여부=미실시,0.28316,0.7524047403943244,1.2473966981569753,0.05615923880000001
12주평가성공여부=미실시,"6개월평가성공여부=미실시, 서비스상태=금연유지",0.28316,0.469445273384396,1.247396698156975,0.05615923880000001
"12주평가성공여부=미실시, 6개월평가성공여부=미실시",서비스상태=중간종결,0.31278,0.5187064676616916,1.2465908859930102,0.061871699999999974
서비스상태=중간종결,"12주평가성공여부=미실시, 6개월평가성공여부=미실시",0.31278,0.7516943042537851,1.2465908859930102,0.061871699999999974
12주평가성공여부=미실시,서비스상태=중간종결,0.3128,0.5185848337146457,1.2462985669662237,0.061816802000000004
서비스상태=중간종결,12주평가성공여부=미실시,0.3128,0.7517423696226868,1.2462985669662237,0.061816802000000004
12주평가성공여부=미실시,"6개월평가성공여부=미실시, 서비스구분=보건소 금연클리닉, 서비스상태=중간종결",0.27404,0.4543254086673961,1.2457510520082151,0.054060253999999974
"6개월평가성공여부=미실시, 서비스구분=보건소 금연클리닉, 서비스상태=중간종결",12주평가성공여부=미실시,0.27404,0.7514121195503153,1.2457510520082151,0.054060253999999974
"6개월평가성공여부=미실시, 서비스구분=보건소 금연클리닉","4주평가성공여부=미실시, 성별=여",0.0548,0.07591079096827816,1.2456644399126708,0.010807414000000001
"4주평가성공여부=미실시, 성별=여","6개월평가성공여부=미실시, 서비스구분=보건소 금연클리닉",0.0548,0.899245159172957,1.2456644399126708,0.010807414000000001
"6주평가성공여부=미실시, 성별=여","6개월평가성공여부=미실시, 서비스구분=보건소 금연클리닉",0.06772,0.8990971853425386,1.2454594616186987,0.013346492000000001
"6개월평가성공여부=미실시, 서비스구분=보건소 금연클리닉","6주평가성공여부=미실시, 성별=여",0.06772,0.09380800664912038,1.2454594616186987,0.013346492000000001
"6개월평가성공여부=미실시, 서비스구분=보건소 금연클리닉","등록유형=보건소, 서비스상태=금연유지",0.30378,0.420806205845685,1.2450624470255194,0.059792238
"등록유형=보건소, 서비스상태=금연유지","6개월평가성공여부=미실시, 서비스구분=보건소 금연클리닉",0.30378,0.8988105805077223,1.2450624470255192,0.059792238
"서비스상태=중간종결, 성별=여",6개월평가성공여부=미실시,0.07152,0.9864827586206897,1.2442707785130165,0.014040550000000006
6개월평가성공여부=미실시,"서비스상태=중간종결, 성별=여",0.07152,0.0902096314421937,1.2442707785130165,0.014040550000000006
"등록유형=출장, 서비스구분=보건소 금연클리닉, 서비스상태=중간종결",6개월평가성공여부=미실시,0.08518,0.9861078953461451,1.2437979558363124,0.01669620840000001
"등록유형=출장, 서비스상태=중간종결",6개월평가성공여부=미실시,0.08518,0.9861078953461451,1.2437979558363124,0.01669620840000001
6개월평가성공여부=미실시,"등록유형=출장, 서비스구분=보건소 금연클리닉, 서비스상태=중간종결",0.08518,0.10743926742514065,1.2437979558363121,0.01669620840000001
6개월평가성공여부=미실시,"등록유형=출장, 서비스상태=중간종결",0.08518,0.10743926742514065,1.2437979558363121,0.01669620840000001
"4주평가성공여부=미실시, 6개월평가성공여부=미실시, 서비스구분=보건소 금연클리닉",서비스상태=중간종결,0.15232,0.5175319380266377,1.2437681759832675,0.02985344799999999
서비스상태=중간종결,"4주평가성공여부=미실시, 6개월평가성공여부=미실시, 서비스구분=보건소 금연클리닉",0.15232,0.36606584955539534,1.2437681759832675,0.02985344799999999
"서비스구분=보건소 금연클리닉, 서비스상태=중간종결, 성별=여",6개월평가성공여부=미실시,0.06454,0.9859456156431408,1.243593269144498,0.012642002799999996
6개월평가성공여부=미실시,"서비스구분=보건소 금연클리닉, 서비스상태=중간종결, 성별=여",0.06454,0.08140561539819884,1.243593269144498,0.012642002799999996
"서비스구분=보건소 금연클리닉, 서비스상태=중간종결","12주평가성공여부=미실시, 6주평가성공여부=Y",0.08282,0.22312624602618678,1.2434587941717945,0.01621546080000001
"12주평가성공여부=미실시, 6주평가성공여부=Y","서비스구분=보건소 금연클리닉, 서비스상태=중간종결",0.08282,0.46154703522068663,1.2434587941717943,0.01621546080000001
서비스상태=중간종결,"4주평가성공여부=미실시, 서비스구분=보건소 금연클리닉",0.15232,0.36606584955539534,1.2434301955006635,0.029820160000000012
"4주평가성공여부=미실시, 서비스구분=보건소 금연클리닉",서비스상태=중간종결,0.15232,0.5173913043478261,1.2434301955006635,0.029820160000000012
"4주평가성공여부=미실시, 6주평가성공여부=미실시, 서비스구분=보건소 금연클리닉",서비스상태=중간종결,0.15232,0.5173913043478261,1.2434301955006635,0.029820160000000012
서비스상태=중간종결,"4주평가성공여부=미실시, 6주평가성공여부=미실시, 서비스구분=보건소 금연클리닉",0.15232,0.36606584955539534,1.2434301955006635,0.029820160000000012
"12주평가성공여부=미실시, 4주평가성공여부=미실시, 서비스구분=보건소 금연클리닉",서비스상태=중간종결,0.15232,0.5173913043478261,1.2434301955006635,0.029820160000000012
서비스상태=중간종결,"12주평가성공여부=미실시, 4주평가성공여부=미실시, 서비스구분=보건소 금연클리닉",0.15232,0.36606584955539534,1.2434301955006635,0.029820160000000012
12주평가성공여부=미실시,"6개월평가성공여부=미실시, 서비스구분=보건소 금연클리닉, 성별=남",0.4525,0.7501906561888656,1.2432313416672727,0.08852912439999999
"6개월평가성공여부=미실시, 서비스구분=보건소 금연클리닉, 성별=남",12주평가성공여부=미실시,0.4525,0.7498922806668656,1.2432313416672727,0.08852912439999999
"6개월평가성공여부=미실시, 등록유형=보건소, 서비스상태=중간종결",12주평가성공여부=미실시,0.20154,0.7497767857142857,1.2430398649064718,0.03940521599999999
12주평가성공여부=미실시,"6개월평가성공여부=미실시, 등록유형=보건소, 서비스상태=중간종결",0.20154,0.3341291156868596,1.2430398649064718,0.03940521599999999
"6개월평가성공여부=미실시, 성별=남","등록유형=출장, 서비스상태=중간종결",0.07128,0.1073558648111332,1.2428324243011484,0.013927135199999996
"등록유형=출장, 서비스상태=중간종결","6개월평가성공여부=미실시, 성별=남",0.07128,0.8251910164389905,1.2428324243011484,0.013927135199999996
"등록유형=출장, 서비스상태=중간종결, 성별=남",6개월평가성공여부=미실시,0.07128,0.9850746268656717,1.2424946732747304,0.013911544800000002
6개월평가성공여부=미실시,"등록유형=출장, 서비스상태=중간종결, 성별=남",0.07128,0.08990691455815948,1.2424946732747304,0.013911544800000002
"6주평가성공여부=미실시, 성별=남","6개월평가성공여부=미실시, 서비스상태=금연유지",0.1629,0.46753917685551916,1.2423318723907082,0.031775617199999995
"6개월평가성공여부=미실시, 서비스상태=금연유지","6주평가성공여부=미실시, 성별=남",0.1629,0.43285327097837056,1.2423318723907082,0.031775617199999995
"6개월평가성공여부=미실시, 서비스상태=중간종결","6주평가성공여부=미실시, 서비스구분=보건소 금연클리닉",0.19124,0.4671910880930278,1.2417368915932059,0.037229918400000006
"6주평가성공여부=미실시, 서비스구분=보건소 금연클리닉","6개월평가성공여부=미실시, 서비스상태=중간종결",0.19124,0.5082925792047629,1.2417368915932059,0.037229918400000006
"서비스상태=금연유지, 성별=남","6주평가성공여부=미실시, 등록유형=보건소",0.13264,0.36777019907946545,1.2409576160057547,0.025754802400000013
"6주평가성공여부=미실시, 등록유형=보건소","서비스상태=금연유지, 성별=남",0.13264,0.44756377378863543,1.2409576160057547,0.025754802400000013
서비스상태=중간종결,6개월평가성공여부=미실시,0.40934,0.9837539053112232,1.2408288203012325,0.07944759799999995
6개월평가성공여부=미실시,서비스상태=중간종결,0.40934,0.5163088721273429,1.2408288203012325,0.07944759799999995
"서비스상태=중간종결, 성별=남","12주평가성공여부=미실시, 6개월평가성공여부=미실시",0.25702,0.7480209545983703,1.2404990955196853,0.04982920000000002
"12주평가성공여부=미실시, 6개월평가성공여부=미실시","서비스상태=중간종결, 성별=남",0.25702,0.4262354892205639,1.2404990955196853,0.04982920000000002
12주평가성공여부=미실시,"서비스상태=중간종결, 성별=남",0.25702,0.4261082927152757,1.2401289077860178,0.04976735199999999
"서비스상태=중간종결, 성별=남",12주평가성공여부=미실시,0.25702,0.7480209545983703,1.2401289077860178,0.04976735199999999
"서비스상태=중간종결, 성별=남",6개월평가성공여부=미실시,0.33782,0.9831781140861466,1.24010256311161,0.06540704800000002
6개월평가성공여부=미실시,"서비스상태=중간종결, 성별=남",0.33782,0.42609924068514926,1.24010256311161,0.06540704800000002
"4주평가성공여부=Y, 6개월평가성공여부=미실시","서비스구분=보건소 금연클리닉, 서비스상태=중간종결",0.21236,0.46025140875596016,1.2399682330835717,0.041097547999999984
"서비스구분=보건소 금연클리닉, 서비스상태=중간종결","4주평가성공여부=Y, 6개월평가성공여부=미실시",0.21236,0.5721213427447599,1.2399682330835715,0.041097547999999984
12주평가성공여부=미실시,"6개월평가성공여부=미실시, 서비스상태=금연유지, 성별=남",0.24134,0.40011273583341617,1.2399675710717,0.04670587759999997
"6개월평가성공여부=미실시, 서비스상태=금연유지, 성별=남",12주평가성공여부=미실시,0.24134,0.7479236395190281,1.2399675710717,0.04670587759999997
6개월평가성공여부=미실시,"서비스구분=보건소 금연클리닉, 서비스상태=중간종결",0.3647,0.46000353169698044,1.2393004248531183,0.0704210724
"서비스구분=보건소 금연클리닉, 서비스상태=중간종결",6개월평가성공여부=미실시,0.3647,0.9825421628320492,1.2393004248531183,0.0704210724
"6개월평가성공여부=미실시, 서비스상태=중간종결, 성별=남",등록유형=출장,0.07128,0.21099994079687406,1.239135193780092,0.013756010399999997
등록유형=출장,"6개월평가성공여부=미실시, 서비스상태=중간종결, 성별=남",0.07128,0.4186046511627907,1.239135193780092,0.013756010399999997
"서비스상태=중간종결, 성별=남","12주평가성공여부=Y, 6개월평가성공여부=미실시",0.08078,0.23509895227008148,1.2386667664387856,0.015564720000000004
"12주평가성공여부=Y, 6개월평가성공여부=미실시","서비스상태=중간종결, 성별=남",0.08078,0.42560590094836676,1.2386667664387856,0.015564720000000004
서비스상태=금연유지,"4주평가성공여부=미실시, 6개월평가성공여부=미실시, 등록유형=보건소",0.11934,0.2845900701101731,1.2385328144754684,0.0229840548
"4주평가성공여부=미실시, 6개월평가성공여부=미실시, 등록유형=보건소",서비스상태=금연유지,0.11934,0.5193663504221429,1.2385328144754684,0.0229840548
"서비스구분=보건소 금연클리닉, 서비스상태=중간종결, 성별=남",6개월평가성공여부=미실시,0.30016,0.9818134240481486,1.2383812517950463,0.05777906960000001
6개월평가성공여부=미실시,"서비스구분=보건소 금연클리닉, 서비스상태=중간종결, 성별=남",0.30016,0.37859791629878153,1.2383812517950463,0.05777906960000001
"6개월평가성공여부=미실시, 등록유형=보건소, 서비스상태=중간종결",4주평가성공여부=미실시,0.11034,0.41049107142857144,1.2383584874760813,0.021238175999999998
4주평가성공여부=미실시,"6개월평가성공여부=미실시, 등록유형=보건소, 서비스상태=중간종결",0.11034,0.33287076143357064,1.2383584874760813,0.021238175999999998
"서비스구분=보건소 금연클리닉, 서비스상태=중간종결","4주평가성공여부=미실시, 6개월평가성공여부=미실시",0.15232,0.4103669378738079,1.2382828541756425,0.029310948000000017
"4주평가성공여부=미실시, 6개월평가성공여부=미실시","서비스구분=보건소 금연클리닉, 서비스상태=중간종결",0.15232,0.459625829812915,1.2382828541756425,0.029310948000000017
"6개월평가성공여부=미실시, 성별=남",6주평가성공여부=미실시,0.34836,0.5246701608530634,1.238188891426496,0.06701358959999998
6주평가성공여부=미실시,"6개월평가성공여부=미실시, 성별=남",0.34836,0.8221078963515364,1.238188891426496,0.06701358959999998
"6개월평가성공여부=미실시, 성별=남","12주평가성공여부=미실시, 6주평가성공여부=미실시",0.34834,0.5246400385565395,1.2381762450593305,0.06700686880000001
"12주평가성공여부=미실시, 6주평가성공여부=미실시","6개월평가성공여부=미실시, 성별=남",0.34834,0.8220994996695932,1.2381762450593305,0.06700686880000001
"4주평가성공여부=미실시, 등록유형=보건소, 서비스구분=보건소 금연클리닉",서비스상태=금연유지,0.11934,0.519185591229444,1.2381017580708829,0.022950507600000003
서비스상태=금연유지,"12주평가성공여부=미실시, 4주평가성공여부=미실시, 등록유형=보건소",0.11934,0.2845900701101731,1.2381017580708829,0.022950507600000003
서비스상태=금연유지,"4주평가성공여부=미실시, 등록유형=보건소, 서비스구분=보건소 금연클리닉",0.11934,0.2845900701101731,1.2381017580708829,0.022950507600000003
서비스상태=금연유지,"4주평가성공여부=미실시, 6주평가성공여부=미실시, 등록유형=보건소",0.11934,0.2845900701101731,1.2381017580708829,0.022950507600000003
"4주평가성공여부=미실시, 등록유형=보건소",서비스상태=금연유지,0.11934,0.519185591229444,1.2381017580708829,0.022950507600000003
서비스상태=금연유지,"4주평가성공여부=미실시, 등록유형=보건소",0.11934,0.2845900701101731,1.2381017580708829,0.022950507600000003
"12주평가성공여부=미실시, 4주평가성공여부=미실시, 등록유형=보건소",서비스상태=금연유지,0.11934,0.519185591229444,1.2381017580708829,0.022950507600000003
"4주평가성공여부=미실시, 6주평가성공여부=미실시, 등록유형=보건소",서비스상태=금연유지,0.11934,0.519185591229444,1.2381017580708829,0.022950507600000003
"서비스구분=보건소 금연클리닉, 서비스상태=중간종결","4주평가성공여부=미실시, 6주평가성공여부=미실시",0.15232,0.4103669378738079,1.2380587035352921,0.029288677200000016
"4주평가성공여부=미실시, 6주평가성공여부=미실시","서비스구분=보건소 금연클리닉, 서비스상태=중간종결",0.15232,0.4595426295782297,1.2380587035352921,0.029288677200000016
"서비스구분=보건소 금연클리닉, 서비스상태=중간종결",4주평가성공여부=미실시,0.15232,0.4103669378738079,1.2379840046874862,0.029281253600000015
4주평가성공여부=미실시,"서비스구분=보건소 금연클리닉, 서비스상태=중간종결",0.15232,0.4595149028599011,1.2379840046874862,0.029281253600000015
"12주평가성공여부=미실시, 4주평가성공여부=미실시","서비스구분=보건소 금연클리닉, 서비스상태=중간종결",0.15232,0.4595149028599011,1.2379840046874862,0.029281253600000015
"서비스구분=보건소 금연클리닉, 서비스상태=중간종결","12주평가성공여부=미실시, 4주평가성공여부=미실시",0.15232,0.4103669378738079,1.2379840046874862,0.029281253600000015
"6개월평가성공여부=미실시, 서비스구분=보건소 금연클리닉","4주평가성공여부=Y, 서비스상태=중간종결",0.21236,0.29416816733619616,1.2379773055138295,0.04082212199999999
"4주평가성공여부=Y, 서비스상태=중간종결","6개월평가성공여부=미실시, 서비스구분=보건소 금연클리닉",0.21236,0.8936958168504334,1.2379773055138295,0.04082212199999999
"6주평가성공여부=미실시, 서비스구분=보건소 금연클리닉","등록유형=보건소, 서비스상태=금연유지",0.15742,0.4184031469274931,1.2379523845419642,0.0302584048
"등록유형=보건소, 서비스상태=금연유지","6주평가성공여부=미실시, 서비스구분=보건소 금연클리닉",0.15742,0.46576720516006864,1.2379523845419642,0.0302584048
"12주평가성공여부=미실시, 서비스상태=중간종결","6개월평가성공여부=미실시, 성별=남",0.25702,0.8216751918158568,1.2375371887099476,0.04933331200000002
"6개월평가성공여부=미실시, 성별=남","12주평가성공여부=미실시, 서비스상태=중간종결",0.25702,0.38710163262847164,1.2375371887099476,0.04933331200000002
6주평가성공여부=미실시,"6개월평가성공여부=미실시, 서비스구분=보건소 금연클리닉, 서비스상태=중간종결",0.19124,0.4513144852975881,1.2374951612217935,0.03670202199999997
"6개월평가성공여부=미실시, 서비스구분=보건소 금연클리닉, 서비스상태=중간종결",6주평가성공여부=미실시,0.19124,0.5243761996161228,1.2374951612217935,0.03670202199999997
"6주평가성공여부=미실시, 성별=남","6개월평가성공여부=미실시, 등록유형=보건소",0.24692,0.7086849204982493,1.2373588722600992,0.04736592919999999
"6개월평가성공여부=미실시, 등록유형=보건소","6주평가성공여부=미실시, 성별=남",0.24692,0.43112057827286376,1.2373588722600992,0.04736592919999999
"등록유형=보건소, 서비스구분=보건소 금연클리닉, 서비스상태=중간종결",6개월평가성공여부=미실시,0.2688,0.9807355516637478,1.237021709421745,0.0515038944
"등록유형=보건소, 서비스상태=중간종결",6개월평가성공여부=미실시,0.2688,0.9807355516637478,1.237021709421745,0.0515038944
6개월평가성공여부=미실시,"등록유형=보건소, 서비스상태=중간종결",0.2688,0.33904291011831184,1.2370217094217448,0.0515038944
6개월평가성공여부=미실시,"등록유형=보건소, 서비스구분=보건소 금연클리닉, 서비스상태=중간종결",0.2688,0.33904291011831184,1.2370217094217448,0.0515038944
"서비스상태=중간종결, 성별=남",등록유형=출장,0.07236,0.21059371362048893,1.2367495514475508,0.013851791999999995
"서비스상태=중간종결, 성별=남","등록유형=출장, 서비스구분=보건소 금연클리닉",0.07236,0.21059371362048893,1.2367495514475508,0.013851791999999995
"등록유형=출장, 서비스구분=보건소 금연클리닉","서비스상태=중간종결, 성별=남",0.07236,0.4249471458773784,1.2367495514475506,0.013851791999999995
등록유형=출장,"서비스상태=중간종결, 성별=남",0.07236,0.4249471458773784,1.2367495514475506,0.013851791999999995
6개월평가성공여부=미실시,"등록유형=보건소, 서비스상태=중간종결, 성별=남",0.22322,0.2815519285588154,1.2365038584049863,0.04269488599999999
"등록유형=보건소, 서비스상태=중간종결, 성별=남",6개월평가성공여부=미실시,0.22322,0.9803249890206411,1.2365038584049861,0.04269488599999999
"6개월평가성공여부=미실시, 성별=여","12주평가성공여부=미실시, 등록유형=보건소",0.06904,0.5357752599720628,1.2359290887475496,0.01317919
"12주평가성공여부=미실시, 등록유형=보건소","6개월평가성공여부=미실시, 성별=여",0.06904,0.15926182237600925,1.2359290887475496,0.01317919
"6개월평가성공여부=미실시, 성별=남","6주평가성공여부=미실시, 서비스구분=보건소 금연클리닉",0.30844,0.464546056991385,1.2347067217504386,0.05863168959999998
"6주평가성공여부=미실시, 서비스구분=보건소 금연클리닉","6개월평가성공여부=미실시, 성별=남",0.30844,0.8197958749734212,1.2347067217504386,0.05863168959999998
"4주평가성공여부=미실시, 서비스구분=보건소 금연클리닉","6개월평가성공여부=미실시, 서비스상태=금연유지",0.13664,0.46413043478260874,1.2332742594000339,0.025845504000000005
"6개월평가성공여부=미실시, 서비스상태=금연유지","4주평가성공여부=미실시, 서비스구분=보건소 금연클리닉",0.13664,0.36307594196737,1.2332742594000339,0.025845504000000005
"6개월평가성공여부=미실시, 서비스구분=보건소 금연클리닉","서비스상태=중간종결, 성별=여",0.06454,0.08940296439950132,1.233144336544846,0.012202250000000005
"서비스상태=중간종결, 성별=여","6개월평가성공여부=미실시, 서비스구분=보건소 금연클리닉",0.06454,0.8902068965517242,1.233144336544846,0.012202250000000005
서비스상태=금연유지,"12주평가성공여부=Y, 6개월평가성공여부=미실시, 등록유형=보건소",0.07208,0.17188915915486241,1.2330642694036043,0.013624004000000009
"12주평가성공여부=Y, 6개월평가성공여부=미실시, 등록유형=보건소",서비스상태=금연유지,0.07208,0.5170731707317073,1.233064269403604,0.013624004000000009
6개월평가성공여부=미실시,"4주평가성공여부=Y, 등록유형=출장, 서비스상태=중간종결",0.05214,0.06576524305643147,1.2329441892844295,0.009850981200000004
"4주평가성공여부=Y, 등록유형=출장, 서비스상태=중간종결",6개월평가성공여부=미실시,0.05214,0.9775028121484814,1.2329441892844295,0.009850981200000004
"12주평가성공여부=미실시, 6개월평가성공여부=미실시, 성별=남",서비스상태=중간종결,0.25702,0.5122369260204083,1.2310428407123486,0.04823766400000001
서비스상태=중간종결,"12주평가성공여부=미실시, 6개월평가성공여부=미실시, 성별=남",0.25702,0.617688055755828,1.2310428407123486,0.04823766400000001
"4주평가성공여부=미실시, 서비스구분=보건소 금연클리닉, 성별=남",서비스상태=중간종결,0.1227,0.5121462559479089,1.230824936188197,0.023010762000000004
서비스상태=중간종결,"4주평가성공여부=미실시, 서비스구분=보건소 금연클리닉, 성별=남",0.1227,0.29488103821196826,1.230824936188197,0.023010762000000004
서비스상태=중간종결,"12주평가성공여부=미실시, 성별=남",0.25702,0.617688055755828,1.2307975446455746,0.048196054000000016
"12주평가성공여부=미실시, 성별=남",서비스상태=중간종결,0.25702,0.5121348583270235,1.2307975446455743,0.048196054000000016
"6개월평가성공여부=미실시, 등록유형=보건소","4주평가성공여부=미실시, 성별=남",0.1907,0.33296085483814647,1.2307268974574794,0.0357509204
"4주평가성공여부=미실시, 성별=남","6개월평가성공여부=미실시, 등록유형=보건소",0.1907,0.7048865232497967,1.2307268974574792,0.0357509204
서비스상태=중간종결,"12주평가성공여부=Y, 6개월평가성공여부=미실시, 서비스구분=보건소 금연클리닉",0.09064,0.21783225186253302,1.2304126291376696,0.01697365599999999
"12주평가성공여부=Y, 6개월평가성공여부=미실시, 서비스구분=보건소 금연클리닉",서비스상태=중간종결,0.09064,0.5119746949841844,1.2304126291376696,0.01697365599999999
"6개월평가성공여부=미실시, 서비스구분=보건소 금연클리닉","4주평가성공여부=미실시, 6주평가성공여부=미실시",0.29432,0.4077018977697742,1.23001839669877,0.055039026000000046
"4주평가성공여부=미실시, 6주평가성공여부=미실시","6개월평가성공여부=미실시, 서비스구분=보건소 금연클리닉",0.29432,0.887950280576842,1.23001839669877,0.055039026000000046
"6개월평가성공여부=미실시, 서비스구분=보건소 금연클리닉",4주평가성공여부=미실시,0.29432,0.4077018977697742,1.2299441829666171,0.05502458800000004
"12주평가성공여부=미실시, 4주평가성공여부=미실시","6개월평가성공여부=미실시, 서비스구분=보건소 금연클리닉",0.29432,0.8878967056836009,1.2299441829666171,0.05502458800000004
"6개월평가성공여부=미실시, 서비스구분=보건소 금연클리닉","12주평가성공여부=미실시, 4주평가성공여부=미실시",0.29432,0.4077018977697742,1.2299441829666171,0.05502458800000004
4주평가성공여부=미실시,"6개월평가성공여부=미실시, 서비스구분=보건소 금연클리닉",0.29432,0.8878967056836009,1.2299441829666171,0.05502458800000004
"6개월평가성공여부=미실시, 서비스구분=보건소 금연클리닉",6주평가성공여부=미실시,0.37616,0.5210694001939327,1.229691320606817,0.070262094
6주평가성공여부=미실시,"6개월평가성공여부=미실시, 서비스구분=보건소 금연클리닉",0.37616,0.8877141643460612,1.229691320606817,0.070262094
"12주평가성공여부=미실시, 6주평가성공여부=미실시","6개월평가성공여부=미실시, 서비스구분=보건소 금연클리닉",0.37614,0.8877088643443783,1.2296839788674032,0.07025653199999998
"6개월평가성공여부=미실시, 서비스구분=보건소 금연클리닉","12주평가성공여부=미실시, 6주평가성공여부=미실시",0.37614,0.521041695525696,1.229683978867403,0.07025653199999998
"12주평가성공여부=미실시, 4주평가성공여부=미실시","6개월평가성공여부=미실시, 성별=남",0.27048,0.8159768311813684,1.2289548032733424,0.0503905392
"6개월평가성공여부=미실시, 성별=남","12주평가성공여부=미실시, 4주평가성공여부=미실시",0.27048,0.40737393818904755,1.2289548032733424,0.0503905392
4주평가성공여부=미실시,"6개월평가성공여부=미실시, 성별=남",0.27048,0.8159768311813684,1.2289548032733424,0.0503905392
"6개월평가성공여부=미실시, 성별=남",4주평가성공여부=미실시,0.27048,0.40737393818904755,1.2289548032733424,0.0503905392
"6개월평가성공여부=미실시, 성별=남","4주평가성공여부=미실시, 6주평가성공여부=미실시",0.27046,0.4073438158925236,1.2289380796854028,0.0503838184
"4주평가성공여부=미실시, 6주평가성공여부=미실시","6개월평가성공여부=미실시, 성별=남",0.27046,0.8159657273879201,1.2289380796854028,0.0503838184
"6개월평가성공여부=미실시, 서비스구분=보건소 금연클리닉","4주평가성공여부=Y, 6주평가성공여부=미실시",0.08184,0.11336750242415847,1.2285164978777467,0.015223067999999992
"4주평가성공여부=Y, 6주평가성공여부=미실시","6개월평가성공여부=미실시, 서비스구분=보건소 금연클리닉",0.08184,0.8868660598179453,1.2285164978777467,0.015223067999999992
"6개월평가성공여부=미실시, 서비스상태=중간종결","12주평가성공여부=미실시, 서비스구분=보건소 금연클리닉",0.27404,0.6694679239751796,1.2283815118810635,0.05094969999999999
"12주평가성공여부=미실시, 서비스구분=보건소 금연클리닉","6개월평가성공여부=미실시, 서비스상태=중간종결",0.27404,0.5028256880733945,1.2283815118810633,0.05094969999999999
"6개월평가성공여부=미실시, 6주평가성공여부=Y","서비스상태=중간종결, 성별=남",0.15572,0.4218453703202037,1.2277222651926767,0.02888349599999998
"서비스상태=중간종결, 성별=남","6개월평가성공여부=미실시, 6주평가성공여부=Y",0.15572,0.45320139697322465,1.2277222651926765,0.02888349599999998
"등록유형=보건소, 서비스상태=중간종결","6개월평가성공여부=미실시, 성별=남",0.22322,0.8144337419731466,1.226630733738699,0.04124184320000002
"6개월평가성공여부=미실시, 성별=남","등록유형=보건소, 서비스상태=중간종결",0.22322,0.3361949515031026,1.2266307337386988,0.04124184320000002
"6개월평가성공여부=미실시, 서비스구분=보건소 금연클리닉","4주평가성공여부=미실시, 성별=남",0.23952,0.3317911068014961,1.226403144826998,0.044217174000000026
"4주평가성공여부=미실시, 성별=남","6개월평가성공여부=미실시, 서비스구분=보건소 금연클리닉",0.23952,0.8853404302506099,1.226403144826998,0.044217174000000026
"6개월평가성공여부=미실시, 서비스구분=보건소 금연클리닉","6주평가성공여부=미실시, 성별=남",0.30844,0.4272613935448123,1.2262826288525697,0.05691560200000001
"6주평가성공여부=미실시, 성별=남","6개월평가성공여부=미실시, 서비스구분=보건소 금연클리닉",0.30844,0.8852534297686699,1.2262826288525694,0.05691560200000001
"6개월평가성공여부=미실시, 성별=남","4주평가성공여부=Y, 서비스상태=중간종결",0.19346,0.29137297427555875,1.2262140151315493,0.03568982479999999
"4주평가성공여부=Y, 서비스상태=중간종결","6개월평가성공여부=미실시, 성별=남",0.19346,0.8141570574867435,1.2262140151315493,0.03568982479999999
서비스상태=금연유지,"12주평가성공여부=미실시, 4주평가성공여부=Y, 서비스구분=보건소 금연클리닉",0.12882,0.30719702389469167,1.225943905717502,0.023741782799999986
"12주평가성공여부=미실시, 4주평가성공여부=Y, 서비스구분=보건소 금연클리닉",서비스상태=금연유지,0.12882,0.5140873174235772,1.2259439057175017,0.023741782799999986
"4주평가성공여부=Y, 서비스상태=중간종결",6개월평가성공여부=미실시,0.23086,0.9715512162275903,1.2254373202335844,0.04247011160000003
6개월평가성공여부=미실시,"4주평가성공여부=Y, 서비스상태=중간종결",0.23086,0.29118841603390433,1.2254373202335844,0.04247011160000003
"4주평가성공여부=미실시, 서비스구분=보건소 금연클리닉","6개월평가성공여부=미실시, 성별=남",0.23952,0.8135869565217392,1.2253553776157287,0.044050176000000024
"6개월평가성공여부=미실시, 성별=남","4주평가성공여부=미실시, 서비스구분=보건소 금연클리닉",0.23952,0.3607446231700705,1.2253553776157287,0.044050176000000024
"등록유형=보건소, 서비스상태=금연유지","12주평가성공여부=미실시, 6주평가성공여부=Y",0.0743,0.21983549322445117,1.2251197794496833,0.01365286880000001
"12주평가성공여부=미실시, 6주평가성공여부=Y","등록유형=보건소, 서비스상태=금연유지",0.0743,0.414065983058404,1.2251197794496833,0.01365286880000001
"12주평가성공여부=미실시, 4주평가성공여부=Y","등록유형=보건소, 서비스상태=중간종결",0.09122,0.33576266195524146,1.2250534951665262,0.016757945600000004
"등록유형=보건소, 서비스상태=중간종결","12주평가성공여부=미실시, 4주평가성공여부=Y",0.09122,0.33282253356684177,1.225053495166526,0.016757945600000004
"4주평가성공여부=Y, 등록유형=보건소, 서비스상태=금연유지",12주평가성공여부=Y,0.10626,0.4860043907793633,1.2248711900281346,0.019508020799999984
12주평가성공여부=Y,"4주평가성공여부=Y, 등록유형=보건소, 서비스상태=금연유지",0.10626,0.26780583698775134,1.2248711900281346,0.019508020799999984
"4주평가성공여부=Y, 서비스상태=중간종결, 성별=남",6개월평가성공여부=미실시,0.19346,0.9709897610921502,1.2247291454455618,0.03549854320000001
6개월평가성공여부=미실시,"4주평가성공여부=Y, 서비스상태=중간종결, 성별=남",0.19346,0.2440150349385737,1.2247291454455618,0.03549854320000001
"6주평가성공여부=미실시, 서비스상태=중간종결","6개월평가성공여부=미실시, 성별=남",0.18206,0.8129856211485219,1.224449697494611,0.033372797600000004
"6개월평가성공여부=미실시, 성별=남","6주평가성공여부=미실시, 서비스상태=중간종결",0.18206,0.2742032652569432,1.224449697494611,0.033372797600000004
"서비스구분=보건소 금연클리닉, 서비스상태=중간종결","12주평가성공여부=미실시, 6개월평가성공여부=미실시",0.27404,0.7382940891211811,1.2243683070003004,0.05021846000000002
"12주평가성공여부=미실시, 6개월평가성공여부=미실시","서비스구분=보건소 금연클리닉, 서비스상태=중간종결",0.27404,0.4544610281923715,1.2243683070003004,0.05021846000000002
12주평가성공여부=미실시,"서비스구분=보건소 금연클리닉, 서비스상태=중간종결",0.27406,0.45435856626545973,1.2240922632293219,0.05017164760000001
"서비스구분=보건소 금연클리닉, 서비스상태=중간종결",12주평가성공여부=미실시,0.27406,0.7383479713346625,1.2240922632293219,0.05017164760000001
"4주평가성공여부=Y, 서비스구분=보건소 금연클리닉, 서비스상태=중간종결",6개월평가성공여부=미실시,0.21236,0.9703893255346371,1.2239718038579213,0.03885927119999999
6개월평가성공여부=미실시,"4주평가성공여부=Y, 서비스구분=보건소 금연클리닉, 서비스상태=중간종결",0.21236,0.2678539895562675,1.2239718038579213,0.03885927119999999
"등록유형=보건소, 서비스상태=금연유지","12주평가성공여부=미실시, 4주평가성공여부=Y",0.11238,0.33250488194567723,1.2238842827800251,0.020557593600000007
"12주평가성공여부=미실시, 4주평가성공여부=Y","등록유형=보건소, 서비스상태=금연유지",0.11238,0.41364840989399293,1.2238842827800251,0.020557593600000007
6주평가성공여부=미실시,"6개월평가성공여부=미실시, 등록유형=보건소, 서비스상태=금연유지",0.15742,0.3715013923632416,1.2229290682837632,0.02869626280000001
"6개월평가성공여부=미실시, 등록유형=보건소, 서비스상태=금연유지",6주평가성공여부=미실시,0.15742,0.5182039633945619,1.2229290682837632,0.02869626280000001
서비스상태=중간종결,"6개월평가성공여부=미실시, 성별=남",0.33782,0.8118721461187214,1.2227726762436313,0.06154624399999997
"6개월평가성공여부=미실시, 성별=남",서비스상태=중간종결,0.33782,0.508795710584975,1.2227726762436313,0.06154624399999997
"12주평가성공여부=미실시, 4주평가성공여부=Y, 성별=남",서비스상태=금연유지,0.1186,0.512753999135322,1.222764341907097,0.021606658
서비스상태=금연유지,"12주평가성공여부=미실시, 4주평가성공여부=Y, 성별=남",0.1186,0.28282539228311154,1.222764341907097,0.021606658
"12주평가성공여부=Y, 6개월평가성공여부=미실시",서비스상태=중간종결,0.09654,0.5086406743940991,1.222400082658253,0.01756421999999999
"12주평가성공여부=Y, 4주평가성공여부=Y, 6개월평가성공여부=미실시",서비스상태=중간종결,0.09654,0.5086406743940991,1.222400082658253,0.01756421999999999
서비스상태=중간종결,"12주평가성공여부=Y, 4주평가성공여부=Y, 6개월평가성공여부=미실시",0.09654,0.23201153568853639,1.2224000826582528,0.01756421999999999
서비스상태=중간종결,"12주평가성공여부=Y, 6개월평가성공여부=미실시",0.09654,0.23201153568853639,1.2224000826582528,0.01756421999999999
"12주평가성공여부=Y, 6개월평가성공여부=미실시, 6주평가성공여부=Y",서비스상태=중간종결,0.09652,0.5085888924017283,1.2222756366299647,0.01755254199999999
서비스상태=중간종결,"12주평가성공여부=Y, 6개월평가성공여부=미실시, 6주평가성공여부=Y",0.09652,0.23196347031963468,1.2222756366299645,0.01755254199999999
"6개월평가성공여부=미실시, 서비스상태=중간종결","등록유형=출장, 서비스구분=보건소 금연클리닉",0.08518,0.2080910734352861,1.2220523457557324,0.015477584800000013
"6개월평가성공여부=미실시, 서비스상태=중간종결",등록유형=출장,0.08518,0.2080910734352861,1.2220523457557324,0.015477584800000013
등록유형=출장,"6개월평가성공여부=미실시, 서비스상태=중간종결",0.08518,0.5002349072116514,1.2220523457557322,0.015477584800000013
"등록유형=출장, 서비스구분=보건소 금연클리닉","6개월평가성공여부=미실시, 서비스상태=중간종결",0.08518,0.5002349072116514,1.2220523457557322,0.015477584800000013
"서비스구분=보건소 금연클리닉, 서비스상태=중간종결","4주평가성공여부=미실시, 성별=남",0.1227,0.3305673797079584,1.2218798688103734,0.022280962799999998
"4주평가성공여부=미실시, 성별=남","서비스구분=보건소 금연클리닉, 서비스상태=중간종결",0.1227,0.4535373697050344,1.2218798688103734,0.022280962799999998
서비스상태=중간종결,"6개월평가성공여부=미실시, 6주평가성공여부=미실시, 서비스구분=보건소 금연클리닉",0.19124,0.4596010574381158,1.221823313053264,0.03471982399999998
"6개월평가성공여부=미실시, 6주평가성공여부=미실시, 서비스구분=보건소 금연클리닉",서비스상태=중간종결,0.19124,0.5084006805614631,1.2218233130532639,0.03471982399999998
"6주평가성공여부=미실시, 서비스구분=보건소 금연클리닉",서비스상태=중간종결,0.19124,0.5082925792047629,1.2215635164738352,0.03468653599999996
서비스상태=중간종결,"6주평가성공여부=미실시, 서비스구분=보건소 금연클리닉",0.19124,0.4596010574381158,1.2215635164738352,0.03468653599999996
"12주평가성공여부=미실시, 6주평가성공여부=미실시, 서비스구분=보건소 금연클리닉",서비스상태=중간종결,0.19122,0.5082664398490245,1.2215006965850144,0.034674858
서비스상태=중간종결,"12주평가성공여부=미실시, 6주평가성공여부=미실시, 서비스구분=보건소 금연클리닉",0.19122,0.45955299206921413,1.2215006965850144,0.034674858
"등록유형=보건소, 서비스상태=중간종결","4주평가성공여부=미실시, 성별=남",0.09056,0.3304144775248103,1.2213146947764113,0.016410396800000004
"4주평가성공여부=미실시, 성별=남","등록유형=보건소, 서비스상태=중간종결",0.09056,0.33473793154431875,1.221314694776411,0.016410396800000004
"6개월평가성공여부=미실시, 성별=남","6주평가성공여부=Y, 서비스상태=중간종결",0.15572,0.23453220073498404,1.220886000702676,0.028173283999999993
"6주평가성공여부=Y, 서비스상태=중간종결","6개월평가성공여부=미실시, 성별=남",0.15572,0.8106194690265487,1.2208860007026758,0.028173283999999993
6주평가성공여부=미실시,"6개월평가성공여부=미실시, 등록유형=보건소, 서비스구분=보건소 금연클리닉",0.29628,0.699202341058196,1.2208023554460943,0.05358715239999998
"6개월평가성공여부=미실시, 등록유형=보건소",6주평가성공여부=미실시,0.29628,0.517302790096728,1.2208023554460943,0.05358715239999998
6주평가성공여부=미실시,"6개월평가성공여부=미실시, 등록유형=보건소",0.29628,0.699202341058196,1.2208023554460943,0.05358715239999998
"6개월평가성공여부=미실시, 등록유형=보건소, 서비스구분=보건소 금연클리닉",6주평가성공여부=미실시,0.29628,0.517302790096728,1.2208023554460943,0.05358715239999998
"12주평가성공여부=미실시, 6주평가성공여부=미실시","6개월평가성공여부=미실시, 등록유형=보건소",0.29626,0.6991881431133768,1.2207775659345896,0.05357860720000002
"6개월평가성공여부=미실시, 등록유형=보건소","12주평가성공여부=미실시, 6주평가성공여부=미실시",0.29626,0.5172678702378043,1.2207775659345896,0.05357860720000002
"4주평가성공여부=Y, 등록유형=보건소, 서비스상태=중간종결",6개월평가성공여부=미실시,0.15846,0.967753755954562,1.220647506312356,0.028643653200000008
6개월평가성공여부=미실시,"4주평가성공여부=Y, 등록유형=보건소, 서비스상태=중간종결",0.15846,0.19986882268358516,1.220647506312356,0.028643653200000008
"4주평가성공여부=Y, 6개월평가성공여부=미실시","서비스상태=중간종결, 성별=남",0.19346,0.41928912006935415,1.2202826544509724,0.03492296
"서비스상태=중간종결, 성별=남","4주평가성공여부=Y, 6개월평가성공여부=미실시",0.19346,0.5630384167636786,1.2202826544509724,0.03492296
"등록유형=보건소, 서비스상태=중간종결","12주평가성공여부=미실시, 6개월평가성공여부=미실시",0.20154,0.7353327495621717,1.2194572961230044,0.03626976000000001
"12주평가성공여부=미실시, 6개월평가성공여부=미실시","등록유형=보건소, 서비스상태=중간종결",0.20154,0.33422885572139305,1.2194572961230044,0.03626976000000001
12주평가성공여부=미실시,"등록유형=보건소, 서비스상태=중간종결",0.20156,0.3341622732849232,1.21921436545871,0.03624042559999999
12주평가성공여부=미실시,"등록유형=보건소, 서비스구분=보건소 금연클리닉, 서비스상태=중간종결",0.20156,0.3341622732849232,1.21921436545871,0.03624042559999999
"등록유형=보건소, 서비스구분=보건소 금연클리닉, 서비스상태=중간종결",12주평가성공여부=미실시,0.20156,0.7354057209573847,1.2192143654587098,0.03624042559999999
"등록유형=보건소, 서비스상태=중간종결",12주평가성공여부=미실시,0.20156,0.7354057209573847,1.2192143654587098,0.03624042559999999
서비스상태=중간종결,"등록유형=출장, 서비스구분=보건소 금연클리닉",0.08638,0.2075943282864696,1.2191351203104863,0.015526492000000003
"등록유형=출장, 서비스구분=보건소 금연클리닉",서비스상태=중간종결,0.08638,0.5072821235611934,1.2191351203104863,0.015526492000000003
등록유형=출장,서비스상태=중간종결,0.08638,0.5072821235611934,1.2191351203104863,0.015526492000000003
서비스상태=중간종결,등록유형=출장,0.08638,0.2075943282864696,1.2191351203104863,0.015526492000000003
"12주평가성공여부=미실시, 6주평가성공여부=Y, 성별=남",서비스상태=금연유지,0.07844,0.5112095933263816,1.2190813977354453,0.014096470400000005
서비스상태=금연유지,"12주평가성공여부=미실시, 6주평가성공여부=Y, 성별=남",0.07844,0.18705584966852673,1.2190813977354453,0.014096470400000005
6주평가성공여부=미실시,"6개월평가성공여부=미실시, 등록유형=보건소, 서비스상태=중간종결",0.13876,0.32746495492518995,1.2182476001681175,0.024858688000000004
"6개월평가성공여부=미실시, 등록유형=보건소, 서비스상태=중간종결",6주평가성공여부=미실시,0.13876,0.5162202380952381,1.2182476001681175,0.024858688000000004
"6개월평가성공여부=미실시, 성별=남","4주평가성공여부=미실시, 서비스상태=중간종결",0.14434,0.21739261401289234,1.2181587695443927,0.025849698399999996
"4주평가성공여부=미실시, 서비스상태=중간종결","6개월평가성공여부=미실시, 성별=남",0.14434,0.808808696626695,1.2181587695443927,0.025849698399999996
"서비스구분=보건소 금연클리닉, 서비스상태=중간종결","6개월평가성공여부=미실시, 성별=남",0.30016,0.8086642599277978,1.2179412312907372,0.053711327199999964
"6개월평가성공여부=미실시, 성별=남","서비스구분=보건소 금연클리닉, 서비스상태=중간종결",0.30016,0.4520754262304958,1.217941231290737,0.053711327199999964
"서비스구분=보건소 금연클리닉, 서비스상태=중간종결, 성별=남",12주평가성공여부=미실시,0.2245,0.7343320685594662,1.2174343787252,0.04009581039999999
12주평가성공여부=미실시,"서비스구분=보건소 금연클리닉, 서비스상태=중간종결, 성별=남",0.2245,0.37219403826386815,1.2174343787252,0.04009581039999999
6개월평가성공여부=미실시,"6주평가성공여부=Y, 서비스상태=중간종결",0.18536,0.2337983401024192,1.2170657995961438,0.033059278
"6주평가성공여부=Y, 서비스상태=중간종결",6개월평가성공여부=미실시,0.18536,0.9649141072358147,1.2170657995961438,0.033059278
6개월평가성공여부=미실시,"4주평가성공여부=Y, 6주평가성공여부=Y, 서비스상태=중간종결",0.18534,0.23377311369541637,1.217061191667099,0.03305513440000002
"4주평가성공여부=Y, 6주평가성공여부=Y, 서비스상태=중간종결",6개월평가성공여부=미실시,0.18534,0.9649104539775094,1.217061191667099,0.03305513440000002
"12주평가성공여부=Y, 서비스구분=보건소 금연클리닉","등록유형=출장, 성별=남",0.06456,0.17582657007462282,1.216961310040302,0.011509833600000005
"등록유형=출장, 성별=남","12주평가성공여부=Y, 서비스구분=보건소 금연클리닉",0.06456,0.44684385382059805,1.2169613100403018,0.011509833600000005
6개월평가성공여부=미실시,"6주평가성공여부=Y, 서비스상태=중간종결, 성별=남",0.15572,0.19641280492419466,1.2163289876405414,0.0276954264
"6주평가성공여부=Y, 서비스상태=중간종결, 성별=남",6개월평가성공여부=미실시,0.15572,0.964329947981174,1.2163289876405414,0.0276954264
"서비스구분=보건소 금연클리닉, 서비스상태=중간종결","6개월평가성공여부=미실시, 6주평가성공여부=미실시",0.19124,0.5152217253084757,1.2161781826750913,0.033993304799999985
"6개월평가성공여부=미실시, 6주평가성공여부=미실시","서비스구분=보건소 금연클리닉, 서비스상태=중간종결",0.19124,0.45142101784534033,1.216178182675091,0.033993304799999985
6개월평가성공여부=미실시,"6주평가성공여부=Y, 서비스구분=보건소 금연클리닉, 서비스상태=중간종결",0.17342,0.21873817512171742,1.2160227658534435,0.030807538399999973
"6주평가성공여부=Y, 서비스구분=보건소 금연클리닉, 서비스상태=중간종결",6개월평가성공여부=미실시,0.17342,0.9640871692239269,1.2160227658534433,0.030807538399999973
"6개월평가성공여부=미실시, 서비스구분=보건소 금연클리닉","12주평가성공여부=Y, 서비스상태=중간종결",0.09064,0.12555755644826153,1.2159360492762108,0.016096606
"12주평가성공여부=Y, 서비스상태=중간종결","6개월평가성공여부=미실시, 서비스구분=보건소 금연클리닉",0.09064,0.8777842339724966,1.2159360492762108,0.016096606
6주평가성공여부=미실시,"서비스구분=보건소 금연클리닉, 서비스상태=중간종결",0.19124,0.4513144852975881,1.2158911722010564,0.03395618679999998
"서비스구분=보건소 금연클리닉, 서비스상태=중간종결",6주평가성공여부=미실시,0.19124,0.5152217253084757,1.2158911722010564,0.03395618679999998
"12주평가성공여부=미실시, 6주평가성공여부=미실시","서비스구분=보건소 금연클리닉, 서비스상태=중간종결",0.19122,0.45128858680260553,1.2158213987892816,0.03394361039999999
"서비스구분=보건소 금연클리닉, 서비스상태=중간종결","12주평가성공여부=미실시, 6주평가성공여부=미실시",0.19122,0.5151678430949943,1.2158213987892814,0.03394361039999999
"12주평가성공여부=미실시, 6주평가성공여부=Y","서비스상태=중간종결, 성별=남",0.07496,0.417744092732947,1.215786067325224,0.013304416
"서비스상태=중간종결, 성별=남","12주평가성공여부=미실시, 6주평가성공여부=Y",0.07496,0.21816065192083817,1.2157860673252239,0.013304416
"서비스구분=보건소 금연클리닉, 서비스상태=금연유지","12주평가성공여부=미실시, 6주평가성공여부=Y",0.0859,0.21806458164094233,1.2152506778920105,0.015214995200000012
"12주평가성공여부=미실시, 6주평가성공여부=Y","서비스구분=보건소 금연클리닉, 서비스상태=금연유지",0.0859,0.47871154703522073,1.2152506778920105,0.015214995200000012
"등록유형=보건소, 서비스상태=중간종결","4주평가성공여부=미실시, 6개월평가성공여부=미실시",0.11034,0.4025831873905429,1.214795375348651,0.019509888000000003
"4주평가성공여부=미실시, 6개월평가성공여부=미실시","등록유형=보건소, 서비스상태=중간종결",0.11034,0.33295111647555825,1.214795375348651,0.019509888000000003
"등록유형=보건소, 서비스상태=중간종결","4주평가성공여부=미실시, 6주평가성공여부=미실시",0.11034,0.4025831873905429,1.2145754763487084,0.019493443200000002
"4주평가성공여부=미실시, 6주평가성공여부=미실시","등록유형=보건소, 서비스상태=중간종결",0.11034,0.332890846557654,1.2145754763487084,0.019493443200000002
"12주평가성공여부=미실시, 4주평가성공여부=미실시","등록유형=보건소, 서비스상태=중간종결",0.11034,0.33287076143357064,1.2145021943723389,0.019487961599999992
4주평가성공여부=미실시,"등록유형=보건소, 서비스구분=보건소 금연클리닉, 서비스상태=중간종결",0.11034,0.33287076143357064,1.2145021943723389,0.019487961599999992
"등록유형=보건소, 서비스상태=중간종결","12주평가성공여부=미실시, 4주평가성공여부=미실시",0.11034,0.4025831873905429,1.2145021943723389,0.019487961599999992
"등록유형=보건소, 서비스상태=중간종결",4주평가성공여부=미실시,0.11034,0.4025831873905429,1.2145021943723389,0.019487961599999992
4주평가성공여부=미실시,"등록유형=보건소, 서비스상태=중간종결",0.11034,0.33287076143357064,1.2145021943723389,0.019487961599999992
"등록유형=보건소, 서비스구분=보건소 금연클리닉, 서비스상태=중간종결",4주평가성공여부=미실시,0.11034,0.4025831873905429,1.2145021943723389,0.019487961599999992
12주평가성공여부=미실시,"등록유형=보건소, 서비스상태=중간종결, 성별=남",0.1668,0.2765343678503929,1.2144680186666355,0.029455913999999972
"등록유형=보건소, 서비스상태=중간종결, 성별=남",12주평가성공여부=미실시,0.1668,0.7325428194993412,1.2144680186666355,0.029455913999999972
서비스상태=중간종결,"6개월평가성공여부=미실시, 서비스구분=보건소 금연클리닉",0.3647,0.8764720019226148,1.2141183015966406,0.06431741000000002
"6개월평가성공여부=미실시, 서비스구분=보건소 금연클리닉",서비스상태=중간종결,0.3647,0.5051946252943621,1.2141183015966404,0.06431741000000002
"12주평가성공여부=미실시, 6주평가성공여부=Y, 서비스구분=보건소 금연클리닉",서비스상태=금연유지,0.0859,0.5090068736667457,1.2138285726778884,0.015132181600000003
서비스상태=금연유지,"12주평가성공여부=미실시, 6주평가성공여부=Y, 서비스구분=보건소 금연클리닉",0.0859,0.20484570992512044,1.2138285726778884,0.015132181600000003
"6개월평가성공여부=미실시, 서비스구분=보건소 금연클리닉","12주평가성공여부=미실시, 서비스상태=중간종결",0.27404,0.379609364177864,1.2135849238422762,0.04822968
"12주평가성공여부=미실시, 서비스상태=중간종결","6개월평가성공여부=미실시, 서비스구분=보건소 금연클리닉",0.27404,0.8760869565217391,1.213584923842276,0.04822968
"서비스상태=중간종결, 성별=남","4주평가성공여부=미실시, 서비스구분=보건소 금연클리닉",0.1227,0.35710128055878926,1.2129798932024092,0.021544160000000007
"4주평가성공여부=미실시, 서비스구분=보건소 금연클리닉","서비스상태=중간종결, 성별=남",0.1227,0.41677989130434784,1.2129798932024092,0.021544160000000007
"등록유형=보건소, 서비스상태=중간종결","12주평가성공여부=미실시, 성별=남",0.1668,0.6085814360770578,1.2126518074304744,0.029250211200000015
"12주평가성공여부=미실시, 성별=남","등록유형=보건소, 서비스상태=중간종결",0.1668,0.3323636073805444,1.2126518074304742,0.029250211200000015
"6주평가성공여부=Y, 등록유형=보건소, 서비스상태=중간종결",6개월평가성공여부=미실시,0.13004,0.9611234294161123,1.2122845405213192,0.022771453999999997
6개월평가성공여부=미실시,"6주평가성공여부=Y, 등록유형=보건소, 서비스상태=중간종결",0.13004,0.16402209833253448,1.2122845405213192,0.022771453999999997
"12주평가성공여부=미실시, 6주평가성공여부=Y","서비스상태=금연유지, 성별=남",0.07844,0.43713776192599196,1.212049470210148,0.013723169600000001
"서비스상태=금연유지, 성별=남","12주평가성공여부=미실시, 6주평가성공여부=Y",0.07844,0.21749015693450896,1.212049470210148,0.013723169600000001
"4주평가성공여부=Y, 6개월평가성공여부=미실시, 성별=남",서비스상태=금연유지,0.19994,0.5081583896711229,1.211805193091818,0.03494648360000002
서비스상태=금연유지,"4주평가성공여부=Y, 6개월평가성공여부=미실시, 성별=남",0.19994,0.47679687127390663,1.211805193091818,0.03494648360000002
"서비스구분=보건소 금연클리닉, 서비스상태=중간종결, 성별=남",4주평가성공여부=미실시,0.1227,0.4013476383618998,1.2107748231021473,0.021359934400000002
4주평가성공여부=미실시,"서비스구분=보건소 금연클리닉, 서비스상태=중간종결, 성별=남",0.1227,0.3701580789187885,1.2107748231021473,0.021359934400000002
"12주평가성공여부=미실시, 4주평가성공여부=Y","서비스상태=금연유지, 성별=남",0.1186,0.43654299175500594,1.210400354225603,0.020615891200000014
"서비스상태=금연유지, 성별=남","12주평가성공여부=미실시, 4주평가성공여부=Y",0.1186,0.32884156823601174,1.2104003542256028,0.020615891200000014
"6개월평가성공여부=미실시, 등록유형=보건소","4주평가성공여부=미실시, 6주평가성공여부=미실시",0.22978,0.4011942591751929,1.2103851420237524,0.039939599600000014
"4주평가성공여부=미실시, 6주평가성공여부=미실시","6개월평가성공여부=미실시, 등록유형=보건소",0.22978,0.693235986242684,1.2103851420237524,0.039939599600000014
"6개월평가성공여부=미실시, 등록유형=보건소, 서비스구분=보건소 금연클리닉",4주평가성공여부=미실시,0.22978,0.4011942591751929,1.2103121128731535,0.03992814480000001
4주평가성공여부=미실시,"6개월평가성공여부=미실시, 등록유형=보건소, 서비스구분=보건소 금연클리닉",0.22978,0.6931941595269699,1.2103121128731535,0.03992814480000001
"12주평가성공여부=미실시, 4주평가성공여부=미실시","6개월평가성공여부=미실시, 등록유형=보건소",0.22978,0.6931941595269699,1.2103121128731535,0.03992814480000001
"6개월평가성공여부=미실시, 등록유형=보건소","12주평가성공여부=미실시, 4주평가성공여부=미실시",0.22978,0.4011942591751929,1.2103121128731535,0.03992814480000001
4주평가성공여부=미실시,"6개월평가성공여부=미실시, 등록유형=보건소",0.22978,0.6931941595269699,1.2103121128731535,0.03992814480000001
"6개월평가성공여부=미실시, 등록유형=보건소",4주평가성공여부=미실시,0.22978,0.4011942591751929,1.2103121128731535,0.03992814480000001
"서비스상태=중간종결, 성별=남","6개월평가성공여부=미실시, 서비스구분=보건소 금연클리닉",0.30016,0.8735739231664725,1.2101037860735178,0.052115159999999966
"6개월평가성공여부=미실시, 서비스구분=보건소 금연클리닉","서비스상태=중간종결, 성별=남",0.30016,0.41579166089486075,1.2101037860735178,0.052115159999999966
"6주평가성공여부=미실시, 서비스구분=보건소 금연클리닉, 서비스상태=금연유지",등록유형=보건소,0.15742,0.8766985965693919,1.2100739773214517,0.027328779999999997
등록유형=보건소,"6주평가성공여부=미실시, 서비스구분=보건소 금연클리닉, 서비스상태=금연유지",0.15742,0.21728088336783988,1.2100739773214517,0.027328779999999997
"6개월평가성공여부=미실시, 서비스상태=중간종결","12주평가성공여부=미실시, 6주평가성공여부=Y",0.08884,0.21703229589094641,1.2094978594011727,0.015388030400000016
"12주평가성공여부=미실시, 6주평가성공여부=Y","6개월평가성공여부=미실시, 서비스상태=중간종결",0.08884,0.495095853767276,1.2094978594011727,0.015388030400000016
"12주평가성공여부=미실시, 6개월평가성공여부=미실시, 서비스구분=보건소 금연클리닉",서비스상태=중간종결,0.27404,0.5029733499743044,1.208779980712099,0.047332076
서비스상태=중간종결,"12주평가성공여부=미실시, 6개월평가성공여부=미실시, 서비스구분=보건소 금연클리닉",0.27404,0.65859168469118,1.208779980712099,0.047332076
"12주평가성공여부=미실시, 서비스구분=보건소 금연클리닉",서비스상태=중간종결,0.27406,0.502862385321101,1.2085133028625352,0.04728550000000001
서비스상태=중간종결,"12주평가성공여부=미실시, 서비스구분=보건소 금연클리닉",0.27406,0.6586397500600817,1.2085133028625352,0.04728550000000001
"6개월평가성공여부=미실시, 서비스상태=금연유지","12주평가성공여부=미실시, 6주평가성공여부=미실시",0.19264,0.5118775575277674,1.2080561633337286,0.0331772152
"12주평가성공여부=미실시, 6주평가성공여부=미실시","6개월평가성공여부=미실시, 서비스상태=금연유지",0.19264,0.4546398565090154,1.2080561633337286,0.0331772152
"6개월평가성공여부=미실시, 서비스상태=금연유지",6주평가성공여부=미실시,0.19264,0.5118775575277674,1.207999144588114,0.03316968840000001
6주평가성공여부=미실시,"6개월평가성공여부=미실시, 서비스상태=금연유지",0.19264,0.45461839807429083,1.207999144588114,0.03316968840000001
"12주평가성공여부=미실시, 4주평가성공여부=Y","6개월평가성공여부=미실시, 서비스상태=중간종결",0.1343,0.4943315665488811,1.207630738625302,0.02309050880000002
"6개월평가성공여부=미실시, 서비스상태=중간종결","12주평가성공여부=미실시, 4주평가성공여부=Y",0.1343,0.328089119069722,1.2076307386253018,0.02309050880000002
"6개월평가성공여부=미실시, 6주평가성공여부=Y, 성별=남",서비스상태=금연유지,0.15978,0.506337938902269,1.2074639645687724,0.02745306960000002
서비스상태=금연유지,"6개월평가성공여부=미실시, 6주평가성공여부=Y, 성별=남",0.15978,0.3810273286593218,1.2074639645687724,0.02745306960000002
"서비스구분=보건소 금연클리닉, 서비스상태=중간종결","12주평가성공여부=미실시, 4주평가성공여부=Y",0.12172,0.3279271512473732,1.2070345673121807,0.0208778176
"12주평가성공여부=미실시, 4주평가성공여부=Y","서비스구분=보건소 금연클리닉, 서비스상태=중간종결",0.12172,0.44802709069493524,1.2070345673121807,0.0208778176
"서비스상태=금연유지, 성별=남","4주평가성공여부=미실시, 등록유형=보건소",0.10006,0.2774358121222204,1.2069773432620743,0.017158692399999995
"4주평가성공여부=미실시, 등록유형=보건소","서비스상태=금연유지, 성별=남",0.10006,0.4353084486208996,1.206977343262074,0.017158692399999995
"12주평가성공여부=미실시, 4주평가성공여부=Y","서비스상태=중간종결, 성별=남",0.11266,0.41467903415783275,1.2068656407387448,0.019310752
"서비스상태=중간종결, 성별=남","12주평가성공여부=미실시, 4주평가성공여부=Y",0.11266,0.32788125727590217,1.2068656407387448,0.019310752
서비스상태=중간종결,"6개월평가성공여부=미실시, 6주평가성공여부=Y",0.18536,0.44546983898101417,1.2067774800374225,0.03176084599999998
"6개월평가성공여부=미실시, 6주평가성공여부=Y",서비스상태=중간종결,0.18536,0.5021401094435715,1.2067774800374222,0.03176084599999998
"4주평가성공여부=Y, 6개월평가성공여부=미실시, 6주평가성공여부=Y",서비스상태=중간종결,0.18534,0.5021131339401821,1.2067126506613364,0.031749167999999994
서비스상태=중간종결,"4주평가성공여부=Y, 6개월평가성공여부=미실시, 6주평가성공여부=Y",0.18534,0.44542177361211244,1.2067126506613362,0.031749167999999994
6주평가성공여부=미실시,"6개월평가성공여부=미실시, 서비스구분=보건소 금연클리닉, 성별=남",0.30844,0.7278991834615566,1.2062894558707975,0.05274680920000002
"6개월평가성공여부=미실시, 서비스구분=보건소 금연클리닉, 성별=남",6주평가성공여부=미실시,0.30844,0.5111530940306918,1.2062894558707975,0.05274680920000002
12주평가성공여부=미실시,"6개월평가성공여부=미실시, 등록유형=출장, 서비스상태=중간종결",0.06196,0.10272223880102124,1.2059431650742103,0.010581127599999997
"6개월평가성공여부=미실시, 등록유형=출장, 서비스상태=중간종결",12주평가성공여부=미실시,0.06196,0.7274007983094622,1.2059431650742103,0.010581127599999997
"6주평가성공여부=미실시, 서비스구분=보건소 금연클리닉, 성별=남",서비스상태=중간종결,0.1548,0.5017828200972447,1.2059188178256302,0.02643314999999999
서비스상태=중간종결,"6주평가성공여부=미실시, 서비스구분=보건소 금연클리닉, 성별=남",0.1548,0.3720259552992069,1.2059188178256302,0.02643314999999999
"12주평가성공여부=미실시, 성별=남","6개월평가성공여부=미실시, 등록유형=출장",0.0799,0.15920774718048858,1.2057539168470812,0.01363440560000001
"6개월평가성공여부=미실시, 등록유형=출장","12주평가성공여부=미실시, 성별=남",0.0799,0.6051196607088761,1.2057539168470812,0.01363440560000001
서비스상태=중간종결,"6개월평가성공여부=미실시, 6주평가성공여부=Y, 서비스구분=보건소 금연클리닉",0.17342,0.41677481374669545,1.2055967999615143,0.02957422999999998
"6개월평가성공여부=미실시, 6주평가성공여부=Y, 서비스구분=보건소 금연클리닉",서비스상태=중간종결,0.17342,0.5016488284639861,1.205596799961514,0.02957422999999998
"4주평가성공여부=미실시, 성별=남","6개월평가성공여부=미실시, 서비스상태=금연유지",0.12274,0.453685222148296,1.2055195359204336,0.020924976400000003
"6개월평가성공여부=미실시, 서비스상태=금연유지","4주평가성공여부=미실시, 성별=남",0.12274,0.3261412552479141,1.2055195359204336,0.020924976400000003
"4주평가성공여부=미실시, 서비스구분=보건소 금연클리닉, 서비스상태=금연유지",등록유형=보건소,0.11934,0.8733899297423887,1.2055071494028828,0.020344319999999985
등록유형=보건소,"4주평가성공여부=미실시, 서비스구분=보건소 금연클리닉, 서비스상태=금연유지",0.11934,0.16472049689440993,1.2055071494028828,0.020344319999999985
"12주평가성공여부=미실시, 4주평가성공여부=Y, 6개월평가성공여부=미실시",서비스상태=금연유지,0.13728,0.5054864128433612,1.205433330575097,0.02339564280000002
서비스상태=금연유지,"12주평가성공여부=미실시, 4주평가성공여부=Y, 6개월평가성공여부=미실시",0.13728,0.3273715839175848,1.2054333305750968,0.02339564280000002
"6개월평가성공여부=미실시, 서비스상태=중간종결","등록유형=출장, 성별=남",0.07128,0.1741339717594176,1.2052462054223256,0.012138556799999999
"등록유형=출장, 성별=남","6개월평가성공여부=미실시, 서비스상태=중간종결",0.07128,0.4933554817275747,1.2052462054223254,0.012138556799999999
"서비스구분=보건소 금연클리닉, 서비스상태=중간종결","12주평가성공여부=미실시, 성별=남",0.2245,0.6048278463279272,1.2051724511376225,0.038219605200000006
"12주평가성공여부=미실시, 성별=남","서비스구분=보건소 금연클리닉, 서비스상태=중간종결",0.2245,0.4473359104132627,1.2051724511376225,0.038219605200000006
서비스상태=금연유지,"12주평가성공여부=미실시, 4주평가성공여부=Y",0.1373,0.3274192779129108,1.20516518666413,0.023373708800000018
"12주평가성공여부=미실시, 4주평가성공여부=Y",서비스상태=금연유지,0.1373,0.5053739693757362,1.2051651866641298,0.023373708800000018
등록유형=출장,"12주평가성공여부=Y, 6주평가성공여부=Y, 서비스구분=보건소 금연클리닉",0.07534,0.44244773314540764,1.2050542900790056,0.012819995200000017
"12주평가성공여부=Y, 6주평가성공여부=Y, 서비스구분=보건소 금연클리닉",등록유형=출장,0.07534,0.20519664451465303,1.2050542900790053,0.012819995200000017
"12주평가성공여부=Y, 서비스구분=보건소 금연클리닉",등록유형=출장,0.07534,0.205185467618062,1.2049886517386776,0.012816589600000011
"12주평가성공여부=Y, 4주평가성공여부=Y, 서비스구분=보건소 금연클리닉",등록유형=출장,0.07534,0.205185467618062,1.2049886517386776,0.012816589600000011
등록유형=출장,"12주평가성공여부=Y, 4주평가성공여부=Y, 서비스구분=보건소 금연클리닉",0.07534,0.44244773314540764,1.2049886517386776,0.012816589600000011
등록유형=출장,"12주평가성공여부=Y, 서비스구분=보건소 금연클리닉",0.07534,0.44244773314540764,1.2049886517386776,0.012816589600000011
"12주평가성공여부=미실시, 서비스구분=보건소 금연클리닉, 서비스상태=금연유지",등록유형=보건소,0.23172,0.8728998719204402,1.2048307410910146,0.03939423000000003
등록유형=보건소,"12주평가성공여부=미실시, 서비스구분=보건소 금연클리닉, 서비스상태=금연유지",0.23172,0.31983436853002073,1.2048307410910146,0.03939423000000003
6주평가성공여부=미실시,"6개월평가성공여부=미실시, 서비스구분=보건소 금연클리닉, 서비스상태=금연유지",0.17956,0.4237504129890971,1.2046577580995481,0.030505217599999995
"6개월평가성공여부=미실시, 서비스구분=보건소 금연클리닉, 서비스상태=금연유지",6주평가성공여부=미실시,0.17956,0.5104616784171025,1.2046577580995481,0.030505217599999995
"6개월평가성공여부=미실시, 등록유형=보건소, 성별=남",6주평가성공여부=미실시,0.24692,0.5103972880234817,1.2045058007822762,0.041923062799999994
6주평가성공여부=미실시,"6개월평가성공여부=미실시, 등록유형=보건소, 성별=남",0.24692,0.5827158163024496,1.2045058007822762,0.041923062799999994
"12주평가성공여부=미실시, 성별=남","등록유형=출장, 서비스상태=중간종결",0.0522,0.10401307137448693,1.2041337274193902,0.008849333200000004
"등록유형=출장, 서비스상태=중간종결","12주평가성공여부=미실시, 성별=남",0.0522,0.6043065524426952,1.2041337274193902,0.008849333200000004
"서비스구분=보건소 금연클리닉, 서비스상태=금연유지","12주평가성공여부=미실시, 4주평가성공여부=Y",0.12882,0.3270207148659626,1.2036981554253632,0.021799814400000006
"12주평가성공여부=미실시, 4주평가성공여부=Y","서비스구분=보건소 금연클리닉, 서비스상태=금연유지",0.12882,0.474160777385159,1.203698155425363,0.021799814400000006
서비스상태=중간종결,"등록유형=출장, 성별=남",0.07236,0.17390050468637344,1.203630292679772,0.012241871999999994
서비스상태=중간종결,"등록유형=출장, 서비스구분=보건소 금연클리닉, 성별=남",0.07236,0.17390050468637344,1.203630292679772,0.012241871999999994
"등록유형=출장, 성별=남",서비스상태=중간종결,0.07236,0.5008305647840531,1.2036302926797717,0.012241871999999994
"등록유형=출장, 서비스구분=보건소 금연클리닉, 성별=남",서비스상태=중간종결,0.07236,0.5008305647840531,1.2036302926797717,0.012241871999999994
서비스상태=금연유지,"12주평가성공여부=미실시, 6개월평가성공여부=미실시, 6주평가성공여부=Y",0.09052,0.21586302284542377,1.2035181916002664,0.015307177600000013
"12주평가성공여부=미실시, 6개월평가성공여부=미실시, 6주평가성공여부=Y",서비스상태=금연유지,0.09052,0.5046833184656557,1.2035181916002664,0.015307177600000013
서비스상태=금연유지,"12주평가성공여부=미실시, 4주평가성공여부=Y, 6주평가성공여부=Y",0.09054,0.21591071684074975,1.2033815452053827,0.015302017200000004
"12주평가성공여부=미실시, 4주평가성공여부=Y, 6주평가성공여부=Y",서비스상태=금연유지,0.09054,0.5046260171664251,1.2033815452053824,0.015302017200000004
"12주평가성공여부=미실시, 6주평가성공여부=Y",서비스상태=금연유지,0.09054,0.5045697726259474,1.2032474188628497,0.015293630400000008
서비스상태=금연유지,"12주평가성공여부=미실시, 6주평가성공여부=Y",0.09054,0.21591071684074975,1.2032474188628497,0.015293630400000008
"4주평가성공여부=Y, 6개월평가성공여부=미실시",서비스상태=중간종결,0.23086,0.500346770697876,1.2024676056185437,0.03887146
서비스상태=중간종결,"4주평가성공여부=Y, 6개월평가성공여부=미실시",0.23086,0.554818553232396,1.2024676056185437,0.03887146
성별=여,"4주평가성공여부=미실시, 6주평가성공여부=미실시, 서비스구분=보건소 금연클리닉",0.05482,0.3539514462809918,1.2022807278566296,0.009223328000000003
"4주평가성공여부=미실시, 6주평가성공여부=미실시, 서비스구분=보건소 금연클리닉",성별=여,0.05482,0.1862092391304348,1.2022807278566296,0.009223328000000003
"12주평가성공여부=미실시, 4주평가성공여부=미실시, 서비스구분=보건소 금연클리닉",성별=여,0.05482,0.1862092391304348,1.2022807278566296,0.009223328000000003
성별=여,"12주평가성공여부=미실시, 4주평가성공여부=미실시, 서비스구분=보건소 금연클리닉",0.05482,0.3539514462809918,1.2022807278566296,0.009223328000000003
"4주평가성공여부=미실시, 서비스구분=보건소 금연클리닉",성별=여,0.05482,0.1862092391304348,1.2022807278566296,0.009223328000000003
성별=여,"4주평가성공여부=미실시, 서비스구분=보건소 금연클리닉",0.05482,0.3539514462809918,1.2022807278566296,0.009223328000000003
"4주평가성공여부=미실시, 6개월평가성공여부=미실시, 서비스구분=보건소 금연클리닉",성별=여,0.0548,0.18619189997281868,1.2021687756509472,0.009215718400000003
성별=여,"4주평가성공여부=미실시, 6개월평가성공여부=미실시, 서비스구분=보건소 금연클리닉",0.0548,0.3538223140495868,1.2021687756509472,0.009215718400000003
"서비스상태=금연유지, 성별=남","4주평가성공여부=Y, 6개월평가성공여부=미실시",0.19994,0.5543725392336273,1.2015009519584468,0.03353147600000003
"4주평가성공여부=Y, 6개월평가성공여부=미실시","서비스상태=금연유지, 성별=남",0.19994,0.43333333333333335,1.2015009519584468,0.03353147600000003
"서비스상태=금연유지, 성별=남","6개월평가성공여부=미실시, 6주평가성공여부=Y",0.15978,0.4430211279321245,1.200143923530705,0.026645967600000015
"6개월평가성공여부=미실시, 6주평가성공여부=Y","서비스상태=금연유지, 성별=남",0.15978,0.43284390746058404,1.200143923530705,0.026645967600000015
