support,itemsets_str
0.6202235772357724,domain_spread=대공유(21+)
0.5317073170731708,cate1=교육
0.5036585365853659,col_type=수치형
0.49634146341463414,col_type=범주형
0.48353658536585364,val_sim_bucket=낮은값유사
0.479369918699187,pk_bucket=저PK(0-0.3)
0.47184959349593497,"col_type=수치형, domain_spread=대공유(21+)"
0.46189024390243905,dom_sim_bucket=낮은유사(0-0.1)
0.4215447154471545,rec_bucket=소(≤100)
0.4067073170731707,rec_bucket=중(101-1k)
0.3724593495934959,"cate1=교육, domain_spread=대공유(21+)"
0.35792682926829267,"dom_sim_bucket=낮은유사(0-0.1), val_sim_bucket=낮은값유사"
0.3386178861788618,"col_type=범주형, val_sim_bucket=낮은값유사"
0.31148373983739835,"domain_spread=대공유(21+), pk_bucket=저PK(0-0.3)"
0.308130081300813,"cate1=교육, col_type=수치형"
0.30416666666666664,col_cnt_bucket=초풍부(21+)
0.29827235772357724,"domain_spread=대공유(21+), rec_bucket=중(101-1k)"
0.2973577235772358,"cate1=교육, col_type=수치형, domain_spread=대공유(21+)"
0.29542682926829267,col_cnt_bucket=표준(6-10)
0.2926829268292683,"cate1=교육, rec_bucket=중(101-1k)"
0.2834349593495935,pk_bucket=최고PK(0.9+)
0.2833333333333333,"cate1=교육, pk_bucket=저PK(0-0.3)"
0.2732723577235772,"cate1=교육, cate2=고등교육"
0.2732723577235772,cate2=고등교육
0.2685975609756098,"col_cnt_bucket=초풍부(21+), domain_spread=대공유(21+)"
0.2655487804878049,"cate1=교육, dom_sim_bucket=낮은유사(0-0.1)"
0.2638211382113821,"col_type=범주형, dom_sim_bucket=낮은유사(0-0.1)"
0.26178861788617885,"col_type=범주형, dom_sim_bucket=낮은유사(0-0.1), val_sim_bucket=낮은값유사"
0.2546747967479675,"col_type=수치형, rec_bucket=중(101-1k)"
0.25335365853658537,"col_type=범주형, pk_bucket=저PK(0-0.3)"
0.24908536585365854,"col_cnt_bucket=초풍부(21+), col_type=수치형"
0.24684959349593497,"col_type=수치형, domain_spread=대공유(21+), rec_bucket=중(101-1k)"
0.24532520325203253,"col_cnt_bucket=초풍부(21+), col_type=수치형, domain_spread=대공유(21+)"
0.24491869918699186,"cate1=공공행정, cate2=일반행정"
0.24491869918699186,cate2=일반행정
0.24491869918699186,cate1=공공행정
0.2431910569105691,"cate2=고등교육, domain_spread=대공유(21+)"
0.2431910569105691,"cate1=교육, cate2=고등교육, domain_spread=대공유(21+)"
0.24258130081300813,col_cnt_bucket=풍부(11-20)
0.2421747967479675,"cate1=교육, domain_spread=대공유(21+), rec_bucket=중(101-1k)"
0.2407520325203252,val_sim_bucket=중값유사
0.2394308943089431,"cate1=교육, col_cnt_bucket=초풍부(21+)"
0.23648373983739837,"col_type=범주형, rec_bucket=소(≤100)"
0.2339430894308943,"dom_sim_bucket=낮은유사(0-0.1), domain_spread=대공유(21+)"
0.23119918699186992,"cate1=교육, val_sim_bucket=낮은값유사"
0.229369918699187,"dom_sim_bucket=낮은유사(0-0.1), rec_bucket=중(101-1k)"
0.22865853658536586,"pk_bucket=저PK(0-0.3), rec_bucket=중(101-1k)"
0.22601626016260162,"col_type=수치형, pk_bucket=저PK(0-0.3)"
0.2241869918699187,"pk_bucket=저PK(0-0.3), val_sim_bucket=낮은값유사"
0.22357723577235772,"cate1=교육, col_type=범주형"
0.2233739837398374,"cate1=보건, cate2=보건의료"
0.2233739837398374,cate1=보건
0.2233739837398374,cate2=보건의료
0.22164634146341464,"cate1=교육, cate2=고등교육, col_type=수치형"
0.22164634146341464,"cate2=고등교육, col_type=수치형"
0.21920731707317073,"col_cnt_bucket=초풍부(21+), rec_bucket=중(101-1k)"
0.21890243902439024,"cate2=고등교육, col_type=수치형, domain_spread=대공유(21+)"
0.21890243902439024,"cate1=교육, cate2=고등교육, col_type=수치형, domain_spread=대공유(21+)"
0.21798780487804878,"cate1=교육, col_cnt_bucket=초풍부(21+), domain_spread=대공유(21+)"
0.21747967479674796,"cate1=교육, col_type=수치형, rec_bucket=중(101-1k)"
0.2173780487804878,"col_type=수치형, domain_spread=대공유(21+), pk_bucket=저PK(0-0.3)"
0.21707317073170732,val_sim_bucket=높은값유사
0.2138211382113821,"cate1=교육, col_type=수치형, domain_spread=대공유(21+), rec_bucket=중(101-1k)"
0.2125,"domain_spread=대공유(21+), rec_bucket=소(≤100)"
0.2125,"cate1=교육, cate2=고등교육, rec_bucket=중(101-1k)"
0.2125,"cate2=고등교육, rec_bucket=중(101-1k)"
0.21036585365853658,"domain_spread=대공유(21+), val_sim_bucket=낮은값유사"
0.20619918699186993,"col_cnt_bucket=초풍부(21+), domain_spread=대공유(21+), rec_bucket=중(101-1k)"
0.2059959349593496,"cate1=교육, domain_spread=대공유(21+), pk_bucket=저PK(0-0.3)"
0.2056910569105691,"cate2=고등교육, col_cnt_bucket=초풍부(21+)"
0.2056910569105691,"cate1=교육, cate2=고등교육, col_cnt_bucket=초풍부(21+)"
0.20508130081300813,"cate1=교육, col_cnt_bucket=초풍부(21+), rec_bucket=중(101-1k)"
0.20396341463414633,"cate1=교육, col_cnt_bucket=초풍부(21+), col_type=수치형"
0.2016260162601626,"cate1=교육, col_cnt_bucket=초풍부(21+), col_type=수치형, domain_spread=대공유(21+)"
0.20152439024390245,"cate2=고등교육, domain_spread=대공유(21+), rec_bucket=중(101-1k)"
0.20152439024390245,"cate1=교육, cate2=고등교육, domain_spread=대공유(21+), rec_bucket=중(101-1k)"
0.19959349593495934,"col_cnt_bucket=초풍부(21+), col_type=수치형, rec_bucket=중(101-1k)"
0.1980691056910569,"col_type=수치형, dom_sim_bucket=낮은유사(0-0.1)"
0.1980691056910569,"col_cnt_bucket=초풍부(21+), col_type=수치형, domain_spread=대공유(21+), rec_bucket=중(101-1k)"
0.19745934959349593,"cate1=교육, cate2=고등교육, col_cnt_bucket=초풍부(21+), domain_spread=대공유(21+)"
0.19745934959349593,"cate2=고등교육, col_cnt_bucket=초풍부(21+), domain_spread=대공유(21+)"
0.1964430894308943,domain_spread=단독
0.19613821138211382,"pk_bucket=최고PK(0.9+), rec_bucket=소(≤100)"
0.19603658536585367,"cate1=교육, col_cnt_bucket=초풍부(21+), domain_spread=대공유(21+), rec_bucket=중(101-1k)"
0.19390243902439025,"col_cnt_bucket=표준(6-10), col_type=범주형"
0.19369918699186991,dom_sim_bucket=중유사(0.1-0.3)
0.19247967479674796,"cate1=교육, cate2=고등교육, col_cnt_bucket=초풍부(21+), rec_bucket=중(101-1k)"
0.19247967479674796,"cate2=고등교육, col_cnt_bucket=초풍부(21+), rec_bucket=중(101-1k)"
0.19217479674796747,"cate2=고등교육, col_type=수치형, rec_bucket=중(101-1k)"
0.19217479674796747,"cate1=교육, cate2=고등교육, col_type=수치형, rec_bucket=중(101-1k)"
0.19075203252032522,"cate2=고등교육, col_type=수치형, domain_spread=대공유(21+), rec_bucket=중(101-1k)"
0.19075203252032522,"cate1=교육, cate2=고등교육, col_type=수치형, domain_spread=대공유(21+), rec_bucket=중(101-1k)"
0.1899390243902439,"cate1=교육, col_cnt_bucket=초풍부(21+), col_type=수치형, rec_bucket=중(101-1k)"
0.18871951219512195,"cate1=교육, col_cnt_bucket=초풍부(21+), col_type=수치형, domain_spread=대공유(21+), rec_bucket=중(101-1k)"
0.1883130081300813,"cate1=교육, cate2=고등교육, col_cnt_bucket=초풍부(21+), domain_spread=대공유(21+), rec_bucket=중(101-1k)"
0.1883130081300813,"cate2=고등교육, col_cnt_bucket=초풍부(21+), domain_spread=대공유(21+), rec_bucket=중(101-1k)"
0.18739837398373985,"cate1=교육, cate2=고등교육, col_cnt_bucket=초풍부(21+), col_type=수치형"
0.18739837398373985,"cate2=고등교육, col_cnt_bucket=초풍부(21+), col_type=수치형"
0.1863821138211382,"cate2=고등교육, col_cnt_bucket=초풍부(21+), col_type=수치형, domain_spread=대공유(21+)"
0.1863821138211382,"cate1=교육, cate2=고등교육, col_cnt_bucket=초풍부(21+), col_type=수치형, domain_spread=대공유(21+)"
0.18577235772357722,"domain_spread=대공유(21+), val_sim_bucket=중값유사"
0.18577235772357722,"domain_spread=대공유(21+), val_sim_bucket=높은값유사"
0.1850609756097561,dom_sim_bucket=최고유사(0.6+)
0.1850609756097561,"col_type=수치형, rec_bucket=소(≤100)"
0.183130081300813,"cate2=고등교육, col_cnt_bucket=초풍부(21+), col_type=수치형, rec_bucket=중(101-1k)"
0.183130081300813,"cate1=교육, cate2=고등교육, col_cnt_bucket=초풍부(21+), col_type=수치형, rec_bucket=중(101-1k)"
0.18292682926829268,"col_type=범주형, domain_spread=단독"
0.18221544715447155,"cate2=고등교육, col_cnt_bucket=초풍부(21+), col_type=수치형, domain_spread=대공유(21+), rec_bucket=중(101-1k)"
0.18221544715447155,"cate1=교육, cate2=고등교육, col_cnt_bucket=초풍부(21+), col_type=수치형, domain_spread=대공유(21+), rec_bucket=중(101-1k)"
0.179369918699187,"col_type=수치형, dom_sim_bucket=낮은유사(0-0.1), domain_spread=대공유(21+)"
0.179369918699187,"domain_spread=단독, val_sim_bucket=낮은값유사"
0.17794715447154472,"rec_bucket=중(101-1k), val_sim_bucket=낮은값유사"
0.1766260162601626,"col_cnt_bucket=초풍부(21+), pk_bucket=저PK(0-0.3)"
0.17256097560975608,"cate1=교육, dom_sim_bucket=낮은유사(0-0.1), domain_spread=대공유(21+)"
0.17245934959349593,"col_type=수치형, val_sim_bucket=높은값유사"
0.17083333333333334,"dom_sim_bucket=낮은유사(0-0.1), domain_spread=단독"
0.170630081300813,"dom_sim_bucket=낮은유사(0-0.1), domain_spread=단독, val_sim_bucket=낮은값유사"
0.16951219512195123,"domain_spread=대공유(21+), pk_bucket=저PK(0-0.3), rec_bucket=중(101-1k)"
0.16910569105691056,"col_type=수치형, domain_spread=대공유(21+), val_sim_bucket=높은값유사"
0.1679878048780488,"cate1=교육, pk_bucket=저PK(0-0.3), rec_bucket=중(101-1k)"
0.16747967479674797,"col_cnt_bucket=표준(6-10), val_sim_bucket=낮은값유사"
0.16707317073170733,"cate1=교육, dom_sim_bucket=낮은유사(0-0.1), val_sim_bucket=낮은값유사"
0.16666666666666666,"col_type=범주형, domain_spread=단독, val_sim_bucket=낮은값유사"
0.1665650406504065,"cate1=교육, dom_sim_bucket=낮은유사(0-0.1), rec_bucket=중(101-1k)"
0.16514227642276422,"col_type=수치형, domain_spread=대공유(21+), rec_bucket=소(≤100)"
0.16219512195121952,"dom_sim_bucket=낮은유사(0-0.1), pk_bucket=최고PK(0.9+)"
0.16199186991869918,"pk_bucket=최고PK(0.9+), val_sim_bucket=낮은값유사"
0.16178861788617885,"dom_sim_bucket=낮은유사(0-0.1), pk_bucket=최고PK(0.9+), val_sim_bucket=낮은값유사"
0.1613821138211382,"col_cnt_bucket=표준(6-10), rec_bucket=소(≤100)"
0.1613821138211382,"cate1=교육, col_type=수치형, pk_bucket=저PK(0-0.3)"
0.16097560975609757,"cate1=교육, cate2=고등교육, pk_bucket=저PK(0-0.3)"
0.16097560975609757,"cate2=고등교육, pk_bucket=저PK(0-0.3)"
0.1600609756097561,"dom_sim_bucket=낮은유사(0-0.1), domain_spread=대공유(21+), rec_bucket=중(101-1k)"
0.15934959349593497,dom_sim_bucket=높은유사(0.3-0.6)
0.15863821138211381,"col_type=범주형, dom_sim_bucket=낮은유사(0-0.1), domain_spread=단독"
0.15853658536585366,"col_type=범주형, pk_bucket=저PK(0-0.3), val_sim_bucket=낮은값유사"
0.1584349593495935,"col_type=범주형, dom_sim_bucket=낮은유사(0-0.1), domain_spread=단독, val_sim_bucket=낮은값유사"
0.15813008130081302,"cate1=교육, col_type=수치형, domain_spread=대공유(21+), pk_bucket=저PK(0-0.3)"
0.15782520325203253,"col_cnt_bucket=초풍부(21+), dom_sim_bucket=낮은유사(0-0.1)"
0.15782520325203253,col_cnt_bucket=협소(≤5)
0.1551829268292683,pk_bucket=중PK(0.3-0.7)
0.15467479674796747,"cate1=보건, rec_bucket=소(≤100)"
0.15467479674796747,"cate1=보건, cate2=보건의료, rec_bucket=소(≤100)"
0.15467479674796747,"cate2=보건의료, rec_bucket=소(≤100)"
0.15457317073170732,"col_type=수치형, val_sim_bucket=중값유사"
0.1535569105691057,"col_cnt_bucket=초풍부(21+), domain_spread=대공유(21+), pk_bucket=저PK(0-0.3)"
0.15284552845528454,"dom_sim_bucket=최고유사(0.6+), pk_bucket=저PK(0-0.3)"
0.15203252032520326,"col_type=범주형, rec_bucket=중(101-1k)"
0.15193089430894308,"cate1=교육, col_type=수치형, dom_sim_bucket=낮은유사(0-0.1)"
0.15,"rec_bucket=소(≤100), val_sim_bucket=낮은값유사"
0.14989837398373984,"cate1=교육, col_type=범주형, val_sim_bucket=낮은값유사"
0.14898373983739838,"dom_sim_bucket=중유사(0.1-0.3), domain_spread=대공유(21+)"
0.14857723577235774,"col_type=수치형, domain_spread=대공유(21+), val_sim_bucket=중값유사"
0.1483739837398374,"col_type=범주형, domain_spread=대공유(21+)"
0.1475609756097561,"cate1=교육, cate2=고등교육, dom_sim_bucket=낮은유사(0-0.1)"
0.1475609756097561,"cate2=고등교육, dom_sim_bucket=낮은유사(0-0.1)"
0.14745934959349594,"col_type=범주형, pk_bucket=최고PK(0.9+)"
0.1470528455284553,"dom_sim_bucket=낮은유사(0-0.1), pk_bucket=저PK(0-0.3)"
0.1467479674796748,"col_cnt_bucket=표준(6-10), domain_spread=대공유(21+)"
0.14634146341463414,"col_type=수치형, dom_sim_bucket=낮은유사(0-0.1), rec_bucket=중(101-1k)"
0.1459349593495935,"cate1=교육, col_type=수치형, dom_sim_bucket=낮은유사(0-0.1), domain_spread=대공유(21+)"
0.14491869918699188,"col_type=수치형, val_sim_bucket=낮은값유사"
0.14288617886178862,"cate1=교육, col_cnt_bucket=초풍부(21+), dom_sim_bucket=낮은유사(0-0.1)"
0.14278455284552846,"col_type=수치형, pk_bucket=저PK(0-0.3), rec_bucket=중(101-1k)"
0.14258130081300813,"cate2=고등교육, domain_spread=대공유(21+), pk_bucket=저PK(0-0.3)"
0.14258130081300813,"cate1=교육, cate2=고등교육, domain_spread=대공유(21+), pk_bucket=저PK(0-0.3)"
0.14146341463414633,"domain_spread=대공유(21+), pk_bucket=최고PK(0.9+)"
0.14146341463414633,"cate1=교육, rec_bucket=소(≤100)"
0.14136178861788617,"cate1=교육, val_sim_bucket=높은값유사"
0.14095528455284553,"cate1=공공행정, cate2=일반행정, val_sim_bucket=낮은값유사"
0.14095528455284553,"cate1=공공행정, val_sim_bucket=낮은값유사"
0.14095528455284553,"cate2=일반행정, val_sim_bucket=낮은값유사"
0.1405487804878049,"cate1=교육, col_cnt_bucket=초풍부(21+), pk_bucket=저PK(0-0.3)"
0.14034552845528456,"col_type=수치형, dom_sim_bucket=낮은유사(0-0.1), domain_spread=대공유(21+), rec_bucket=중(101-1k)"
0.1402439024390244,"col_type=수치형, domain_spread=대공유(21+), pk_bucket=저PK(0-0.3), rec_bucket=중(101-1k)"
0.13882113821138212,"cate1=교육, domain_spread=대공유(21+), pk_bucket=저PK(0-0.3), rec_bucket=중(101-1k)"
0.13739837398373983,"cate2=일반행정, col_type=범주형"
0.13739837398373983,"cate1=공공행정, domain_spread=대공유(21+)"
0.13739837398373983,"cate1=공공행정, col_type=범주형"
0.13739837398373983,"cate1=공공행정, cate2=일반행정, col_type=범주형"
0.13739837398373983,"cate2=일반행정, domain_spread=대공유(21+)"
0.13739837398373983,"cate1=공공행정, cate2=일반행정, domain_spread=대공유(21+)"
0.1366869918699187,"col_cnt_bucket=초풍부(21+), dom_sim_bucket=낮은유사(0-0.1), domain_spread=대공유(21+)"
0.13658536585365855,"col_cnt_bucket=풍부(11-20), col_type=범주형"
0.1363821138211382,"cate1=교육, dom_sim_bucket=낮은유사(0-0.1), domain_spread=대공유(21+), rec_bucket=중(101-1k)"
0.13617886178861788,"pk_bucket=저PK(0-0.3), val_sim_bucket=높은값유사"
0.13607723577235772,"col_cnt_bucket=초풍부(21+), col_type=수치형, pk_bucket=저PK(0-0.3)"
0.13607723577235772,"dom_sim_bucket=낮은유사(0-0.1), rec_bucket=소(≤100)"
0.13597560975609757,"col_type=수치형, pk_bucket=최고PK(0.9+)"
0.1353658536585366,"cate1=보건, col_type=범주형"
0.1353658536585366,"cate2=보건의료, col_type=범주형"
0.1353658536585366,"cate1=보건, cate2=보건의료, col_type=범주형"
0.13475609756097562,"col_cnt_bucket=초풍부(21+), col_type=수치형, domain_spread=대공유(21+), pk_bucket=저PK(0-0.3)"
0.13465447154471544,"cate1=교육, cate2=고등교육, dom_sim_bucket=낮은유사(0-0.1), domain_spread=대공유(21+)"
0.13465447154471544,"cate2=고등교육, dom_sim_bucket=낮은유사(0-0.1), domain_spread=대공유(21+)"
0.13445121951219513,"cate1=교육, val_sim_bucket=중값유사"
0.13363821138211382,"col_cnt_bucket=표준(6-10), pk_bucket=저PK(0-0.3)"
0.1328252032520325,"dom_sim_bucket=낮은유사(0-0.1), rec_bucket=소(≤100), val_sim_bucket=낮은값유사"
0.1328252032520325,"col_cnt_bucket=초풍부(21+), col_type=수치형, dom_sim_bucket=낮은유사(0-0.1)"
0.13272357723577236,"col_cnt_bucket=초풍부(21+), dom_sim_bucket=낮은유사(0-0.1), rec_bucket=중(101-1k)"
0.13241869918699187,"col_cnt_bucket=풍부(11-20), domain_spread=대공유(21+)"
0.13191056910569104,"dom_sim_bucket=낮은유사(0-0.1), domain_spread=대공유(21+), val_sim_bucket=낮은값유사"
0.1306910569105691,"col_cnt_bucket=풍부(11-20), val_sim_bucket=낮은값유사"
0.1303861788617886,"col_type=범주형, rec_bucket=소(≤100), val_sim_bucket=낮은값유사"
0.1303861788617886,"col_cnt_bucket=초풍부(21+), col_type=수치형, dom_sim_bucket=낮은유사(0-0.1), domain_spread=대공유(21+)"
0.1303861788617886,"col_cnt_bucket=표준(6-10), col_type=범주형, val_sim_bucket=낮은값유사"
0.13008130081300814,"dom_sim_bucket=낮은유사(0-0.1), rec_bucket=중(101-1k), val_sim_bucket=낮은값유사"
0.12997967479674796,"cate1=교육, cate2=고등교육, col_type=수치형, dom_sim_bucket=낮은유사(0-0.1)"
0.12997967479674796,"cate2=고등교육, col_type=수치형, dom_sim_bucket=낮은유사(0-0.1)"
0.1298780487804878,"cate1=교육, col_cnt_bucket=초풍부(21+), dom_sim_bucket=낮은유사(0-0.1), domain_spread=대공유(21+)"
0.12977642276422766,"cate1=교육, col_type=수치형, dom_sim_bucket=낮은유사(0-0.1), rec_bucket=중(101-1k)"
0.12835365853658537,"cate1=교육, cate2=고등교육, col_type=수치형, dom_sim_bucket=낮은유사(0-0.1), domain_spread=대공유(21+)"
0.12835365853658537,"cate2=고등교육, col_type=수치형, dom_sim_bucket=낮은유사(0-0.1), domain_spread=대공유(21+)"
0.12815040650406503,"col_cnt_bucket=초풍부(21+), pk_bucket=저PK(0-0.3), rec_bucket=중(101-1k)"
0.12794715447154473,"cate1=교육, col_cnt_bucket=초풍부(21+), col_type=수치형, dom_sim_bucket=낮은유사(0-0.1)"
0.12764227642276424,"cate1=교육, col_cnt_bucket=초풍부(21+), dom_sim_bucket=낮은유사(0-0.1), rec_bucket=중(101-1k)"
0.12723577235772357,"cate1=교육, col_type=수치형, dom_sim_bucket=낮은유사(0-0.1), domain_spread=대공유(21+), rec_bucket=중(101-1k)"
0.12672764227642278,"cate1=교육, col_cnt_bucket=초풍부(21+), domain_spread=대공유(21+), pk_bucket=저PK(0-0.3)"
0.12672764227642278,"cate1=교육, cate2=고등교육, col_type=수치형, pk_bucket=저PK(0-0.3)"
0.12672764227642278,"cate2=고등교육, col_type=수치형, pk_bucket=저PK(0-0.3)"
0.12652439024390244,"col_cnt_bucket=표준(6-10), dom_sim_bucket=낮은유사(0-0.1)"
0.1264227642276423,"cate1=교육, col_cnt_bucket=초풍부(21+), col_type=수치형, dom_sim_bucket=낮은유사(0-0.1), domain_spread=대공유(21+)"
0.12591463414634146,"cate2=고등교육, col_type=수치형, domain_spread=대공유(21+), pk_bucket=저PK(0-0.3)"
0.12591463414634146,"cate1=교육, cate2=고등교육, col_type=수치형, domain_spread=대공유(21+), pk_bucket=저PK(0-0.3)"
0.12591463414634146,"cate1=교육, domain_spread=대공유(21+), val_sim_bucket=높은값유사"
0.12560975609756098,"cate1=교육, cate2=고등교육, dom_sim_bucket=낮은유사(0-0.1), rec_bucket=중(101-1k)"
0.12560975609756098,"cate2=고등교육, dom_sim_bucket=낮은유사(0-0.1), rec_bucket=중(101-1k)"
0.12540650406504064,"cate1=공공행정, rec_bucket=소(≤100)"
0.12540650406504064,"cate1=공공행정, cate2=일반행정, rec_bucket=소(≤100)"
0.12540650406504064,"cate2=일반행정, rec_bucket=소(≤100)"
0.12469512195121951,"col_cnt_bucket=초풍부(21+), dom_sim_bucket=낮은유사(0-0.1), domain_spread=대공유(21+), rec_bucket=중(101-1k)"
0.12449186991869919,"col_cnt_bucket=초풍부(21+), col_type=수치형, dom_sim_bucket=낮은유사(0-0.1), rec_bucket=중(101-1k)"
0.12439024390243902,"cate2=고등교육, col_cnt_bucket=초풍부(21+), dom_sim_bucket=낮은유사(0-0.1)"
0.12439024390243902,"cate1=교육, cate2=고등교육, col_cnt_bucket=초풍부(21+), dom_sim_bucket=낮은유사(0-0.1)"
0.1241869918699187,"pk_bucket=저PK(0-0.3), rec_bucket=소(≤100)"
0.12408536585365854,"col_cnt_bucket=표준(6-10), dom_sim_bucket=낮은유사(0-0.1), val_sim_bucket=낮은값유사"
0.12367886178861788,"col_cnt_bucket=초풍부(21+), col_type=수치형, dom_sim_bucket=낮은유사(0-0.1), domain_spread=대공유(21+), rec_bucket=중(101-1k)"
0.12357723577235773,"col_type=수치형, domain_spread=대공유(21+), val_sim_bucket=낮은값유사"
0.12337398373983739,"cate1=교육, col_type=수치형, pk_bucket=저PK(0-0.3), rec_bucket=중(101-1k)"
0.12337398373983739,"col_cnt_bucket=풍부(11-20), rec_bucket=소(≤100)"
0.1230691056910569,"rec_bucket=소(≤100), val_sim_bucket=중값유사"
0.12296747967479675,"cate2=고등교육, pk_bucket=저PK(0-0.3), rec_bucket=중(101-1k)"
0.12296747967479675,"cate1=교육, cate2=고등교육, pk_bucket=저PK(0-0.3), rec_bucket=중(101-1k)"
0.12266260162601626,"cate1=교육, col_cnt_bucket=초풍부(21+), dom_sim_bucket=낮은유사(0-0.1), domain_spread=대공유(21+), rec_bucket=중(101-1k)"
0.1225609756097561,"cate1=교육, col_cnt_bucket=표준(6-10)"
0.12245934959349593,"cate1=교육, col_cnt_bucket=초풍부(21+), col_type=수치형, dom_sim_bucket=낮은유사(0-0.1), rec_bucket=중(101-1k)"
0.12195121951219512,"cate1=교육, col_type=범주형, pk_bucket=저PK(0-0.3)"
0.12195121951219512,"cate1=교육, col_type=수치형, domain_spread=대공유(21+), pk_bucket=저PK(0-0.3), rec_bucket=중(101-1k)"
0.12184959349593497,"cate1=교육, col_cnt_bucket=초풍부(21+), col_type=수치형, dom_sim_bucket=낮은유사(0-0.1), domain_spread=대공유(21+), rec_bucket=중(101-1k)"
0.12164634146341463,"domain_spread=단독, rec_bucket=소(≤100)"
0.12134146341463414,"cate1=교육, cate2=고등교육, col_cnt_bucket=초풍부(21+), pk_bucket=저PK(0-0.3)"
0.12134146341463414,"cate2=고등교육, col_cnt_bucket=초풍부(21+), pk_bucket=저PK(0-0.3)"
0.12113821138211382,"cate1=교육, cate2=고등교육, dom_sim_bucket=낮은유사(0-0.1), domain_spread=대공유(21+), rec_bucket=중(101-1k)"
0.12113821138211382,"cate2=고등교육, dom_sim_bucket=낮은유사(0-0.1), domain_spread=대공유(21+), rec_bucket=중(101-1k)"
0.12052845528455285,"cate1=교육, cate2=고등교육, col_type=수치형, dom_sim_bucket=낮은유사(0-0.1), rec_bucket=중(101-1k)"
0.12052845528455285,"cate2=고등교육, col_type=수치형, dom_sim_bucket=낮은유사(0-0.1), rec_bucket=중(101-1k)"
0.1198170731707317,"cate1=교육, cate2=고등교육, col_cnt_bucket=초풍부(21+), dom_sim_bucket=낮은유사(0-0.1), domain_spread=대공유(21+)"
0.1198170731707317,"cate2=고등교육, col_cnt_bucket=초풍부(21+), dom_sim_bucket=낮은유사(0-0.1), domain_spread=대공유(21+)"
0.11971544715447155,"cate1=교육, col_type=수치형, val_sim_bucket=높은값유사"
0.11951219512195121,"cate2=고등교육, col_type=수치형, dom_sim_bucket=낮은유사(0-0.1), domain_spread=대공유(21+), rec_bucket=중(101-1k)"
0.11951219512195121,"cate1=교육, cate2=고등교육, col_type=수치형, dom_sim_bucket=낮은유사(0-0.1), domain_spread=대공유(21+), rec_bucket=중(101-1k)"
0.11941056910569106,"col_cnt_bucket=초풍부(21+), domain_spread=대공유(21+), pk_bucket=저PK(0-0.3), rec_bucket=중(101-1k)"
0.11941056910569106,"col_type=수치형, dom_sim_bucket=중유사(0.1-0.3)"
0.1193089430894309,"dom_sim_bucket=최고유사(0.6+), domain_spread=대공유(21+)"
0.11920731707317073,"cate1=교육, domain_spread=대공유(21+), val_sim_bucket=낮은값유사"
0.11890243902439024,"cate1=교육, cate2=고등교육, col_cnt_bucket=초풍부(21+), dom_sim_bucket=낮은유사(0-0.1), rec_bucket=중(101-1k)"
0.11890243902439024,"cate2=고등교육, col_cnt_bucket=초풍부(21+), dom_sim_bucket=낮은유사(0-0.1), rec_bucket=중(101-1k)"
0.11880081300813009,"col_type=수치형, domain_spread=대공유(21+), pk_bucket=최고PK(0.9+)"
0.11839430894308943,"cate2=고등교육, col_cnt_bucket=초풍부(21+), col_type=수치형, dom_sim_bucket=낮은유사(0-0.1)"
0.11839430894308943,"cate1=교육, cate2=고등교육, col_cnt_bucket=초풍부(21+), col_type=수치형, dom_sim_bucket=낮은유사(0-0.1)"
0.11829268292682926,"cate1=교육, col_type=수치형, domain_spread=대공유(21+), val_sim_bucket=높은값유사"
0.11819105691056911,"cate1=교육, col_cnt_bucket=풍부(11-20)"
0.11808943089430894,"col_cnt_bucket=풍부(11-20), pk_bucket=저PK(0-0.3)"
0.11798780487804877,"dom_sim_bucket=높은유사(0.3-0.6), domain_spread=대공유(21+)"
0.11788617886178862,"cate2=고등교육, col_cnt_bucket=초풍부(21+), col_type=수치형, dom_sim_bucket=낮은유사(0-0.1), rec_bucket=중(101-1k)"
0.11788617886178862,"cate1=교육, cate2=고등교육, col_cnt_bucket=초풍부(21+), col_type=수치형, dom_sim_bucket=낮은유사(0-0.1), rec_bucket=중(101-1k)"
0.11778455284552845,"cate1=교육, cate2=고등교육, col_cnt_bucket=초풍부(21+), col_type=수치형, dom_sim_bucket=낮은유사(0-0.1), domain_spread=대공유(21+)"
0.11778455284552845,"cate2=고등교육, col_cnt_bucket=초풍부(21+), col_type=수치형, dom_sim_bucket=낮은유사(0-0.1), domain_spread=대공유(21+)"
0.11768292682926829,"cate1=교육, cate2=고등교육, col_cnt_bucket=초풍부(21+), dom_sim_bucket=낮은유사(0-0.1), domain_spread=대공유(21+), rec_bucket=중(101-1k)"
0.11768292682926829,"cate2=고등교육, col_cnt_bucket=초풍부(21+), dom_sim_bucket=낮은유사(0-0.1), domain_spread=대공유(21+), rec_bucket=중(101-1k)"
0.1173780487804878,"col_type=범주형, dom_sim_bucket=낮은유사(0-0.1), rec_bucket=소(≤100)"
0.1173780487804878,"cate1=교육, cate2=고등교육, col_cnt_bucket=초풍부(21+), col_type=수치형, dom_sim_bucket=낮은유사(0-0.1), domain_spread=대공유(21+), rec_bucket=중(101-1k)"
0.1173780487804878,"domain_spread=대공유(21+), pk_bucket=저PK(0-0.3), val_sim_bucket=높은값유사"
0.1173780487804878,"cate2=고등교육, col_cnt_bucket=초풍부(21+), col_type=수치형, dom_sim_bucket=낮은유사(0-0.1), domain_spread=대공유(21+), rec_bucket=중(101-1k)"
0.11707317073170732,"col_type=범주형, dom_sim_bucket=낮은유사(0-0.1), rec_bucket=소(≤100), val_sim_bucket=낮은값유사"
0.11605691056910569,"cate1=교육, cate2=고등교육, domain_spread=대공유(21+), pk_bucket=저PK(0-0.3), rec_bucket=중(101-1k)"
0.11605691056910569,"cate2=고등교육, domain_spread=대공유(21+), pk_bucket=저PK(0-0.3), rec_bucket=중(101-1k)"
0.11554878048780488,"cate2=고등교육, col_cnt_bucket=초풍부(21+), domain_spread=대공유(21+), pk_bucket=저PK(0-0.3)"
0.11554878048780488,"cate1=교육, cate2=고등교육, col_cnt_bucket=초풍부(21+), domain_spread=대공유(21+), pk_bucket=저PK(0-0.3)"
0.1152439024390244,"cate1=교육, col_cnt_bucket=초풍부(21+), pk_bucket=저PK(0-0.3), rec_bucket=중(101-1k)"
0.11514227642276423,"cate1=공공행정, cate2=일반행정, pk_bucket=저PK(0-0.3)"
0.11514227642276423,"cate1=공공행정, pk_bucket=저PK(0-0.3)"
0.11514227642276423,"cate2=일반행정, pk_bucket=저PK(0-0.3)"
0.11473577235772357,"cate1=교육, col_cnt_bucket=초풍부(21+), col_type=수치형, pk_bucket=저PK(0-0.3)"
0.11473577235772357,"col_cnt_bucket=초풍부(21+), col_type=수치형, pk_bucket=저PK(0-0.3), rec_bucket=중(101-1k)"
0.11463414634146342,"col_type=범주형, dom_sim_bucket=낮은유사(0-0.1), pk_bucket=최고PK(0.9+)"
0.11453252032520325,"col_type=범주형, pk_bucket=최고PK(0.9+), val_sim_bucket=낮은값유사"
0.11453252032520325,"col_type=범주형, dom_sim_bucket=낮은유사(0-0.1), pk_bucket=최고PK(0.9+), val_sim_bucket=낮은값유사"
0.11432926829268293,"col_cnt_bucket=초풍부(21+), col_type=수치형, domain_spread=대공유(21+), pk_bucket=저PK(0-0.3), rec_bucket=중(101-1k)"
0.1141260162601626,"col_type=수치형, dom_sim_bucket=중유사(0.1-0.3), domain_spread=대공유(21+)"
0.11402439024390244,"cate1=교육, col_cnt_bucket=초풍부(21+), col_type=수치형, domain_spread=대공유(21+), pk_bucket=저PK(0-0.3)"
0.11371951219512196,"col_cnt_bucket=초풍부(21+), val_sim_bucket=높은값유사"
0.11361788617886179,"cate1=교육, col_type=범주형, dom_sim_bucket=낮은유사(0-0.1)"
0.11341463414634147,"rec_bucket=중(101-1k), val_sim_bucket=높은값유사"
0.1133130081300813,"col_type=범주형, domain_spread=단독, rec_bucket=소(≤100)"
0.11290650406504064,"domain_spread=대공유(21+), pk_bucket=중PK(0.3-0.7)"
0.11280487804878049,"col_type=범주형, rec_bucket=중(101-1k), val_sim_bucket=낮은값유사"
0.11270325203252032,"domain_spread=대공유(21+), pk_bucket=저PK(0-0.3), val_sim_bucket=낮은값유사"
0.11189024390243903,"cate1=교육, col_type=범주형, dom_sim_bucket=낮은유사(0-0.1), val_sim_bucket=낮은값유사"
0.11138211382113822,"cate1=보건, cate2=보건의료, val_sim_bucket=낮은값유사"
0.11138211382113822,"cate2=보건의료, val_sim_bucket=낮은값유사"
0.11138211382113822,"cate1=보건, val_sim_bucket=낮은값유사"
0.1108739837398374,"cate1=교육, pk_bucket=저PK(0-0.3), val_sim_bucket=낮은값유사"
0.11077235772357724,"col_cnt_bucket=초풍부(21+), domain_spread=대공유(21+), val_sim_bucket=높은값유사"
0.11077235772357724,"cate1=교육, domain_spread=대공유(21+), val_sim_bucket=중값유사"
0.11077235772357724,"col_cnt_bucket=협소(≤5), col_type=범주형"
0.11036585365853659,"cate1=보건, domain_spread=대공유(21+)"
0.11036585365853659,"cate2=보건의료, domain_spread=대공유(21+)"
0.11036585365853659,"cate1=보건, cate2=보건의료, domain_spread=대공유(21+)"
0.1100609756097561,"cate2=고등교육, col_type=수치형, pk_bucket=저PK(0-0.3), rec_bucket=중(101-1k)"
0.1100609756097561,"cate1=교육, cate2=고등교육, col_type=수치형, pk_bucket=저PK(0-0.3), rec_bucket=중(101-1k)"
0.10975609756097561,"cate1=교육, col_cnt_bucket=초풍부(21+), domain_spread=대공유(21+), pk_bucket=저PK(0-0.3), rec_bucket=중(101-1k)"
0.10975609756097561,"cate2=고등교육, col_type=수치형, domain_spread=대공유(21+), pk_bucket=저PK(0-0.3), rec_bucket=중(101-1k)"
0.10975609756097561,"cate1=교육, cate2=고등교육, col_type=수치형, domain_spread=대공유(21+), pk_bucket=저PK(0-0.3), rec_bucket=중(101-1k)"
0.10965447154471544,"cate2=고등교육, col_cnt_bucket=초풍부(21+), pk_bucket=저PK(0-0.3), rec_bucket=중(101-1k)"
0.10965447154471544,"cate1=교육, cate2=고등교육, col_cnt_bucket=초풍부(21+), pk_bucket=저PK(0-0.3), rec_bucket=중(101-1k)"
0.10945121951219512,"cate2=일반행정, dom_sim_bucket=낮은유사(0-0.1)"
0.10945121951219512,"cate1=공공행정, cate2=일반행정, dom_sim_bucket=낮은유사(0-0.1)"
0.10945121951219512,"cate1=공공행정, dom_sim_bucket=낮은유사(0-0.1)"
0.10914634146341463,"cate1=교육, cate2=고등교육, val_sim_bucket=높은값유사"
0.10914634146341463,"cate2=고등교육, val_sim_bucket=높은값유사"
0.10853658536585366,"domain_spread=단독, rec_bucket=소(≤100), val_sim_bucket=낮은값유사"
0.1076219512195122,"cate1=교육, cate2=고등교육, col_cnt_bucket=초풍부(21+), col_type=수치형, pk_bucket=저PK(0-0.3)"
0.1076219512195122,"cate2=고등교육, col_cnt_bucket=초풍부(21+), col_type=수치형, pk_bucket=저PK(0-0.3)"
0.10752032520325203,"cate2=일반행정, col_type=수치형"
0.10752032520325203,"cate1=공공행정, col_type=수치형"
0.10752032520325203,"cate1=공공행정, cate2=일반행정, col_type=수치형"
0.10741869918699187,"cate2=고등교육, col_cnt_bucket=초풍부(21+), col_type=수치형, domain_spread=대공유(21+), pk_bucket=저PK(0-0.3)"
0.10741869918699187,"cate1=교육, cate2=고등교육, col_cnt_bucket=초풍부(21+), col_type=수치형, domain_spread=대공유(21+), pk_bucket=저PK(0-0.3)"
0.1068089430894309,"cate2=고등교육, col_cnt_bucket=초풍부(21+), domain_spread=대공유(21+), pk_bucket=저PK(0-0.3), rec_bucket=중(101-1k)"
0.1068089430894309,"cate1=교육, cate2=고등교육, col_cnt_bucket=초풍부(21+), domain_spread=대공유(21+), pk_bucket=저PK(0-0.3), rec_bucket=중(101-1k)"
0.1068089430894309,"cate1=교육, pk_bucket=저PK(0-0.3), val_sim_bucket=높은값유사"
0.10670731707317073,"col_cnt_bucket=초풍부(21+), col_type=수치형, val_sim_bucket=높은값유사"
0.10630081300813009,"col_cnt_bucket=초풍부(21+), col_type=수치형, domain_spread=대공유(21+), val_sim_bucket=높은값유사"
0.1059959349593496,"dom_sim_bucket=낮은유사(0-0.1), domain_spread=단독, rec_bucket=소(≤100)"
0.1059959349593496,"col_cnt_bucket=풍부(11-20), col_type=수치형"
0.10589430894308943,"cate1=공공행정, cate2=일반행정, dom_sim_bucket=낮은유사(0-0.1), val_sim_bucket=낮은값유사"
0.10589430894308943,"cate1=공공행정, dom_sim_bucket=낮은유사(0-0.1), val_sim_bucket=낮은값유사"
0.10589430894308943,"cate2=일반행정, dom_sim_bucket=낮은유사(0-0.1), val_sim_bucket=낮은값유사"
0.10579268292682927,"dom_sim_bucket=낮은유사(0-0.1), pk_bucket=저PK(0-0.3), val_sim_bucket=낮은값유사"
0.10579268292682927,"dom_sim_bucket=낮은유사(0-0.1), domain_spread=단독, rec_bucket=소(≤100), val_sim_bucket=낮은값유사"
0.10569105691056911,"cate1=교육, rec_bucket=중(101-1k), val_sim_bucket=높은값유사"
0.10558943089430894,"cate1=교육, col_cnt_bucket=초풍부(21+), col_type=수치형, pk_bucket=저PK(0-0.3), rec_bucket=중(101-1k)"
0.10548780487804878,"domain_spread=대공유(21+), rec_bucket=중(101-1k), val_sim_bucket=높은값유사"
0.10548780487804878,"cate1=교육, pk_bucket=최고PK(0.9+)"
0.10528455284552846,"cate1=교육, col_cnt_bucket=초풍부(21+), col_type=수치형, domain_spread=대공유(21+), pk_bucket=저PK(0-0.3), rec_bucket=중(101-1k)"
0.10518292682926829,"dom_sim_bucket=중유사(0.1-0.3), val_sim_bucket=중값유사"
0.10477642276422765,"rec_bucket=중(101-1k), val_sim_bucket=중값유사"
0.10477642276422765,"col_type=수치형, pk_bucket=저PK(0-0.3), val_sim_bucket=높은값유사"
0.10416666666666667,"col_type=수치형, domain_spread=대공유(21+), pk_bucket=저PK(0-0.3), val_sim_bucket=높은값유사"
0.1035569105691057,"cate1=교육, cate2=고등교육, domain_spread=대공유(21+), val_sim_bucket=높은값유사"
0.1035569105691057,"cate2=고등교육, domain_spread=대공유(21+), val_sim_bucket=높은값유사"
0.10345528455284553,"cate2=고등교육, col_cnt_bucket=초풍부(21+), col_type=수치형, pk_bucket=저PK(0-0.3), rec_bucket=중(101-1k)"
0.10345528455284553,"cate1=교육, cate2=고등교육, col_cnt_bucket=초풍부(21+), col_type=수치형, pk_bucket=저PK(0-0.3), rec_bucket=중(101-1k)"
0.10335365853658536,"cate1=교육, cate2=고등교육, col_cnt_bucket=초풍부(21+), col_type=수치형, domain_spread=대공유(21+), pk_bucket=저PK(0-0.3), rec_bucket=중(101-1k)"
0.10335365853658536,"cate2=고등교육, col_cnt_bucket=초풍부(21+), col_type=수치형, domain_spread=대공유(21+), pk_bucket=저PK(0-0.3), rec_bucket=중(101-1k)"
0.10284552845528455,"cate1=공공행정, cate2=일반행정, col_type=범주형, val_sim_bucket=낮은값유사"
0.10284552845528455,"cate1=공공행정, col_type=범주형, val_sim_bucket=낮은값유사"
0.10284552845528455,"cate2=일반행정, col_type=범주형, val_sim_bucket=낮은값유사"
0.10264227642276423,"pk_bucket=저PK(0-0.3), rec_bucket=중(101-1k), val_sim_bucket=높은값유사"
0.10254065040650406,"col_cnt_bucket=표준(6-10), col_type=범주형, dom_sim_bucket=낮은유사(0-0.1)"
0.1024390243902439,"col_cnt_bucket=표준(6-10), col_type=범주형, dom_sim_bucket=낮은유사(0-0.1), val_sim_bucket=낮은값유사"
0.10172764227642277,"cate2=고등교육, col_type=수치형, val_sim_bucket=높은값유사"
0.10172764227642277,"cate1=교육, cate2=고등교육, col_type=수치형, val_sim_bucket=높은값유사"
0.1016260162601626,"rec_bucket=소(≤100), val_sim_bucket=높은값유사"
0.10152439024390245,"col_cnt_bucket=표준(6-10), col_type=수치형"
0.10152439024390245,"col_type=수치형, rec_bucket=중(101-1k), val_sim_bucket=높은값유사"
0.10142276422764228,rec_bucket=대(1k-10k)
0.10132113821138211,"cate1=교육, cate2=고등교육, col_type=수치형, domain_spread=대공유(21+), val_sim_bucket=높은값유사"
0.10132113821138211,"cate2=고등교육, col_type=수치형, domain_spread=대공유(21+), val_sim_bucket=높은값유사"
0.10132113821138211,"col_type=수치형, domain_spread=대공유(21+), rec_bucket=중(101-1k), val_sim_bucket=높은값유사"
0.10111788617886179,"col_type=범주형, pk_bucket=최고PK(0.9+), rec_bucket=소(≤100)"
0.10091463414634147,"col_type=범주형, domain_spread=단독, rec_bucket=소(≤100), val_sim_bucket=낮은값유사"
0.1003048780487805,"col_type=수치형, dom_sim_bucket=높은유사(0.3-0.6)"
0.1003048780487805,"cate1=교육, cate2=고등교육, rec_bucket=중(101-1k), val_sim_bucket=높은값유사"
0.1003048780487805,"cate2=고등교육, rec_bucket=중(101-1k), val_sim_bucket=높은값유사"
0.10020325203252033,"cate2=보건의료, pk_bucket=최고PK(0.9+)"
0.10020325203252033,"cate1=보건, cate2=보건의료, pk_bucket=최고PK(0.9+)"
0.10020325203252033,"cate1=교육, domain_spread=대공유(21+), rec_bucket=중(101-1k), val_sim_bucket=높은값유사"
0.10020325203252033,"cate1=보건, pk_bucket=최고PK(0.9+)"
0.09959349593495935,"col_cnt_bucket=표준(6-10), pk_bucket=최고PK(0.9+)"
0.09939024390243903,"dom_sim_bucket=최고유사(0.6+), domain_spread=대공유(21+), pk_bucket=저PK(0-0.3)"
0.09928861788617886,"col_cnt_bucket=초풍부(21+), rec_bucket=중(101-1k), val_sim_bucket=높은값유사"
0.0991869918699187,"col_type=범주형, dom_sim_bucket=최고유사(0.6+)"
0.09878048780487805,"col_cnt_bucket=표준(6-10), col_type=범주형, rec_bucket=소(≤100)"
0.09867886178861789,"col_cnt_bucket=표준(6-10), col_type=범주형, pk_bucket=저PK(0-0.3)"
0.09857723577235772,"cate1=교육, col_cnt_bucket=초풍부(21+), val_sim_bucket=높은값유사"
0.09847560975609757,"col_type=범주형, dom_sim_bucket=낮은유사(0-0.1), domain_spread=단독, rec_bucket=소(≤100)"
0.0983739837398374,"dom_sim_bucket=낮은유사(0-0.1), pk_bucket=중PK(0.3-0.7)"
0.09827235772357723,"col_type=범주형, dom_sim_bucket=낮은유사(0-0.1), domain_spread=단독, rec_bucket=소(≤100), val_sim_bucket=낮은값유사"
0.09786585365853659,"cate1=교육, pk_bucket=중PK(0.3-0.7)"
0.09776422764227642,"cate1=교육, dom_sim_bucket=중유사(0.1-0.3)"
0.0975609756097561,"dom_sim_bucket=최고유사(0.6+), rec_bucket=소(≤100)"
0.0975609756097561,"dom_sim_bucket=높은유사(0.3-0.6), rec_bucket=소(≤100)"
0.09745934959349593,"cate1=교육, cate2=고등교육, domain_spread=대공유(21+), rec_bucket=중(101-1k), val_sim_bucket=높은값유사"
0.09745934959349593,"cate2=고등교육, domain_spread=대공유(21+), rec_bucket=중(101-1k), val_sim_bucket=높은값유사"
0.09735772357723577,domain_spread=중공유(6-20)
0.09735772357723577,"col_cnt_bucket=초풍부(21+), domain_spread=대공유(21+), rec_bucket=중(101-1k), val_sim_bucket=높은값유사"
0.09725609756097561,"cate1=교육, col_cnt_bucket=초풍부(21+), rec_bucket=중(101-1k), val_sim_bucket=높은값유사"
0.09725609756097561,"cate2=고등교육, col_cnt_bucket=초풍부(21+), rec_bucket=중(101-1k), val_sim_bucket=높은값유사"
0.09725609756097561,"cate2=고등교육, col_cnt_bucket=초풍부(21+), val_sim_bucket=높은값유사"
0.09725609756097561,"cate1=교육, cate2=고등교육, col_cnt_bucket=초풍부(21+), rec_bucket=중(101-1k), val_sim_bucket=높은값유사"
0.09725609756097561,"cate1=교육, cate2=고등교육, col_cnt_bucket=초풍부(21+), val_sim_bucket=높은값유사"
0.09705284552845528,"cate1=교육, col_type=수치형, rec_bucket=중(101-1k), val_sim_bucket=높은값유사"
0.09695121951219512,"cate1=교육, domain_spread=대공유(21+), pk_bucket=저PK(0-0.3), val_sim_bucket=높은값유사"
0.09684959349593496,"cate1=교육, col_type=수치형, domain_spread=대공유(21+), rec_bucket=중(101-1k), val_sim_bucket=높은값유사"
0.0964430894308943,"col_type=수치형, dom_sim_bucket=높은유사(0.3-0.6), domain_spread=대공유(21+)"
0.09623983739837398,"cate1=교육, col_cnt_bucket=초풍부(21+), domain_spread=대공유(21+), val_sim_bucket=높은값유사"
0.09623983739837398,"col_cnt_bucket=협소(≤5), val_sim_bucket=낮은값유사"
0.09613821138211383,"col_type=수치형, dom_sim_bucket=낮은유사(0-0.1), val_sim_bucket=낮은값유사"
0.09603658536585366,"domain_spread=대공유(21+), pk_bucket=저PK(0-0.3), rec_bucket=중(101-1k), val_sim_bucket=높은값유사"
0.0959349593495935,"col_cnt_bucket=초풍부(21+), col_type=수치형, rec_bucket=중(101-1k), val_sim_bucket=높은값유사"
0.09583333333333334,"col_cnt_bucket=초풍부(21+), pk_bucket=저PK(0-0.3), val_sim_bucket=높은값유사"
0.09573170731707317,"col_cnt_bucket=초풍부(21+), col_type=수치형, domain_spread=대공유(21+), rec_bucket=중(101-1k), val_sim_bucket=높은값유사"
0.09573170731707317,"cate2=고등교육, col_type=수치형, rec_bucket=중(101-1k), val_sim_bucket=높은값유사"
0.09573170731707317,"cate1=교육, cate2=고등교육, col_type=수치형, rec_bucket=중(101-1k), val_sim_bucket=높은값유사"
0.095630081300813,"cate1=교육, pk_bucket=저PK(0-0.3), rec_bucket=중(101-1k), val_sim_bucket=높은값유사"
0.095630081300813,"cate1=교육, dom_sim_bucket=최고유사(0.6+)"
0.09552845528455285,"cate2=고등교육, col_type=수치형, domain_spread=대공유(21+), rec_bucket=중(101-1k), val_sim_bucket=높은값유사"
0.09552845528455285,"cate1=교육, cate2=고등교육, col_type=수치형, domain_spread=대공유(21+), rec_bucket=중(101-1k), val_sim_bucket=높은값유사"
0.09542682926829268,"cate1=교육, cate2=고등교육, col_cnt_bucket=초풍부(21+), domain_spread=대공유(21+), val_sim_bucket=높은값유사"
0.09542682926829268,"cate2=고등교육, col_cnt_bucket=초풍부(21+), domain_spread=대공유(21+), val_sim_bucket=높은값유사"
0.09542682926829268,"cate2=고등교육, col_cnt_bucket=초풍부(21+), domain_spread=대공유(21+), rec_bucket=중(101-1k), val_sim_bucket=높은값유사"
0.09542682926829268,"cate1=교육, col_cnt_bucket=초풍부(21+), domain_spread=대공유(21+), rec_bucket=중(101-1k), val_sim_bucket=높은값유사"
0.09542682926829268,"col_cnt_bucket=풍부(11-20), dom_sim_bucket=낮은유사(0-0.1)"
0.09542682926829268,"cate1=교육, cate2=고등교육, col_cnt_bucket=초풍부(21+), domain_spread=대공유(21+), rec_bucket=중(101-1k), val_sim_bucket=높은값유사"
0.09522357723577236,"cate1=공공행정, cate2=일반행정, col_type=수치형, domain_spread=대공유(21+)"
0.09522357723577236,"cate2=일반행정, col_type=수치형, domain_spread=대공유(21+)"
0.09522357723577236,"cate1=공공행정, col_type=수치형, domain_spread=대공유(21+)"
0.09502032520325203,"col_type=수치형, pk_bucket=최고PK(0.9+), rec_bucket=소(≤100)"
0.09441056910569105,"cate1=교육, col_cnt_bucket=초풍부(21+), col_type=수치형, val_sim_bucket=높은값유사"
0.09420731707317073,"cate1=교육, col_type=수치형, val_sim_bucket=중값유사"
0.09420731707317073,"col_type=수치형, pk_bucket=중PK(0.3-0.7)"
0.09410569105691056,"col_type=범주형, domain_spread=대공유(21+), pk_bucket=저PK(0-0.3)"
0.09410569105691056,"cate1=교육, col_cnt_bucket=초풍부(21+), col_type=수치형, domain_spread=대공유(21+), val_sim_bucket=높은값유사"
0.09400406504065041,"cate1=교육, col_cnt_bucket=초풍부(21+), col_type=수치형, rec_bucket=중(101-1k), val_sim_bucket=높은값유사"
0.09400406504065041,"cate2=고등교육, col_cnt_bucket=초풍부(21+), col_type=수치형, val_sim_bucket=높은값유사"
0.09400406504065041,"cate2=고등교육, col_cnt_bucket=초풍부(21+), col_type=수치형, rec_bucket=중(101-1k), val_sim_bucket=높은값유사"
0.09400406504065041,"cate1=교육, cate2=고등교육, col_cnt_bucket=초풍부(21+), col_type=수치형, val_sim_bucket=높은값유사"
0.09400406504065041,"cate1=교육, cate2=고등교육, col_cnt_bucket=초풍부(21+), col_type=수치형, rec_bucket=중(101-1k), val_sim_bucket=높은값유사"
0.09390243902439024,"cate1=교육, rec_bucket=중(101-1k), val_sim_bucket=낮은값유사"
0.09380081300813008,"cate1=교육, cate2=고등교육, col_cnt_bucket=초풍부(21+), col_type=수치형, domain_spread=대공유(21+), rec_bucket=중(101-1k), val_sim_bucket=높은값유사"
0.09380081300813008,"cate2=고등교육, col_cnt_bucket=초풍부(21+), col_type=수치형, domain_spread=대공유(21+), rec_bucket=중(101-1k), val_sim_bucket=높은값유사"
0.09380081300813008,"cate1=교육, cate2=고등교육, col_cnt_bucket=초풍부(21+), col_type=수치형, domain_spread=대공유(21+), val_sim_bucket=높은값유사"
0.09380081300813008,"cate2=고등교육, col_cnt_bucket=초풍부(21+), col_type=수치형, domain_spread=대공유(21+), val_sim_bucket=높은값유사"
0.09380081300813008,"cate1=교육, col_cnt_bucket=초풍부(21+), col_type=수치형, domain_spread=대공유(21+), rec_bucket=중(101-1k), val_sim_bucket=높은값유사"
0.09369918699186992,"col_cnt_bucket=초풍부(21+), domain_spread=대공유(21+), pk_bucket=저PK(0-0.3), val_sim_bucket=높은값유사"
0.09369918699186992,"col_cnt_bucket=풍부(11-20), col_type=수치형, domain_spread=대공유(21+)"
0.09359756097560976,cate2=유아및초·중등교육
0.09359756097560976,"cate1=교육, cate2=유아및초·중등교육"
0.09339430894308944,"cate2=고등교육, pk_bucket=저PK(0-0.3), val_sim_bucket=높은값유사"
0.09339430894308944,"cate1=교육, cate2=고등교육, pk_bucket=저PK(0-0.3), val_sim_bucket=높은값유사"
0.0931910569105691,"domain_spread=대공유(21+), rec_bucket=중(101-1k), val_sim_bucket=중값유사"
0.09308943089430895,"domain_spread=단독, pk_bucket=최고PK(0.9+)"
0.09288617886178861,"cate1=보건, cate2=보건의료, col_cnt_bucket=표준(6-10)"
0.09288617886178861,"cate2=보건의료, col_cnt_bucket=표준(6-10)"
0.09288617886178861,"cate1=보건, col_cnt_bucket=표준(6-10)"
0.09197154471544715,"dom_sim_bucket=중유사(0.1-0.3), pk_bucket=저PK(0-0.3)"
0.09197154471544715,"domain_spread=대공유(21+), pk_bucket=최고PK(0.9+), rec_bucket=소(≤100)"
0.091869918699187,"col_type=수치형, pk_bucket=저PK(0-0.3), rec_bucket=중(101-1k), val_sim_bucket=높은값유사"
0.091869918699187,"cate1=교육, col_type=수치형, pk_bucket=저PK(0-0.3), val_sim_bucket=높은값유사"
0.091869918699187,"domain_spread=대공유(21+), rec_bucket=중(101-1k), val_sim_bucket=낮은값유사"
0.091869918699187,"col_type=수치형, domain_spread=대공유(21+), pk_bucket=저PK(0-0.3), rec_bucket=중(101-1k), val_sim_bucket=높은값유사"
0.09166666666666666,"cate1=교육, col_type=수치형, domain_spread=대공유(21+), val_sim_bucket=중값유사"
0.0915650406504065,"cate1=교육, col_type=수치형, domain_spread=대공유(21+), pk_bucket=저PK(0-0.3), val_sim_bucket=높은값유사"
0.09146341463414634,"col_cnt_bucket=풍부(11-20), dom_sim_bucket=낮은유사(0-0.1), val_sim_bucket=낮은값유사"
0.09126016260162602,"col_type=수치형, domain_spread=대공유(21+), pk_bucket=중PK(0.3-0.7)"
0.0910569105691057,"cate1=교육, domain_spread=대공유(21+), pk_bucket=저PK(0-0.3), rec_bucket=중(101-1k), val_sim_bucket=높은값유사"
0.09044715447154472,"cate2=고등교육, pk_bucket=저PK(0-0.3), rec_bucket=중(101-1k), val_sim_bucket=높은값유사"
0.09044715447154472,"cate1=교육, cate2=고등교육, pk_bucket=저PK(0-0.3), rec_bucket=중(101-1k), val_sim_bucket=높은값유사"
0.09034552845528455,"dom_sim_bucket=중유사(0.1-0.3), rec_bucket=소(≤100)"
0.09034552845528455,"col_cnt_bucket=풍부(11-20), col_type=범주형, val_sim_bucket=낮은값유사"
0.09034552845528455,"cate1=교육, dom_sim_bucket=낮은유사(0-0.1), pk_bucket=저PK(0-0.3)"
0.09014227642276423,"cate1=보건, col_type=범주형, rec_bucket=소(≤100)"
0.09014227642276423,"cate1=보건, cate2=보건의료, col_type=범주형, rec_bucket=소(≤100)"
0.09014227642276423,"cate2=보건의료, col_type=범주형, rec_bucket=소(≤100)"
0.0899390243902439,"col_cnt_bucket=초풍부(21+), pk_bucket=저PK(0-0.3), rec_bucket=중(101-1k), val_sim_bucket=높은값유사"
0.0899390243902439,"col_cnt_bucket=표준(6-10), col_type=수치형, domain_spread=대공유(21+)"
0.08973577235772358,"cate2=고등교육, domain_spread=대공유(21+), pk_bucket=저PK(0-0.3), val_sim_bucket=높은값유사"
0.08973577235772358,"cate1=교육, cate2=고등교육, domain_spread=대공유(21+), pk_bucket=저PK(0-0.3), val_sim_bucket=높은값유사"
0.08943089430894309,"col_cnt_bucket=초풍부(21+), col_type=수치형, pk_bucket=저PK(0-0.3), val_sim_bucket=높은값유사"
0.08932926829268292,"col_cnt_bucket=초풍부(21+), col_type=수치형, domain_spread=대공유(21+), pk_bucket=저PK(0-0.3), val_sim_bucket=높은값유사"
0.08932926829268292,"col_cnt_bucket=협소(≤5), rec_bucket=소(≤100)"
0.0891260162601626,"col_cnt_bucket=초풍부(21+), val_sim_bucket=낮은값유사"
0.08902439024390243,"cate1=교육, col_cnt_bucket=초풍부(21+), pk_bucket=저PK(0-0.3), val_sim_bucket=높은값유사"
0.08841463414634146,"col_cnt_bucket=초풍부(21+), domain_spread=대공유(21+), pk_bucket=저PK(0-0.3), rec_bucket=중(101-1k), val_sim_bucket=높은값유사"
0.0883130081300813,"cate2=고등교육, domain_spread=대공유(21+), pk_bucket=저PK(0-0.3), rec_bucket=중(101-1k), val_sim_bucket=높은값유사"
0.0883130081300813,"cate1=교육, cate2=고등교육, domain_spread=대공유(21+), pk_bucket=저PK(0-0.3), rec_bucket=중(101-1k), val_sim_bucket=높은값유사"
0.08800813008130082,cate2=교육일반
0.08800813008130082,"cate2=보건의료, col_type=수치형"
0.08800813008130082,"cate1=보건, col_type=수치형"
0.08800813008130082,"cate1=교육, cate2=교육일반"
0.08800813008130082,"cate1=보건, cate2=보건의료, col_type=수치형"
0.08790650406504065,"cate1=교육, cate2=고등교육, col_cnt_bucket=초풍부(21+), pk_bucket=저PK(0-0.3), val_sim_bucket=높은값유사"
0.08790650406504065,"cate1=교육, cate2=고등교육, col_cnt_bucket=초풍부(21+), pk_bucket=저PK(0-0.3), rec_bucket=중(101-1k), val_sim_bucket=높은값유사"
0.08790650406504065,"cate2=고등교육, col_cnt_bucket=초풍부(21+), pk_bucket=저PK(0-0.3), val_sim_bucket=높은값유사"
0.08790650406504065,"rec_bucket=대(1k-10k), val_sim_bucket=낮은값유사"
0.08790650406504065,"cate1=교육, col_cnt_bucket=초풍부(21+), pk_bucket=저PK(0-0.3), rec_bucket=중(101-1k), val_sim_bucket=높은값유사"
0.08790650406504065,"cate2=고등교육, col_cnt_bucket=초풍부(21+), pk_bucket=저PK(0-0.3), rec_bucket=중(101-1k), val_sim_bucket=높은값유사"
0.08780487804878048,"cate2=고등교육, col_type=수치형, pk_bucket=저PK(0-0.3), val_sim_bucket=높은값유사"
0.08780487804878048,"cate1=교육, cate2=고등교육, col_type=수치형, pk_bucket=저PK(0-0.3), val_sim_bucket=높은값유사"
0.08780487804878048,"cate1=교육, cate2=고등교육, col_type=수치형, domain_spread=대공유(21+), pk_bucket=저PK(0-0.3), val_sim_bucket=높은값유사"
0.08780487804878048,"cate2=고등교육, col_type=수치형, domain_spread=대공유(21+), pk_bucket=저PK(0-0.3), val_sim_bucket=높은값유사"
0.08770325203252033,"cate1=교육, col_type=수치형, domain_spread=대공유(21+), pk_bucket=저PK(0-0.3), rec_bucket=중(101-1k), val_sim_bucket=높은값유사"
0.08770325203252033,"cate1=교육, col_type=수치형, pk_bucket=저PK(0-0.3), rec_bucket=중(101-1k), val_sim_bucket=높은값유사"
0.08760162601626016,"pk_bucket=저PK(0-0.3), val_sim_bucket=중값유사"
0.0875,"dom_sim_bucket=높은유사(0.3-0.6), pk_bucket=저PK(0-0.3)"
0.08729674796747967,"col_type=범주형, pk_bucket=저PK(0-0.3), rec_bucket=소(≤100)"
0.08709349593495935,"cate1=교육, col_cnt_bucket=초풍부(21+), domain_spread=대공유(21+), pk_bucket=저PK(0-0.3), val_sim_bucket=높은값유사"
0.08689024390243902,"col_type=범주형, dom_sim_bucket=낮은유사(0-0.1), pk_bucket=저PK(0-0.3)"
0.08689024390243902,"cate2=보건의료, dom_sim_bucket=낮은유사(0-0.1)"
0.08689024390243902,"cate1=보건, dom_sim_bucket=낮은유사(0-0.1)"
0.08689024390243902,"cate1=보건, cate2=보건의료, dom_sim_bucket=낮은유사(0-0.1)"
0.08678861788617886,"col_cnt_bucket=초풍부(21+), col_type=수치형, pk_bucket=저PK(0-0.3), rec_bucket=중(101-1k), val_sim_bucket=높은값유사"
0.08678861788617886,"col_type=범주형, domain_spread=대공유(21+), val_sim_bucket=낮은값유사"
0.08678861788617886,"col_cnt_bucket=초풍부(21+), col_type=수치형, domain_spread=대공유(21+), pk_bucket=저PK(0-0.3), rec_bucket=중(101-1k), val_sim_bucket=높은값유사"
0.08678861788617886,"cate1=교육, col_type=범주형, rec_bucket=소(≤100)"
0.08648373983739838,"cate1=교육, col_cnt_bucket=초풍부(21+), domain_spread=대공유(21+), pk_bucket=저PK(0-0.3), rec_bucket=중(101-1k), val_sim_bucket=높은값유사"
0.08648373983739838,"cate1=교육, cate2=고등교육, col_cnt_bucket=초풍부(21+), domain_spread=대공유(21+), pk_bucket=저PK(0-0.3), val_sim_bucket=높은값유사"
0.08648373983739838,"cate2=고등교육, col_cnt_bucket=초풍부(21+), domain_spread=대공유(21+), pk_bucket=저PK(0-0.3), rec_bucket=중(101-1k), val_sim_bucket=높은값유사"
0.08648373983739838,"cate1=교육, cate2=고등교육, col_cnt_bucket=초풍부(21+), domain_spread=대공유(21+), pk_bucket=저PK(0-0.3), rec_bucket=중(101-1k), val_sim_bucket=높은값유사"
0.08648373983739838,"cate2=고등교육, col_cnt_bucket=초풍부(21+), domain_spread=대공유(21+), pk_bucket=저PK(0-0.3), val_sim_bucket=높은값유사"
0.08638211382113821,"cate1=교육, cate2=고등교육, col_type=수치형, pk_bucket=저PK(0-0.3), rec_bucket=중(101-1k), val_sim_bucket=높은값유사"
0.08638211382113821,"cate2=고등교육, col_type=수치형, pk_bucket=저PK(0-0.3), rec_bucket=중(101-1k), val_sim_bucket=높은값유사"
0.08638211382113821,"col_type=범주형, domain_spread=중공유(6-20)"
0.08638211382113821,"cate2=고등교육, col_type=수치형, domain_spread=대공유(21+), pk_bucket=저PK(0-0.3), rec_bucket=중(101-1k), val_sim_bucket=높은값유사"
0.08638211382113821,"cate1=교육, cate2=고등교육, col_type=수치형, domain_spread=대공유(21+), pk_bucket=저PK(0-0.3), rec_bucket=중(101-1k), val_sim_bucket=높은값유사"
0.08617886178861789,"col_type=범주형, val_sim_bucket=중값유사"
0.08607723577235772,"col_type=범주형, dom_sim_bucket=최고유사(0.6+), pk_bucket=저PK(0-0.3)"
0.08597560975609755,"col_type=범주형, dom_sim_bucket=낮은유사(0-0.1), pk_bucket=저PK(0-0.3), val_sim_bucket=낮은값유사"
0.0858739837398374,"cate2=보건의료, col_type=범주형, val_sim_bucket=낮은값유사"
0.0858739837398374,"col_type=수치형, dom_sim_bucket=최고유사(0.6+)"
0.0858739837398374,"cate1=보건, cate2=보건의료, col_type=범주형, val_sim_bucket=낮은값유사"
0.0858739837398374,"cate1=보건, col_type=범주형, val_sim_bucket=낮은값유사"
0.0858739837398374,"col_type=범주형, pk_bucket=저PK(0-0.3), rec_bucket=중(101-1k)"
0.08536585365853659,"domain_spread=대공유(21+), rec_bucket=소(≤100), val_sim_bucket=중값유사"
0.08516260162601626,"cate1=교육, col_cnt_bucket=초풍부(21+), col_type=수치형, pk_bucket=저PK(0-0.3), val_sim_bucket=높은값유사"
0.0850609756097561,"cate1=교육, dom_sim_bucket=최고유사(0.6+), pk_bucket=저PK(0-0.3)"
0.0850609756097561,"cate1=교육, col_cnt_bucket=초풍부(21+), col_type=수치형, domain_spread=대공유(21+), pk_bucket=저PK(0-0.3), val_sim_bucket=높은값유사"
0.08495934959349594,"cate1=보건, dom_sim_bucket=낮은유사(0-0.1), val_sim_bucket=낮은값유사"
0.08495934959349594,"cate1=보건, cate2=보건의료, dom_sim_bucket=낮은유사(0-0.1), val_sim_bucket=낮은값유사"
0.08495934959349594,"cate2=보건의료, dom_sim_bucket=낮은유사(0-0.1), val_sim_bucket=낮은값유사"
0.08485772357723577,"cate2=고등교육, col_cnt_bucket=초풍부(21+), col_type=수치형, pk_bucket=저PK(0-0.3), val_sim_bucket=높은값유사"
0.08485772357723577,"cate1=교육, col_cnt_bucket=초풍부(21+), col_type=수치형, pk_bucket=저PK(0-0.3), rec_bucket=중(101-1k), val_sim_bucket=높은값유사"
0.08485772357723577,"cate1=교육, col_cnt_bucket=초풍부(21+), col_type=수치형, domain_spread=대공유(21+), pk_bucket=저PK(0-0.3), rec_bucket=중(101-1k), val_sim_bucket=높은값유사"
0.08485772357723577,"cate1=교육, cate2=고등교육, col_cnt_bucket=초풍부(21+), col_type=수치형, domain_spread=대공유(21+), pk_bucket=저PK(0-0.3), rec_bucket=중(101-1k), val_sim_bucket=높은값유사"
0.08485772357723577,"cate2=고등교육, col_cnt_bucket=초풍부(21+), col_type=수치형, domain_spread=대공유(21+), pk_bucket=저PK(0-0.3), rec_bucket=중(101-1k), val_sim_bucket=높은값유사"
0.08485772357723577,"cate2=고등교육, col_cnt_bucket=초풍부(21+), col_type=수치형, pk_bucket=저PK(0-0.3), rec_bucket=중(101-1k), val_sim_bucket=높은값유사"
0.08485772357723577,"cate2=고등교육, col_cnt_bucket=초풍부(21+), col_type=수치형, domain_spread=대공유(21+), pk_bucket=저PK(0-0.3), val_sim_bucket=높은값유사"
0.08485772357723577,"cate1=교육, cate2=고등교육, col_cnt_bucket=초풍부(21+), col_type=수치형, pk_bucket=저PK(0-0.3), rec_bucket=중(101-1k), val_sim_bucket=높은값유사"
0.08485772357723577,"cate1=교육, cate2=고등교육, col_cnt_bucket=초풍부(21+), col_type=수치형, domain_spread=대공유(21+), pk_bucket=저PK(0-0.3), val_sim_bucket=높은값유사"
0.08485772357723577,"cate1=교육, cate2=고등교육, col_cnt_bucket=초풍부(21+), col_type=수치형, pk_bucket=저PK(0-0.3), val_sim_bucket=높은값유사"
0.08475609756097562,"col_cnt_bucket=초풍부(21+), val_sim_bucket=중값유사"
0.08475609756097562,"dom_sim_bucket=낮은유사(0-0.1), domain_spread=단독, pk_bucket=최고PK(0.9+)"
0.08475609756097562,"cate1=교육, col_cnt_bucket=표준(6-10), col_type=범주형"
0.08465447154471545,"col_type=범주형, domain_spread=단독, pk_bucket=최고PK(0.9+)"
0.08465447154471545,"domain_spread=단독, pk_bucket=최고PK(0.9+), val_sim_bucket=낮은값유사"
0.08465447154471545,"dom_sim_bucket=낮은유사(0-0.1), domain_spread=단독, pk_bucket=최고PK(0.9+), val_sim_bucket=낮은값유사"
0.08455284552845528,"dom_sim_bucket=높은유사(0.3-0.6), val_sim_bucket=높은값유사"
0.08363821138211382,"dom_sim_bucket=낮은유사(0-0.1), pk_bucket=최고PK(0.9+), rec_bucket=소(≤100)"
0.08363821138211382,"cate1=교육, rec_bucket=중(101-1k), val_sim_bucket=중값유사"
0.08333333333333333,"pk_bucket=최고PK(0.9+), rec_bucket=소(≤100), val_sim_bucket=낮은값유사"
0.08323170731707318,"dom_sim_bucket=낮은유사(0-0.1), pk_bucket=최고PK(0.9+), rec_bucket=소(≤100), val_sim_bucket=낮은값유사"
0.08302845528455284,"col_type=범주형, dom_sim_bucket=낮은유사(0-0.1), rec_bucket=중(101-1k)"
0.08211382113821138,"col_cnt_bucket=협소(≤5), dom_sim_bucket=낮은유사(0-0.1)"
0.08201219512195122,pk_bucket=고PK(0.7-0.9)
0.08201219512195122,"col_type=수치형, domain_spread=대공유(21+), pk_bucket=최고PK(0.9+), rec_bucket=소(≤100)"
0.08201219512195122,"col_type=범주형, dom_sim_bucket=낮은유사(0-0.1), rec_bucket=중(101-1k), val_sim_bucket=낮은값유사"
0.08191056910569106,"col_type=수치형, dom_sim_bucket=최고유사(0.6+), domain_spread=대공유(21+)"
0.08130081300813008,"cate1=교육, col_type=수치형, val_sim_bucket=낮은값유사"
0.08130081300813008,"col_cnt_bucket=협소(≤5), dom_sim_bucket=낮은유사(0-0.1), val_sim_bucket=낮은값유사"
0.08109756097560976,"cate2=보건의료, pk_bucket=최고PK(0.9+), rec_bucket=소(≤100)"
0.08109756097560976,"cate1=보건, cate2=보건의료, pk_bucket=최고PK(0.9+), rec_bucket=소(≤100)"
0.08109756097560976,"cate1=보건, pk_bucket=최고PK(0.9+), rec_bucket=소(≤100)"
0.08089430894308942,"cate2=보건의료, pk_bucket=저PK(0-0.3)"
0.08089430894308942,"cate1=보건, pk_bucket=저PK(0-0.3)"
0.08089430894308942,"cate1=보건, cate2=보건의료, pk_bucket=저PK(0-0.3)"
0.08079268292682927,"col_cnt_bucket=협소(≤5), col_type=범주형, val_sim_bucket=낮은값유사"
0.08028455284552846,"domain_spread=대공유(21+), rec_bucket=소(≤100), val_sim_bucket=높은값유사"
0.08028455284552846,"col_type=수치형, rec_bucket=중(101-1k), val_sim_bucket=중값유사"
0.07997967479674797,"cate1=공공행정, col_type=범주형, dom_sim_bucket=낮은유사(0-0.1)"
0.07997967479674797,"cate2=일반행정, col_cnt_bucket=표준(6-10)"
0.07997967479674797,"cate1=공공행정, cate2=일반행정, col_cnt_bucket=표준(6-10)"
0.07997967479674797,"cate1=공공행정, cate2=일반행정, col_type=범주형, dom_sim_bucket=낮은유사(0-0.1)"
0.07997967479674797,"col_cnt_bucket=초풍부(21+), domain_spread=대공유(21+), val_sim_bucket=중값유사"
0.07997967479674797,"cate1=공공행정, col_cnt_bucket=표준(6-10)"
0.07997967479674797,"cate2=일반행정, col_type=범주형, dom_sim_bucket=낮은유사(0-0.1)"
0.0798780487804878,"cate1=공공행정, col_type=범주형, dom_sim_bucket=낮은유사(0-0.1), val_sim_bucket=낮은값유사"
0.0798780487804878,"cate2=일반행정, col_type=범주형, dom_sim_bucket=낮은유사(0-0.1), val_sim_bucket=낮은값유사"
0.0798780487804878,"cate1=공공행정, cate2=일반행정, col_type=범주형, dom_sim_bucket=낮은유사(0-0.1), val_sim_bucket=낮은값유사"
0.07967479674796749,"dom_sim_bucket=낮은유사(0-0.1), domain_spread=대공유(21+), pk_bucket=저PK(0-0.3)"
0.07957317073170732,"col_type=수치형, domain_spread=대공유(21+), rec_bucket=중(101-1k), val_sim_bucket=중값유사"
0.07926829268292683,"cate1=보건, col_type=수치형, domain_spread=대공유(21+)"
0.07926829268292683,"cate1=보건, cate2=보건의료, col_type=수치형, domain_spread=대공유(21+)"
0.07926829268292683,"cate2=보건의료, col_type=수치형, domain_spread=대공유(21+)"
0.07855691056910569,"dom_sim_bucket=중유사(0.1-0.3), rec_bucket=소(≤100), val_sim_bucket=중값유사"
0.07804878048780488,"cate2=고등교육, val_sim_bucket=중값유사"
0.07804878048780488,"cate1=교육, cate2=고등교육, val_sim_bucket=중값유사"
0.07774390243902439,"cate1=공공행정, cate2=일반행정, pk_bucket=최고PK(0.9+)"
0.07774390243902439,"cate2=일반행정, pk_bucket=최고PK(0.9+)"
0.07774390243902439,"cate1=공공행정, pk_bucket=최고PK(0.9+)"
0.0774390243902439,"col_type=수치형, dom_sim_bucket=낮은유사(0-0.1), domain_spread=대공유(21+), val_sim_bucket=낮은값유사"
0.07733739837398373,"cate1=교육, domain_spread=대공유(21+), rec_bucket=중(101-1k), val_sim_bucket=중값유사"
0.07723577235772358,"dom_sim_bucket=중유사(0.1-0.3), domain_spread=대공유(21+), val_sim_bucket=중값유사"
0.07713414634146341,"cate1=교육, col_type=범주형, pk_bucket=저PK(0-0.3), val_sim_bucket=낮은값유사"
0.07693089430894309,"pk_bucket=중PK(0.3-0.7), rec_bucket=중(101-1k)"
0.07682926829268293,"cate1=교육, cate2=평생·직업교육"
0.07682926829268293,cate2=평생·직업교육
0.07682926829268293,"cate1=교육, domain_spread=단독"
0.07672764227642276,"col_type=범주형, dom_sim_bucket=낮은유사(0-0.1), domain_spread=단독, pk_bucket=최고PK(0.9+)"
0.07672764227642276,"cate1=교육, domain_spread=대공유(21+), pk_bucket=중PK(0.3-0.7)"
0.0766260162601626,"col_type=범주형, domain_spread=단독, pk_bucket=최고PK(0.9+), val_sim_bucket=낮은값유사"
0.0766260162601626,"col_type=범주형, dom_sim_bucket=낮은유사(0-0.1), domain_spread=단독, pk_bucket=최고PK(0.9+), val_sim_bucket=낮은값유사"
0.07621951219512195,"col_cnt_bucket=협소(≤5), pk_bucket=최고PK(0.9+)"
0.07621951219512195,"cate1=교육, dom_sim_bucket=중유사(0.1-0.3), domain_spread=대공유(21+)"
0.07611788617886178,"dom_sim_bucket=높은유사(0.3-0.6), domain_spread=대공유(21+), rec_bucket=소(≤100)"
0.07601626016260163,"dom_sim_bucket=중유사(0.1-0.3), rec_bucket=중(101-1k)"
0.07601626016260163,"col_cnt_bucket=표준(6-10), pk_bucket=저PK(0-0.3), val_sim_bucket=낮은값유사"
0.07571138211382114,"col_cnt_bucket=표준(6-10), domain_spread=단독"
0.07571138211382114,"cate1=교육, dom_sim_bucket=낮은유사(0-0.1), domain_spread=대공유(21+), val_sim_bucket=낮은값유사"
0.07550813008130082,"col_cnt_bucket=초풍부(21+), col_type=수치형, val_sim_bucket=중값유사"
0.07550813008130082,"col_cnt_bucket=풍부(11-20), col_type=범주형, pk_bucket=저PK(0-0.3)"
0.07520325203252033,"cate1=교육, col_type=범주형, rec_bucket=중(101-1k)"
0.07510162601626016,"cate1=보건, domain_spread=대공유(21+), rec_bucket=소(≤100)"
0.07510162601626016,"cate1=교육, col_type=범주형, domain_spread=대공유(21+)"
0.07510162601626016,"cate2=보건의료, domain_spread=대공유(21+), rec_bucket=소(≤100)"
0.07510162601626016,"cate1=보건, cate2=보건의료, domain_spread=대공유(21+), rec_bucket=소(≤100)"
0.07510162601626016,"col_cnt_bucket=초풍부(21+), col_type=수치형, domain_spread=대공유(21+), val_sim_bucket=중값유사"
0.075,"pk_bucket=저PK(0-0.3), rec_bucket=중(101-1k), val_sim_bucket=낮은값유사"
0.07459349593495936,"cate1=공공행정, cate2=일반행정, col_type=범주형, pk_bucket=저PK(0-0.3)"
0.07459349593495936,"cate1=교육, col_type=수치형, domain_spread=대공유(21+), val_sim_bucket=낮은값유사"
0.07459349593495936,"cate1=공공행정, col_type=범주형, pk_bucket=저PK(0-0.3)"
0.07459349593495936,"cate2=일반행정, col_type=범주형, pk_bucket=저PK(0-0.3)"
0.07428861788617887,"col_type=범주형, dom_sim_bucket=중유사(0.1-0.3)"
0.07428861788617887,"cate1=교육, col_cnt_bucket=표준(6-10), val_sim_bucket=낮은값유사"
0.07398373983739838,"col_cnt_bucket=표준(6-10), domain_spread=대공유(21+), rec_bucket=소(≤100)"
0.0733739837398374,"cate1=교육, cate2=고등교육, val_sim_bucket=낮은값유사"
0.0733739837398374,"cate2=고등교육, val_sim_bucket=낮은값유사"
0.07327235772357724,"cate1=공공행정, cate2=일반행정, pk_bucket=저PK(0-0.3), val_sim_bucket=낮은값유사"
0.07327235772357724,"cate2=일반행정, pk_bucket=저PK(0-0.3), val_sim_bucket=낮은값유사"
0.07327235772357724,"cate1=공공행정, pk_bucket=저PK(0-0.3), val_sim_bucket=낮은값유사"
0.07306910569105692,"dom_sim_bucket=중유사(0.1-0.3), domain_spread=대공유(21+), pk_bucket=저PK(0-0.3)"
0.07296747967479675,"cate1=교육, cate2=고등교육, domain_spread=대공유(21+), val_sim_bucket=중값유사"
0.07296747967479675,"cate2=고등교육, domain_spread=대공유(21+), val_sim_bucket=중값유사"
0.07296747967479675,"cate1=교육, col_type=범주형, domain_spread=단독"
0.07276422764227643,"cate1=교육, dom_sim_bucket=높은유사(0.3-0.6)"
0.07245934959349594,"col_cnt_bucket=표준(6-10), rec_bucket=중(101-1k)"
0.07245934959349594,"col_cnt_bucket=풍부(11-20), pk_bucket=저PK(0-0.3), val_sim_bucket=낮은값유사"
0.07245934959349594,"col_cnt_bucket=협소(≤5), domain_spread=대공유(21+)"
0.07205284552845528,"col_cnt_bucket=표준(6-10), pk_bucket=최고PK(0.9+), rec_bucket=소(≤100)"
0.07195121951219512,"dom_sim_bucket=낮은유사(0-0.1), pk_bucket=저PK(0-0.3), rec_bucket=중(101-1k)"
0.07184959349593496,"col_type=범주형, dom_sim_bucket=낮은유사(0-0.1), pk_bucket=최고PK(0.9+), rec_bucket=소(≤100)"
0.0717479674796748,"col_type=범주형, pk_bucket=최고PK(0.9+), rec_bucket=소(≤100), val_sim_bucket=낮은값유사"
0.0717479674796748,"cate2=일반행정, col_cnt_bucket=풍부(11-20)"
0.0717479674796748,"cate1=공공행정, col_cnt_bucket=풍부(11-20)"
0.0717479674796748,"col_type=범주형, dom_sim_bucket=낮은유사(0-0.1), pk_bucket=최고PK(0.9+), rec_bucket=소(≤100), val_sim_bucket=낮은값유사"
0.0717479674796748,"cate1=공공행정, cate2=일반행정, col_cnt_bucket=풍부(11-20)"
0.07154471544715447,"cate1=교육, dom_sim_bucket=낮은유사(0-0.1), pk_bucket=중PK(0.3-0.7)"
0.07144308943089431,"domain_spread=단독, pk_bucket=최고PK(0.9+), rec_bucket=소(≤100)"
0.0709349593495935,"col_type=수치형, rec_bucket=소(≤100), val_sim_bucket=높은값유사"
0.07083333333333333,"cate1=공공행정, cate2=일반행정, domain_spread=대공유(21+), rec_bucket=소(≤100)"
0.07083333333333333,"cate2=일반행정, domain_spread=대공유(21+), rec_bucket=소(≤100)"
0.07083333333333333,"cate1=공공행정, domain_spread=대공유(21+), rec_bucket=소(≤100)"
0.07052845528455284,"col_type=수치형, rec_bucket=소(≤100), val_sim_bucket=중값유사"
0.07032520325203252,"col_cnt_bucket=표준(6-10), col_type=범주형, domain_spread=단독"
0.07032520325203252,"col_cnt_bucket=풍부(11-20), rec_bucket=중(101-1k)"
0.07032520325203252,"cate1=교육, dom_sim_bucket=최고유사(0.6+), domain_spread=대공유(21+)"
0.07032520325203252,rec_bucket=초대(10k+)
0.07022357723577236,"cate1=보건, col_type=범주형, dom_sim_bucket=낮은유사(0-0.1)"
0.07022357723577236,"cate1=보건, cate2=보건의료, col_type=범주형, dom_sim_bucket=낮은유사(0-0.1)"
0.07022357723577236,"cate2=보건의료, col_type=범주형, dom_sim_bucket=낮은유사(0-0.1)"
0.0701219512195122,"cate1=교육, col_cnt_bucket=초풍부(21+), val_sim_bucket=중값유사"
0.07002032520325203,"cate1=보건, cate2=보건의료, col_type=범주형, dom_sim_bucket=낮은유사(0-0.1), val_sim_bucket=낮은값유사"
0.07002032520325203,domain_spread=소공유(2-5)
0.07002032520325203,"col_cnt_bucket=표준(6-10), val_sim_bucket=중값유사"
0.07002032520325203,"cate1=교육, dom_sim_bucket=낮은유사(0-0.1), pk_bucket=최고PK(0.9+)"
0.07002032520325203,"cate1=보건, col_type=범주형, dom_sim_bucket=낮은유사(0-0.1), val_sim_bucket=낮은값유사"
0.07002032520325203,"cate2=보건의료, col_type=범주형, dom_sim_bucket=낮은유사(0-0.1), val_sim_bucket=낮은값유사"
0.06991869918699187,"cate1=교육, pk_bucket=최고PK(0.9+), val_sim_bucket=낮은값유사"
0.06991869918699187,"dom_sim_bucket=낮은유사(0-0.1), domain_spread=대공유(21+), pk_bucket=중PK(0.3-0.7)"
0.06991869918699187,"cate1=교육, dom_sim_bucket=낮은유사(0-0.1), pk_bucket=최고PK(0.9+), val_sim_bucket=낮은값유사"
0.06991869918699187,"col_type=수치형, dom_sim_bucket=높은유사(0.3-0.6), rec_bucket=소(≤100)"
0.06981707317073171,"cate1=교육, dom_sim_bucket=낮은유사(0-0.1), rec_bucket=중(101-1k), val_sim_bucket=낮은값유사"
0.06981707317073171,"pk_bucket=저PK(0-0.3), rec_bucket=대(1k-10k)"
0.06971544715447155,"col_cnt_bucket=협소(≤5), col_type=범주형, dom_sim_bucket=낮은유사(0-0.1)"
0.06951219512195123,"cate2=일반행정, rec_bucket=중(101-1k)"
0.06951219512195123,"cate1=교육, domain_spread=단독, val_sim_bucket=낮은값유사"
0.06951219512195123,"cate1=공공행정, rec_bucket=중(101-1k)"
0.06951219512195123,"cate1=공공행정, cate2=일반행정, rec_bucket=중(101-1k)"
0.06941056910569106,"col_cnt_bucket=협소(≤5), col_type=범주형, dom_sim_bucket=낮은유사(0-0.1), val_sim_bucket=낮은값유사"
0.06910569105691057,"cate1=교육, col_type=수치형, rec_bucket=중(101-1k), val_sim_bucket=중값유사"
0.0690040650406504,"cate2=보건의료, col_cnt_bucket=표준(6-10), rec_bucket=소(≤100)"
0.0690040650406504,"cate1=보건, cate2=보건의료, col_cnt_bucket=표준(6-10), rec_bucket=소(≤100)"
0.0690040650406504,"cate1=보건, col_cnt_bucket=표준(6-10), rec_bucket=소(≤100)"
0.06890243902439025,"col_cnt_bucket=표준(6-10), domain_spread=대공유(21+), pk_bucket=저PK(0-0.3)"
0.06869918699186991,"dom_sim_bucket=높은유사(0.3-0.6), domain_spread=대공유(21+), val_sim_bucket=높은값유사"
0.06859756097560976,"cate1=교육, col_cnt_bucket=풍부(11-20), col_type=범주형"
0.06839430894308943,"col_cnt_bucket=표준(6-10), domain_spread=단독, val_sim_bucket=낮은값유사"
0.06839430894308943,"dom_sim_bucket=높은유사(0.3-0.6), rec_bucket=소(≤100), val_sim_bucket=높은값유사"
0.06839430894308943,"cate1=교육, col_type=수치형, domain_spread=대공유(21+), rec_bucket=중(101-1k), val_sim_bucket=중값유사"
0.06829268292682927,"cate1=교육, cate2=고등교육, rec_bucket=중(101-1k), val_sim_bucket=중값유사"
0.06829268292682927,"cate2=고등교육, rec_bucket=중(101-1k), val_sim_bucket=중값유사"
0.06788617886178862,"pk_bucket=최고PK(0.9+), rec_bucket=중(101-1k)"
0.06778455284552845,"col_type=수치형, domain_spread=대공유(21+), rec_bucket=소(≤100), val_sim_bucket=높은값유사"
0.0676829268292683,"rec_bucket=초대(10k+), val_sim_bucket=낮은값유사"
0.0676829268292683,"col_cnt_bucket=초풍부(21+), rec_bucket=중(101-1k), val_sim_bucket=중값유사"
0.06758130081300813,"domain_spread=단독, pk_bucket=저PK(0-0.3)"
0.06717479674796747,"cate1=교육, cate2=고등교육, domain_spread=대공유(21+), rec_bucket=중(101-1k), val_sim_bucket=중값유사"
0.06717479674796747,"cate2=고등교육, domain_spread=대공유(21+), rec_bucket=중(101-1k), val_sim_bucket=중값유사"
0.06717479674796747,"dom_sim_bucket=낮은유사(0-0.1), pk_bucket=중PK(0.3-0.7), rec_bucket=중(101-1k)"
0.06686991869918699,"dom_sim_bucket=최고유사(0.6+), pk_bucket=저PK(0-0.3), rec_bucket=소(≤100)"
0.06686991869918699,"col_type=수치형, dom_sim_bucket=높은유사(0.3-0.6), domain_spread=대공유(21+), rec_bucket=소(≤100)"
0.06676829268292683,"col_type=수치형, dom_sim_bucket=최고유사(0.6+), pk_bucket=저PK(0-0.3)"
0.06666666666666667,"cate1=교육, col_cnt_bucket=풍부(11-20), domain_spread=대공유(21+)"
0.0665650406504065,"cate1=교육, domain_spread=대공유(21+), rec_bucket=소(≤100)"
0.0665650406504065,"col_cnt_bucket=풍부(11-20), col_type=범주형, dom_sim_bucket=낮은유사(0-0.1)"
0.06646341463414634,"cate1=교육, col_cnt_bucket=초풍부(21+), domain_spread=대공유(21+), val_sim_bucket=중값유사"
0.06626016260162601,"col_type=범주형, rec_bucket=대(1k-10k)"
0.06615853658536586,"col_cnt_bucket=초풍부(21+), domain_spread=대공유(21+), rec_bucket=중(101-1k), val_sim_bucket=중값유사"
0.06615853658536586,"col_cnt_bucket=풍부(11-20), col_type=범주형, dom_sim_bucket=낮은유사(0-0.1), val_sim_bucket=낮은값유사"
0.06585365853658537,"cate1=교육, col_type=범주형, domain_spread=단독, val_sim_bucket=낮은값유사"
0.06585365853658537,"cate2=일반행정, col_type=수치형, rec_bucket=소(≤100)"
0.06585365853658537,"cate1=공공행정, col_type=수치형, rec_bucket=소(≤100)"
0.06585365853658537,"cate1=공공행정, cate2=일반행정, col_type=수치형, rec_bucket=소(≤100)"
0.0657520325203252,"pk_bucket=중PK(0.3-0.7), val_sim_bucket=중값유사"
0.06565040650406503,"cate1=교육, dom_sim_bucket=낮은유사(0-0.1), domain_spread=단독"
0.06565040650406503,"col_cnt_bucket=풍부(11-20), domain_spread=대공유(21+), rec_bucket=소(≤100)"
0.06565040650406503,"col_type=수치형, pk_bucket=저PK(0-0.3), val_sim_bucket=낮은값유사"
0.06554878048780488,"cate1=교육, dom_sim_bucket=낮은유사(0-0.1), domain_spread=단독, val_sim_bucket=낮은값유사"
0.06554878048780488,"col_cnt_bucket=표준(6-10), dom_sim_bucket=낮은유사(0-0.1), domain_spread=단독"
0.06554878048780488,"col_cnt_bucket=표준(6-10), dom_sim_bucket=낮은유사(0-0.1), domain_spread=단독, val_sim_bucket=낮은값유사"
0.06544715447154471,"col_type=범주형, domain_spread=단독, pk_bucket=최고PK(0.9+), rec_bucket=소(≤100)"
0.06544715447154471,"col_type=수치형, dom_sim_bucket=높은유사(0.3-0.6), val_sim_bucket=높은값유사"
0.06534552845528455,"dom_sim_bucket=중유사(0.1-0.3), domain_spread=대공유(21+), rec_bucket=중(101-1k)"
0.06534552845528455,"col_type=수치형, domain_spread=대공유(21+), rec_bucket=소(≤100), val_sim_bucket=중값유사"
0.06534552845528455,"cate2=고등교육, col_type=수치형, val_sim_bucket=중값유사"
0.06534552845528455,"cate1=교육, cate2=고등교육, col_type=수치형, val_sim_bucket=중값유사"
0.06514227642276423,"col_type=수치형, rec_bucket=중(101-1k), val_sim_bucket=낮은값유사"
0.0649390243902439,"cate1=교육, cate2=고등교육, col_type=수치형, domain_spread=대공유(21+), val_sim_bucket=중값유사"
0.0649390243902439,"cate2=고등교육, col_type=수치형, domain_spread=대공유(21+), val_sim_bucket=중값유사"
0.06463414634146342,"domain_spread=대공유(21+), pk_bucket=중PK(0.3-0.7), rec_bucket=중(101-1k)"
0.06453252032520325,"cate1=교육, col_type=수치형, pk_bucket=중PK(0.3-0.7)"
0.06453252032520325,"cate1=보건, cate2=보건의료, col_type=수치형, rec_bucket=소(≤100)"
0.06453252032520325,"cate1=보건, col_type=수치형, rec_bucket=소(≤100)"
0.06453252032520325,"cate2=보건의료, col_type=수치형, rec_bucket=소(≤100)"
0.0644308943089431,"col_type=범주형, domain_spread=단독, pk_bucket=저PK(0-0.3)"
0.06412601626016261,"cate1=교육, col_cnt_bucket=초풍부(21+), rec_bucket=중(101-1k), val_sim_bucket=중값유사"
0.06412601626016261,"dom_sim_bucket=중유사(0.1-0.3), domain_spread=대공유(21+), rec_bucket=소(≤100)"
0.06402439024390244,"cate1=교육, dom_sim_bucket=최고유사(0.6+), domain_spread=대공유(21+), pk_bucket=저PK(0-0.3)"
0.06392276422764227,"col_cnt_bucket=풍부(11-20), domain_spread=대공유(21+), pk_bucket=저PK(0-0.3)"
0.06382113821138212,"col_type=수치형, dom_sim_bucket=최고유사(0.6+), domain_spread=대공유(21+), pk_bucket=저PK(0-0.3)"
0.06382113821138212,"cate1=교육, cate2=유아및초·중등교육, col_type=범주형"
0.06382113821138212,"cate2=유아및초·중등교육, col_type=범주형"
0.06382113821138212,"cate1=교육, col_type=수치형, domain_spread=대공유(21+), pk_bucket=중PK(0.3-0.7)"
0.06361788617886178,"dom_sim_bucket=낮은유사(0-0.1), domain_spread=단독, pk_bucket=최고PK(0.9+), rec_bucket=소(≤100)"
0.06361788617886178,"col_cnt_bucket=풍부(11-20), pk_bucket=최고PK(0.9+)"
0.06351626016260163,"cate2=고등교육, col_cnt_bucket=초풍부(21+), val_sim_bucket=중값유사"
0.06351626016260163,"cate1=교육, cate2=고등교육, col_cnt_bucket=초풍부(21+), val_sim_bucket=중값유사"
0.06351626016260163,"dom_sim_bucket=낮은유사(0-0.1), domain_spread=단독, pk_bucket=최고PK(0.9+), rec_bucket=소(≤100), val_sim_bucket=낮은값유사"
0.06351626016260163,"domain_spread=단독, pk_bucket=최고PK(0.9+), rec_bucket=소(≤100), val_sim_bucket=낮은값유사"
0.06341463414634146,"col_type=수치형, dom_sim_bucket=중유사(0.1-0.3), val_sim_bucket=중값유사"
0.06341463414634146,"domain_spread=대공유(21+), rec_bucket=대(1k-10k)"
0.0633130081300813,"cate1=공공행정, domain_spread=대공유(21+), pk_bucket=저PK(0-0.3)"
0.0633130081300813,"cate1=공공행정, cate2=일반행정, domain_spread=대공유(21+), pk_bucket=저PK(0-0.3)"
0.0633130081300813,"cate2=일반행정, domain_spread=대공유(21+), pk_bucket=저PK(0-0.3)"
0.0633130081300813,"cate1=교육, col_cnt_bucket=풍부(11-20), val_sim_bucket=낮은값유사"
0.0633130081300813,"dom_sim_bucket=낮은유사(0-0.1), val_sim_bucket=중값유사"
0.06321138211382114,"col_cnt_bucket=표준(6-10), col_type=범주형, domain_spread=단독, val_sim_bucket=낮은값유사"
0.06310975609756098,"cate1=보건, cate2=보건의료, domain_spread=단독"
0.06310975609756098,"cate1=보건, domain_spread=단독"
0.06310975609756098,"cate2=보건의료, domain_spread=단독"
0.06310975609756098,"col_type=범주형, domain_spread=소공유(2-5)"
0.06310975609756098,"dom_sim_bucket=최고유사(0.6+), rec_bucket=중(101-1k)"
0.06290650406504066,"col_type=수치형, dom_sim_bucket=높은유사(0.3-0.6), domain_spread=대공유(21+), val_sim_bucket=높은값유사"
0.06290650406504066,"col_cnt_bucket=초풍부(21+), col_type=수치형, rec_bucket=중(101-1k), val_sim_bucket=중값유사"
0.06270325203252032,"cate1=교육, col_cnt_bucket=초풍부(21+), domain_spread=대공유(21+), rec_bucket=중(101-1k), val_sim_bucket=중값유사"
0.06270325203252032,"col_cnt_bucket=표준(6-10), rec_bucket=소(≤100), val_sim_bucket=낮은값유사"
0.06260162601626017,"col_cnt_bucket=표준(6-10), col_type=수치형, rec_bucket=소(≤100)"
0.06260162601626017,"col_cnt_bucket=초풍부(21+), col_type=수치형, domain_spread=대공유(21+), rec_bucket=중(101-1k), val_sim_bucket=중값유사"
0.06239837398373984,"cate2=고등교육, col_cnt_bucket=초풍부(21+), rec_bucket=중(101-1k), val_sim_bucket=중값유사"
0.06239837398373984,"col_cnt_bucket=초풍부(21+), domain_spread=대공유(21+), val_sim_bucket=낮은값유사"
0.06239837398373984,"cate1=교육, cate2=고등교육, col_cnt_bucket=초풍부(21+), rec_bucket=중(101-1k), val_sim_bucket=중값유사"
0.06229674796747967,"cate1=교육, col_type=범주형, dom_sim_bucket=낮은유사(0-0.1), domain_spread=단독"
0.06219512195121951,"dom_sim_bucket=최고유사(0.6+), pk_bucket=저PK(0-0.3), rec_bucket=중(101-1k)"
0.06219512195121951,"cate1=교육, col_cnt_bucket=초풍부(21+), val_sim_bucket=낮은값유사"
0.06219512195121951,"cate1=교육, col_type=범주형, dom_sim_bucket=낮은유사(0-0.1), domain_spread=단독, val_sim_bucket=낮은값유사"
0.06209349593495935,"cate1=교육, col_cnt_bucket=초풍부(21+), col_type=수치형, val_sim_bucket=중값유사"
0.06209349593495935,"cate2=고등교육, col_cnt_bucket=초풍부(21+), domain_spread=대공유(21+), val_sim_bucket=중값유사"
0.06209349593495935,"cate1=교육, cate2=고등교육, col_cnt_bucket=초풍부(21+), domain_spread=대공유(21+), val_sim_bucket=중값유사"
0.061991869918699184,"cate1=교육, pk_bucket=중PK(0.3-0.7), rec_bucket=중(101-1k)"
0.061890243902439024,"col_cnt_bucket=풍부(11-20), col_type=수치형, rec_bucket=소(≤100)"
0.061890243902439024,"pk_bucket=중PK(0.3-0.7), rec_bucket=소(≤100)"
0.061788617886178863,"col_cnt_bucket=표준(6-10), domain_spread=대공유(21+), val_sim_bucket=낮은값유사"
0.061788617886178863,"cate1=교육, col_cnt_bucket=풍부(11-20), pk_bucket=저PK(0-0.3)"
0.061788617886178863,"cate2=고등교육, col_cnt_bucket=초풍부(21+), domain_spread=대공유(21+), rec_bucket=중(101-1k), val_sim_bucket=중값유사"
0.061788617886178863,"cate1=교육, cate2=고등교육, col_cnt_bucket=초풍부(21+), domain_spread=대공유(21+), rec_bucket=중(101-1k), val_sim_bucket=중값유사"
0.061788617886178863,"cate1=교육, col_cnt_bucket=초풍부(21+), col_type=수치형, domain_spread=대공유(21+), val_sim_bucket=중값유사"
0.061686991869918696,"dom_sim_bucket=낮은유사(0-0.1), domain_spread=대공유(21+), rec_bucket=중(101-1k), val_sim_bucket=낮은값유사"
0.061686991869918696,"cate1=교육, col_cnt_bucket=표준(6-10), domain_spread=대공유(21+)"
0.061585365853658536,"cate2=고등교육, col_type=수치형, rec_bucket=중(101-1k), val_sim_bucket=중값유사"
0.061585365853658536,"cate1=교육, cate2=고등교육, col_type=수치형, rec_bucket=중(101-1k), val_sim_bucket=중값유사"
0.061483739837398375,"cate1=교육, cate2=고등교육, col_type=수치형, domain_spread=대공유(21+), rec_bucket=중(101-1k), val_sim_bucket=중값유사"
0.061483739837398375,"col_type=수치형, dom_sim_bucket=낮은유사(0-0.1), pk_bucket=중PK(0.3-0.7)"
0.061483739837398375,"dom_sim_bucket=낮은유사(0-0.1), domain_spread=대공유(21+), val_sim_bucket=중값유사"
0.061483739837398375,"col_cnt_bucket=풍부(11-20), col_type=범주형, rec_bucket=소(≤100)"
0.061483739837398375,"cate2=고등교육, col_type=수치형, domain_spread=대공유(21+), rec_bucket=중(101-1k), val_sim_bucket=중값유사"
0.06138211382113821,"col_type=수치형, dom_sim_bucket=낮은유사(0-0.1), domain_spread=대공유(21+), val_sim_bucket=중값유사"
0.06138211382113821,"col_type=수치형, dom_sim_bucket=낮은유사(0-0.1), val_sim_bucket=중값유사"
0.06128048780487805,"col_cnt_bucket=협소(≤5), col_type=범주형, rec_bucket=소(≤100)"
0.06117886178861789,"domain_spread=단독, pk_bucket=저PK(0-0.3), val_sim_bucket=낮은값유사"
0.06107723577235773,"col_cnt_bucket=초풍부(21+), dom_sim_bucket=낮은유사(0-0.1), val_sim_bucket=낮은값유사"
0.06097560975609756,"col_type=범주형, pk_bucket=중PK(0.3-0.7)"
0.06077235772357724,"domain_spread=대공유(21+), pk_bucket=저PK(0-0.3), rec_bucket=소(≤100)"
0.06056910569105691,"cate1=교육, dom_sim_bucket=중유사(0.1-0.3), pk_bucket=저PK(0-0.3)"
0.06056910569105691,"cate1=교육, col_cnt_bucket=표준(6-10), pk_bucket=저PK(0-0.3)"
0.060365853658536583,"col_cnt_bucket=표준(6-10), col_type=범주형, dom_sim_bucket=낮은유사(0-0.1), domain_spread=단독"
0.060365853658536583,"cate1=교육, cate2=고등교육, pk_bucket=중PK(0.3-0.7)"
0.060365853658536583,"pk_bucket=최고PK(0.9+), val_sim_bucket=중값유사"
0.060365853658536583,"col_cnt_bucket=표준(6-10), dom_sim_bucket=중유사(0.1-0.3)"
0.060365853658536583,"cate2=고등교육, pk_bucket=중PK(0.3-0.7)"
0.060365853658536583,"col_cnt_bucket=표준(6-10), col_type=범주형, dom_sim_bucket=낮은유사(0-0.1), domain_spread=단독, val_sim_bucket=낮은값유사"
0.06016260162601626,"col_type=수치형, dom_sim_bucket=낮은유사(0-0.1), pk_bucket=저PK(0-0.3)"
0.06016260162601626,"col_cnt_bucket=초풍부(21+), pk_bucket=중PK(0.3-0.7)"
0.059959349593495935,"pk_bucket=최고PK(0.9+), rec_bucket=중(101-1k), val_sim_bucket=낮은값유사"
0.059857723577235775,"dom_sim_bucket=낮은유사(0-0.1), pk_bucket=최고PK(0.9+), rec_bucket=중(101-1k)"
0.059857723577235775,"domain_spread=대공유(21+), pk_bucket=중PK(0.3-0.7), val_sim_bucket=중값유사"
0.059857723577235775,"dom_sim_bucket=낮은유사(0-0.1), pk_bucket=최고PK(0.9+), rec_bucket=중(101-1k), val_sim_bucket=낮은값유사"
0.05975609756097561,"cate1=교육, domain_spread=대공유(21+), pk_bucket=저PK(0-0.3), val_sim_bucket=낮은값유사"
0.05975609756097561,"col_type=수치형, dom_sim_bucket=중유사(0.1-0.3), domain_spread=대공유(21+), val_sim_bucket=중값유사"
0.05975609756097561,"col_type=수치형, domain_spread=대공유(21+), pk_bucket=저PK(0-0.3), val_sim_bucket=낮은값유사"
0.05975609756097561,"col_type=수치형, dom_sim_bucket=낮은유사(0-0.1), domain_spread=대공유(21+), pk_bucket=중PK(0.3-0.7)"
0.05965447154471545,"dom_sim_bucket=중유사(0.1-0.3), pk_bucket=최고PK(0.9+)"
0.05955284552845529,"cate1=교육, col_type=수치형, dom_sim_bucket=중유사(0.1-0.3)"
0.05955284552845529,"cate1=공공행정, col_type=범주형, rec_bucket=소(≤100)"
0.05955284552845529,"col_cnt_bucket=표준(6-10), dom_sim_bucket=낮은유사(0-0.1), pk_bucket=최고PK(0.9+)"
0.05955284552845529,"cate2=일반행정, col_type=범주형, rec_bucket=소(≤100)"
0.05955284552845529,"cate1=공공행정, cate2=일반행정, col_type=범주형, rec_bucket=소(≤100)"
0.05945121951219512,"col_cnt_bucket=표준(6-10), pk_bucket=최고PK(0.9+), val_sim_bucket=낮은값유사"
0.05945121951219512,"col_cnt_bucket=표준(6-10), dom_sim_bucket=낮은유사(0-0.1), pk_bucket=최고PK(0.9+), val_sim_bucket=낮은값유사"
0.05945121951219512,"cate1=교육, col_cnt_bucket=초풍부(21+), col_type=수치형, rec_bucket=중(101-1k), val_sim_bucket=중값유사"
0.05934959349593496,"dom_sim_bucket=중유사(0.1-0.3), pk_bucket=최고PK(0.9+), val_sim_bucket=중값유사"
0.05934959349593496,"dom_sim_bucket=높은유사(0.3-0.6), domain_spread=대공유(21+), pk_bucket=저PK(0-0.3)"
0.0592479674796748,"col_cnt_bucket=초풍부(21+), dom_sim_bucket=낮은유사(0-0.1), pk_bucket=저PK(0-0.3)"
0.0592479674796748,"dom_sim_bucket=낮은유사(0-0.1), rec_bucket=대(1k-10k)"
0.05914634146341463,"cate1=공공행정, cate2=일반행정, col_type=수치형, domain_spread=대공유(21+), rec_bucket=소(≤100)"
0.05914634146341463,"cate1=공공행정, col_type=수치형, domain_spread=대공유(21+), rec_bucket=소(≤100)"
0.05914634146341463,"cate1=교육, col_cnt_bucket=초풍부(21+), col_type=수치형, domain_spread=대공유(21+), rec_bucket=중(101-1k), val_sim_bucket=중값유사"
0.05914634146341463,"domain_spread=대공유(21+), pk_bucket=저PK(0-0.3), val_sim_bucket=중값유사"
0.05914634146341463,"cate2=일반행정, col_type=수치형, domain_spread=대공유(21+), rec_bucket=소(≤100)"
0.05904471544715447,"cate1=보건, col_type=범주형, pk_bucket=최고PK(0.9+)"
0.05904471544715447,"cate2=보건의료, col_cnt_bucket=표준(6-10), col_type=범주형"
0.05904471544715447,"cate1=보건, col_cnt_bucket=표준(6-10), col_type=범주형"
0.05904471544715447,"cate1=보건, cate2=보건의료, col_type=범주형, pk_bucket=최고PK(0.9+)"
0.05904471544715447,"cate2=보건의료, col_type=범주형, pk_bucket=최고PK(0.9+)"
0.05904471544715447,"col_type=범주형, dom_sim_bucket=높은유사(0.3-0.6)"
0.05904471544715447,"cate1=보건, cate2=보건의료, col_cnt_bucket=표준(6-10), col_type=범주형"
0.05894308943089431,"dom_sim_bucket=낮은유사(0-0.1), rec_bucket=중(101-1k), val_sim_bucket=중값유사"
0.05873983739837398,"dom_sim_bucket=최고유사(0.6+), val_sim_bucket=높은값유사"
0.05863821138211382,val_sim_bucket=최고값유사
0.05863821138211382,"dom_sim_bucket=최고유사(0.6+), domain_spread=대공유(21+), rec_bucket=소(≤100)"
0.05853658536585366,"cate2=보건의료, col_type=범주형, domain_spread=단독"
0.05853658536585366,"col_type=범주형, dom_sim_bucket=최고유사(0.6+), rec_bucket=소(≤100)"
0.05853658536585366,"cate1=교육, dom_sim_bucket=낮은유사(0-0.1), val_sim_bucket=중값유사"
0.05853658536585366,"cate1=보건, col_type=범주형, domain_spread=단독"
0.05853658536585366,"cate1=교육, col_cnt_bucket=표준(6-10), col_type=범주형, val_sim_bucket=낮은값유사"
0.05853658536585366,"cate1=보건, cate2=보건의료, col_type=범주형, domain_spread=단독"
0.058434959349593495,"cate1=교육, cate2=고등교육, col_cnt_bucket=초풍부(21+), col_type=수치형, val_sim_bucket=중값유사"
0.058434959349593495,"cate2=고등교육, col_cnt_bucket=초풍부(21+), col_type=수치형, val_sim_bucket=중값유사"
0.058434959349593495,"cate2=일반행정, domain_spread=대공유(21+), val_sim_bucket=낮은값유사"
0.058434959349593495,"cate1=공공행정, cate2=일반행정, domain_spread=대공유(21+), val_sim_bucket=낮은값유사"
0.058434959349593495,"cate1=공공행정, domain_spread=대공유(21+), val_sim_bucket=낮은값유사"
0.058434959349593495,"col_type=범주형, domain_spread=단독, pk_bucket=저PK(0-0.3), val_sim_bucket=낮은값유사"
0.058333333333333334,"cate1=교육, cate2=고등교육, col_cnt_bucket=초풍부(21+), col_type=수치형, domain_spread=대공유(21+), val_sim_bucket=중값유사"
0.058333333333333334,"cate1=교육, cate2=고등교육, col_cnt_bucket=초풍부(21+), col_type=수치형, rec_bucket=중(101-1k), val_sim_bucket=중값유사"
0.058333333333333334,"cate2=고등교육, col_cnt_bucket=초풍부(21+), col_type=수치형, rec_bucket=중(101-1k), val_sim_bucket=중값유사"
0.058333333333333334,"cate2=고등교육, col_cnt_bucket=초풍부(21+), col_type=수치형, domain_spread=대공유(21+), val_sim_bucket=중값유사"
0.058231707317073174,"col_type=수치형, domain_spread=대공유(21+), rec_bucket=중(101-1k), val_sim_bucket=낮은값유사"
0.058231707317073174,"cate1=교육, cate2=고등교육, col_cnt_bucket=초풍부(21+), col_type=수치형, domain_spread=대공유(21+), rec_bucket=중(101-1k), val_sim_bucket=중값유사"
0.058231707317073174,"cate2=고등교육, col_cnt_bucket=초풍부(21+), col_type=수치형, domain_spread=대공유(21+), rec_bucket=중(101-1k), val_sim_bucket=중값유사"
0.05813008130081301,"col_cnt_bucket=표준(6-10), col_type=범주형, pk_bucket=저PK(0-0.3), val_sim_bucket=낮은값유사"
0.05813008130081301,"dom_sim_bucket=낮은유사(0-0.1), domain_spread=대공유(21+), rec_bucket=중(101-1k), val_sim_bucket=중값유사"
0.058028455284552846,"pk_bucket=저PK(0-0.3), rec_bucket=대(1k-10k), val_sim_bucket=낮은값유사"
0.058028455284552846,"col_type=수치형, dom_sim_bucket=낮은유사(0-0.1), rec_bucket=중(101-1k), val_sim_bucket=중값유사"
0.058028455284552846,"col_type=수치형, dom_sim_bucket=낮은유사(0-0.1), domain_spread=대공유(21+), rec_bucket=중(101-1k), val_sim_bucket=중값유사"
0.058028455284552846,"cate1=교육, dom_sim_bucket=낮은유사(0-0.1), domain_spread=대공유(21+), pk_bucket=중PK(0.3-0.7)"
0.058028455284552846,"col_type=범주형, dom_sim_bucket=낮은유사(0-0.1), domain_spread=단독, pk_bucket=최고PK(0.9+), rec_bucket=소(≤100)"
0.057926829268292686,"col_type=범주형, dom_sim_bucket=낮은유사(0-0.1), domain_spread=단독, pk_bucket=최고PK(0.9+), rec_bucket=소(≤100), val_sim_bucket=낮은값유사"
0.057926829268292686,"col_type=범주형, domain_spread=단독, pk_bucket=최고PK(0.9+), rec_bucket=소(≤100), val_sim_bucket=낮은값유사"
0.05782520325203252,"cate1=교육, pk_bucket=최고PK(0.9+), rec_bucket=소(≤100)"
0.05782520325203252,"dom_sim_bucket=낮은유사(0-0.1), rec_bucket=대(1k-10k), val_sim_bucket=낮은값유사"
0.05772357723577236,"cate1=교육, cate2=교육일반, col_type=범주형"
0.05772357723577236,"cate2=보건의료, rec_bucket=소(≤100), val_sim_bucket=낮은값유사"
0.05772357723577236,"cate2=교육일반, col_type=범주형"
0.05772357723577236,"cate1=보건, rec_bucket=소(≤100), val_sim_bucket=낮은값유사"
0.05772357723577236,"col_cnt_bucket=표준(6-10), col_type=범주형, pk_bucket=최고PK(0.9+)"
0.05772357723577236,"cate1=교육, col_type=수치형, dom_sim_bucket=중유사(0.1-0.3), domain_spread=대공유(21+)"
0.05772357723577236,"cate1=보건, cate2=보건의료, rec_bucket=소(≤100), val_sim_bucket=낮은값유사"
0.0576219512195122,"cate2=일반행정, val_sim_bucket=중값유사"
0.0576219512195122,"cate1=공공행정, val_sim_bucket=중값유사"
0.0576219512195122,"cate1=공공행정, cate2=일반행정, val_sim_bucket=중값유사"
0.05752032520325203,"cate1=보건, cate2=보건의료, col_type=수치형, domain_spread=대공유(21+), rec_bucket=소(≤100)"
0.05752032520325203,"cate1=교육, dom_sim_bucket=낮은유사(0-0.1), domain_spread=대공유(21+), pk_bucket=저PK(0-0.3)"
0.05752032520325203,"cate1=보건, col_type=수치형, domain_spread=대공유(21+), rec_bucket=소(≤100)"
0.05752032520325203,"cate2=보건의료, col_type=수치형, domain_spread=대공유(21+), rec_bucket=소(≤100)"
0.05741869918699187,"col_type=수치형, dom_sim_bucket=중유사(0.1-0.3), rec_bucket=소(≤100)"
0.05731707317073171,"cate1=교육, cate2=고등교육, dom_sim_bucket=낮은유사(0-0.1), val_sim_bucket=중값유사"
0.05731707317073171,"dom_sim_bucket=중유사(0.1-0.3), pk_bucket=저PK(0-0.3), rec_bucket=중(101-1k)"
0.05731707317073171,"cate2=고등교육, dom_sim_bucket=낮은유사(0-0.1), val_sim_bucket=중값유사"
0.05721544715447154,"cate2=일반행정, pk_bucket=최고PK(0.9+), rec_bucket=소(≤100)"
0.05721544715447154,"cate1=공공행정, cate2=일반행정, pk_bucket=최고PK(0.9+), rec_bucket=소(≤100)"
0.05721544715447154,"col_cnt_bucket=표준(6-10), dom_sim_bucket=최고유사(0.6+)"
0.05721544715447154,"col_cnt_bucket=초풍부(21+), dom_sim_bucket=낮은유사(0-0.1), val_sim_bucket=중값유사"
0.05721544715447154,"cate1=공공행정, pk_bucket=최고PK(0.9+), rec_bucket=소(≤100)"
0.05711382113821138,"cate1=교육, domain_spread=대공유(21+), rec_bucket=중(101-1k), val_sim_bucket=낮은값유사"
0.05711382113821138,"dom_sim_bucket=높은유사(0.3-0.6), domain_spread=대공유(21+), rec_bucket=소(≤100), val_sim_bucket=높은값유사"
0.05701219512195122,"cate1=교육, dom_sim_bucket=낮은유사(0-0.1), domain_spread=대공유(21+), val_sim_bucket=중값유사"
0.05701219512195122,"cate2=고등교육, domain_spread=대공유(21+), pk_bucket=중PK(0.3-0.7)"
0.05701219512195122,"cate1=교육, cate2=고등교육, domain_spread=대공유(21+), pk_bucket=중PK(0.3-0.7)"
0.05701219512195122,"cate1=교육, cate2=교육일반, val_sim_bucket=낮은값유사"
0.05701219512195122,"cate2=교육일반, val_sim_bucket=낮은값유사"
0.056910569105691054,"cate1=교육, col_type=수치형, dom_sim_bucket=낮은유사(0-0.1), domain_spread=대공유(21+), val_sim_bucket=중값유사"
0.056910569105691054,"col_type=수치형, pk_bucket=중PK(0.3-0.7), rec_bucket=중(101-1k)"
0.056910569105691054,"cate1=교육, col_type=수치형, dom_sim_bucket=낮은유사(0-0.1), val_sim_bucket=중값유사"
0.056808943089430894,"cate1=보건, col_type=범주형, pk_bucket=저PK(0-0.3)"
0.056808943089430894,"cate1=보건, cate2=보건의료, col_type=범주형, pk_bucket=저PK(0-0.3)"
0.056808943089430894,"cate2=보건의료, col_type=범주형, pk_bucket=저PK(0-0.3)"
0.056808943089430894,"dom_sim_bucket=낮은유사(0-0.1), domain_spread=대공유(21+), pk_bucket=중PK(0.3-0.7), rec_bucket=중(101-1k)"
0.056808943089430894,"cate1=교육, dom_sim_bucket=낮은유사(0-0.1), rec_bucket=중(101-1k), val_sim_bucket=중값유사"
0.056808943089430894,"col_cnt_bucket=표준(6-10), col_type=범주형, domain_spread=대공유(21+)"
0.056808943089430894,"col_cnt_bucket=표준(6-10), dom_sim_bucket=낮은유사(0-0.1), rec_bucket=소(≤100)"
0.056707317073170734,"pk_bucket=저PK(0-0.3), rec_bucket=초대(10k+)"
0.056605691056910566,"cate1=교육, cate2=고등교육, col_type=수치형, dom_sim_bucket=낮은유사(0-0.1), domain_spread=대공유(21+), val_sim_bucket=중값유사"
0.056605691056910566,"cate2=고등교육, col_type=수치형, dom_sim_bucket=낮은유사(0-0.1), domain_spread=대공유(21+), val_sim_bucket=중값유사"
0.056605691056910566,"cate2=고등교육, dom_sim_bucket=낮은유사(0-0.1), domain_spread=대공유(21+), val_sim_bucket=중값유사"
0.056605691056910566,"cate1=교육, cate2=고등교육, dom_sim_bucket=낮은유사(0-0.1), domain_spread=대공유(21+), val_sim_bucket=중값유사"
0.056605691056910566,"col_type=수치형, dom_sim_bucket=낮은유사(0-0.1), domain_spread=대공유(21+), pk_bucket=저PK(0-0.3)"
0.056605691056910566,"cate2=고등교육, col_type=수치형, dom_sim_bucket=낮은유사(0-0.1), val_sim_bucket=중값유사"
0.056605691056910566,"cate1=교육, cate2=고등교육, col_type=수치형, dom_sim_bucket=낮은유사(0-0.1), val_sim_bucket=중값유사"
0.056504065040650406,"cate1=공공행정, cate2=일반행정, domain_spread=단독"
0.056504065040650406,"cate1=교육, col_cnt_bucket=초풍부(21+), dom_sim_bucket=낮은유사(0-0.1), val_sim_bucket=중값유사"
0.056504065040650406,"col_type=범주형, rec_bucket=대(1k-10k), val_sim_bucket=낮은값유사"
0.056504065040650406,"cate1=공공행정, domain_spread=단독"
0.056504065040650406,"dom_sim_bucket=중유사(0.1-0.3), domain_spread=대공유(21+), rec_bucket=소(≤100), val_sim_bucket=중값유사"
0.056504065040650406,"cate2=일반행정, domain_spread=단독"
0.056402439024390245,"cate1=보건, cate2=보건의료, domain_spread=단독, val_sim_bucket=낮은값유사"
0.056402439024390245,"cate2=보건의료, domain_spread=단독, val_sim_bucket=낮은값유사"
0.056402439024390245,"cate1=보건, domain_spread=단독, val_sim_bucket=낮은값유사"
0.056402439024390245,"cate1=교육, rec_bucket=대(1k-10k)"
0.05630081300813008,"col_type=범주형, pk_bucket=저PK(0-0.3), rec_bucket=중(101-1k), val_sim_bucket=낮은값유사"
0.05619918699186992,"cate1=교육, cate2=고등교육, domain_spread=대공유(21+), val_sim_bucket=낮은값유사"
0.05619918699186992,"cate2=고등교육, domain_spread=대공유(21+), val_sim_bucket=낮은값유사"
0.05619918699186992,"domain_spread=대공유(21+), rec_bucket=대(1k-10k), val_sim_bucket=낮은값유사"
0.05609756097560976,"cate1=교육, dom_sim_bucket=낮은유사(0-0.1), domain_spread=대공유(21+), rec_bucket=중(101-1k), val_sim_bucket=중값유사"
0.05609756097560976,"col_cnt_bucket=초풍부(21+), dom_sim_bucket=낮은유사(0-0.1), rec_bucket=중(101-1k), val_sim_bucket=중값유사"
0.05599593495934959,"col_cnt_bucket=초풍부(21+), dom_sim_bucket=낮은유사(0-0.1), domain_spread=대공유(21+), val_sim_bucket=중값유사"
0.05599593495934959,"cate1=교육, cate2=고등교육, col_type=수치형, dom_sim_bucket=낮은유사(0-0.1), domain_spread=대공유(21+), rec_bucket=중(101-1k), val_sim_bucket=중값유사"
0.05599593495934959,"cate2=고등교육, dom_sim_bucket=낮은유사(0-0.1), domain_spread=대공유(21+), rec_bucket=중(101-1k), val_sim_bucket=중값유사"
0.05599593495934959,"cate1=교육, cate2=고등교육, dom_sim_bucket=낮은유사(0-0.1), domain_spread=대공유(21+), rec_bucket=중(101-1k), val_sim_bucket=중값유사"
0.05599593495934959,"cate1=교육, cate2=고등교육, col_type=수치형, dom_sim_bucket=낮은유사(0-0.1), rec_bucket=중(101-1k), val_sim_bucket=중값유사"
0.05599593495934959,"cate2=고등교육, dom_sim_bucket=낮은유사(0-0.1), rec_bucket=중(101-1k), val_sim_bucket=중값유사"
0.05599593495934959,"cate2=고등교육, col_type=수치형, dom_sim_bucket=낮은유사(0-0.1), rec_bucket=중(101-1k), val_sim_bucket=중값유사"
0.05599593495934959,"cate2=고등교육, col_type=수치형, dom_sim_bucket=낮은유사(0-0.1), domain_spread=대공유(21+), rec_bucket=중(101-1k), val_sim_bucket=중값유사"
0.05599593495934959,"cate1=교육, col_type=수치형, dom_sim_bucket=낮은유사(0-0.1), domain_spread=대공유(21+), rec_bucket=중(101-1k), val_sim_bucket=중값유사"
0.05599593495934959,"cate1=교육, col_type=수치형, dom_sim_bucket=낮은유사(0-0.1), rec_bucket=중(101-1k), val_sim_bucket=중값유사"
0.05599593495934959,"col_cnt_bucket=초풍부(21+), col_type=수치형, dom_sim_bucket=낮은유사(0-0.1), val_sim_bucket=중값유사"
0.05599593495934959,"cate1=교육, cate2=고등교육, dom_sim_bucket=낮은유사(0-0.1), rec_bucket=중(101-1k), val_sim_bucket=중값유사"
0.05599593495934959,"col_cnt_bucket=초풍부(21+), col_type=수치형, dom_sim_bucket=낮은유사(0-0.1), domain_spread=대공유(21+), val_sim_bucket=중값유사"
0.05589430894308943,"cate2=고등교육, col_cnt_bucket=초풍부(21+), dom_sim_bucket=낮은유사(0-0.1), val_sim_bucket=중값유사"
0.05589430894308943,"col_cnt_bucket=표준(6-10), dom_sim_bucket=낮은유사(0-0.1), rec_bucket=소(≤100), val_sim_bucket=낮은값유사"
0.05589430894308943,"cate1=교육, cate2=고등교육, col_cnt_bucket=초풍부(21+), dom_sim_bucket=낮은유사(0-0.1), val_sim_bucket=중값유사"
0.05579268292682927,"cate1=교육, dom_sim_bucket=낮은유사(0-0.1), pk_bucket=중PK(0.3-0.7), rec_bucket=중(101-1k)"
0.05569105691056911,"col_cnt_bucket=초풍부(21+), col_type=수치형, dom_sim_bucket=낮은유사(0-0.1), domain_spread=대공유(21+), rec_bucket=중(101-1k), val_sim_bucket=중값유사"
0.05569105691056911,"col_type=수치형, dom_sim_bucket=중유사(0.1-0.3), pk_bucket=저PK(0-0.3)"
0.05569105691056911,"col_cnt_bucket=초풍부(21+), col_type=수치형, dom_sim_bucket=낮은유사(0-0.1), rec_bucket=중(101-1k), val_sim_bucket=중값유사"
0.05569105691056911,"col_cnt_bucket=초풍부(21+), dom_sim_bucket=낮은유사(0-0.1), domain_spread=대공유(21+), rec_bucket=중(101-1k), val_sim_bucket=중값유사"
0.05558943089430894,"cate1=교육, col_cnt_bucket=초풍부(21+), dom_sim_bucket=낮은유사(0-0.1), rec_bucket=중(101-1k), val_sim_bucket=중값유사"
0.05558943089430894,"col_type=수치형, domain_spread=대공유(21+), pk_bucket=중PK(0.3-0.7), rec_bucket=중(101-1k)"
0.05548780487804878,"cate1=교육, domain_spread=대공유(21+), pk_bucket=중PK(0.3-0.7), rec_bucket=중(101-1k)"
0.05548780487804878,"domain_spread=중공유(6-20), pk_bucket=저PK(0-0.3)"
0.055284552845528454,"cate1=교육, col_cnt_bucket=풍부(11-20), rec_bucket=소(≤100)"
0.055284552845528454,"cate1=교육, col_cnt_bucket=초풍부(21+), col_type=수치형, dom_sim_bucket=낮은유사(0-0.1), val_sim_bucket=중값유사"
0.055284552845528454,"cate1=공공행정, cate2=일반행정, dom_sim_bucket=중유사(0.1-0.3)"
0.055284552845528454,"cate2=일반행정, dom_sim_bucket=중유사(0.1-0.3)"
0.055284552845528454,"cate1=교육, col_cnt_bucket=초풍부(21+), col_type=수치형, dom_sim_bucket=낮은유사(0-0.1), domain_spread=대공유(21+), val_sim_bucket=중값유사"
0.055284552845528454,"cate1=공공행정, dom_sim_bucket=중유사(0.1-0.3)"
0.055284552845528454,"cate1=교육, col_cnt_bucket=초풍부(21+), dom_sim_bucket=낮은유사(0-0.1), domain_spread=대공유(21+), val_sim_bucket=중값유사"
0.055284552845528454,"col_cnt_bucket=초풍부(21+), domain_spread=대공유(21+), pk_bucket=중PK(0.3-0.7)"
0.05518292682926829,"cate1=교육, col_cnt_bucket=초풍부(21+), col_type=수치형, dom_sim_bucket=낮은유사(0-0.1), rec_bucket=중(101-1k), val_sim_bucket=중값유사"
0.05518292682926829,"cate1=교육, cate2=고등교육, col_cnt_bucket=초풍부(21+), dom_sim_bucket=낮은유사(0-0.1), rec_bucket=중(101-1k), val_sim_bucket=중값유사"
0.05518292682926829,"cate2=고등교육, col_cnt_bucket=초풍부(21+), col_type=수치형, dom_sim_bucket=낮은유사(0-0.1), domain_spread=대공유(21+), rec_bucket=중(101-1k), val_sim_bucket=중값유사"
0.05518292682926829,"cate1=교육, cate2=고등교육, col_cnt_bucket=초풍부(21+), col_type=수치형, dom_sim_bucket=낮은유사(0-0.1), rec_bucket=중(101-1k), val_sim_bucket=중값유사"
0.05518292682926829,"cate1=교육, cate2=고등교육, col_cnt_bucket=초풍부(21+), col_type=수치형, dom_sim_bucket=낮은유사(0-0.1), domain_spread=대공유(21+), val_sim_bucket=중값유사"
0.05518292682926829,"cate1=교육, cate2=고등교육, col_cnt_bucket=초풍부(21+), col_type=수치형, dom_sim_bucket=낮은유사(0-0.1), domain_spread=대공유(21+), rec_bucket=중(101-1k), val_sim_bucket=중값유사"
0.05518292682926829,"cate2=고등교육, col_cnt_bucket=초풍부(21+), col_type=수치형, dom_sim_bucket=낮은유사(0-0.1), rec_bucket=중(101-1k), val_sim_bucket=중값유사"
0.05518292682926829,"cate1=교육, cate2=고등교육, col_cnt_bucket=초풍부(21+), dom_sim_bucket=낮은유사(0-0.1), domain_spread=대공유(21+), rec_bucket=중(101-1k), val_sim_bucket=중값유사"
0.05518292682926829,"cate2=고등교육, col_cnt_bucket=초풍부(21+), col_type=수치형, dom_sim_bucket=낮은유사(0-0.1), domain_spread=대공유(21+), val_sim_bucket=중값유사"
0.05518292682926829,"cate2=고등교육, col_cnt_bucket=초풍부(21+), dom_sim_bucket=낮은유사(0-0.1), domain_spread=대공유(21+), rec_bucket=중(101-1k), val_sim_bucket=중값유사"
0.05518292682926829,"cate1=교육, col_cnt_bucket=초풍부(21+), dom_sim_bucket=낮은유사(0-0.1), domain_spread=대공유(21+), rec_bucket=중(101-1k), val_sim_bucket=중값유사"
0.05518292682926829,"cate1=교육, col_type=수치형, dom_sim_bucket=낮은유사(0-0.1), val_sim_bucket=낮은값유사"
0.05518292682926829,"cate2=고등교육, col_cnt_bucket=초풍부(21+), dom_sim_bucket=낮은유사(0-0.1), rec_bucket=중(101-1k), val_sim_bucket=중값유사"
0.05518292682926829,"cate2=고등교육, col_cnt_bucket=초풍부(21+), col_type=수치형, dom_sim_bucket=낮은유사(0-0.1), val_sim_bucket=중값유사"
0.05518292682926829,"cate1=교육, cate2=고등교육, col_cnt_bucket=초풍부(21+), col_type=수치형, dom_sim_bucket=낮은유사(0-0.1), val_sim_bucket=중값유사"
0.05518292682926829,"cate2=고등교육, col_cnt_bucket=초풍부(21+), dom_sim_bucket=낮은유사(0-0.1), domain_spread=대공유(21+), val_sim_bucket=중값유사"
0.05518292682926829,"cate1=교육, cate2=고등교육, col_cnt_bucket=초풍부(21+), dom_sim_bucket=낮은유사(0-0.1), domain_spread=대공유(21+), val_sim_bucket=중값유사"
0.05518292682926829,"cate1=교육, col_cnt_bucket=초풍부(21+), col_type=수치형, dom_sim_bucket=낮은유사(0-0.1), domain_spread=대공유(21+), rec_bucket=중(101-1k), val_sim_bucket=중값유사"
0.05508130081300813,"col_type=수치형, dom_sim_bucket=높은유사(0.3-0.6), rec_bucket=소(≤100), val_sim_bucket=높은값유사"
0.05508130081300813,"col_cnt_bucket=초풍부(21+), col_type=범주형"
0.054979674796747965,"col_cnt_bucket=풍부(11-20), domain_spread=단독"
0.054776422764227645,"cate1=교육, cate2=유아및초·중등교육, rec_bucket=소(≤100)"
0.054776422764227645,"cate2=유아및초·중등교육, rec_bucket=소(≤100)"
0.05467479674796748,"cate1=교육, col_type=수치형, rec_bucket=소(≤100)"
0.05457317073170732,"cate1=보건, cate2=보건의료, dom_sim_bucket=낮은유사(0-0.1), domain_spread=단독"
0.05457317073170732,"dom_sim_bucket=최고유사(0.6+), val_sim_bucket=최고값유사"
0.05457317073170732,"col_type=범주형, dom_sim_bucket=낮은유사(0-0.1), domain_spread=대공유(21+)"
0.05457317073170732,"cate1=보건, dom_sim_bucket=낮은유사(0-0.1), domain_spread=단독"
0.05457317073170732,"cate2=보건의료, dom_sim_bucket=낮은유사(0-0.1), domain_spread=단독"
0.05447154471544716,"cate2=보건의료, dom_sim_bucket=낮은유사(0-0.1), domain_spread=단독, val_sim_bucket=낮은값유사"
0.05447154471544716,"cate1=보건, dom_sim_bucket=낮은유사(0-0.1), domain_spread=단독, val_sim_bucket=낮은값유사"
0.05447154471544716,"col_type=범주형, dom_sim_bucket=낮은유사(0-0.1), domain_spread=대공유(21+), val_sim_bucket=낮은값유사"
0.05447154471544716,"cate1=보건, cate2=보건의료, dom_sim_bucket=낮은유사(0-0.1), domain_spread=단독, val_sim_bucket=낮은값유사"
0.05436991869918699,"col_cnt_bucket=풍부(11-20), domain_spread=대공유(21+), val_sim_bucket=낮은값유사"
0.05436991869918699,"cate1=교육, col_type=수치형, dom_sim_bucket=최고유사(0.6+)"
0.05436991869918699,"cate1=교육, col_type=범주형, pk_bucket=최고PK(0.9+)"
0.05436991869918699,"domain_spread=대공유(21+), pk_bucket=고PK(0.7-0.9)"
0.05426829268292683,"dom_sim_bucket=낮은유사(0-0.1), pk_bucket=고PK(0.7-0.9)"
0.05426829268292683,"col_type=수치형, dom_sim_bucket=중유사(0.1-0.3), domain_spread=대공유(21+), pk_bucket=저PK(0-0.3)"
0.05426829268292683,"col_cnt_bucket=풍부(11-20), col_type=수치형, domain_spread=대공유(21+), rec_bucket=소(≤100)"
0.05426829268292683,"col_cnt_bucket=초풍부(21+), dom_sim_bucket=중유사(0.1-0.3)"
0.05416666666666667,"dom_sim_bucket=중유사(0.1-0.3), val_sim_bucket=낮은값유사"
0.05416666666666667,"pk_bucket=저PK(0-0.3), rec_bucket=초대(10k+), val_sim_bucket=낮은값유사"
0.05416666666666667,"cate1=교육, domain_spread=대공유(21+), pk_bucket=최고PK(0.9+)"
0.0540650406504065,"col_cnt_bucket=표준(6-10), col_type=수치형, domain_spread=대공유(21+), rec_bucket=소(≤100)"
0.05386178861788618,"cate1=교육, col_cnt_bucket=초풍부(21+), pk_bucket=중PK(0.3-0.7)"
0.05376016260162601,"cate2=고등교육, dom_sim_bucket=낮은유사(0-0.1), pk_bucket=중PK(0.3-0.7)"
0.05376016260162601,"cate1=보건, dom_sim_bucket=낮은유사(0-0.1), pk_bucket=최고PK(0.9+)"
0.05376016260162601,"cate1=교육, cate2=고등교육, dom_sim_bucket=낮은유사(0-0.1), pk_bucket=중PK(0.3-0.7)"
0.05376016260162601,"cate2=보건의료, dom_sim_bucket=낮은유사(0-0.1), pk_bucket=최고PK(0.9+)"
0.05376016260162601,"cate1=보건, cate2=보건의료, dom_sim_bucket=낮은유사(0-0.1), pk_bucket=최고PK(0.9+)"
0.05365853658536585,"col_cnt_bucket=표준(6-10), col_type=범주형, rec_bucket=소(≤100), val_sim_bucket=낮은값유사"
0.05365853658536585,"col_cnt_bucket=초풍부(21+), dom_sim_bucket=최고유사(0.6+)"
0.05365853658536585,"col_type=수치형, dom_sim_bucket=낮은유사(0-0.1), pk_bucket=중PK(0.3-0.7), rec_bucket=중(101-1k)"
0.05365853658536585,"cate2=보건의료, pk_bucket=최고PK(0.9+), val_sim_bucket=낮은값유사"
0.05365853658536585,"cate1=보건, pk_bucket=최고PK(0.9+), val_sim_bucket=낮은값유사"
0.05365853658536585,"cate1=보건, cate2=보건의료, pk_bucket=최고PK(0.9+), val_sim_bucket=낮은값유사"
0.05355691056910569,"col_type=수치형, dom_sim_bucket=중유사(0.1-0.3), domain_spread=대공유(21+), rec_bucket=소(≤100)"
0.05355691056910569,"pk_bucket=최고PK(0.9+), rec_bucket=소(≤100), val_sim_bucket=중값유사"
0.053455284552845525,"cate1=공공행정, cate2=일반행정, col_type=범주형, pk_bucket=저PK(0-0.3), val_sim_bucket=낮은값유사"
0.053455284552845525,"cate2=일반행정, col_cnt_bucket=협소(≤5)"
0.053455284552845525,"cate2=일반행정, domain_spread=단독, val_sim_bucket=낮은값유사"
0.053455284552845525,"cate1=공공행정, col_cnt_bucket=협소(≤5)"
0.053455284552845525,"cate1=공공행정, cate2=일반행정, domain_spread=단독, val_sim_bucket=낮은값유사"
0.053455284552845525,"cate1=교육, dom_sim_bucket=낮은유사(0-0.1), pk_bucket=저PK(0-0.3), rec_bucket=중(101-1k)"
0.053455284552845525,"cate2=보건의료, dom_sim_bucket=낮은유사(0-0.1), pk_bucket=최고PK(0.9+), val_sim_bucket=낮은값유사"
0.053455284552845525,"cate1=보건, cate2=보건의료, dom_sim_bucket=낮은유사(0-0.1), pk_bucket=최고PK(0.9+), val_sim_bucket=낮은값유사"
0.053455284552845525,"cate1=보건, dom_sim_bucket=낮은유사(0-0.1), pk_bucket=최고PK(0.9+), val_sim_bucket=낮은값유사"
0.053455284552845525,"cate2=일반행정, col_type=범주형, pk_bucket=저PK(0-0.3), val_sim_bucket=낮은값유사"
0.053455284552845525,"cate1=공공행정, cate2=일반행정, col_cnt_bucket=협소(≤5)"
0.053455284552845525,"cate1=공공행정, domain_spread=단독, val_sim_bucket=낮은값유사"
0.053455284552845525,"cate1=공공행정, col_type=범주형, pk_bucket=저PK(0-0.3), val_sim_bucket=낮은값유사"
0.053353658536585365,"cate1=교육, dom_sim_bucket=높은유사(0.3-0.6), domain_spread=대공유(21+)"
0.053353658536585365,"dom_sim_bucket=최고유사(0.6+), pk_bucket=저PK(0-0.3), val_sim_bucket=높은값유사"
0.053353658536585365,"cate1=교육, col_cnt_bucket=표준(6-10), dom_sim_bucket=낮은유사(0-0.1)"
0.053252032520325204,"pk_bucket=중PK(0.3-0.7), val_sim_bucket=낮은값유사"
0.053150406504065044,"col_cnt_bucket=초풍부(21+), dom_sim_bucket=낮은유사(0-0.1), pk_bucket=중PK(0.3-0.7)"
0.053150406504065044,"cate1=교육, col_type=수치형, dom_sim_bucket=최고유사(0.6+), domain_spread=대공유(21+)"
0.053150406504065044,"cate1=교육, col_cnt_bucket=표준(6-10), dom_sim_bucket=낮은유사(0-0.1), val_sim_bucket=낮은값유사"
0.053150406504065044,"col_cnt_bucket=초풍부(21+), col_type=수치형, pk_bucket=중PK(0.3-0.7)"
0.05304878048780488,"dom_sim_bucket=낮은유사(0-0.1), domain_spread=단독, pk_bucket=저PK(0-0.3), val_sim_bucket=낮은값유사"
0.05304878048780488,"dom_sim_bucket=낮은유사(0-0.1), domain_spread=단독, pk_bucket=저PK(0-0.3)"
0.052947154471544716,"col_type=수치형, pk_bucket=중PK(0.3-0.7), val_sim_bucket=중값유사"
0.052947154471544716,"col_type=범주형, domain_spread=대공유(21+), pk_bucket=저PK(0-0.3), val_sim_bucket=낮은값유사"
0.052845528455284556,"cate1=보건, cate2=보건의료, col_cnt_bucket=협소(≤5)"
0.052845528455284556,"cate2=보건의료, col_cnt_bucket=협소(≤5)"
0.052845528455284556,"cate1=보건, col_cnt_bucket=협소(≤5)"
0.05274390243902439,"col_type=수치형, dom_sim_bucket=높은유사(0.3-0.6), domain_spread=대공유(21+), rec_bucket=소(≤100), val_sim_bucket=높은값유사"
0.05274390243902439,"cate1=공공행정, rec_bucket=중(101-1k), val_sim_bucket=낮은값유사"
0.05274390243902439,"col_cnt_bucket=초풍부(21+), col_type=수치형, domain_spread=대공유(21+), pk_bucket=중PK(0.3-0.7)"
0.05274390243902439,"cate1=공공행정, cate2=일반행정, rec_bucket=중(101-1k), val_sim_bucket=낮은값유사"
0.05274390243902439,"cate2=일반행정, rec_bucket=중(101-1k), val_sim_bucket=낮은값유사"
0.05264227642276423,"cate2=고등교육, col_type=수치형, pk_bucket=중PK(0.3-0.7)"
0.05264227642276423,"dom_sim_bucket=중유사(0.1-0.3), pk_bucket=최고PK(0.9+), rec_bucket=소(≤100)"
0.05264227642276423,"cate1=보건, col_cnt_bucket=풍부(11-20)"
0.05264227642276423,"cate1=보건, cate2=보건의료, col_cnt_bucket=풍부(11-20)"
0.05264227642276423,"cate2=보건의료, col_cnt_bucket=풍부(11-20)"
0.05264227642276423,"cate1=교육, cate2=고등교육, col_type=수치형, pk_bucket=중PK(0.3-0.7)"
0.05254065040650407,"col_type=수치형, domain_spread=대공유(21+), pk_bucket=중PK(0.3-0.7), val_sim_bucket=중값유사"
0.05254065040650407,"cate1=교육, cate2=고등교육, col_type=수치형, domain_spread=대공유(21+), pk_bucket=중PK(0.3-0.7)"
0.05254065040650407,"dom_sim_bucket=중유사(0.1-0.3), pk_bucket=최고PK(0.9+), rec_bucket=소(≤100), val_sim_bucket=중값유사"
0.05254065040650407,"col_type=범주형, rec_bucket=소(≤100), val_sim_bucket=중값유사"
0.05254065040650407,"cate2=고등교육, col_type=수치형, domain_spread=대공유(21+), pk_bucket=중PK(0.3-0.7)"
0.0524390243902439,"col_type=범주형, domain_spread=중공유(6-20), pk_bucket=저PK(0-0.3)"
0.05233739837398374,"col_type=수치형, dom_sim_bucket=낮은유사(0-0.1), domain_spread=대공유(21+), pk_bucket=중PK(0.3-0.7), rec_bucket=중(101-1k)"
0.05233739837398374,"col_cnt_bucket=풍부(11-20), dom_sim_bucket=최고유사(0.6+)"
0.05223577235772358,"cate1=교육, col_type=수치형, dom_sim_bucket=낮은유사(0-0.1), pk_bucket=중PK(0.3-0.7)"
0.05213414634146341,"cate1=교육, dom_sim_bucket=중유사(0.1-0.3), rec_bucket=중(101-1k)"
0.05203252032520325,"cate1=보건, col_type=범주형, domain_spread=단독, val_sim_bucket=낮은값유사"
0.05203252032520325,"cate1=보건, cate2=보건의료, col_type=범주형, domain_spread=단독, val_sim_bucket=낮은값유사"
0.05203252032520325,"cate2=고등교육, dom_sim_bucket=최고유사(0.6+)"
0.05203252032520325,"cate2=보건의료, col_type=범주형, domain_spread=단독, val_sim_bucket=낮은값유사"
0.05203252032520325,"col_cnt_bucket=초풍부(21+), col_type=수치형, val_sim_bucket=낮은값유사"
0.05203252032520325,"cate1=교육, cate2=고등교육, dom_sim_bucket=최고유사(0.6+)"
0.05193089430894309,"col_cnt_bucket=풍부(11-20), val_sim_bucket=중값유사"
0.05193089430894309,"cate1=교육, cate2=고등교육, pk_bucket=중PK(0.3-0.7), rec_bucket=중(101-1k)"
0.05193089430894309,"cate2=고등교육, pk_bucket=중PK(0.3-0.7), rec_bucket=중(101-1k)"
0.05193089430894309,"cate1=교육, col_type=수치형, dom_sim_bucket=낮은유사(0-0.1), domain_spread=대공유(21+), pk_bucket=중PK(0.3-0.7)"
0.051829268292682924,"cate2=고등교육, dom_sim_bucket=낮은유사(0-0.1), domain_spread=대공유(21+), pk_bucket=중PK(0.3-0.7)"
0.051829268292682924,"cate1=교육, cate2=고등교육, dom_sim_bucket=낮은유사(0-0.1), domain_spread=대공유(21+), pk_bucket=중PK(0.3-0.7)"
0.051626016260162604,"cate1=교육, rec_bucket=소(≤100), val_sim_bucket=낮은값유사"
0.051626016260162604,"cate1=교육, cate2=고등교육, col_type=범주형"
0.051626016260162604,"cate2=고등교육, col_type=범주형"
0.051524390243902436,"col_cnt_bucket=표준(6-10), col_type=범주형, rec_bucket=중(101-1k)"
0.051524390243902436,"cate1=교육, col_cnt_bucket=협소(≤5)"
0.051422764227642276,"cate1=공공행정, cate2=일반행정, col_type=범주형, domain_spread=단독"
0.051422764227642276,"cate1=교육, cate2=고등교육, dom_sim_bucket=낮은유사(0-0.1), pk_bucket=저PK(0-0.3)"
0.051422764227642276,"col_cnt_bucket=협소(≤5), pk_bucket=최고PK(0.9+), rec_bucket=소(≤100)"
0.051422764227642276,"cate2=고등교육, dom_sim_bucket=낮은유사(0-0.1), pk_bucket=저PK(0-0.3)"
0.051422764227642276,"col_type=범주형, domain_spread=대공유(21+), rec_bucket=중(101-1k)"
0.051422764227642276,"cate2=일반행정, col_type=범주형, domain_spread=단독"
0.051422764227642276,"cate1=공공행정, col_type=범주형, domain_spread=단독"
0.051321138211382115,"cate1=보건, dom_sim_bucket=낮은유사(0-0.1), rec_bucket=소(≤100)"
0.051321138211382115,"cate2=보건의료, dom_sim_bucket=낮은유사(0-0.1), rec_bucket=소(≤100)"
0.051321138211382115,"cate1=보건, cate2=보건의료, dom_sim_bucket=낮은유사(0-0.1), rec_bucket=소(≤100)"
0.051321138211382115,"col_cnt_bucket=초풍부(21+), dom_sim_bucket=중유사(0.1-0.3), domain_spread=대공유(21+)"
0.051321138211382115,"col_cnt_bucket=표준(6-10), rec_bucket=중(101-1k), val_sim_bucket=낮은값유사"
0.051321138211382115,"col_cnt_bucket=표준(6-10), dom_sim_bucket=높은유사(0.3-0.6)"
0.05111788617886179,"cate1=교육, col_type=수치형, pk_bucket=최고PK(0.9+)"
0.05111788617886179,"dom_sim_bucket=낮은유사(0-0.1), domain_spread=대공유(21+), pk_bucket=최고PK(0.9+)"
0.05101626016260163,"domain_spread=대공유(21+), pk_bucket=최고PK(0.9+), val_sim_bucket=낮은값유사"
0.05101626016260163,"col_cnt_bucket=풍부(11-20), pk_bucket=최고PK(0.9+), rec_bucket=소(≤100)"
0.05101626016260163,"col_cnt_bucket=협소(≤5), pk_bucket=저PK(0-0.3)"
0.05101626016260163,"cate1=교육, pk_bucket=중PK(0.3-0.7), val_sim_bucket=중값유사"
0.0508130081300813,"cate1=교육, dom_sim_bucket=낮은유사(0-0.1), domain_spread=대공유(21+), pk_bucket=중PK(0.3-0.7), rec_bucket=중(101-1k)"
0.0508130081300813,"cate1=교육, col_cnt_bucket=초풍부(21+), dom_sim_bucket=낮은유사(0-0.1), pk_bucket=중PK(0.3-0.7)"
0.0508130081300813,"cate1=교육, dom_sim_bucket=중유사(0.1-0.3), domain_spread=대공유(21+), pk_bucket=저PK(0-0.3)"
0.0508130081300813,"dom_sim_bucket=낮은유사(0-0.1), domain_spread=대공유(21+), pk_bucket=최고PK(0.9+), val_sim_bucket=낮은값유사"
0.05071138211382114,"col_type=범주형, dom_sim_bucket=낮은유사(0-0.1), domain_spread=단독, pk_bucket=저PK(0-0.3), val_sim_bucket=낮은값유사"
0.05071138211382114,"col_cnt_bucket=협소(≤5), domain_spread=단독"
0.05071138211382114,"col_type=범주형, dom_sim_bucket=낮은유사(0-0.1), domain_spread=단독, pk_bucket=저PK(0-0.3)"
0.05060975609756098,"col_cnt_bucket=초풍부(21+), pk_bucket=중PK(0.3-0.7), rec_bucket=중(101-1k)"
0.05060975609756098,"cate1=공공행정, cate2=일반행정, dom_sim_bucket=낮은유사(0-0.1), domain_spread=단독"
0.05060975609756098,"cate2=일반행정, dom_sim_bucket=낮은유사(0-0.1), domain_spread=단독, val_sim_bucket=낮은값유사"
0.05060975609756098,"cate1=공공행정, dom_sim_bucket=낮은유사(0-0.1), domain_spread=단독, val_sim_bucket=낮은값유사"
0.05060975609756098,"cate1=공공행정, dom_sim_bucket=낮은유사(0-0.1), domain_spread=단독"
0.05060975609756098,"cate1=교육, cate2=평생·직업교육, val_sim_bucket=낮은값유사"
0.05060975609756098,"cate2=평생·직업교육, val_sim_bucket=낮은값유사"
0.05060975609756098,"cate1=교육, cate2=고등교육, domain_spread=대공유(21+), pk_bucket=중PK(0.3-0.7), rec_bucket=중(101-1k)"
0.05060975609756098,"cate2=일반행정, dom_sim_bucket=낮은유사(0-0.1), domain_spread=단독"
0.05060975609756098,"cate1=공공행정, cate2=일반행정, dom_sim_bucket=낮은유사(0-0.1), domain_spread=단독, val_sim_bucket=낮은값유사"
0.05060975609756098,"cate2=고등교육, domain_spread=대공유(21+), pk_bucket=중PK(0.3-0.7), rec_bucket=중(101-1k)"
0.05050813008130081,"cate2=보건의료, dom_sim_bucket=낮은유사(0-0.1), rec_bucket=소(≤100), val_sim_bucket=낮은값유사"
0.05050813008130081,"col_type=수치형, dom_sim_bucket=중유사(0.1-0.3), rec_bucket=소(≤100), val_sim_bucket=중값유사"
0.05050813008130081,"cate1=보건, dom_sim_bucket=낮은유사(0-0.1), rec_bucket=소(≤100), val_sim_bucket=낮은값유사"
0.05050813008130081,"cate1=보건, cate2=보건의료, dom_sim_bucket=낮은유사(0-0.1), rec_bucket=소(≤100), val_sim_bucket=낮은값유사"
0.05040650406504065,"cate2=고등교육, dom_sim_bucket=낮은유사(0-0.1), val_sim_bucket=낮은값유사"
0.05040650406504065,"col_cnt_bucket=풍부(11-20), col_type=범주형, pk_bucket=저PK(0-0.3), val_sim_bucket=낮은값유사"
0.05040650406504065,"cate1=교육, cate2=고등교육, dom_sim_bucket=낮은유사(0-0.1), val_sim_bucket=낮은값유사"
0.05040650406504065,"cate1=교육, cate2=평생·직업교육, col_type=범주형"
0.05040650406504065,"cate2=평생·직업교육, col_type=범주형"
0.05030487804878049,"cate1=교육, col_cnt_bucket=초풍부(21+), domain_spread=대공유(21+), pk_bucket=중PK(0.3-0.7)"
0.05030487804878049,"cate1=보건, cate2=보건의료, col_type=범주형, dom_sim_bucket=낮은유사(0-0.1), domain_spread=단독"
0.05030487804878049,"cate2=보건의료, col_type=범주형, dom_sim_bucket=낮은유사(0-0.1), domain_spread=단독"
0.05030487804878049,"cate1=보건, col_type=범주형, dom_sim_bucket=낮은유사(0-0.1), domain_spread=단독"
0.05030487804878049,"cate1=교육, dom_sim_bucket=낮은유사(0-0.1), pk_bucket=저PK(0-0.3), val_sim_bucket=낮은값유사"
0.050203252032520324,"cate1=교육, col_type=수치형, pk_bucket=중PK(0.3-0.7), rec_bucket=중(101-1k)"
0.050203252032520324,"cate1=보건, col_type=범주형, dom_sim_bucket=낮은유사(0-0.1), domain_spread=단독, val_sim_bucket=낮은값유사"
0.050203252032520324,"cate2=보건의료, col_type=범주형, dom_sim_bucket=낮은유사(0-0.1), domain_spread=단독, val_sim_bucket=낮은값유사"
0.050203252032520324,"cate1=보건, cate2=보건의료, col_type=범주형, dom_sim_bucket=낮은유사(0-0.1), domain_spread=단독, val_sim_bucket=낮은값유사"
0.050203252032520324,"col_cnt_bucket=표준(6-10), domain_spread=단독, rec_bucket=소(≤100)"
0.050203252032520324,"cate1=교육, cate2=유아및초·중등교육, val_sim_bucket=낮은값유사"
0.050203252032520324,"cate2=유아및초·중등교육, val_sim_bucket=낮은값유사"
0.05010162601626016,"cate2=보건의료, dom_sim_bucket=최고유사(0.6+)"
0.05010162601626016,"cate1=공공행정, cate2=일반행정, col_cnt_bucket=표준(6-10), col_type=범주형"
0.05010162601626016,"cate1=공공행정, col_cnt_bucket=표준(6-10), col_type=범주형"
0.05010162601626016,"cate2=일반행정, col_cnt_bucket=표준(6-10), col_type=범주형"
0.05010162601626016,"cate1=보건, dom_sim_bucket=최고유사(0.6+)"
0.05010162601626016,"cate1=교육, col_type=범주형, rec_bucket=중(101-1k), val_sim_bucket=낮은값유사"
0.05010162601626016,"cate1=보건, cate2=보건의료, dom_sim_bucket=최고유사(0.6+)"
0.05010162601626016,"cate1=교육, col_cnt_bucket=초풍부(21+), pk_bucket=중PK(0.3-0.7), rec_bucket=중(101-1k)"
0.05010162601626016,"cate1=교육, col_cnt_bucket=초풍부(21+), dom_sim_bucket=낮은유사(0-0.1), pk_bucket=저PK(0-0.3)"
