학교명_norm,시도_norm,학교급_norm,설립,남여공학,도로명주소,ai_flag,지정연도,유형,sw_flag,지정연도_sw,키,몸무게,혈당식전(mgdl),총콜레스테롤(mgdl),수축기,이완기,cn_학급수,cn_학생수,학교명_stem_comp,컴퓨터실습실수,컴퓨터수,운영체제,개월수,수강학생수,학교명_stem_closed,폐교연도,활용 구분,토지면적(단위 제곱미터),건물면적(단위 제곱미터),ai_sw_both
서울대학교사범대학부설고등학교,서울,고,국립,남여공학,서울특별시 성북구 월곡로 6 (종암동),0,,,1,2019.0,,,,,,,,,,,,,,,,,,,,0
가락고등학교,서울,고,공립,남여공학,서울특별시 송파구 송이로 42 (송파동.가락고등학교),0,,,0,,,,,,,,,,,,,,,,,,,,,0
개포고등학교,서울,고,공립,남여공학,서울특별시 강남구 개포로 402 (개포동. 개포고등학교),0,,,0,,,,,,,,,,,,,,,,,,,,,0
경기고등학교,서울,고,공립,남자,서울특별시 강남구 영동대로 643 . 경기고등학교 (삼성동),0,,,0,,,,,,,,,,,,,,,,,,,,,0
경동고등학교,서울,고,공립,남자,서울특별시 성북구 보문로29길 49 (삼선동3가. 경동고등학교),0,,,0,,,,,,,,,,,,,,,,,,,,,0
경복고등학교,서울,고,공립,남자,서울특별시 종로구 자하문로28가길 9 . 경복고등학교 (청운동.경복고등학교),0,,,0,,,,,,,,,,,,,,,,,,,,,0
경인고등학교,서울,고,공립,남여공학,서울특별시 구로구 경인로46길 31 . 경인고등학교 (고척동),0,,,0,,,,,,,,,,,,,,,,,,,,,0
고척고등학교,서울,고,공립,남여공학,서울 구로구 중앙로15길 162 (고척동.고척고등학교),0,,,0,,,,,,,,,,,,,,,,,,,,,0
공항고등학교,서울,고,공립,남여공학,서울특별시 강서구 개화동로 495 (방화동),0,,,0,,,,,,,,,,,,,,,,,,,,,0
관악고등학교,서울,고,공립,남여공학,서울특별시 영등포구 영등포로6길 26 (양평동2가),1,2023.0,교육활동 모델교,1,2020.0,,,,,,,,,,,,,,,,,,,,1
광남고등학교,서울,고,공립,남여공학,서울 광진구 아차산로70길 17-16 . 광남고등학교 (광장동.광남고등학교),1,2023.0,교육활동 모델교,0,,,,,,,,,,,,,,,,,,,,,0
광양고등학교,서울,고,공립,남여공학,서울특별시 광진구 자양로3가길 31 (자양동),1,2023.0,교육활동 모델교,0,,,,,,,,,,,,,,,,,,,,,0
구로고등학교,서울,고,공립,남여공학,서울특별시 구로구 가마산로27길 45 . 구로고등학교 (구로동),1,2023.0,교육활동 모델교,1,2020.0,,,,,,,,,,,,,,,,,,,,1
구일고등학교,서울,고,공립,남여공학,서울특별시 구로구 구일로 90-51 (구로동),0,,,0,,,,,,,,,,,,,,,,,,,,,0
압구정고등학교,서울,고,공립,남여공학,서울특별시 강남구 압구정로39길 20 . 압구정고등학교 (압구정동),0,,,0,,,,,,,,,,,,,,,,,,,,,0
금천고등학교,서울,고,공립,남여공학,서울특별시 금천구 시흥대로38길 26 (시흥동.금천고등학교),0,,,0,,,,,,,,,,,,,,,,,,,,,0
당곡고등학교,서울,고,공립,남여공학,서울특별시 관악구 봉천로21길 108 . 당곡고등학교 (봉천동),1,2023.0,교육활동 모델교,0,,,,,,,,,,,,,,,,,,,,,0
대영고등학교,서울,고,공립,남여공학,서울특별시 영등포구 도림로86길 16 (신길동. 대영고등학교),0,,,0,,,,,,,,,,,,,,,,,,,,,0
독산고등학교,서울,고,공립,남여공학,서울특별시 금천구 문성로 64 . 독산고등학교 (독산동),1,2023.0,교육활동 모델교,1,2020.0,,,,,,,,,,,,,,,,,,,,1
동작고등학교,서울,고,공립,남여공학,서울특별시 동작구 솔밭로 51 (사당동.동작고등학교(복합정보센타)),0,,,0,,,,,,,,,,,,,,,,,,,,,0
둔촌고등학교,서울,고,공립,남여공학,서울특별시 강동구 명일로 140 (둔촌동.둔촌고등학교),1,2023.0,교육활동 모델교,1,2015.0,,,,,,,,,,,,,,,,,,,,1
면목고등학교,서울,고,공립,남자,서울특별시 중랑구 용마산로72길 36-14 (면목동.면목고등학교),1,2023.0,교육활동 모델교,1,2017.0,172.4987341772152,68.25569620253164,88.5,172.5,111.48148148148148,63.18518518518518,,,,,,,,,,,,,,1
반포고등학교,서울,고,공립,남여공학,서울특별시 서초구 고무래로 71 (반포동.반포고등학교),0,,,0,,,,,,,,,,,,,,,,,,,,,0
삼성고등학교,서울,고,공립,남여공학,서울특별시 관악구 신림로 41 (신림동),0,,,0,,,,,,,,,,,,,,,,,,,,,0
상계고등학교,서울,고,공립,남자,서울특별시 노원구 노해로 432 (상계동. 상계고등학교),0,,,0,,,,,,,,,,,,,,,,,,,,,0
서울고등학교,서울,고,공립,남자,서울특별시 서초구 효령로 197 (서초동.서울고등학교),1,2023.0,교육활동 모델교,0,,,,,,,,,,,,,,,,,,,,,0
서초고등학교,서울,고,공립,남여공학,서울특별시 서초구 반포대로27길 29 (서초동),0,,,0,,,,,,,,,,,,,,,,,,,,,0
석관고등학교,서울,고,공립,남여공학,서울특별시 성북구 한천로70길 30 . 석관고등학교 (석관동),0,,,0,,,,,,,,,,,,,,,,,,,,,0
성동고등학교,서울,고,공립,남자,서울특별시 중구 퇴계로90길 17 (신당동),0,,,0,,,,,,,,,,,,,,,,,,,,,0
수락고등학교,서울,고,공립,남여공학,서울특별시 노원구 동일로245길 143 (상계동.수락고등학교),0,,,0,,,,,,,,,,,,,,,,,,,,,0
신림고등학교,서울,고,공립,남여공학,서울특별시 관악구 문성로 119 . 신림고등학교 (신림동),0,,,1,2017.0,,,,,,,,,,,,,,,,,,,,0
신목고등학교,서울,고,공립,남여공학,서울특별시 양천구 안양천로 739 (신정동.신목고등학교),0,,,0,,,,,,,,,,,,,,,,,,,,,0
양재고등학교,서울,고,공립,남여공학,서울특별시 서초구 남부순환로346길 9 (서초동.양재고등학교),0,,,0,,,,,,,,,,,,,,,,,,,,,0
언남고등학교,서울,고,공립,남여공학,서울 서초구 동산로13길 35 (양재동.언남고등학교),0,,,0,,,,,,,,,,,,,,,,,,,,,0
여의도고등학교,서울,고,공립,남자,서울특별시 영등포구 국제금융로7길 37 . 여의도고등학교 (여의도동),0,,,0,,,,,,,,,,,,,,,,,,,,,0
영등포고등학교,서울,고,공립,남자,서울특별시 동작구 등용로8길 5 (대방동.영등포고등학교),0,,,0,,172.41647058823528,68.22588235294117,88.4,170.4,119.28,70.0,,,,,,,,,,,,,,0
영신고등학교,서울,고,공립,남여공학,서울특별시 영등포구 대방천로14길 18 (신길동. 영신고등학교),0,,,0,,,,,,,,,,,,,,,,,,,,,0
오금고등학교,서울,고,공립,남여공학,서울특별시 송파구 중대로 247 (오금동),0,,,0,,,,,,,,,,,,,,,,,,,,,0
노원고등학교,서울,고,공립,남여공학,서울특별시 노원구 노원로 586 (상계동),0,,,0,,,,,,,,,,,,,,,,,,,,,0
용산고등학교,서울,고,공립,남자,서울특별시 용산구 두텁바위로 60 (용산동2가.용산고등학교),1,2023.0,교육활동 모델교,0,,173.43235294117645,70.73627450980392,91.0,168.33333333333334,130.27272727272728,66.84848484848484,,,,,,,,,,,,,,0
인헌고등학교,서울,고,공립,남여공학,서울특별시 관악구 인헌9길 74 (봉천동.인헌고등학교),0,,,0,,,,,,,,,,,,,,,,,,,,,0
자양고등학교,서울,고,공립,남여공학,서울특별시 광진구 뚝섬로37길 28 (자양동.자양고등학교),0,,,0,,,,,,,,,,,,,,,,,,,,,0
잠신고등학교,서울,고,공립,남여공학,서울특별시 송파구 잠실로 24 . 잠신고등학교 (잠실동),0,,,0,,,,,,,,,,,,,,,,,,,,,0
잠실고등학교,서울,고,공립,남자,서울특별시 송파구 올림픽로33길 71 . 잠실고등학교 (신천동),0,,,0,,,,,,,,,,,,,,,,,,,,,0
중경고등학교,서울,고,공립,남여공학,서울특별시 용산구 이촌로84길 34 (이촌동),0,,,1,2020.0,,,,,,,,,,,,,,,,,,,,0
중화고등학교,서울,고,공립,남여공학,서울특별시 중랑구 봉화산로27길 62 (중화동. 중화고등학교),0,,,0,,,,,,,,,,,,,,,,,,,,,0
창동고등학교,서울,고,공립,남여공학,서울특별시 도봉구 노해로62길 7 (창동. 창동고등학교),0,,,0,,166.68916666666667,61.038333333333334,91.2,156.8,113.625,64.25,,,,,,,,,,,,,,0
청담고등학교,서울,고,공립,남여공학,서울특별시 강남구 압구정로 419 . 청담고등학교 (압구정동),0,,,0,,167.3398009950249,63.09303482587065,84.5,176.375,111.36842105263158,66.19298245614036,,,,,,,,,,,,,,0
청량고등학교,서울,고,공립,남여공학,서울특별시 동대문구 왕산로 303 (청량리동. 청량고등학교),0,,,0,,,,,,,,,,,,,,,,,,,,,0
태릉고등학교,서울,고,공립,남여공학,서울특별시 중랑구 신내로23길 36 . 태릉고등학교 (묵동),0,,,0,,,,,,,,,,,,,,,,,,,,,0
경기여자고등학교,서울,고,공립,여자,서울특별시 강남구 삼성로 29 . 경기여자고등학교 (개포동),0,,,0,,,,,,,,,,,,,,,,,,,,,0
금옥여자고등학교,서울,고,공립,여자,서울특별시 양천구 신정로 213 (신정동),0,,,0,,,,,,,,,,,,,,,,,,,,,0
명일여자고등학교,서울,고,공립,여자,서울특별시 강동구 명일로 350 (명일동.명일여자고등학교),0,,,0,,,,,,,,,,,,,,,,,,,,,0
무학여자고등학교,서울,고,공립,여자,서울특별시 성동구 고산자로 197 무학여자고등학교,0,,,0,,,,,,,,,,,,,,,,,,,,,0
서울여자고등학교,서울,고,공립,여자,서울특별시 마포구 백범로25길 34 . 서울여자고등학교 (염리동),0,,,0,,,,,,,,,,,,,,,,,,,,,0
수도여자고등학교,서울,고,공립,여자,서울특별시 동작구 여의대방로10길 73 . 수도여자고등학교 (신대방동),0,,,0,,,,,,,,,,,,,,,,,,,,,0
여의도여자고등학교,서울,고,공립,여자,서울특별시 영등포구 국제금융로7가길 13 . 여의도여자고등학교 (여의도동),0,,,0,,,,,,,,,,,,,,,,,,,,,0
영등포여자고등학교,서울,고,공립,여자,서울특별시 영등포구 영등포로62길 13 . 영등포여자고등학교  (신길동)184-3,0,,,0,,,,,,,,,,,,,,,,,,,,,0
창덕여자고등학교,서울,고,공립,여자,서울특별시 송파구 양재대로 1240 . 창덕여자고등학교 (방이동),0,,,0,,,,,,,,,,,,,,,,,,,,,0
혜화여자고등학교,서울,고,공립,여자,서울특별시 강북구 인수봉로 127 (수유동.혜화여자고등학교),0,,,0,,,,,,,,,,,,,,,,,,,,,0
누원고등학교,서울,고,공립,남여공학,서울특별시 도봉구 마들로 849 . 누원고등학교 (도봉동),0,,,0,,,,,,,,,,,,,,,,,,,,,0
방산고등학교,서울,고,공립,남여공학,서울특별시 송파구 오금로27길 18 (방이동),0,,,1,2019.0,,,,,,,,,,,,,,,,,,,,0
신현고등학교,서울,고,공립,남여공학,서울특별시 중랑구 봉화산로 174 . 신현고등학교 (상봉동),0,,,0,,,,,,,,,,,,,,,,,,,,,0
자운고등학교,서울,고,공립,남여공학,서울특별시 도봉구 노해로69길 150 (창동),0,,,0,,,,,,,,,,,,,,,,,,,,,0
도봉고등학교,서울,고,공립,남여공학,서울특별시 도봉구 도봉산길 27 (도봉동.도봉고등학교),0,,,0,,,,,,,,,,,,,,,,,,,,,0
등촌고등학교,서울,고,공립,남여공학,서울특별시 강서구 공항대로39길 115 . 등촌고등학교 (등촌동),0,,,0,,,,,,,,,,,,,,,,,,,,,0
경일고등학교,서울,고,공립,남여공학,서울특별시 성동구 성수일로 27 . 경일고등학교 (성수동1가),0,,,0,,,,,,,,,,,,,,,,,,,,,0
선유고등학교,서울,고,공립,남여공학,서울특별시 영등포구 선유로 227 . 선유고등학교 (양평동4가),0,,,0,,,,,,,,,,,,,,,,,,,,,0
월계고등학교,서울,고,공립,남여공학,서울특별시 노원구 초안산로5길 66 (월계동.월계고등학교),0,,,0,,,,,,,,,,,,,,,,,,,,,0
불암고등학교,서울,고,공립,남여공학,서울특별시 노원구 중계로 155 (중계동),0,,,0,,166.97156862745098,61.662254901960786,89.625,155.75,107.05714285714286,62.9,,,,,,,,,,,,,,0
세현고등학교,서울,고,공립,남여공학,서울특별시 강서구 허준로 227 . 세현고등학교 (가양동),0,,,1,2018.0,165.26206896551724,61.590804597701144,85.66666666666667,204.66666666666666,111.81481481481481,67.92592592592592,,,,,,,,,,,,,,0
신서고등학교,서울,고,공립,남여공학,서울특별시 양천구 은행정로 42 . 신서고등학교 (신정동),0,,,0,,168.10736842105263,62.49578947368421,86.33333333333333,150.66666666666666,104.96774193548387,60.83870967741935,,,,,,,,,,,,,,0
효문고등학교,서울,고,공립,남여공학,서울특별시 도봉구 우이천로 432 (쌍문동.효문중 고등학교),0,,,0,,,,,,,,,,,,,,,,,,,,,0
원묵고등학교,서울,고,공립,남여공학,서울특별시 중랑구 숙선옹주로 82 . 원묵고등학교 (묵동),0,,,0,,,,,,,,,,,,,,,,,,,,,0
상암고등학교,서울,고,공립,남여공학,서울특별시 마포구 월드컵북로 445 (상암동),0,,,0,,,,,,,,,,,,,,,,,,,,,0
구현고등학교,서울,고,공립,남여공학,서울특별시 구로구 경인로53가길 17 (구로동),0,,,0,,,,,,,,,,,,,,,,,,,,,0
문정고등학교,서울,고,공립,남여공학,서울특별시 송파구 송이로34길 62 (문정동.문정고등학교),0,,,0,,,,,,,,,,,,,,,,,,,,,0
은평고등학교,서울,고,공립,남여공학,서울특별시 은평구 갈현로15길 51 (구산동),0,,,0,,,,,,,,,,,,,,,,,,,,,0
진관고등학교,서울,고,공립,남여공학,서울특별시 은평구 진관4로 26 (진관동),0,,,0,,,,,,,,,,,,,,,,,,,,,0
신도림고등학교,서울,고,공립,남여공학,서울특별시 구로구 경인로67길 159 (신도림동.신도림고등학교),0,,,0,,,,,,,,,,,,,,,,,,,,,0
수명고등학교,서울,고,공립,남여공학,서울특별시 강서구 수명로2길 15 . 수명고등학교 (내발산동),0,,,0,,,,,,,,,,,,,,,,,,,,,0
성수고등학교,서울,고,공립,남여공학,서울특별시 성동구 서울숲길 18 . 성수고등학교 (성수동1가),0,,,0,,,,,,,,,,,,,,,,,,,,,0
미양고등학교,서울,고,공립,남여공학,서울특별시 강북구 인수봉로 39 . 미양고등학교 (미아동),0,,,0,,,,,,,,,,,,,,,,,,,,,0
강일고등학교,서울,고,공립,남여공학,서울특별시 강동구 아리수로98길 40 (강일동),0,,,0,,,,,,,,,,,,,,,,,,,,,0
문현고등학교,서울,고,공립,남여공학,서울특별시 송파구 충민로 115 (장지동),0,,,0,,,,,,,,,,,,,,,,,,,,,0
신도고등학교,서울,고,공립,남여공학,서울특별시 은평구 통일로 961 (진관동),0,,,0,,,,,,,,,,,,,,,,,,,,,0
선사고등학교,서울,고,공립,남여공학,서울특별시 강동구 고덕로25길 17 . 선사고등학교 (암사동),0,,,0,,,,,,,,,,,,,,,,,,,,,0
삼각산고등학교,서울,고,공립,남여공학,서울특별시 강북구 삼양로19길 40 (미아동.삼각산고등학교),0,,,0,,,,,,,,,,,,,,,,,,,,,0
구암고등학교,서울,고,공립,남여공학,서울특별시 관악구 성현로 57 (봉천동.구암고등학교),0,,,0,,,,,,,,,,,,,,,,,,,,,0
잠일고등학교,서울,고,공립,남여공학,서울특별시 송파구 백제고분로 21 (잠실동),0,,,1,2019.0,,,,,,,,,,,,,,,,,,,,0
휘봉고등학교,서울,고,공립,남여공학,서울특별시 동대문구 한천로 290 (휘경동),0,,,1,2020.0,,,,,,,,,,,,,,,,,,,,0
가재울고등학교,서울,고,공립,남여공학,서울특별시 서대문구 수색로 100-35 (북가좌동),0,,,0,,,,,,,,,,,,,,,,,,,,,0
도선고등학교,서울,고,공립,남여공학,서울특별시 성동구 마장로 156 (하왕십리동),1,2023.0,교육활동 모델교,1,2018.0,,,,,,,,,,,,,,,,,,,,1
금호고등학교,서울,고,공립,남여공학,서울특별시 성동구 금호로 118 (금호동1가),0,,,0,,,,,,,,,,,,,,,,,,,,,0
강동고등학교,서울,고,사립,남여공학,서울특별시 강동구 구천면로 572 (상일동),0,,,0,,166.60074074074072,60.480000000000004,91.75,196.625,110.25490196078431,65.29411764705883,,,,,,,,,,,,,,0
강서고등학교,서울,고,사립,남자,서울특별시 양천구 목동중앙남로 27 . 강서고등학교 (목동),1,2023.0,교육활동 모델교,0,,,,,,,,,,,,,,,,,,,,,0
건국대학교사범대학부속고등학교,서울,고,사립,남여공학,서울특별시 광진구 능동로 120 . 건국대학교사범대학부속고등학교 (화양동),0,,,0,,,,,,,,,,,,,,,,,,,,,0
경문고등학교,서울,고,사립,남자,서울특별시 동작구 동작대로 171 . 경문고등학교 (동작동),0,,,0,,,,,,,,,,,,,,,,,,,,,0
경성고등학교,서울,고,사립,남자,서울특별시 마포구 성미산로 111 . 경성고등학교 (연남동),0,,,0,,,,,,,,,,,,,,,,,,,,,0
경신고등학교,서울,고,사립,남자,서울특별시 종로구 혜화로 74 (혜화동.경신중고등학교),0,,,0,,,,,,,,,,,,,,,,,,,,,0
경희고등학교,서울,고,사립,남자,서울특별시 동대문구 경희대로 26 경희고등학교(회기동),0,,,0,,,,,,,,,,,,,,,,,,,,,0
고려대학교사범대학부속고등학교,서울,고,사립,남자,서울특별시 성북구 정릉로 161 (정릉동),1,2023.0,교육활동 모델교,0,,,,,,,,,,,,,,,,,,,,,0
광문고등학교,서울,고,사립,남여공학,서울특별시 강동구 동남로 968 광문고등학교 (고덕동),0,,,0,,,,,,,,,,,,,,,,,,,,,0
광성고등학교,서울,고,사립,남자,서울특별시 마포구 신수로8길 20 (신수동),0,,,0,,,,,,,,,,,,,,,,,,,,,0
광신고등학교,서울,고,사립,남여공학,서울특별시 관악구 광신길 141 (신림동.광신중고등학교),0,,,0,,,,,,,,,,,,,,,,,,,,,0
광영고등학교,서울,고,사립,남자,서울특별시 양천구 남부순환로30길 17 광영고등학교 (신월동),0,,,0,,,,,,,,,,,,,,,,,,,,,0
남강고등학교,서울,고,사립,남자,서울특별시 관악구 난곡로34길 80 (난곡동. 남강중고등학교),0,,,0,,,,,,,,,,,,,,,,,,,,,0
단국대학교사범대학부속고등학교,서울,고,사립,남자,서울특별시 강남구 도곡로64길 21 (대치동),0,,,0,,,,,,,,,,,,,,,,,,,,,0
대광고등학교,서울,고,사립,남자,서울특별시 동대문구 안암로 6 . 대광고등학교 (신설동),0,,,1,2016.0,,,,,,,,,,,,,,,,,,,,0
대성고등학교,서울,고,사립,남자,서울특별시 은평구 갈현로29길 51-24 . 대성고등학교 (갈현동),0,,,0,,,,,,,,,,,,,,,,,,,,,0
대신고등학교,서울,고,사립,남자,서울특별시 종로구 사직로 9 (행촌동),0,,,0,,,,,,,,,,,,,,,,,,,,,0
대원고등학교,서울,고,사립,남자,서울특별시 광진구 용마산로22길 26 . 대원고등학교 (중곡동),1,2023.0,교육활동 모델교,1,2018.0,,,,,,,,,,,,,,,,,,,,1
대일고등학교,서울,고,사립,남자,서울특별시 강서구 등촌로 105 (등촌동.대일고등학교),0,,,0,,172.16382978723405,69.22127659574468,94.0,176.0,114.84615384615384,72.84615384615384,,,,,,,,,,,,,,0
대진고등학교,서울,고,사립,남자,서울특별시 노원구 공릉로62가길 47 . 대진고등학교 (하계동),0,,,0,,,,,,,,,,,,,,,,,,,,,0
동국대학교사범대학부속고등학교,서울,고,사립,남자,서울특별시 동대문구 장안벚꽃로 201 . 동국대학교사범대학부속고등학교 (장안동),0,,,1,2019.0,,,,,,,,,,,,,,,,,,,,0
동북고등학교,서울,고,사립,남자,서울특별시 강동구 강동대로 305 (둔촌동),0,,,0,,174.6060606060606,69.1,,208.0,155.0,25.25,,,,,,,,,,,,,,0
동성고등학교,서울,고,사립,남자,서울특별시 종로구 대학로 156 (혜화동.동성중고교),1,2023.0,교육활동 모델교,0,,,,,,,,,,,,,,,,,,,,,0
마포고등학교,서울,고,사립,남자,서울특별시 강서구 화곡로 403 (등촌동.마포고등학교),1,2023.0,교육활동 모델교,1,2016.0,,,,,,,,,,,,,,,,,,,,1
명덕고등학교,서울,고,사립,남자,서울특별시 강서구 강서로47길 34-10 .명덕고등학교(내발산동),0,,,0,,,,,,,,,,,,,,,,,,,,,0
명지고등학교,서울,고,사립,남여공학,서울특별시 서대문구 명지2길 56 . 명지고등학교 (홍은동),0,,,0,,167.0050228310502,61.393150684931506,84.6875,171.25,109.83333333333333,66.86111111111111,,,,,,,,,,,,,,0
문일고등학교,서울,고,사립,남자,서울특별시 금천구 시흥대로47길 45 (시흥동),0,,,0,,173.20104166666667,69.17083333333333,87.0,194.0,112.66666666666667,65.16666666666667,,,,,,,,,,,,,,0
배명고등학교,서울,고,사립,남자,서울특별시 송파구 삼학사로 11 (삼전동),1,2023.0,교육활동 모델교,0,,,,,,,,,,,,,,,,,,,,,0
성덕고등학교,서울,고,사립,남여공학,서울특별시 강동구 구천면로 396 (천호동. 성덕고등학교.성덕여자중학교),0,,,0,,,,,,,,,,,,,,,,,,,,,0
배문고등학교,서울,고,사립,남자,서울특별시 용산구 효창원로 258 (서계동),1,2023.0,교육활동 모델교,0,,,,,,,,,,,,,,,,,,,,,0
배재고등학교,서울,고,사립,남자,서울특별시 강동구 고덕로 227 (고덕동.배재중 고등학교),0,,,1,2019.0,,,,,,,,,,,,,,,,,,,,0
백암고등학교,서울,고,사립,남여공학,서울특별시 양천구 신정로13길 16 . 백암고등학교 (신정동),0,,,0,,,,,,,,,,,,,,,,,,,,,0
보성고등학교,서울,고,사립,남자,서울특별시 송파구 양재대로 1278 (방이동.보성중고등학교),0,,,0,,,,,,,,,,,,,,,,,,,,,0
상문고등학교,서울,고,사립,남자,서울특별시 서초구 명달로 45 (방배동.상문고등학교),0,,,1,2020.0,,,,,,,,,,,,,,,,,,,,0
서라벌고등학교,서울,고,사립,남자,서울특별시 노원구 한글비석로5길 18 . (중계1동 313. 서라벌고등학교),0,,,0,,173.94827586206895,68.88534482758621,106.0,164.8,104.4054054054054,60.91891891891892,,,,,,,,,,,,,,0
서울미술고등학교,서울,고,사립,남여공학,서울특별시 관악구 남부순환로247길 26 (봉천동.서울미술고등학교),0,,,0,,,,,,,,,,,,,,,,,,,,,0
서울세종고등학교,서울,고,사립,남여공학,서울특별시 강남구 광평로51길 36 . 서울세종고등학교 (수서동),1,2023.0,교육활동 모델교,1,2019.0,167.5495412844037,62.27018348623853,88.0,183.88888888888889,109.36507936507937,65.11111111111111,,,,,,,,,,,,,,1
선덕고등학교,서울,고,사립,남자,서울특별시 도봉구 시루봉로 53 .  선덕고등학교 (쌍문동),0,,,0,,,,,,,,,,,,,,,,,,,,,0
선정고등학교,서울,고,사립,남여공학,서울특별시 은평구 서오릉로20길 19 . 선정고등학교 (갈현동),0,,,0,,,,,,,,,,,,,,,,,,,,,0
성남고등학교,서울,고,사립,남자,서울특별시 동작구 대방동길 74 (대방동),0,,,1,2018.0,,,,,,,,,,,,,,,,,,,,0
성보고등학교,서울,고,사립,남자,서울특별시 관악구 남부순환로156길 39 (신림동.성보고등학교),1,2023.0,교육활동 모델교,1,2019.0,,,,,,,,,,,,,,,,,,,,1
세화고등학교,서울,고,사립,남자,서울특별시 서초구 신반포로 56-7 (반포동),0,,,1,2019.0,,,,,,,,,,,,,,,,,,,,0
송곡고등학교,서울,고,사립,남자,서울특별시 중랑구 양원역로 50 (망우동),0,,,0,,,,,,,,,,,,,,,,,,,,,0
숭문고등학교,서울,고,사립,남자,서울특별시 마포구 숭문길 99 (대흥동),0,,,0,,,,,,,,,,,,,,,,,,,,,0
숭실고등학교,서울,고,사립,남자,서울특별시 은평구 은평터널로7길 6 (신사동),1,2023.0,교육활동 모델교,1,2019.0,,,,,,,,,,,,,,,,,,,,1
신일고등학교,서울,고,사립,남자,서울특별시 강북구 솔매로49길 20 (미아동.신일중고등학교),1,2023.0,교육활동 모델교,0,,,,,,,,,,,,,,,,,,,,,0
양정고등학교,서울,고,사립,남자,서울특별시 양천구 안양천로 1039 (목동.양정고등학교),1,2023.0,교육활동 모델교,0,,,,,,,,,,,,,,,,,,,,,0
양천고등학교,서울,고,사립,남자,서울특별시 양천구 신정로14길 13 (신정동.양천고등학교),0,,,0,,,,,,,,,,,,,,,,,,,,,0
영동고등학교,서울,고,사립,남자,서울특별시 강남구 선릉로 742 (청담동. 영동고등학교),0,,,0,,,,,,,,,,,,,,,,,,,,,0
영락고등학교,서울,고,사립,남여공학,서울특별시 관악구 청룡16길 25 . 영락고등학교 (봉천동),0,,,0,,,,,,,,,,,,,,,,,,,,,0
영일고등학교,서울,고,사립,남자,서울특별시 강서구 등촌로51가길 26 . 영일고등학교 (등촌동),0,,,0,,,,,,,,,,,,,,,,,,,,,0
영훈고등학교,서울,고,사립,남여공학,서울특별시 강북구 도봉로13가길 19 (미아동.학교법인영훈학원),0,,,0,,,,,,,,,,,,,,,,,,,,,0
오산고등학교,서울,고,사립,남자,서울특별시 용산구 보광로7길 17 (보광동),0,,,1,2017.0,173.054,69.442,95.5,176.83333333333334,120.375,73.09375,,,,,,,,,,,,,,0
용문고등학교,서울,고,사립,남자,서울특별시 성북구 인촌로17가길 46 (안암동2가),0,,,1,2019.0,,,,,,,,,,,,,,,,,,,,0
우신고등학교,서울,고,사립,남자,서울특별시 구로구 부일로 917 . 우신고등학교 (궁동),0,,,0,,,,,,,,,,,,,,,,,,,,,0
인창고등학교,서울,고,사립,남자,서울특별시 서대문구 경기대로 65 . 인창고등학교 (충정로2가),0,,,0,,,,,,,,,,,,,,,,,,,,,0
장충고등학교,서울,고,사립,남자,서울특별시 중구 동호로15길 93 장충고등학교,0,,,1,2016.0,,,,,,,,,,,,,,,,,,,,0
장훈고등학교,서울,고,사립,남자,서울특별시 영등포구 영등포로64길 26 . 장훈고등학교 (신길동),0,,,0,,,,,,,,,,,,,,,,,,,,,0
재현고등학교,서울,고,사립,남자,서울특별시 노원구 덕릉로82길 64 . 재현고등학교 (중계동),1,2023.0,교육활동 모델교,1,2018.0,,,,,,,,,,,,,,,,,,,,1
중동고등학교,서울,고,사립,남자,서울특별시 강남구 일원로 7 . 중동고등학교 (일원동),0,,,0,,,,,,,,,,,,,,,,,,,,,0
중산고등학교,서울,고,사립,남자,서울특별시 강남구 일원로14길 22 . 중산고등학교 (일원동),0,,,0,,,,,,,,,,,,,,,,,,,,,0
중앙고등학교,서울,고,사립,남자,서울특별시 종로구 창덕궁길 164 (계동),0,,,0,,,,,,,,,,,,,,,,,,,,,0
중앙대학교사범대학부속고등학교,서울,고,사립,남여공학,서울특별시 강남구 선릉로 207 . 중앙대학교사범대학부속고등학교 (도곡동),0,,,0,,,,,,,,,,,,,,,,,,,,,0
청원고등학교,서울,고,사립,남자,서울특별시 노원구 한글비석로 506 . 청원고등학교 (상계동),1,2023.0,교육활동 모델교,1,2016.0,,,,,,,,,,,,,,,,,,,,1
충암고등학교,서울,고,사립,남자,서울특별시 은평구 가좌로5길 5 (응암동),0,,,0,,,,,,,,,,,,,,,,,,,,,0
한가람고등학교,서울,고,사립,남여공학,서울특별시 양천구 목동서로 15 한가람고등학교 (목동),0,,,0,,,,,,,,,,,,,,,,,,,,,0
한광고등학교,서울,고,사립,남여공학,서울특별시 강서구 등촌로13길 110 (화곡동),0,,,0,,,,,,,,,,,,,,,,,,,,,0
한국삼육고등학교,서울,고,사립,남여공학,서울특별시 노원구 화랑로 815 (공릉동),1,2023.0,교육활동 모델교,0,,,,,,,,,,,,,,,,,,,,,0
한서고등학교,서울,고,사립,남여공학,서울 강서구 양천로11길 47 (방화동.한서고등학교),1,2023.0,교육활동 모델교,0,,,,,,,,,,,,,,,,,,,,,0
한성고등학교,서울,고,사립,남자,서울특별시 서대문구 북아현로1길 24 (북아현동),0,,,0,,,,,,,,,,,,,,,,,,,,,0
한영고등학교,서울,고,사립,남여공학,서울특별시 강동구 동남로 832 (상일동. 한영고등학교),0,,,0,,,,,,,,,,,,,,,,,,,,,0
현대고등학교,서울,고,사립,남여공학,서울특별시 강남구 압구정로 127 (압구정동),0,,,0,,,,,,,,,,,,,,,,,,,,,0
홍익대학교사범대학부속고등학교,서울,고,사립,남자,서울특별시 성북구 성북로14가길 23 (성북동.홍익대학교부속중고등학교),0,,,1,2018.0,,,,,,,,,,,,,,,,,,,,0
화곡고등학교,서울,고,사립,남자,서울특별시 강서구 강서로45길 69 (내발산동),0,,,0,,,,,,,,,,,,,,,,,,,,,0
환일고등학교,서울,고,사립,남자,서울특별시 중구 환일길 47 (만리동2가. 환일중고등학교),0,,,1,2020.0,,,,,,,,,,,,,,,,,,,,0
휘문고등학교,서울,고,사립,남자,서울특별시 강남구 역삼로 541 (대치동),0,,,0,,,,,,,,,,,,,,,,,,,,,0
경복여자고등학교,서울,고,사립,여자,서울특별시 강서구 화곡로63길 40 (등촌동),0,,,0,,,,,,,,,,,,,,,,,,,,,0
경희여자고등학교,서울,고,사립,여자,서울특별시 동대문구 경희대로 26 . 경희여자고등학교  (회기동.경희대학교),0,,,1,2020.0,,,,,,,,,,,,,,,,,,,,0
계성고등학교,서울,고,사립,남여공학,서울특별시 성북구 길음로 63 계성고등학교 (길음동),1,2023.0,교육활동 모델교,0,,,,,,,,,,,,,,,,,,,,,0
광영여자고등학교,서울,고,사립,여자,서울특별시 양천구 남부순환로30길 17 . 광영여자고등학교 (신월동),0,,,0,,,,,,,,,,,,,,,,,,,,,0
이화여자대학교사범대학부속이화금란고등학교,서울,고,사립,남여공학,서울특별시 서대문구 성산로 560 . 이대부속고등학교 (대신동),0,,,0,,,,,,,,,,,,,,,,,,,,,0
대원여자고등학교,서울,고,사립,여자,서울특별시 광진구 용마산로22길 26 . 대원여자고등학교 (중곡동),0,,,0,,,,,,,,,,,,,,,,,,,,,0
대진여자고등학교,서울,고,사립,여자,서울특별시 노원구 공릉로 438 (중계동.대진여자고등학교),0,,,0,,161.41061946902656,56.39203539823009,78.5,147.5,108.02631578947368,64.47368421052632,,,,,,,,,,,,,,0
덕성여자고등학교,서울,고,사립,여자,서울특별시 종로구 율곡로3길 50 . 덕성여자고등학교 (안국동),0,,,1,2018.0,,,,,,,,,,,,,,,,,,,,0
덕원여자고등학교,서울,고,사립,여자,서울특별시 강서구 강서로45길 91-44 . 덕원여자고등학교 (내발산동),0,,,0,,,,,,,,,,,,,,,,,,,,,0
동덕여자고등학교,서울,고,사립,여자,서울특별시 서초구 효령로2길 123-5 . 동덕여자고등학교 (방배동),0,,,0,,,,,,,,,,,,,,,,,,,,,0
동명여자고등학교,서울,고,사립,여자,서울특별시 은평구 통일로 793 (대조동),0,,,0,,161.00188679245284,56.7188679245283,98.8,185.6,115.82352941176471,70.91176470588235,,,,,,,,,,,,,,0
동일여자고등학교,서울,고,사립,여자,서울특별시 금천구 탑골로10길 45 (시흥동. 동일여자고등학교),1,2023.0,교육활동 모델교,0,,,,,,,,,,,,,,,,,,,,,0
명덕여자고등학교,서울,고,사립,여자,서울특별시 강서구 강서로47길 34-10 (내발산동),0,,,0,,,,,,,,,,,,,,,,,,,,,0
동국대학교사범대학부속여자고등학교,서울,고,사립,여자,서울특별시 광진구 광나루로36길 47 (구의동.동국대학교사범대학부속여자중고등학교),1,2023.0,교육활동 모델교,0,,162.26504854368932,59.793203883495146,86.83333333333333,197.33333333333334,108.25806451612904,63.83870967741935,,,,,,,,,,,,,,0
서울문영여자고등학교,서울,고,사립,여자,서울특별시 관악구 관악로 85 . 서울문영여자고등학교 (봉천동),0,,,0,,,,,,,,,,,,,,,,,,,,,0
미림여자고등학교,서울,고,사립,여자,서울특별시 관악구 호암로 546 . 미림여자고등학교 (신림동),0,,,0,,,,,,,,,,,,,,,,,,,,,0
배화여자고등학교,서울,고,사립,여자,서울특별시 종로구 필운대로1길 34 (필운동.배화여자고등학교),0,,,0,,,,,,,,,,,,,,,,,,,,,0
보성여자고등학교,서울,고,사립,여자,서울특별시 용산구 신흥로3가길 66 . 보성여자고등학교 (용산동2가),0,,,0,,,,,,,,,,,,,,,,,,,,,0
보인고등학교,서울,고,사립,남자,서울특별시 송파구 오금로49길 18 . 보인고등학교 (오금동),0,,,0,,,,,,,,,,,,,,,,,,,,,0
상명대학교사범대학부속여자고등학교,서울,고,사립,여자,서울특별시 종로구 홍지문2길 20 (홍지동.상명대학교),1,2023.0,교육활동 모델교,0,,,,,,,,,,,,,,,,,,,,,0
상명고등학교,서울,고,사립,남여공학,서울특별시 노원구 덕릉로 553 . 상명고등학교 (중계동),0,,,0,,,,,,,,,,,,,,,,,,,,,0
상일여자고등학교,서울,고,사립,여자,서울특별시 강동구 천호대로219길 61 . 상일여자고등학교 (상일동),0,,,0,,,,,,,,,,,,,,,,,,,,,0
서문여자고등학교,서울,고,사립,여자,서울특별시 서초구 동광로12길 84 . 서문여자고등학교 (방배동),0,,,0,,,,,,,,,,,,,,,,,,,,,0
선일여자고등학교,서울,고,사립,여자,서울특별시 은평구 갈현로29길 27 선일여자고등학교(갈현동),0,,,0,,,,,,,,,,,,,,,,,,,,,0
성신여자고등학교,서울,고,사립,여자,서울특별시 성북구 동소문로26가길 80 (돈암동),0,,,0,,,,,,,,,,,,,,,,,,,,,0
성심여자고등학교,서울,고,사립,여자,서울특별시 용산구 원효로19길 49 . 성심여자고등학교 (원효로4가),0,,,0,,160.76666666666665,57.05858585858586,87.75,200.5,112.25714285714285,69.54285714285714,,,,,,,,,,,,,,0
세화여자고등학교,서울,고,사립,여자,서울특별시 서초구 신반포로 56-7 세화여자고등학교,0,,,0,,,,,,,,,,,,,,,,,,,,,0
송곡여자고등학교,서울,고,사립,여자,서울특별시 중랑구 양원역로 67 . 송곡여자고등학교 (망우동),0,,,0,,,,,,,,,,,,,,,,,,,,,0
숙명여자고등학교,서울,고,사립,여자,서울특별시 강남구 남부순환로 2807 . 숙명여자고등학교 (도곡동),0,,,0,,161.7206611570248,55.87107438016529,99.16666666666667,176.83333333333334,107.7948717948718,62.53846153846154,,,,,,,,,,,,,,0
숭의여자고등학교,서울,고,사립,여자,서울특별시 동작구 여의대방로36길 79 . 숭의여자고등학교 (대방동),0,,,0,,,,,,,,,,,,,,,,,,,,,0
신광여자고등학교,서울,고,사립,여자,서울특별시 용산구 청파로 263 . 신광여자고등학교 (청파동3가),0,,,0,,,,,,,,,,,,,,,,,,,,,0
목동고등학교,서울,고,사립,여자,서울특별시 양천구 목동동로2길 68 . 목동고등학교 (신정동),0,,,0,,,,,,,,,,,,,,,,,,,,,0
염광고등학교,서울,고,사립,남여공학,서울특별시 노원구 월계로45가길 9 . 염광고등학교 (월계동),1,2023.0,교육활동 모델교,0,,,,,,,,,,,,,,,,,,,,,0
영동일고등학교,서울,고,사립,남여공학,서울특별시 송파구 석촌호수로 93 . 영동일고등학교 (잠실동),0,,,0,,,,,,,,,,,,,,,,,,,,,0
영신여자고등학교,서울,고,사립,여자,서울특별시 노원구 중계로16나길 13 . 영신여자고등학교 (중계동),0,,,0,,,,,,,,,,,,,,,,,,,,,0
영파여자고등학교,서울,고,사립,여자,서울특별시 송파구 올림픽로 565 . 영파여자고등학교 (풍납동.영파여자고등학교),0,,,0,,,,,,,,,,,,,,,,,,,,,0
예일여자고등학교,서울,고,사립,여자,서울특별시 은평구 연서로 117 . 예일여자고등학교 (구산동.수위실),0,,,0,,,,,,,,,,,,,,,,,,,,,0
용화여자고등학교,서울,고,사립,여자,서울특별시 노원구 동일로 1461 . 용화여자고등학교 (상계동.용화여자고등학교),1,2023.0,교육활동 모델교,0,,,,,,,,,,,,,,,,,,,,,0
은광여자고등학교,서울,고,사립,여자,서울특별시 강남구 남부순환로359길 36 (도곡동),0,,,0,,,,,,,,,,,,,,,,,,,,,0
이화여자고등학교,서울,고,사립,여자,서울특별시 중구 정동길 . 26 (정동),1,2023.0,교육활동 모델교,0,,,,,,,,,,,,,,,,,,,,,0
잠실여자고등학교,서울,고,사립,여자,서울특별시 송파구 송파대로38길 8 (송파동) 잠실여자고등학교,0,,,0,,,,,,,,,,,,,,,,,,,,,0
정신여자고등학교,서울,고,사립,여자,서울특별시 송파구 올림픽로4길 16 . 정신여자고등학교 (잠실동),1,2023.0,교육활동 모델교,1,2020.0,,,,,,,,,,,,,,,,,,,,1
정의여자고등학교,서울,고,사립,여자,서울특별시 도봉구 노해로49길 69 (쌍문동),1,2023.0,교육활동 모델교,1,2019.0,,,,,,,,,,,,,,,,,,,,1
중앙여자고등학교,서울,고,사립,여자,서울특별시 서대문구 북아현로11가길 7 (북아현동),0,,,0,,,,,,,,,,,,,,,,,,,,,0
진명여자고등학교,서울,고,사립,여자,서울특별시 양천구 목동로 170 . 진명여자고등학교 (목동),1,2023.0,교육활동 모델교,0,,,,,,,,,,,,,,,,,,,,,0
진선여자고등학교,서울,고,사립,여자,서울특별시 강남구 선릉로85길 27 (진선여자고등학교.역삼동),0,,,0,,,,,,,,,,,,,,,,,,,,,0
창문여자고등학교,서울,고,사립,여자,서울특별시 강북구 월계로 61 . 창문여자고등학교 (미아동),0,,,0,,,,,,,,,,,,,,,,,,,,,0
청원여자고등학교,서울,고,사립,여자,서울특별시 노원구 한글비석로 506 . 청원여자고등학교 (상계동.청원초/중/고등학교),1,2023.0,교육활동 모델교,1,2017.0,,,,,,,,,,,,,,,,,,,,1
풍문고등학교,서울,고,사립,남여공학,서울특별시 강남구 자곡로 152 (자곡동),0,,,0,,,,,,,,,,,,,,,,,,,,,0
한성여자고등학교,서울,고,사립,여자,서울특별시 성북구 삼선교로16길 117 . 한성여자고등학교 (삼선동2가),0,,,0,,,,,,,,,,,,,,,,,,,,,0
한양대학교사범대학부속고등학교,서울,고,사립,남여공학,서울특별시 성동구 마조로 42 . 한양대학교사범대학부속고등학교 (사근동),0,,,1,2018.0,,,,,,,,,,,,,,,,,,,,0
혜성여자고등학교,서울,고,사립,여자,서울특별시 노원구 노원로16길 2 (하계동.혜성여자고등학교),0,,,0,,,,,,,,,,,,,,,,,,,,,0
혜원여자고등학교,서울,고,사립,여자,서울특별시 중랑구 봉우재로58길 39 (망우동),0,,,0,,,,,,,,,,,,,,,,,,,,,0
홍익대학교사범대학부속여자고등학교,서울,고,사립,여자,서울특별시 마포구 성미산로 51 (성산동. 여자고등학교),0,,,0,,160.96880733944954,53.74770642201835,80.6,179.6,102.4054054054054,63.37837837837838,,,,,,,,,,,,,,0
휘경여자고등학교,서울,고,사립,여자,서울특별시 동대문구 한천로 247 휘경여자고등학교 (휘경동),0,,,0,,,,,,,,,,,,,,,,,,,,,0
오류고등학교,서울,고,사립,여자,서울특별시 구로구 오리로21길 2 (궁동. 오류고등학교),0,,,0,,,,,,,,,,,,,,,,,,,,,0
해성여자고등학교,서울,고,사립,여자,서울특별시 동대문구 전농로20길 31 (전농동.해성여자고등학교),0,,,0,,,,,,,,,,,,,,,,,,,,,0
하나고등학교,서울,고,사립,남여공학,서울특별시 은평구 연서로 535 . 하나고등학교 (진관동),0,,,0,,,,,,,,,,,,,,,,,,,,,0
동양고등학교,서울,고,사립,남자,서울특별시 강서구 허준로 50 (가양동.동양고등학교),0,,,0,,,,,,,,,,,,,,,,,,,,,0
서울체육고등학교,서울,고,공립,남여공학,서울특별시 송파구 강동대로 232 . 서울체육고등학교 (방이동),0,,,0,,,,,,,,,,,,,,,,,,,,,0
서울과학고등학교,서울,고,공립,남여공학,서울특별시 종로구 혜화로 63 (명륜1가),0,,,0,,,,,,,,,,,,,,,,,,,,,0
한성과학고등학교,서울,고,공립,남여공학,서울특별시 서대문구 통일로 279-79 . 한성과학고등학교 (현저동),0,,,1,2017.0,,,,,,,,,,,,,,,,,,,,0
세종과학고등학교,서울,고,공립,남여공학,서울특별시 구로구 오리로21길 79 (궁동),1,2023.0,교육활동 모델교,0,,171.34893617021277,65.37872340425533,76.0,141.5,108.0,68.5,,,,,,,,,,,,,,0
국립국악고등학교,서울,고,국립,남여공학,서울특별시 강남구 개포로22길 65 . (개포동. 국립국악고등학교),0,,,0,,,,,,,,,,,,,,,,,,,,,0
국립전통예술고등학교,서울,고,국립,남여공학,서울특별시 금천구 시흥대로38길 62 (시흥동),0,,,0,,,,,,,,,,,,,,,,,,,,,0
덕원예술고등학교,서울,고,사립,남여공학,서울특별시 강서구 강서로45길 91-44 . 덕원예술고등학교 (내발산동),0,,,0,,,,,,,,,,,,,,,,,,,,,0
서울예술고등학교,서울,고,사립,남여공학,서울특별시 종로구 평창문화로 70 (평창동),0,,,0,,,,,,,,,,,,,,,,,,,,,0
선화예술고등학교,서울,고,사립,남여공학,서울특별시 광진구 천호대로 664 (능동),0,,,0,,162.73826086956524,53.28347826086957,93.5,186.5,107.225,64.5,,,,,,,,,,,,,,0
서울공연예술고등학교,서울,고,사립,남여공학,서울특별시 구로구 오리로22나길 16-26 서울공연예술고등학교 (궁동),0,,,0,,,,,,,,,,,,,,,,,,,,,0
대원외국어고등학교,서울,고,사립,남여공학,서울특별시 광진구 용마산로22길 26 . 대원외국어고등학교 (중곡동),0,,,0,,,,,,,,,,,,,,,,,,,,,0
대일외국어고등학교,서울,고,사립,남여공학,서울특별시 성북구 서경로 116 . 대일외국어고등학교 (정릉동),0,,,0,,,,,,,,,,,,,,,,,,,,,0
명덕외국어고등학교,서울,고,사립,남여공학,서울특별시 강서구 강서로47길 34-10 . 명덕외국어고등학교 (내발산동.명덕고등학교),0,,,0,,,,,,,,,,,,,,,,,,,,,0
서울외국어고등학교,서울,고,사립,남여공학,서울특별시 도봉구 덕릉로66길 22 (창동),0,,,0,,,,,,,,,,,,,,,,,,,,,0
한영외국어고등학교,서울,고,사립,남여공학,서울특별시 강동구 동남로 832 (상일동),0,,,0,,165.2740740740741,59.14567901234568,81.0,138.0,111.29629629629629,69.37037037037037,,,,,,,,,,,,,,0
이화여자외국어고등학교,서울,고,사립,여자,서울특별시 중구 통일로4길 30 (순화동),0,,,0,,,,,,,,,,,,,,,,,,,,,0
서울국제고등학교,서울,고,공립,남여공학,서울특별시 종로구 성균관로13길 40 . 서울국제고 (명륜1가),0,,,0,,,,,,,,,,,,,,,,,,,,,0
서울로봇고등학교,서울,고,공립,남여공학,서울특별시 강남구 광평로20길 63 . 서울로봇고등학교 (일원동),0,,,0,,,,,,,,,,,,,,,,,,,,,0
강서공업고등학교,서울,고,공립,남여공학,서울특별시 강서구 방화대로47길 9 (방화동.강서공업고등학교),0,,,0,,,,,,,,,,,,,,,,,,,,,0
경기기계공업고등학교,서울,고,공립,남여공학,서울특별시 노원구 공릉로 264 (하계동),0,,,0,,,,,,,,,,,,,,,,,,,,,0
서울방송고등학교,서울,고,공립,남여공학,서울특별시 성동구 동호로5길 131 (옥수동),0,,,0,,,,,,,,,,,,,,,,,,,,,0
서울공업고등학교,서울,고,공립,남여공학,서울특별시 동작구 대방동1길 46 . 서울공업고등학교 (대방동),0,,,0,,,,,,,,,,,,,,,,,,,,,0
서울도시과학기술고등학교,서울,고,공립,남여공학,서울특별시 성북구 종암로 196 (하월곡동.서울도시과학기술고등학교),0,,,0,,,,,,,,,,,,,,,,,,,,,0
서울전자고등학교,서울,고,공립,남여공학,서울특별시 서초구 과천대로 852-23 (방배동),0,,,0,,,,,,,,,,,,,,,,,,,,,0
성동공업고등학교,서울,고,공립,남여공학,서울특별시 중구 다산로 290 (흥인동),0,,,0,,,,,,,,,,,,,,,,,,,,,0
성수공업고등학교,서울,고,공립,남여공학,서울특별시 성동구 뚝섬로 365 (성수동2가.성수공업고등학교),0,,,0,,,,,,,,,,,,,,,,,,,,,0
송파공업고등학교,서울,고,공립,남여공학,서울특별시 송파구 양산로 21 (거여동),0,,,0,,,,,,,,,,,,,,,,,,,,,0
용산공업고등학교,서울,고,공립,남여공학,서울특별시 용산구 서빙고로 24 . 용산공업고등학교 (한강로3가),0,,,0,,,,,,,,,,,,,,,,,,,,,0
한강미디어고등학교,서울,고,공립,남여공학,서울특별시 영등포구 선유로55길 22 (양평동4가.한강미디어고등학교),0,,,0,,,,,,,,,,,,,,,,,,,,,0
휘경공업고등학교,서울,고,공립,남여공학,서울특별시 동대문구 겸재로 21 . 휘경공업고등학교 (휘경동),0,,,0,,,,,,,,,,,,,,,,,,,,,0
광운전자공업고등학교,서울,고,사립,남자,서울특별시 노원구 광운로1길 24 (월계동),0,,,0,,,,,,,,,,,,,,,,,,,,,0
단국공업고등학교,서울,고,사립,남자,서울특별시 강남구 도곡로64길 21 (대치동 1013),0,,,1,2020.0,,,,,,,,,,,,,,,,,,,,0
대진디자인고등학교,서울,고,사립,남여공학,서울특별시 강남구 광평로39길 93 (수서동.대진디자인고등학교),0,,,1,2018.0,,,,,,,,,,,,,,,,,,,,0
서울디자인고등학교,서울,고,사립,남여공학,서울특별시 마포구 백범로 139 (염리동),0,,,0,,,,,,,,,,,,,,,,,,,,,0
덕일전자공업고등학교,서울,고,사립,남여공학,서울특별시 구로구 서해안로21길 5-12 (오류동),0,,,0,,,,,,,,,,,,,,,,,,,,,0
리라아트고등학교,서울,고,사립,남여공학,서울특별시 중구 소파로2길 24 (예장동),0,,,0,,,,,,,,,,,,,,,,,,,,,0
미림여자정보과학고등학교,서울,고,사립,여자,서울특별시 관악구 호암로 546 (신림동),0,,,1,2016.0,,,,,,,,,,,,,,,,,,,,0
상일미디어고등학교,서울,고,사립,남여공학,서울특별시 강동구 천호대로219길 61 . 상일미디어고등학교 (상일동),0,,,0,,,,,,,,,,,,,,,,,,,,,0
미래산업과학고등학교,서울,고,사립,남여공학,서울특별시 노원구 덕릉로82길 54 (중계동),0,,,0,,,,,,,,,,,,,,,,,,,,,0
수도전기공업고등학교,서울,고,사립,남여공학,서울특별시 강남구 개포로 410 . 수도전기공업고등학교 (개포동),0,,,0,,,,,,,,,,,,,,,,,,,,,0
세명컴퓨터고등학교,서울,고,사립,남여공학,서울특별시 은평구 통일로92가길 33 (불광동.세명컴퓨터고등학교),0,,,1,2016.0,,,,,,,,,,,,,,,,,,,,0
신진과학기술고등학교,서울,고,사립,남여공학,서울특별시 은평구 은평로6길 16 . 신진과학기술고등학교 (응암동. 학교법인신진학원),0,,,0,,,,,,,,,,,,,,,,,,,,,0
염광여자메디텍고등학교,서울,고,사립,여자,서울특별시 노원구 월계로45가길 9 . 염광여자메디텍고등학교 (월계동),0,,,0,,,,,,,,,,,,,,,,,,,,,0
영등포공업고등학교,서울,고,사립,남자,서울특별시 강서구 허준로5길 15 (가양동),0,,,0,,,,,,,,,,,,,,,,,,,,,0
유한공업고등학교,서울,고,사립,남여공학,서울특별시 구로구 경인로 8 유한공업고등학교(항동),0,,,0,,,,,,,,,,,,,,,,,,,,,0
서울아이티고등학교,서울,고,사립,남여공학,서울특별시 노원구 섬밭로 299 (중계동.서울아이티고등학교),0,,,0,,,,,,,,,,,,,,,,,,,,,0
은평메디텍고등학교,서울,고,사립,남여공학,서울특별시 은평구 진관2로 57-57 (진관동. 은평메디텍고등학교),0,,,0,,166.20533333333333,62.924,104.77777777777777,175.66666666666666,114.61538461538461,65.65384615384616,,,,,,,,,,,,,,0
인덕공업고등학교,서울,고,사립,남여공학,서울특별시 노원구 초안산로 12 . 인덕공업고등학교 (월계동),0,,,1,2018.0,171.17297297297296,64.72702702702703,103.33333333333333,172.66666666666666,101.45833333333333,50.0,,,,,,,,,,,,,,0
서울디지텍고등학교,서울,고,사립,남여공학,서울특별시 용산구 회나무로12길 27 (이태원동),0,,,0,,,,,,,,,,,,,,,,,,,,,0
한세사이버보안고등학교,서울,고,사립,남여공학,서울특별시 마포구 마포대로11길 44-80 (아현동),0,,,0,,,,,,,,,,,,,,,,,,,,,0
한양공업고등학교,서울,고,사립,남자,서울특별시 중구 을지로 299 (신당동),0,,,0,,,,,,,,,,,,,,,,,,,,,0
경기상업고등학교,서울,고,공립,남여공학,서울특별시 종로구 자하문로 136 (청운동),0,,,0,,,,,,,,,,,,,,,,,,,,,0
덕수고등학교,서울,고,공립,남여공학,서울특별시 성동구 왕십리로 199 (행당동),0,,,0,,169.9191780821918,65.35753424657534,96.57142857142857,147.28571428571428,107.11538461538461,66.53846153846153,,,,,,,,,,,,,,0
서울문화고등학교,서울,고,공립,남여공학,서울특별시 도봉구 마들로 598 . 서울문화고등학교 (방학동),0,,,0,,166.08533333333332,60.168000000000006,83.33333333333333,206.66666666666666,109.68,67.6,,,,,,,,,,,,,,0
서울금융고등학교,서울,고,공립,남여공학,서울특별시 양천구 가로공원로61길 19 . 서울금융고등학교 (신월동),0,,,0,,166.73243243243243,60.428378378378376,,,107.2,63.2,,,,,,,,,,,,,,0
선린인터넷고등학교,서울,고,공립,남여공학,서울특별시 용산구 원효로97길 33-4 (청파동3가),0,,,1,2016.0,,,,,,,,,,,,,,,,,,,,0
성동글로벌경영고등학교,서울,고,공립,여자,서울특별시 중구 퇴계로 375 (신당동. 성동글로벌경영고등학교),0,,,0,,,,,,,,,,,,,,,,,,,,,0
경기여자상업고등학교,서울,고,사립,여자,서울특별시 중구 만리재로37길 30 . 경기여자상업고등학교 (만리동1가),0,,,0,,,,,,,,,,,,,,,,,,,,,0
동구마케팅고등학교,서울,고,사립,여자,서울특별시 성북구 성북로8길 71 . 동구마케팅고등학교 (성북동),0,,,0,,,,,,,,,,,,,,,,,,,,,0
서울컨벤션고등학교,서울,고,사립,남여공학,서울특별시 강동구 동남로 964 . 서울컨벤션고등학교 (고덕동),0,,,0,,,,,,,,,,,,,,,,,,,,,0
서일국제경영고등학교,서울,고,사립,여자,서울특별시 종로구 지봉로17길 49 . 서일국제경영고등학교 (창신동),0,,,0,,,,,,,,,,,,,,,,,,,,,0
동산정보산업고등학교,서울,고,사립,남여공학,서울특별시 노원구 공릉로 257 . 동산정보산업고등학교 (공릉동),0,,,0,,,,,,,,,,,,,,,,,,,,,0
서울여자상업고등학교,서울,고,사립,여자,서울특별시 관악구 관악로 85 (봉천동.서울여자상업고등학교),0,,,0,,,,,,,,,,,,,,,,,,,,,0
선일이비즈니스고등학교,서울,고,사립,여자,서울특별시 은평구 갈현로29길 27 . 선일이비즈니스고등학교 (갈현동),0,,,0,,,,,,,,,,,,,,,,,,,,,0
신정여자상업고등학교,서울,고,사립,여자,서울특별시 강서구 등촌로13아길 20 . 신정여자상업고등학교 (화곡동),0,,,0,,159.95945945945945,60.44189189189189,85.5,196.0,100.04545454545455,61.72727272727273,,,,,,,,,,,,,,0
서울영상고등학교,서울,고,사립,남여공학,서울특별시 양천구 목동로11길 46 . 서울영상고등학교 (신정동),0,,,0,,,,,,,,,,,,,,,,,,,,,0
영락유헬스고등학교,서울,고,사립,남여공학,서울특별시 관악구 청룡16길 25 . 영락유헬스고등학교 (봉천동),0,,,0,,,,,,,,,,,,,,,,,,,,,0
일신여자상업고등학교,서울,고,사립,여자,서울특별시 송파구 송파대로38길 8 (송파동.일신여자상업고등학교),0,,,0,,,,,,,,,,,,,,,,,,,,,0
정화여자상업고등학교,서울,고,사립,여자,서울특별시 동대문구 홍릉로15길 50 (제기동. 정화여자중학교.정화여자상업고등학교),0,,,0,,,,,,,,,,,,,,,,,,,,,0
경복비즈니스고등학교,서울,고,사립,여자,서울특별시 강서구 화곡로 379 (등촌동131),0,,,0,,,,,,,,,,,,,,,,,,,,,0
고명경영고등학교,서울,고,사립,남여공학,서울특별시 성북구 북악산로 870 . 고명경영고 (돈암동),0,,,0,,168.2609375,66.0609375,104.25,182.5,123.72,69.88,,,,,,,,,,,,,,0
서울관광고등학교,서울,고,사립,남여공학,서울특별시 관악구 은천로15길 25 (봉천동.서울관광고등학교),0,,,0,,,,,,,,,,,,,,,,,,,,,0
광신정보산업고등학교,서울,고,사립,남여공학,서울특별시 관악구 광신길 141 (신림동),0,,,0,,,,,,,,,,,,,,,,,,,,,0
예림디자인고등학교,서울,고,사립,여자,서울특별시 구로구 오리로21길 2 . 예림디자인고등학교 (궁동),0,,,0,,,,,,,,,,,,,,,,,,,,,0
대경상업고등학교,서울,고,사립,남여공학,서울특별시 중구 매봉18길 111 .대경상업고등학교(신당동),0,,,1,2020.0,,,,,,,,,,,,,,,,,,,,0
대동세무고등학교,서울,고,사립,남여공학,서울특별시 종로구 계동길 84-10 . 대동세무고등학교 (계동),0,,,0,,,,,,,,,,,,,,,,,,,,,0
대일관광고등학교,서울,고,사립,여자,서울특별시 양천구 신정이펜1로 11 (신정동. 대일관광고등학교),0,,,0,,,,,,,,,,,,,,,,,,,,,0
동명여자정보산업고등학교,서울,고,사립,여자,서울특별시 은평구 통일로 793 (대조동),0,,,1,2020.0,,,,,,,,,,,,,,,,,,,,0
동일여자상업고등학교,서울,고,사립,여자,서울특별시 금천구 탑골로10길 45 (시흥동. 동일여자상업고등학교),0,,,0,,,,,,,,,,,,,,,,,,,,,0
서서울생활과학고등학교,서울,고,사립,남여공학,서울특별시 구로구 오리로 1355-10 . 서서울생활과학고등학교 (궁동),0,,,0,,,,,,,,,,,,,,,,,,,,,0
성암국제무역고등학교,서울,고,사립,여자,서울특별시 강북구 도봉로29길 52 (미아동. 성암국제무역고등학교),0,,,0,,,,,,,,,,,,,,,,,,,,,0
송곡관광고등학교,서울,고,사립,여자,서울특별시 중랑구 양원역로 67 . 송곡관광고등학교 (망우동),0,,,0,,,,,,,,,,,,,,,,,,,,,0
이화여자대학교병설미디어고등학교,서울,고,사립,여자,서울특별시 중랑구 망우로73길 56 (망우동.이화여대병설미디어고등학교  영란여중),0,,,0,,,,,,,,,,,,,,,,,,,,,0
해성국제컨벤션고등학교,서울,고,사립,여자,서울특별시 동대문구 전농로20길 31 . 해성국제컨벤션고등학교 (전농동),0,,,0,,,,,,,,,,,,,,,,,,,,,0
화곡보건경영고등학교,서울,고,사립,여자,서울특별시 강서구 강서로45길 70 (내발산동),0,,,0,,,,,,,,,,,,,,,,,,,,,0
서울항공비즈니스고등학교,서울,고,사립,남여공학,서울특별시 강서구 방화대로34길 13 . 서울항공비즈니스고등학교 (방화동),0,,,0,,,,,,,,,,,,,,,,,,,,,0
홍익디자인고등학교,서울,고,사립,여자,서울특별시 마포구 성미산로 111 (연남동),0,,,0,,,,,,,,,,,,,,,,,,,,,0
선정국제관광고등학교,서울,고,사립,여자,서울특별시 은평구 서오릉로20길 19 . 선정국제관광고등학교 (갈현동),0,,,0,,,,,,,,,,,,,,,,,,,,,0
세그루패션디자인고등학교,서울,고,사립,여자,서울특별시 도봉구 시루봉로 53 . 세그루패션디자인고등학교 (쌍문동),0,,,1,2020.0,,,,,,,,,,,,,,,,,,,,0
영신간호비즈니스고등학교,서울,고,사립,여자,서울특별시 노원구 중계로16나길 13 영신간호비즈니스고등학교 (중계동),0,,,0,,,,,,,,,,,,,,,,,,,,,0
예일디자인고등학교,서울,고,사립,여자,서울특별시 은평구 연서로 117 . 예일디자인고등학교 (구산동),0,,,0,,160.273417721519,57.496202531645565,87.5,180.0,112.22222222222223,66.29629629629629,,,,,,,,,,,,,,0
서울군자초등학교,서울,초,공립,,서울특별시 동대문구 한천로6길 21 . 서울군자초등학교 (장안동),0,,,0,,,,,,,,,,,,,,,,,,,,,0
서울답십리초등학교,서울,초,공립,,서울특별시 동대문구 전농로3길 23 . 서울답십리초등학교 (답십리동),1,2023.0,교육활동 모델교,0,,,,,,,,,,,,,,,,,,,,,0
서울동답초등학교,서울,초,공립,,서울특별시 동대문구 답십리로60길 12 (답십리동.서울동답초등학교),1,2023.0,교육활동 모델교,1,2018.0,,,,,,,,,,,,,,,,,,,,1
서울동원초등학교,서울,초,공립,,서울특별시 중랑구 송림길 114 . 서울동원초등학교 (망우동),0,,,0,,,,,,,,,,,,,,,,,,,,,0
서울망우초등학교,서울,초,공립,,서울특별시 중랑구 망우로72길 49 . 서울망우초등학교 (망우동),0,,,0,,,,,,,,,,,,,,,,,,,,,0
서울면남초등학교,서울,초,공립,,서울특별시 중랑구 면목로30나길 38 (면목동.면남초등학교),0,,,0,,,,,,,,,,,,,,,,,,,,,0
서울면동초등학교,서울,초,공립,,서울특별시 중랑구 면목로57길 32 . 서울면동초등학교 (면목동. 면동초등학교),1,2023.0,교육활동 모델교,0,,135.9558620689655,35.44965517241379,,,103.10204081632654,61.204081632653065,,,,,,,,,,,,,,0
서울면목초등학교,서울,초,공립,,서울특별시 중랑구 면목로 434 (면목동),0,,,0,,,,,,,,,,,,,,,,,,,,,0
서울면북초등학교,서울,초,공립,,서울특별시 중랑구 용마공원로5길 32 . 서울면북초등학교 (망우동),0,,,0,,,,,,,,,,,,,,,,,,,,,0
서울면일초등학교,서울,초,공립,,서울특별시 중랑구 용마산로100길 13 . 면일초등학교 (망우동),0,,,0,,,,,,,,,,,,,,,,,,,,,0
서울면중초등학교,서울,초,공립,,서울특별시 중랑구 용마산로70길 43 . 서울면중초등학교 (면목동),0,,,0,,,,,,,,,,,,,,,,,,,,,0
서울묵동초등학교,서울,초,공립,,서울특별시 중랑구 동일로138길 27 . 서울묵동초등학교 (중화동),0,,,0,,,,,,,,,,,,,,,,,,,,,0
서울배봉초등학교,서울,초,공립,,서울특별시 동대문구 사가정로 193 . 배봉초등학교 (전농동),0,,,0,,,,,,,,,,,,,,,,,,,,,0
서울봉화초등학교,서울,초,공립,,서울특별시 중랑구 신내로15길 110 (신내동.봉화초등학교),0,,,0,,,,,,,,,,,,,,,,,,,,,0
서울상봉초등학교,서울,초,공립,,서울특별시 중랑구 동일로126가길 11 . 서울상봉초등학교 (상봉동),1,2023.0,교육활동 모델교,0,,,,,,,,,,,,,,,,,,,,,0
서울신내초등학교,서울,초,공립,,서울특별시 중랑구 용마산로125나길 22 (신내동.신내초등학교),0,,,0,,,,,,,,,,,,,,,,,,,,,0
서울신답초등학교,서울,초,공립,,서울특별시 동대문구 천호대로 177 (답십리동.서울신답초등학교),0,,,0,,,,,,,,,,,,,,,,,,,,,0
서울신묵초등학교,서울,초,공립,,서울특별시 중랑구 동일로149길 46 (묵동.신묵초등학교),0,,,0,,,,,,,,,,,,,,,,,,,,,0
서울신현초등학교,서울,초,공립,,서울특별시 중랑구 봉화산로 188 (신내동),0,,,0,,,,,,,,,,,,,,,,,,,,,0
서울안평초등학교,서울,초,공립,,서울특별시 동대문구 장한로14길 61 . 서울안평초등학교 (장안동),0,,,0,,,,,,,,,,,,,,,,,,,,,0
서울용두초등학교,서울,초,공립,,서울특별시 동대문구 천호대로13길 43 (용두동.서울용두초등학교),0,,,0,,,,,,,,,,,,,,,,,,,,,0
서울원묵초등학교,서울,초,공립,,서울특별시 중랑구 숙선옹주로 109 . 서울원묵초등학교 (묵동),0,,,0,,,,,,,,,,,,,,,,,,,,,0
서울이문초등학교,서울,초,공립,,서울특별시 동대문구 신이문로 16 (이문동. 서울이문초등학교),0,,,0,,,,,,,,,,,,,,,,,,,,,0
서울장평초등학교,서울,초,공립,,서울특별시 동대문구 답십리로69길 27 (장안동. 서울장평초등학교),1,2023.0,교육활동 모델교,1,2020.0,,,,,,,,,,,,,,,,,,,,1
서울전곡초등학교,서울,초,공립,,서울특별시 동대문구 전농로 172 (전농동),0,,,0,,,,,,,,,,,,,,,,,,,,,0
서울전농초등학교,서울,초,공립,,서울특별시 동대문구 사가정로 66 . 서울전농초등학교 (전농동),0,,,0,,,,,,,,,,,,,,,,,,,,,0
서울전동초등학교,서울,초,공립,,서울특별시 동대문구 전농로16길 61 . 서울전동초등학교 (전농동),0,,,0,,,,,,,,,,,,,,,,,,,,,0
서울종암초등학교,서울,초,공립,,서울특별시 동대문구 무학로44길 25 (제기동),0,,,0,,,,,,,,,,,,,,,,,,,,,0
서울중곡초등학교,서울,초,공립,,서울특별시 중랑구 면목로23길 20 (면목동.중곡초등학교),0,,,0,,,,,,,,,,,,,,,,,,,,,0
서울중랑초등학교,서울,초,공립,,서울특별시 중랑구 봉우재로6길 26 (면목동.중랑초등학교),0,,,0,,,,,,,,,,,,,,,,,,,,,0
서울중목초등학교,서울,초,공립,,서울특별시 중랑구 동일로 665 . 서울중목초등학교 (면목동),1,2023.0,교육활동 모델교,0,,136.2242857142857,35.925714285714285,97.0,168.5,102.02,62.14,,,,,,,,,,,,,,0
서울중화초등학교,서울,초,공립,,서울특별시 중랑구 신내로7가길 22 . 서울중화초등학교 (신내동),0,,,0,,,,,,,,,,,,,,,,,,,,,0
서울청량초등학교,서울,초,공립,,서울특별시 동대문구 회기로25길 31 (회기동.서울청량초등학교),1,2023.0,교육활동 모델교,1,2016.0,,,,,,,,,,,,,,,,,,,,1
서울홍릉초등학교,서울,초,공립,,서울특별시 동대문구 회기로 90 (청량리동),0,,,0,,,,,,,,,,,,,,,,,,,,,0
서울홍파초등학교,서울,초,공립,,서울특별시 동대문구 고산자로 518 (제기동),0,,,0,,,,,,,,,,,,,,,,,,,,,0
서울휘경초등학교,서울,초,공립,,서울특별시 동대문구 망우로6길 48 (휘경동. 서울휘경초등학교),1,2023.0,교육활동 모델교,0,,,,,,,,,,,,,,,,,,,,,0
서울중흥초등학교,서울,초,공립,,서울특별시 중랑구 봉화산로 82 . 서울중흥초등학교 (중화동),0,,,0,,,,,,,,,,,,,,,,,,,,,0
서울묵현초등학교,서울,초,공립,,서울특별시 중랑구 동일로157길 75 . 묵현초등학교,0,,,0,,,,,,,,,,,,,,,,,,,,,0
서울휘봉초등학교,서울,초,공립,,서울특별시 동대문구 장안벚꽃로 309 (휘경동.서울휘봉초등학교),0,,,0,,,,,,,,,,,,,,,,,,,,,0
서울새솔초등학교,서울,초,공립,,서울특별시 중랑구 신내역로1길 164 (신내동.서울새솔초등학교),0,,,0,,,,,,,,,,,,,,,,,,,,,0
경희초등학교,서울,초,사립,,서울특별시 동대문구 경희대로 26 . 경희초등학교 (회기동. 경희대학교),0,,,0,,,,,,,,,,,,,,,,,,,,,0
금성초등학교,서울,초,사립,,서울특별시 중랑구 신내로21길 55 . 금성초등학교 (신내동),0,,,0,,,,,,,,,,,,,,,,,,,,,0
서울삼육초등학교,서울,초,사립,,서울특별시 동대문구 회기로10길 63 (회기동.서울삼육초등학교),0,,,0,,,,,,,,,,,,,,,,,,,,,0
은석초등학교,서울,초,사립,,서울특별시 동대문구 장안벚꽃로 205 (장안동),0,,,1,2017.0,,,,,,,,,,,,,,,,,,,,0
동원중학교,서울,중,공립,남여공학,서울특별시 중랑구 양원역로 32 (망우동. 동원중학교),0,,,0,,,,,,,,,,,,,,,,,,,,,0
면목중학교,서울,중,공립,남여공학,서울특별시 중랑구 용마산로70길 37 . 면목중학교 (면목동),0,,,0,,,,,,,,,,,,,,,,,,,,,0
봉화중학교,서울,중,공립,남여공학,서울특별시 중랑구 망우로70길 89 (망우동.봉화중학교),0,,,0,,,,,,,,,,,,,,,,,,,,,0
성일중학교,서울,중,공립,남여공학,서울특별시 동대문구 왕산로23길 55 (제기동),0,,,0,,,,,,,,,,,,,,,,,,,,,0
신현중학교,서울,중,공립,남여공학,서울특별시 중랑구 봉화산로 162 . 신현중학교 (상봉동),0,,,0,,,,,,,,,,,,,,,,,,,,,0
원묵중학교,서울,중,공립,남여공학,서울특별시 중랑구 신내로23길 57 . 원묵중학교 (묵동),0,,,0,,,,,,,,,,,,,,,,,,,,,0
장안중학교,서울,중,공립,남여공학,서울특별시 중랑구 동일로 780 . 장안중학교 (중화동),0,,,0,,,,,,,,,,,,,,,,,,,,,0
장평중학교,서울,중,공립,남여공학,서울특별시 동대문구 답십리로72길 158 . 장평중학교 (장안동),1,2023.0,교육활동 모델교,0,,,,,,,,,,,,,,,,,,,,,0
전농중학교,서울,중,공립,남여공학,서울특별시 동대문구 사가정로13길 71 (전농동.전농중학교),0,,,0,,,,,,,,,,,,,,,,,,,,,0
전동중학교,서울,중,공립,남여공학,서울특별시 동대문구 장안벚꽃로 291 (휘경동.전동중학교),1,2023.0,교육활동 모델교,0,,,,,,,,,,,,,,,,,,,,,0
중랑중학교,서울,중,공립,남여공학,서울특별시 중랑구 동일로140길 33 . 중랑중학교 (중화동),0,,,0,,,,,,,,,,,,,,,,,,,,,0
중화중학교,서울,중,공립,남여공학,서울특별시 중랑구 용마산로 364 (면목동),0,,,0,,,,,,,,,,,,,,,,,,,,,0
청량중학교,서울,중,공립,남여공학,서울특별시 동대문구 왕산로 301 (청량리동),0,,,0,,,,,,,,,,,,,,,,,,,,,0
태릉중학교,서울,중,공립,남여공학,서울특별시 중랑구 공릉로2길 60-25 (묵동),0,,,0,,159.25897435897437,56.539743589743594,93.0,134.0,106.45454545454545,63.45454545454545,,,,,,,,,,,,,,0
휘경중학교,서울,중,공립,남여공학,서울특별시 동대문구 망우로18나길 20 (휘경동.휘경중학교),0,,,0,,,,,,,,,,,,,,,,,,,,,0
동대문중학교,서울,중,공립,남여공학,서울특별시 동대문구 사가정로 59 . 동대문중학교 (전농동),0,,,0,,,,,,,,,,,,,,,,,,,,,0
숭인중학교,서울,중,공립,남여공학,서울특별시 동대문구 천호대로47길 34 (답십리동. 숭인중학교),0,,,0,,,,,,,,,,,,,,,,,,,,,0
전일중학교,서울,중,공립,남여공학,서울특별시 동대문구 사가정로13길 67 . 전일중학교 (전농동),0,,,0,,,,,,,,,,,,,,,,,,,,,0
용마중학교,서울,중,공립,남여공학,서울특별시 중랑구 면목로28길 18 . 용마중학교 (면목동),0,,,0,,,,,,,,,,,,,,,,,,,,,0
상봉중학교,서울,중,공립,남여공학,서울특별시 중랑구 상봉중앙로8나길 28 (상봉동),0,,,0,,160.66842105263157,55.38526315789474,81.83333333333333,153.66666666666666,109.46875,63.03125,,,,,,,,,,,,,,0
경희중학교,서울,중,사립,남자,서울특별시 동대문구 경희대로 26 . 경희중학교 (회기동),0,,,0,,,,,,,,,,,,,,,,,,,,,0
대광중학교,서울,중,사립,남여공학,서울특별시 동대문구 안암로 6 (신설동),0,,,0,,,,,,,,,,,,,,,,,,,,,0
동국대학교사범대학부속중학교,서울,중,사립,남자,서울특별시 동대문구 장안벚꽃로 201 (장안동),0,,,0,,,,,,,,,,,,,,,,,,,,,0
경희여자중학교,서울,중,사립,여자,서울특별시 동대문구 경희대로 26 (회기동),1,2023.0,교육활동 모델교,1,2017.0,,,,,,,,,,,,,,,,,,,,1
송곡여자중학교,서울,중,사립,여자,서울특별시 중랑구 양원역로 67 송곡여자중고등학교,0,,,0,,,,,,,,,,,,,,,,,,,,,0
영란여자중학교,서울,중,사립,여자,서울특별시 중랑구 망우로73길 56 (망우동),1,2023.0,교육활동 모델교,1,2016.0,,,,,,,,,,,,,,,,,,,,1
정화여자중학교,서울,중,사립,여자,서울특별시 동대문구 홍릉로15길 50 (제기동),0,,,0,,,,,,,,,,,,,,,,,,,,,0
혜원여자중학교,서울,중,사립,여자,서울특별시 중랑구 봉우재로 58길 39 (망우동),1,2023.0,교육활동 모델교,1,2016.0,,,,,,,,,,,,,,,,,,,,1
휘경여자중학교,서울,중,사립,여자,서울특별시 동대문구 한천로 247 . 휘경여자중학교 (휘경동),0,,,0,,,,,,,,,,,,,,,,,,,,,0
서울갈현초등학교,서울,초,공립,,서울특별시 은평구 연서로29길 31 . 갈현초등학교 (갈현동),0,,,0,,,,,,,,,,,,,,,,,,,,,0
서울고은초등학교,서울,초,공립,,서울 서대문구 모래내로 441 (홍제동.서울고은초등학교),0,,,0,,,,,,,,,,,,,,,,,,,,,0
서울공덕초등학교,서울,초,공립,,서울 마포구 만리재옛길 13 . 공덕초등학교 (공덕동.공덕초등학교),0,,,0,,,,,,,,,,,,,,,,,,,,,0
서울구산초등학교,서울,초,공립,,서울 은평구 서오릉로15길 16 (구산동.서울구산초등학교),0,,,0,,136.5974025974026,35.0948051948052,90.5,186.5,90.82,54.96,,,,,,,,,,,,,,0
서울금화초등학교,서울,초,공립,,서울특별시 서대문구 통일로 165 (천연동.서울금화초등학교),1,2023.0,교육활동 모델교,0,,,,,,,,,,,,,,,,,,,,,0
서울녹번초등학교,서울,초,공립,,서울 은평구 녹번로1길 1 . 서울녹번초등학교 (녹번동.녹번초등학교),0,,,0,,,,,,,,,,,,,,,,,,,,,0
서울대신초등학교,서울,초,공립,,서울 서대문구 이화여대2길 27 (대현동.대신초등학교),0,,,0,,,,,,,,,,,,,,,,,,,,,0
서울대은초등학교,서울,초,공립,,서울특별시 은평구 통일로69길 12-15 . 서울대은초등학교 (대조동),0,,,0,,,,,,,,,,,,,,,,,,,,,0
서울대조초등학교,서울,초,공립,,서울특별시 은평구 연서로18길 17 (대조동),0,,,0,,,,,,,,,,,,,,,,,,,,,0
서울동교초등학교,서울,초,공립,,서울특별시 마포구 월드컵로25길 86 . 동교초등학교 (망원동),0,,,0,,,,,,,,,,,,,,,,,,,,,0
서울마포초등학교,서울,초,공립,,서울특별시 마포구 도화2길 64 . 서울 마포초등학교 (도화동),0,,,0,,,,,,,,,,,,,,,,,,,,,0
서울망원초등학교,서울,초,공립,,서울 마포구 방울내로5길 28 (망원동.망원초등학교),1,2023.0,교육활동 모델교,0,,,,,,,,,,,,,,,,,,,,,0
서울미동초등학교,서울,초,공립,,서울특별시 서대문구 충정로 52 (미근동. 서울미동초등학교),0,,,0,,,,,,,,,,,,,,,,,,,,,0
서울북가좌초등학교,서울,초,공립,,서울특별시 서대문구 거북골로19길 20 . 서울북가좌초등학교 (북가좌동),0,,,0,,,,,,,,,,,,,,,,,,,,,0
서울북성초등학교,서울,초,공립,,서울특별시 서대문구 북아현로1나길 . 22 (북아현동),0,,,0,,,,,,,,,,,,,,,,,,,,,0
서울북한산초등학교,서울,초,공립,,서울특별시 은평구 대서문길 42-3 . 서울북한산초등학교 (진관동),0,,,0,,,,,,,,,,,,,,,,,,,,,0
서울불광초등학교,서울,초,공립,,서울특별시 은평구 불광로 51 . 서울불광초등학교 (불광동.불광초등학교),0,,,0,,,,,,,,,,,,,,,,,,,,,0
서울상신초등학교,서울,초,공립,,서울특별시 은평구 가좌로 361 (신사동),0,,,0,,,,,,,,,,,,,,,,,,,,,0
서울상암초등학교,서울,초,공립,,서울특별시 마포구 월드컵북로 353 (상암동.상암초등학교),0,,,0,,,,,,,,,,,,,,,,,,,,,0
서울서강초등학교,서울,초,공립,,서울특별시 마포구 독막로 113 (상수동.서강초등학교),0,,,0,,,,,,,,,,,,,,,,,,,,,0
서울서교초등학교,서울,초,공립,,서울특별시 마포구 와우산로23길 20-27 (서교동),0,,,0,,,,,,,,,,,,,,,,,,,,,0
서울성산초등학교,서울,초,공립,,서울특별시 마포구 양화로3길 94 . 서울성산초등학교 (합정동),0,,,0,,,,,,,,,,,,,,,,,,,,,0
서울성서초등학교,서울,초,공립,,서울특별시 마포구 성미산로7길 24 (성산동),0,,,0,,,,,,,,,,,,,,,,,,,,,0
서울성원초등학교,서울,초,공립,,서울특별시 마포구 월드컵로36길 34 (성산동),0,,,0,,,,,,,,,,,,,,,,,,,,,0
서울소의초등학교,서울,초,공립,,서울특별시 마포구 마포대로24길 42 (아현동.소의초등학교),0,,,0,,,,,,,,,,,,,,,,,,,,,0
서울수색초등학교,서울,초,공립,,서울특별시 은평구 수색로16길 21 (수색동),1,2023.0,교육활동 모델교,0,,,,,,,,,,,,,,,,,,,,,0
서울신도초등학교,서울,초,공립,,서울특별시 은평구 진관1로 77-23 . 서울신도초등학교 (진관동),1,2023.0,교육활동 모델교,0,,,,,,,,,,,,,,,,,,,,,0
서울신북초등학교,서울,초,공립,,서울특별시 마포구 월드컵북로38길 26 . 서울신북초등학교 (중동),0,,,0,,,,,,,,,,,,,,,,,,,,,0
서울신사초등학교,서울,초,공립,,서울특별시 은평구 가좌로 275-2 . 서울신사초등학교 (신사동),0,,,0,,,,,,,,,,,,,,,,,,,,,0
서울신석초등학교,서울,초,공립,,서울특별시 마포구 대흥로 33 . 서울신석초등학교 (신수동),0,,,0,,,,,,,,,,,,,,,,,,,,,0
서울아현초등학교,서울,초,공립,,서울특별시 마포구 굴레방로 6 (아현동),0,,,0,,,,,,,,,,,,,,,,,,,,,0
서울안산초등학교,서울,초,공립,,서울특별시 서대문구 통일로 321 (홍제동),1,2023.0,교육활동 모델교,0,,,,,,,,,,,,,,,,,,,,,0
서울역촌초등학교,서울,초,공립,,서울특별시 은평구 은평로3길 25 . 서울역촌초등학교 (역촌동.서울역촌초등학교),0,,,0,,,,,,,,,,,,,,,,,,,,,0
서울연가초등학교,서울,초,공립,,서울 서대문구 증가로12가길 49-50 (남가좌동.연가초등학교),1,2023.0,교육활동 모델교,0,,,,,,,,,,,,,,,,,,,,,0
서울연신초등학교,서울,초,공립,,서울특별시 은평구 연서로 347 (불광동),0,,,0,,,,,,,,,,,,,,,,,,,,,0
서울연은초등학교,서울,초,공립,,서울특별시 은평구 백련산로2길 35 . 서울연은초등학교 (응암동),1,2023.0,교육활동 모델교,0,,,,,,,,,,,,,,,,,,,,,0
서울연천초등학교,서울,초,공립,,서울특별시 은평구 연서로34길 22 서울연천초등학교 (불광동),0,,,0,,,,,,,,,,,,,,,,,,,,,0
서울연희초등학교,서울,초,공립,,서울 서대문구 연희로 136 . 서울연희초등학교 (연희동.서울연희초등학교),0,,,0,,,,,,,,,,,,,,,,,,,,,0
서울염리초등학교,서울,초,공립,,서울특별시 마포구 토정로37길 37 . 서울염리초등학교 (염리동),0,,,1,2016.0,,,,,,,,,,,,,,,,,,,,0
서울용강초등학교,서울,초,공립,,서울특별시 마포구 백범로17길 9 (대흥동),0,,,0,,,,,,,,,,,,,,,,,,,,,0
서울은평초등학교,서울,초,공립,,서울특별시 은평구 은평로 239 (녹번동),0,,,0,,,,,,,,,,,,,,,,,,,,,0
서울응암초등학교,서울,초,공립,,서울특별시 은평구 가좌로6길 20 . 서울응암초등학교 (응암동),0,,,0,,,,,,,,,,,,,,,,,,,,,0
서울인왕초등학교,서울,초,공립,,서울특별시 서대문구 세무서길 33-9 (홍제동.서울인왕초등학교),0,,,0,,,,,,,,,,,,,,,,,,,,,0
서울중동초등학교,서울,초,공립,,서울특별시 마포구 월드컵북로 152 (성산동),0,,,0,,,,,,,,,,,,,,,,,,,,,0
서울증산초등학교,서울,초,공립,,서울특별시 은평구 증산서길 61 (증산동),0,,,0,,,,,,,,,,,,,,,,,,,,,0
서울창서초등학교,서울,초,공립,,서울 서대문구 연세로5나길 30-3 (창천동.서울창서초등학교),0,,,0,,,,,,,,,,,,,,,,,,,,,0
서울창천초등학교,서울,초,공립,,서울특별시 마포구 백범로1길 56 . 서울창천초등학교 (노고산동),0,,,0,,135.81553398058253,33.96504854368932,102.4,204.0,97.0,58.27777777777778,,,,,,,,,,,,,,0
서울한서초등학교,서울,초,공립,,서울특별시 마포구 대흥로24바길 27 서울한서초 (염리동),0,,,0,,,,,,,,,,,,,,,,,,,,,0
서울홍연초등학교,서울,초,공립,,서울특별시 서대문구 백련사길 55 . 서울홍연초등학교 (홍은동),0,,,0,,,,,,,,,,,,,,,,,,,,,0
서울홍은초등학교,서울,초,공립,,서울특별시 서대문구 세검정로 105 . 홍제동.서울홍은초등학교 (홍제동),1,2023.0,교육활동 모델교,0,,,,,,,,,,,,,,,,,,,,,0
서울홍제초등학교,서울,초,공립,,서울특별시 서대문구 홍은중앙로 13 . 서울홍제초등학교 (홍은동),0,,,0,,,,,,,,,,,,,,,,,,,,,0
서울연광초등학교,서울,초,공립,,서울특별시 은평구 연서로35길 37 (불광동. 연광초등학교),0,,,0,,,,,,,,,,,,,,,,,,,,,0
서울서신초등학교,서울,초,공립,,서울특별시 은평구 은평터널로 150 (신사동),0,,,0,,,,,,,,,,,,,,,,,,,,,0
서울상지초등학교,서울,초,공립,,서울특별시 마포구 월드컵로42길 30 . 서울상지초등학교 (상암동),0,,,0,,,,,,,,,,,,,,,,,,,,,0
서울구현초등학교,서울,초,공립,,서울특별시 은평구 갈현로15길 51 (구산동.구현초등학교),0,,,0,,,,,,,,,,,,,,,,,,,,,0
서울은명초등학교,서울,초,공립,,서울특별시 은평구 은평로4길 21-9 . 서울은명초등학교 (응암동),0,,,0,,,,,,,,,,,,,,,,,,,,,0
서울은진초등학교,서울,초,공립,,서울특별시 은평구 진관1로 21-20 . 은진초등학교 (진관동),0,,,0,,,,,,,,,,,,,,,,,,,,,0
서울진관초등학교,서울,초,공립,,서울특별시 은평구 진관4로 78-16 (진관동.진관초등학교),0,,,0,,,,,,,,,,,,,,,,,,,,,0
서울수리초등학교,서울,초,공립,,서울특별시 은평구 불광로14길 10-10 (불광동),0,,,0,,,,,,,,,,,,,,,,,,,,,0
서울은빛초등학교,서울,초,공립,,서울특별시 은평구 진관3로 73-17 (진관동),0,,,0,,134.8902298850575,32.967241379310344,87.0,166.28571428571428,90.0677966101695,54.389830508474574,,,,,,,,,,,,,,0
서울하늘초등학교,서울,초,공립,,서울특별시 마포구 월드컵북로 502-14 . 서울하늘초등학교 (상암동),0,,,0,,,,,,,,,,,,,,,,,,,,,0
서울가재울초등학교,서울,초,공립,,서울특별시 서대문구 모래내로15길 61 (남가좌동),0,,,0,,,,,,,,,,,,,,,,,,,,,0
경기초등학교,서울,초,사립,,서울특별시 서대문구 경기대로9길 10 (충정로2가),0,,,0,,137.2760479041916,34.461077844311376,75.5,161.5,88.84905660377359,52.660377358490564,,,,,,,,,,,,,,0
명지초등학교,서울,초,사립,,서울특별시 서대문구 명지2길 32-20 (홍은동),1,2023.0,교육활동 모델교,1,2018.0,,,,,,,,,,,,,,,,,,,,1
선일초등학교,서울,초,사립,,서울특별시 은평구 갈현로29길 27 . 선일초등학교 (갈현동),1,2023.0,교육활동 모델교,0,,,,,,,,,,,,,,,,,,,,,0
예일초등학교,서울,초,사립,,서울특별시 은평구 연서로 117 . 예일초등학교 (구산동),0,,,0,,,,,,,,,,,,,,,,,,,,,0
은혜초등학교,서울,초,사립,,서울특별시 은평구 통일로78가길 20 . 은혜초등학교 (불광동),0,,,0,,,,,,,,,,,,,,,,,,,,,0
이화여자대학교사범대학부속초등학교,서울,초,사립,,서울특별시 서대문구 성산로 512-39 (대신동),1,2023.0,교육활동 모델교,1,2015.0,,,,,,,,,,,,,,,,,,,,1
추계초등학교,서울,초,사립,,서울특별시 서대문구 북아현로11가길 7 (북아현동.추계초등학교),1,2023.0,교육활동 모델교,1,2019.0,,,,,,,,,,,,,,,,,,,,1
충암초등학교,서울,초,사립,,서울특별시 은평구 가좌로5길 5 . 충암초등학교 (응암동),0,,,1,2016.0,,,,,,,,,,,,,,,,,,,,0
홍익대학교사범대학부속초등학교,서울,초,사립,,서울특별시 마포구 성미산로 51 (성산동),0,,,0,,,,,,,,,,,,,,,,,,,,,0
서울어울초등학교,서울,초,공립,,서울특별시 은평구 통일로 650 . 서울어울초등학교 (녹번동),1,2023.0,교육활동 모델교,0,,,,,,,,,,,,,,,,,,,,,0
구산중학교,서울,중,공립,남여공학,서울특별시 은평구 갈현로15길 20-23 (구산동.구산중학교),0,,,0,,,,,,,,,,,,,,,,,,,,,0
덕산중학교,서울,중,공립,남여공학,서울특별시 은평구 가좌로 400 (신사동),0,,,0,,,,,,,,,,,,,,,,,,,,,0
불광중학교,서울,중,공립,남여공학,서울특별시 은평구 불광로 180 . 불광중학교 (불광동),0,,,0,,161.37222222222223,56.58,90.875,155.25,104.6,61.93333333333333,,,,,,,,,,,,,,0
상신중학교,서울,중,공립,남여공학,서울특별시 은평구 증산로15길 61. 상신중학교 (신사동),0,,,0,,,,,,,,,,,,,,,,,,,,,0
서연중학교,서울,중,공립,남여공학,서울특별시 서대문구 연희로11마길 9-6 (연희동),0,,,0,,,,,,,,,,,,,,,,,,,,,0
성사중학교,서울,중,공립,남여공학,서울특별시 마포구 모래내로9길 16 . 성사중학교 (성산동),0,,,0,,,,,,,,,,,,,,,,,,,,,0
성산중학교,서울,중,공립,남여공학,서울특별시 마포구 성지1길 32-13 (합정동),1,2023.0,교육활동 모델교,0,,,,,,,,,,,,,,,,,,,,,0
성서중학교,서울,중,공립,남여공학,서울특별시 마포구 성산로4길 42 (성산동),0,,,0,,,,,,,,,,,,,,,,,,,,,0
신수중학교,서울,중,공립,남여공학,서울특별시 마포구 신수로 49 . 신수중학교 (신수동),0,,,0,,,,,,,,,,,,,,,,,,,,,0
신연중학교,서울,중,공립,남여공학,서울특별시 서대문구 모래내로 408 (연희동),0,,,0,,160.43595505617978,53.019101123595505,87.5,169.5,103.71428571428571,63.32142857142857,,,,,,,,,,,,,,0
아현중학교,서울,중,공립,남여공학,서울특별시 마포구 마포대로 247 (아현동.아현중학교),0,,,1,2020.0,,,,,,,,,,,,,,,,,,,,0
연북중학교,서울,중,공립,남여공학,서울특별시 서대문구 연희로36길 32 (연희동.연북중학교),0,,,0,,,,,,,,,,,,,,,,,,,,,0
연서중학교,서울,중,공립,남여공학,서울특별시 은평구 증산서길 125-6 (증산동.연서중학교),0,,,0,,,,,,,,,,,,,,,,,,,,,0
연신중학교,서울,중,공립,남여공학,서울특별시 은평구 연서로33길 16-32 (연신중학교. 불광동),0,,,0,,,,,,,,,,,,,,,,,,,,,0
연천중학교,서울,중,공립,남여공학,서울특별시 은평구 연서로41길 30 (불광동),0,,,0,,,,,,,,,,,,,,,,,,,,,0
은평중학교,서울,중,공립,남여공학,서울특별시 은평구 갈현로17나길 12-1 (구산동),0,,,0,,,,,,,,,,,,,,,,,,,,,0
중암중학교,서울,중,공립,남여공학,서울특별시 마포구 월드컵북로38길 25 (중동.중암중학교),1,2023.0,교육활동 모델교,0,,,,,,,,,,,,,,,,,,,,,0
증산중학교,서울,중,공립,남여공학,서울특별시 은평구 증산로5길 27-30 . 증산중학교 (증산동),0,,,0,,,,,,,,,,,,,,,,,,,,,0
홍은중학교,서울,중,공립,남여공학,서울특별시 서대문구 연희로41길 94 (홍은동),0,,,0,,,,,,,,,,,,,,,,,,,,,0
서울여자중학교,서울,중,공립,여자,서울특별시 마포구 백범로25길 34 . 128-2 (염리동),1,2023.0,교육활동 모델교,0,,158.0573033707865,51.166292134831465,92.33333333333333,189.0,108.36666666666666,63.06666666666667,,,,,,,,,,,,,,0
연희중학교,서울,중,공립,남여공학,서울특별시 서대문구 증가로 170 (남가좌동),0,,,0,,,,,,,,,,,,,,,,,,,,,0
상암중학교,서울,중,공립,남여공학,서울특별시 마포구 상암산로1길 26 (상암동),0,,,0,,,,,,,,,,,,,,,,,,,,,0
진관중학교,서울,중,공립,남여공학,서울특별시 은평구 진관4로 36 (진관동),0,,,0,,162.24949494949496,54.38383838383838,,,108.06060606060606,64.42424242424242,,,,,,,,,,,,,,0
창천중학교,서울,중,공립,남여공학,서울특별시 마포구 백범로1길 56 (노고산동),0,,,0,,,,,,,,,,,,,,,,,,,,,0
신도중학교,서울,중,공립,남여공학,서울특별시 은평구 진관1로 77-30 (진관동),0,,,0,,,,,,,,,,,,,,,,,,,,,0
인왕중학교,서울,중,공립,남여공학,서울특별시 서대문구 세검정로4길 . 69 (홍제동),0,,,0,,,,,,,,,,,,,,,,,,,,,0
가재울중학교,서울,중,공립,남여공학,서울특별시 서대문구 수색로 100-75 (북가좌동),0,,,1,2019.0,,,,,,,,,,,,,,,,,,,,0
경성중학교,서울,중,사립,남자,서울특별시 마포구 성미산로 111 . 경성중학교 (연남동),0,,,0,,,,,,,,,,,,,,,,,,,,,0
광성중학교,서울,중,사립,남자,서울 마포구 신수로8길 20 (신수동.광성중고등학교),0,,,0,,,,,,,,,,,,,,,,,,,,,0
대성중학교,서울,중,사립,남자,서울특별시 은평구 갈현로29길 51-24 . 대성중고등학교 (갈현동),1,2023.0,교육활동 모델교,0,,,,,,,,,,,,,,,,,,,,,0
동도중학교,서울,중,사립,남여공학,서울특별시 마포구 백범로 139 동도중학교,0,,,0,,,,,,,,,,,,,,,,,,,,,0
명지중학교,서울,중,사립,남여공학,서울특별시 서대문구 명지2길 56 (홍은동),0,,,0,,,,,,,,,,,,,,,,,,,,,0
숭문중학교,서울,중,사립,남자,서울특별시 마포구 숭문길 99 . 숭문중고등학교 (대흥동),0,,,1,2016.0,,,,,,,,,,,,,,,,,,,,0
숭실중학교,서울,중,사립,남자,서울특별시 은평구 은평터널로7길 6 (신사동),0,,,1,2019.0,,,,,,,,,,,,,,,,,,,,0
영락중학교,서울,중,사립,남여공학,서울특별시 은평구 백련산로 134-6 . 영락중학교 (응암동),0,,,0,,,,,,,,,,,,,,,,,,,,,0
이화여자대학교사범대학부속이화금란중학교,서울,중,사립,남여공학,서울특별시 서대문구 성산로 520 (대신동),0,,,1,2020.0,,,,,,,,,,,,,,,,,,,,0
인창중학교,서울,중,사립,남자,서울특별시 서대문구 경기대로 65 . 인창중학교 (충정로2가),0,,,0,,,,,,,,,,,,,,,,,,,,,0
충암중학교,서울,중,사립,남여공학,서울특별시 은평구 가좌로5길 5 (응암동),1,2023.0,교육활동 모델교,1,2015.0,,,,,,,,,,,,,,,,,,,,1
한성중학교,서울,중,사립,남자,서울특별시 서대문구 북아현로1길 24 (북아현동.한성중학교),0,,,0,,,,,,,,,,,,,,,,,,,,,0
동명여자중학교,서울,중,사립,여자,서울특별시 서대문구 독립문로 49 (천연동),0,,,1,2020.0,,,,,,,,,,,,,,,,,,,,0
선일여자중학교,서울,중,사립,여자,서울특별시 은평구 갈현로29길 27 . 선일여자중학교 (갈현동),0,,,0,,,,,,,,,,,,,,,,,,,,,0
선정중학교,서울,중,사립,남여공학,서울특별시 은평구 서오릉로20길 19 . 선정중학교 (갈현동),0,,,0,,,,,,,,,,,,,,,,,,,,,0
예일여자중학교,서울,중,사립,여자,서울특별시 은평구 연서로 117 (구산동),0,,,0,,,,,,,,,,,,,,,,,,,,,0
정원여자중학교,서울,중,사립,여자,서울특별시 서대문구 연희로37안길 51 . 정원여자중학교 (홍은동),0,,,1,2018.0,,,,,,,,,,,,,,,,,,,,0
중앙여자중학교,서울,중,사립,여자,서울특별시 서대문구 북아현로11가길 7 (북아현동. 중앙여자중학교),0,,,0,,,,,,,,,,,,,,,,,,,,,0
홍익대학교사범대학부속여자중학교,서울,중,사립,여자,서울특별시 마포구 성미산로 51 (성산동)홍익대학교사범대학부속여자중학교,0,,,0,,,,,,,,,,,,,,,,,,,,,0
서울가산초등학교,서울,초,공립,,서울특별시 금천구 남부순환로 1304-11 . 서울가산초등학교 (독산동),0,,,0,,,,,,,,,,,,,,,,,,,,,0
서울개명초등학교,서울,초,공립,,서울특별시 구로구 개봉로1다길 16-9 (개봉동.개명초등학교),0,,,0,,,,,,,,,,,,,,,,,,,,,0
서울개봉초등학교,서울,초,공립,,서울특별시 구로구 개봉로16길 30-11 (개봉동),0,,,0,,,,,,,,,,,,,,,,,,,,,0
서울개웅초등학교,서울,초,공립,,서울특별시 구로구 개봉로11길 98 (개봉동.개웅초등학교),0,,,0,,,,,,,,,,,,,,,,,,,,,0
서울고산초등학교,서울,초,공립,,서울특별시 구로구 중앙로 6 고산초등학교 (고척동),0,,,0,,,,,,,,,,,,,,,,,,,,,0
서울고척초등학교,서울,초,공립,,서울특별시 구로구 경서로 31 (고척동),1,2023.0,교육활동 모델교,0,,,,,,,,,,,,,,,,,,,,,0
서울구로남초등학교,서울,초,공립,,서울특별시 구로구 디지털로27길 76 (구로동.구로남초등학교),0,,,0,,,,,,,,,,,,,,,,,,,,,0
서울구로초등학교,서울,초,공립,,서울특별시 구로구 구로중앙로27나길 9 . 구로동443 (구로동),0,,,0,,,,,,,,,,,,,,,,,,,,,0
서울구일초등학교,서울,초,공립,,서울특별시 구로구 구일로 68 (구로동.구일초등학교),0,,,0,,136.22368421052633,32.94868421052632,,,103.27450980392157,62.490196078431374,,,,,,,,,,,,,,0
서울금산초등학교,서울,초,공립,,서울특별시 금천구 시흥대로24길 57 (시흥동. 서울금산초등학교),0,,,1,2020.0,,,,,,,,,,,,,,,,,,,,0
서울금천초등학교,서울,초,공립,,서울특별시 금천구 탑골로5길 60 (시흥동),0,,,0,,,,,,,,,,,,,,,,,,,,,0
서울당산초등학교,서울,초,공립,,서울특별시 영등포구 선유로55길 32 . 서울당산초등학교 (양평동4가),0,,,0,,,,,,,,,,,,,,,,,,,,,0
서울당서초등학교,서울,초,공립,,서울특별시 영등포구 당산로 187 . 서울당서초등학교 (당산동5가),0,,,0,,,,,,,,,,,,,,,,,,,,,0
서울당중초등학교,서울,초,공립,,서울특별시 영등포구 선유로 131 . 서울당중초등학교 (양평동3가),0,,,0,,,,,,,,,,,,,,,,,,,,,0
서울대길초등학교,서울,초,공립,,서울특별시 영등포구 대방천로 206 . 서울대길초등학교 (신길동),0,,,0,,,,,,,,,,,,,,,,,,,,,0
서울대동초등학교,서울,초,공립,,서울특별시 영등포구 대림로21길 6 . 서울대동초등학교 (대림동),0,,,0,,,,,,,,,,,,,,,,,,,,,0
서울대방초등학교,서울,초,공립,,서울특별시 영등포구 여의대방로35길 14 (신길동),0,,,1,2016.0,,,,,,,,,,,,,,,,,,,,0
서울대영초등학교,서울,초,공립,,서울특별시 영등포구 신길로23길 43 (신길동.대영초등학교),0,,,0,,,,,,,,,,,,,,,,,,,,,0
서울덕의초등학교,서울,초,공립,,서울특별시 구로구 고척로 213 (고척동.덕의초등학교),0,,,0,,,,,,,,,,,,,,,,,,,,,0
서울도림초등학교,서울,초,공립,,서울특별시 영등포구 가마산로65길 22 . 서울도림초등학교 (신길동),0,,,0,,,,,,,,,,,,,,,,,,,,,0
서울도신초등학교,서울,초,공립,,서울특별시 영등포구 도림로53길 32-9 . 서울도신초등학교 (대림동),0,,,0,,,,,,,,,,,,,,,,,,,,,0
서울독산초등학교,서울,초,공립,,서울특별시 금천구 시흥대로104길 31 (독산동. 독산초등학교),0,,,0,,136.4151515151515,35.03484848484849,90.0,183.0,103.0,60.44444444444444,,,,,,,,,,,,,,0
서울동구로초등학교,서울,초,공립,,서울특별시 구로구 구로중앙로14길 43 . 서울동구로초등학교 (구로동),0,,,0,,,,,,,,,,,,,,,,,,,,,0
서울두산초등학교,서울,초,공립,,서울특별시 금천구 범안로11길 3 . 서울두산초등학교 (독산동),0,,,0,,,,,,,,,,,,,,,,,,,,,0
서울매봉초등학교,서울,초,공립,,서울특별시 구로구 고척로21길 55 . 서울매봉초등학교 (개봉동),0,,,1,2020.0,,,,,,,,,,,,,,,,,,,,0
서울문교초등학교,서울,초,공립,,서울특별시 금천구 독산로54길 102 . 문교초등학교 (독산동),0,,,0,,,,,,,,,,,,,,,,,,,,,0
서울문래초등학교,서울,초,공립,,서울특별시 영등포구 문래로 104 (문래동3가. 문래초등학교),0,,,0,,,,,,,,,,,,,,,,,,,,,0
서울문백초등학교,서울,초,공립,,서울특별시 금천구 시흥대로47길 43-1 (시흥동. 문백초등학교),0,,,1,2016.0,,,,,,,,,,,,,,,,,,,,0
서울문성초등학교,서울,초,공립,,서울특별시 금천구 시흥대로 460 . 서울문성초등학교  (독산동),0,,,0,,,,,,,,,,,,,,,,,,,,,0
서울백산초등학교,서울,초,공립,,서울특별시 금천구 시흥대로38길 78 . 서울백산초등학교 (시흥동.당직실),0,,,0,,137.49929078014185,36.618439716312054,94.6,156.8,101.3953488372093,61.627906976744185,,,,,,,,,,,,,,0
서울세곡초등학교,서울,초,공립,,서울특별시 구로구 고척로33길 34 (고척동.세곡초등학교),0,,,0,,,,,,,,,,,,,,,,,,,,,0
서울시흥초등학교,서울,초,공립,,서울특별시 금천구 독산로23길 26 . 서울시흥초등학교 (시흥동),0,,,0,,,,,,,,,,,,,,,,,,,,,0
서울신구로초등학교,서울,초,공립,,서울특별시 구로구 가마산로27길 69 (구로동.서울신구로초등학교),0,,,0,,,,,,,,,,,,,,,,,,,,,0
서울신대림초등학교,서울,초,공립,,서울특별시 영등포구 대림로8길 25 (대림동),0,,,0,,,,,,,,,,,,,,,,,,,,,0
서울신도림초등학교,서울,초,공립,,서울특별시 구로구 신도림로19길 44 . 서울신도림초등학교 (신도림동),0,,,0,,,,,,,,,,,,,,,,,,,,,0
서울신영초등학교,서울,초,공립,,서울특별시 영등포구 도신로4길 32 (대림동.신영초등학교),0,,,0,,,,,,,,,,,,,,,,,,,,,0
서울신흥초등학교,서울,초,공립,,서울특별시 금천구 독산로36 나 길 21 (시흥동),0,,,1,2020.0,,,,,,,,,,,,,,,,,,,,0
서울안천초등학교,서울,초,공립,,서울특별시 금천구 한내로 69-16 . 서울안천초등학교 (독산동),0,,,0,,,,,,,,,,,,,,,,,,,,,0
서울여의도초등학교,서울,초,공립,,서울특별시 영등포구 여의대방로 439 . 서울여의도초등학교 (여의도동),0,,,0,,,,,,,,,,,,,,,,,,,,,0
서울영남초등학교,서울,초,공립,,서울특별시 금천구 문성로 62-15 (독산동),0,,,0,,,,,,,,,,,,,,,,,,,,,0
서울영동초등학교,서울,초,공립,,서울특별시 영등포구 국회대로53길 20 . (당산동. 영동초등학교) (당산동),0,,,0,,,,,,,,,,,,,,,,,,,,,0
서울영등포초등학교,서울,초,공립,,서울특별시 영등포구 경인로 756 (문래동1가),0,,,0,,,,,,,,,,,,,,,,,,,,,0
서울영림초등학교,서울,초,공립,,서울특별시 영등포구 시흥대로173길 14 . 서울영림초등학교 (대림동),0,,,0,,,,,,,,,,,,,,,,,,,,,0
서울영서초등학교,서울,초,공립,,서울특별시 구로구 도림로20길 57 . 영서초등학교 (구로동),0,,,0,,,,,,,,,,,,,,,,,,,,,0
서울영신초등학교,서울,초,공립,,서울특별시 영등포구 도신로60길 23 (신길동),1,2023.0,교육활동 모델교,0,,,,,,,,,,,,,,,,,,,,,0
서울영일초등학교,서울,초,공립,,서울특별시 구로구 남부순환로105길 218 . 서울영일초등학교 (가리봉동),0,,,0,,,,,,,,,,,,,,,,,,,,,0
서울영중초등학교,서울,초,공립,,서울특별시 영등포구 양산로 185 . 서울영중초등학교 (영등포동7가),0,,,1,2020.0,,,,,,,,,,,,,,,,,,,,0
서울오류남초등학교,서울,초,공립,,서울특별시 구로구 서해안로24길 22 (오류동. 오류남초등학교),0,,,0,,,,,,,,,,,,,,,,,,,,,0
서울오류초등학교,서울,초,공립,,서울특별시 구로구 경인로19길 39 . 서울오류초등학교 (오류동),1,2023.0,교육활동 모델교,0,,,,,,,,,,,,,,,,,,,,,0
서울오정초등학교,서울,초,공립,,서울특별시 구로구 경인로2길 10 . 서울오정초등학교 (오류동),1,2023.0,교육활동 모델교,1,2018.0,,,,,,,,,,,,,,,,,,,,1
서울온수초등학교,서울,초,공립,,서울특별시 구로구 부일로 893 (온수동),0,,,0,,,,,,,,,,,,,,,,,,,,,0
서울우신초등학교,서울,초,공립,,서울특별시 영등포구 신길로 190 (신길동.우신초등학교),0,,,0,,,,,,,,,,,,,,,,,,,,,0
서울윤중초등학교,서울,초,공립,,서울특별시 영등포구 여의나루로2길 14 (여의도동),0,,,0,,,,,,,,,,,,,,,,,,,,,0
서울정심초등학교,서울,초,공립,,서울특별시 금천구 독산로78다길 89 . 정심초등학교 (독산동),0,,,0,,,,,,,,,,,,,,,,,,,,,0
서울탑동초등학교,서울,초,공립,,서울특별시 금천구 탑골로 47-3 . 서울탑동초등학교 (시흥동),0,,,1,2016.0,,,,,,,,,,,,,,,,,,,,0
서울미래초등학교,서울,초,공립,,서울특별시 구로구 새말로 73 . 서울미래초등학교 (구로동),0,,,0,,,,,,,,,,,,,,,,,,,,,0
서울신미림초등학교,서울,초,공립,,서울특별시 구로구 신도림로 26 (신도림동. 신미림초등학교),1,2023.0,교육활동 모델교,1,2018.0,,,,,,,,,,,,,,,,,,,,1
서울영원초등학교,서울,초,공립,,서울특별시 영등포구 도영로 22길 31 (도림동),1,2023.0,교육활동 모델교,0,,137.08062015503876,34.86046511627907,90.16666666666667,162.0,97.95348837209302,61.48837209302326,,,,,,,,,,,,,,0
서울금동초등학교,서울,초,공립,,서울특별시 금천구 금하로30길 53 . 서울금동초등학교 (시흥동),0,,,1,2020.0,,,,,,,,,,,,,,,,,,,,0
서울고원초등학교,서울,초,공립,,서울특별시 구로구 경인로46길 13 (고척동. 서울고원초등학교),0,,,0,,,,,,,,,,,,,,,,,,,,,0
서울영문초등학교,서울,초,공립,,서울특별시 영등포구 문래로 56 . 서울영문초등학교 (문래동6가),1,2023.0,교육활동 모델교,0,,,,,,,,,,,,,,,,,,,,,0
서울선유초등학교,서울,초,공립,,서울특별시 영등포구 선유로43가길 14 . 서울선유초등학교 (양평동3가),0,,,0,,,,,,,,,,,,,,,,,,,,,0
서울천왕초등학교,서울,초,공립,,서울특별시 구로구 천왕로1길 11 (천왕동),0,,,0,,,,,,,,,,,,,,,,,,,,,0
서울금나래초등학교,서울,초,공립,,서울특별시 금천구 시흥대로79길 37 (독산동. 서울금나래초등학교),0,,,0,,,,,,,,,,,,,,,,,,,,,0
동광초등학교,서울,초,사립,,서울특별시 금천구 탑골로10길 45 . 동광초등학교 (시흥동),1,2023.0,교육활동 모델교,0,,,,,,,,,,,,,,,,,,,,,0
가산중학교,서울,중,공립,남여공학,서울특별시 금천구 시흥대로115길 48 (독산동),0,,,0,,,,,,,,,,,,,,,,,,,,,0
개봉중학교,서울,중,공립,남여공학,서울특별시 구로구 고척로21나길 68 (개봉동),0,,,0,,,,,,,,,,,,,,,,,,,,,0
개웅중학교,서울,중,공립,남여공학,서울특별시 구로구 개봉로11길 81 . 개웅중학교 (개봉동.개웅중학교),0,,,0,,,,,,,,,,,,,,,,,,,,,0
고척중학교,서울,중,공립,남여공학,서울특별시 구로구 중앙로3길 20 . 고척중학교 (고척동),0,,,0,,160.7467391304348,54.70869565217391,86.0,190.22,106.3225806451613,66.41935483870968,,,,,,,,,,,,,,0
구로중학교,서울,중,공립,남여공학,서울특별시 구로구 구로중앙로 48 (구로동),0,,,0,,,,,,,,,,,,,,,,,,,,,0
구일중학교,서울,중,공립,남여공학,서울특별시 구로구 구일로 90-133 (구로동),0,,,0,,,,,,,,,,,,,,,,,,,,,0
난곡중학교,서울,중,공립,남여공학,서울특별시 금천구 문성로 67 (독산동),0,,,0,,,,,,,,,,,,,,,,,,,,,0
당산서중학교,서울,중,공립,남여공학,서울특별시 영등포구 당산로41길 12 (당산동5가.당산서중학교),0,,,0,,,,,,,,,,,,,,,,,,,,,0
당산중학교,서울,중,공립,남여공학,서울특별시 영등포구 버드나루로 160 (당산동),0,,,0,,,,,,,,,,,,,,,,,,,,,0
대림중학교,서울,중,공립,남여공학,서울특별시 영등포구 시흥대로185길 6 (대림동.대림중학교),0,,,0,,161.91904761904763,56.79761904761905,101.0,186.5,109.28,66.16,,,,,,,,,,,,,,0
대영중학교,서울,중,공립,남여공학,서울특별시 영등포구 도림로80가길 14 (신길동. 대영중학교),0,,,0,,,,,,,,,,,,,,,,,,,,,0
문래중학교,서울,중,공립,남여공학,서울특별시 영등포구 선유서로13길 6 (문래동6가.문래중학교),0,,,0,,,,,,,,,,,,,,,,,,,,,0
문성중학교,서울,중,공립,남여공학,서울특별시 금천구 독산로102길 78 . 문성중학교 (독산동),0,,,0,,,,,,,,,,,,,,,,,,,,,0
세일중학교,서울,중,공립,남여공학,서울특별시 금천구 시흥대로147길 34 (독산동),0,,,1,2020.0,,,,,,,,,,,,,,,,,,,,0
시흥중학교,서울,중,공립,남여공학,서울특별시 금천구 시흥대로38길 60 . 시흥중학교 (시흥동),0,,,0,,,,,,,,,,,,,,,,,,,,,0
신도림중학교,서울,중,공립,남여공학,서울특별시 구로구 경인로63길 74 . 신도림중학교 (신도림동),0,,,0,,,,,,,,,,,,,,,,,,,,,0
안천중학교,서울,중,공립,남여공학,서울특별시 금천구 한내로 69-44 (독산동.안천중학교),0,,,0,,,,,,,,,,,,,,,,,,,,,0
선유중학교,서울,중,공립,남여공학,서울특별시 영등포구 선유로 213 (양평동3가),1,2023.0,교육활동 모델교,0,,,,,,,,,,,,,,,,,,,,,0
양화중학교,서울,중,공립,남여공학,서울특별시 영등포구 당산로 56 (문래동3가. 양화중학교),0,,,0,,,,,,,,,,,,,,,,,,,,,0
여의도중학교,서울,중,공립,남여공학,서울특별시 영등포구 국제금융로7길 46 . 여의도중학교 (여의도동),0,,,0,,,,,,,,,,,,,,,,,,,,,0
영남중학교,서울,중,공립,남여공학,서울특별시 영등포구 대림로31나길 17 . 영남중학교 (대림동),0,,,0,,,,,,,,,,,,,,,,,,,,,0
영림중학교,서울,중,공립,남여공학,서울특별시 구로구 가마산로27길 17 . 영림중학교 (구로동),0,,,0,,,,,,,,,,,,,,,,,,,,,0
영서중학교,서울,중,공립,남여공학,서울특별시 구로구 도림로20길 35 (구로동),0,,,0,,,,,,,,,,,,,,,,,,,,,0
영원중학교,서울,중,공립,남여공학,서울특별시 영등포구 영등포로62길 31 (영등포동.영원중학교),0,,,0,,,,,,,,,,,,,,,,,,,,,0
오남중학교,서울,중,공립,남여공학,서울특별시 구로구 오리로9길 25 (오류동),0,,,0,,,,,,,,,,,,,,,,,,,,,0
오류중학교,서울,중,공립,남여공학,서울특별시 구로구 고척로27바길 19 (고척동),0,,,0,,,,,,,,,,,,,,,,,,,,,0
윤중중학교,서울,중,공립,남여공학,서울특별시 영등포구 여의동로3길 3 (여의도동),0,,,0,,,,,,,,,,,,,,,,,,,,,0
한울중학교,서울,중,공립,남여공학,서울특별시 금천구 독산로50길 60 한울중학교,0,,,1,2016.0,,,,,,,,,,,,,,,,,,,,0
경인중학교,서울,중,공립,남여공학,서울특별시 구로구 경인로 301 (개봉동),0,,,0,,,,,,,,,,,,,,,,,,,,,0
천왕중학교,서울,중,공립,남여공학,서울특별시 구로구 천왕로 63 (천왕동. 천왕중학교),0,,,0,,,,,,,,,,,,,,,,,,,,,0
문일중학교,서울,중,사립,남자,서울특별시 금천구 시흥대로47길 45 . 문일중학교 (시흥동),0,,,0,,,,,,,,,,,,,,,,,,,,,0
우신중학교,서울,중,사립,남자,서울특별시 구로구 부일로 917 . 우신중학교 (궁동),0,,,0,,,,,,,,,,,,,,,,,,,,,0
동일중학교,서울,중,사립,남여공학,서울특별시 금천구 탑골로10길 45 (시흥동),0,,,0,,,,,,,,,,,,,,,,,,,,,0
서울계상초등학교,서울,초,공립,,서울특별시 노원구 한글비석로41가길 24 (상계동),0,,,0,,,,,,,,,,,,,,,,,,,,,0
서울공릉초등학교,서울,초,공립,,서울특별시 노원구 동일로173길 12 (공릉동.서울공릉초등학교),0,,,0,,,,,,,,,,,,,,,,,,,,,0
서울공연초등학교,서울,초,공립,,서울특별시 노원구 동일로192가길 16 (공릉동.서울공연초등학교),1,2023.0,교육활동 모델교,1,2018.0,,,,,,,,,,,,,,,,,,,,1
서울노원초등학교,서울,초,공립,,서울특별시 노원구 동일로230나길 32 (상계동. 노원초등학교),0,,,0,,,,,,,,,,,,,,,,,,,,,0
서울노일초등학교,서울,초,공립,,서울특별시 노원구 동일로 1625 (상계동.노일초등학교),0,,,0,,,,,,,,,,,,,,,,,,,,,0
서울녹천초등학교,서울,초,공립,,서울특별시 노원구 마들로3길 34 . 서울녹천초등학교 (월계동),0,,,0,,,,,,,,,,,,,,,,,,,,,0
서울누원초등학교,서울,초,공립,,서울특별시 도봉구 마들로 859-44 (도봉동),0,,,1,2016.0,,,,,,,,,,,,,,,,,,,,0
서울당현초등학교,서울,초,공립,,서울특별시 노원구 동일로213길 52 . 서울당현초등학교 (상계동),0,,,0,,,,,,,,,,,,,,,,,,,,,0
서울도봉초등학교,서울,초,공립,,서울특별시 도봉구 도봉로173길 96 (도봉동),0,,,0,,,,,,,,,,,,,,,,,,,,,0
서울동일초등학교,서울,초,공립,,서울특별시 노원구 한글비석로 566 . 동일초등학교 (상계동),0,,,1,2020.0,,,,,,,,,,,,,,,,,,,,0
서울방학초등학교,서울,초,공립,,서울특별시 도봉구 도당로9길 34 (방학동),0,,,0,,,,,,,,,,,,,,,,,,,,,0
서울백운초등학교,서울,초,공립,,서울특별시 도봉구 삼양로146길 17 (쌍문동),1,2023.0,교육활동 모델교,0,,,,,,,,,,,,,,,,,,,,,0
서울불암초등학교,서울,초,공립,,서울특별시 노원구 중계로 178 . 서울불암초등학교 (중계동),0,,,0,,,,,,,,,,,,,,,,,,,,,0
서울상경초등학교,서울,초,공립,,서울특별시 노원구 수락산로 237 (상계동.상경초등학교),0,,,1,2019.0,,,,,,,,,,,,,,,,,,,,0
서울상계초등학교,서울,초,공립,,서울특별시 노원구 상계로9길 39 . 서울상계초등학교 (상계동),0,,,0,,,,,,,,,,,,,,,,,,,,,0
서울상곡초등학교,서울,초,공립,,서울특별시 노원구 노원로38길 34 . 서울상곡초등학교 (상계동),0,,,0,,,,,,,,,,,,,,,,,,,,,0
서울상수초등학교,서울,초,공립,,서울특별시 노원구 동일로216길 66 . 서울상수초등학교 (상계동),0,,,0,,,,,,,,,,,,,,,,,,,,,0
서울상원초등학교,서울,초,공립,,서울특별시 노원구 한글비석로54길 119 (상계동),0,,,1,2018.0,,,,,,,,,,,,,,,,,,,,0
서울상월초등학교,서울,초,공립,,서울특별시 노원구 동일로221길 27 (상계동),0,,,0,,,,,,,,,,,,,,,,,,,,,0
서울상천초등학교,서울,초,공립,,서울특별시 노원구 덕릉로 443 . 서울상천초등학교 (상계동),0,,,0,,,,,,,,,,,,,,,,,,,,,0
서울선곡초등학교,서울,초,공립,,서울특별시 노원구 광운로2길 1 서울선곡초등학교 (월계동),0,,,0,,,,,,,,,,,,,,,,,,,,,0
서울수락초등학교,서울,초,공립,,서울특별시 노원구 동일로 1745 (상계동.서울수락초등학교),0,,,0,,,,,,,,,,,,,,,,,,,,,0
서울숭미초등학교,서울,초,공립,,서울특별시 도봉구 노해로 179 (쌍문동. 숭미초등학교),0,,,0,,,,,,,,,,,,,,,,,,,,,0
서울신계초등학교,서울,초,공립,,서울특별시 노원구 초안산로 29 (월계동.신계초등학교),0,,,0,,,,,,,,,,,,,,,,,,,,,0
서울신방학초등학교,서울,초,공립,,서울특별시 도봉구 시루봉로 173 . 서울신방학초등학교 (방학동),0,,,1,2020.0,,,,,,,,,,,,,,,,,,,,0
서울신상계초등학교,서울,초,공립,,서울특별시 노원구 상계로 267 . 신상계초등학교 (상계동),0,,,0,,,,,,,,,,,,,,,,,,,,,0
서울신창초등학교,서울,초,공립,,서울특별시 도봉구 덕릉로60길 93 . 신창초등학교 (창동),0,,,0,,,,,,,,,,,,,,,,,,,,,0
서울신학초등학교,서울,초,공립,,서울특별시 도봉구 방학로 247-21 (방학동),0,,,0,,,,,,,,,,,,,,,,,,,,,0
서울신화초등학교,서울,초,공립,,서울특별시 도봉구 우이천로 120 . 신화초등학교 (창동),0,,,0,,,,,,,,,,,,,,,,,,,,,0
서울쌍문초등학교,서울,초,공립,,서울특별시 도봉구 우이천로 360 . 서울쌍문초등학교 (쌍문동.쌍문초등학교),0,,,1,2020.0,136.7942857142857,34.442142857142855,88.5,154.0,95.8048780487805,60.0,,,,,,,,,,,,,,0
서울연지초등학교,서울,초,공립,,서울특별시 노원구 월계로55길 48 (월계동),0,,,0,,,,,,,,,,,,,,,,,,,,,0
서울연촌초등학교,서울,초,공립,,서울특별시 노원구 공릉로58길 36 . 서울연촌초등학교 (하계동),0,,,1,2019.0,,,,,,,,,,,,,,,,,,,,0
서울온곡초등학교,서울,초,공립,,서울특별시 노원구 한글비석로52길 59 . 서울온곡초등학교 (상계동. 온곡초등학교),0,,,0,,,,,,,,,,,,,,,,,,,,,0
서울용동초등학교,서울,초,공립,,서울특별시 노원구 한글비석로1길 81-11 (중계동.용동초등학교),0,,,0,,,,,,,,,,,,,,,,,,,,,0
서울용원초등학교,서울,초,공립,,서울특별시 노원구 섬밭로 144 . 용원초등학교 (공릉동. 서울용원초등학교),0,,,0,,,,,,,,,,,,,,,,,,,,,0
서울원광초등학교,서울,초,공립,,서울특별시 노원구 덕릉로76길 18 (중계동.원광초등학교),1,2023.0,교육활동 모델교,0,,,,,,,,,,,,,,,,,,,,,0
서울월계초등학교,서울,초,공립,,서울특별시 노원구 월계로45가길 10 (월계동.월계초등학교),0,,,0,,,,,,,,,,,,,,,,,,,,,0
서울월천초등학교,서울,초,공립,,서울특별시 도봉구 노해로70길 96 (창동.서울월천초등학교),0,,,0,,136.16153846153847,33.68538461538462,86.0,209.5,96.76190476190476,56.595238095238095,,,,,,,,,,,,,,0
서울을지초등학교,서울,초,공립,,서울특별시 노원구 중계로 239 (중계동),0,,,0,,,,,,,,,,,,,,,,,,,,,0
서울자운초등학교,서울,초,공립,,서울특별시 도봉구 마들로13길 166 . 서울자운초등학교 (창동),0,,,0,,,,,,,,,,,,,,,,,,,,,0
서울중계초등학교,서울,초,공립,,서울특별시 노원구 한글비석로19길 39 . 서울중계초등학교 (중계동),0,,,0,,,,,,,,,,,,,,,,,,,,,0
서울중원초등학교,서울,초,공립,,서울특별시 노원구 섬밭로 316 (중계동),0,,,0,,,,,,,,,,,,,,,,,,,,,0
서울중평초등학교,서울,초,공립,,서울특별시 노원구 섬밭로 241 . 서울중평초등학교 (하계동),1,2023.0,교육활동 모델교,0,,,,,,,,,,,,,,,,,,,,,0
서울중현초등학교,서울,초,공립,,서울특별시 노원구 섬밭로 181 . 서울중현초등학교 (하계동.중현초등학교),1,2023.0,교육활동 모델교,0,,,,,,,,,,,,,,,,,,,,,0
서울창경초등학교,서울,초,공립,,서울특별시 도봉구 도봉로129길 54 (쌍문동.창경초등학교),0,,,0,,,,,,,,,,,,,,,,,,,,,0
서울창도초등학교,서울,초,공립,,서울특별시 도봉구 방학로 32-28 . 창도초등학교 (방학동),0,,,0,,,,,,,,,,,,,,,,,,,,,0
서울창동초등학교,서울,초,공립,,서울특별시 도봉구 해등로16길 81 (창동),0,,,0,,,,,,,,,,,,,,,,,,,,,0
서울창원초등학교,서울,초,공립,,서울특별시 도봉구 해등로 103 (창동. 서울창원초등학교),0,,,0,,,,,,,,,,,,,,,,,,,,,0
서울창일초등학교,서울,초,공립,,서울특별시 도봉구 노해로66길 84 . 창일초등학교 (창동),0,,,0,,,,,,,,,,,,,,,,,,,,,0
서울청계초등학교,서울,초,공립,,서울특별시 노원구 공릉로 431 . 서울청계초등학교 (중계동),0,,,1,2016.0,,,,,,,,,,,,,,,,,,,,0
서울초당초등학교,서울,초,공립,,서울특별시 도봉구 해등로32길 11 (방학동),0,,,0,,,,,,,,,,,,,,,,,,,,,0
서울태릉초등학교,서울,초,공립,,서울특별시 노원구 노원로1길 36 . 서울태릉초등학교 (공릉동),1,2023.0,교육활동 모델교,0,,,,,,,,,,,,,,,,,,,,,0
서울한천초등학교,서울,초,공립,,서울특별시 노원구 마들로 45 . 서울한천초등학교 (월계동),0,,,0,,,,,,,,,,,,,,,,,,,,,0
서울수암초등학교,서울,초,공립,,서울특별시 노원구 중계로12길 9 (중계동.수암초등학교),0,,,1,2016.0,,,,,,,,,,,,,,,,,,,,0
서울오봉초등학교,서울,초,공립,,서울특별시 도봉구 시루봉로 285 . 서울오봉초등학교 (도봉동),0,,,0,,,,,,,,,,,,,,,,,,,,,0
서울창림초등학교,서울,초,공립,,서울특별시 도봉구 덕릉로63길 46 (창동),0,,,0,,,,,,,,,,,,,,,,,,,,,0
서울태랑초등학교,서울,초,공립,,서울특별시 노원구 화랑로51나길 31 . 서울태랑초등학교 (공릉동),0,,,0,,,,,,,,,,,,,,,,,,,,,0
서울덕암초등학교,서울,초,공립,,서울특별시 노원구 덕릉로112길 68 . 서울덕암초등학교 (상계동),0,,,0,,,,,,,,,,,,,,,,,,,,,0
서울가인초등학교,서울,초,공립,,서울특별시 도봉구 도봉로136다길 4 (창동.가인초등학교),0,,,0,,,,,,,,,,,,,,,,,,,,,0
동북초등학교,서울,초,사립,,서울특별시 도봉구 시루봉로 53 (쌍문동),0,,,1,2017.0,,,,,,,,,,,,,,,,,,,,0
상명초등학교,서울,초,사립,,서울특별시 노원구 덕릉로 541 . 상명초등학교 (중계동),0,,,0,,,,,,,,,,,,,,,,,,,,,0
청원초등학교,서울,초,사립,,서울특별시 노원구 한글비석로 506 . (상계동.청원초/중/고등학교) (상계동),1,2023.0,교육활동 모델교,1,2018.0,,,,,,,,,,,,,,,,,,,,1
태강삼육초등학교,서울,초,사립,,서울특별시 노원구 화랑로 815 . 태강삼육초등학교 (공릉동),1,2023.0,교육활동 모델교,0,,,,,,,,,,,,,,,,,,,,,0
한신초등학교,서울,초,사립,,서울특별시 도봉구 노해로49길 69 (쌍문동.한신초등학교),1,2023.0,교육활동모델교,1,2019.0,,,,,,,,,,,,,,,,,,,,1
화랑초등학교,서울,초,사립,,서울특별시 노원구 화랑로 621 . 서울여자대학교 (공릉동),0,,,1,2016.0,,,,,,,,,,,,,,,,,,,,0
공릉중학교,서울,중,공립,남여공학,서울특별시 노원구 노원로1길 42 (공릉동.공릉중학교),0,,,0,,,,,,,,,,,,,,,,,,,,,0
노곡중학교,서울,중,공립,남여공학,서울특별시 도봉구 노해로70길 95 (창동.노곡중학교),0,,,0,,,,,,,,,,,,,,,,,,,,,0
노원중학교,서울,중,공립,남여공학,서울특별시 노원구 동일로213길 26 (상계동.노원중학교),0,,,0,,,,,,,,,,,,,,,,,,,,,0
노일중학교,서울,중,공립,남여공학,서울특별시 노원구 동일로231길 24 . 노일중학교 (상계동),0,,,0,,,,,,,,,,,,,,,,,,,,,0
녹천중학교,서울,중,공립,남여공학,서울특별시 노원구 월계로 376 (월계동),0,,,0,,,,,,,,,,,,,,,,,,,,,0
도봉중학교,서울,중,공립,남여공학,서울특별시 도봉구 마들로 671 (도봉동.도봉중학교),0,,,0,,,,,,,,,,,,,,,,,,,,,0
방학중학교,서울,중,공립,남여공학,서울특별시 도봉구 시루봉로 188 . 방학중학교 (방학동),0,,,0,,162.6421686746988,55.373493975903614,91.6,185.2,112.6086956521739,66.95652173913044,,,,,,,,,,,,,,0
백운중학교,서울,중,공립,남여공학,서울특별시 도봉구 도봉로129길 50 (쌍문동),0,,,0,,,,,,,,,,,,,,,,,,,,,0
북서울중학교,서울,중,공립,남여공학,서울특별시 도봉구 도봉로169가길 33 (도봉동),0,,,1,2019.0,,,,,,,,,,,,,,,,,,,,0
불암중학교,서울,중,공립,남여공학,서울특별시 노원구 한글비석로5길 45 . 불암중학교 (하계동),0,,,0,,,,,,,,,,,,,,,,,,,,,0
상경중학교,서울,중,공립,남여공학,서울특별시 노원구 동일로227길 61 (상계동. 상경중학교),0,,,0,,,,,,,,,,,,,,,,,,,,,0
상계중학교,서울,중,공립,남여공학,서울특별시 노원구 노원로 398 (상계동. 상계중학교),0,,,0,,,,,,,,,,,,,,,,,,,,,0
상원중학교,서울,중,공립,남여공학,서울특별시 노원구 수락산로 182 (상계동),0,,,0,,,,,,,,,,,,,,,,,,,,,0
신방학중학교,서울,중,공립,남여공학,서울특별시 도봉구 시루봉로 156 . 신방학중학교 (방학동),0,,,0,,,,,,,,,,,,,,,,,,,,,0
신상중학교,서울,중,공립,남여공학,서울특별시 노원구 동일로216길 42 (상계동.신상중학교),0,,,0,,,,,,,,,,,,,,,,,,,,,0
신창중학교,서울,중,공립,남여공학,서울 노원구 월계로45길 92 (월계동.신창중학교),0,,,0,,,,,,,,,,,,,,,,,,,,,0
온곡중학교,서울,중,공립,남여공학,서울특별시 노원구 노원로 492 (상계동.온곡중학교),0,,,0,,,,,,,,,,,,,,,,,,,,,0
월계중학교,서울,중,공립,남여공학,서울특별시 노원구 월계로45가길 54 (월계동),0,,,0,,,,,,,,,,,,,,,,,,,,,0
중계중학교,서울,중,공립,남여공학,서울특별시 노원구 덕릉로76길 23 (중계동),0,,,0,,,,,,,,,,,,,,,,,,,,,0
중원중학교,서울,중,공립,남여공학,서울특별시 노원구 공릉로 420 (중계2.3동 511-3),0,,,0,,,,,,,,,,,,,,,,,,,,,0
중평중학교,서울,중,공립,남여공학,서울특별시 노원구 동일로203길 87 (하계동.중평중학교),0,,,1,2019.0,,,,,,,,,,,,,,,,,,,,0
창동중학교,서울,중,공립,남여공학,서울특별시 도봉구 방학로 32 . 창동중학교 (방학동),0,,,0,,163.30689655172415,54.35862068965517,79.0,156.0,108.0,64.46153846153847,,,,,,,,,,,,,,0
창북중학교,서울,중,공립,남여공학,서울특별시 도봉구 노해로62길 33 (창동.창북중학교),0,,,1,2016.0,162.31720430107526,54.59892473118279,84.5,122.5,109.90322580645162,65.2258064516129,,,,,,,,,,,,,,0
창일중학교,서울,중,공립,남여공학,서울특별시 도봉구 노해로66길 60 (창동.창일중학교),0,,,0,,164.75212765957448,57.46702127659574,95.33333333333333,143.66666666666666,114.41379310344827,68.34482758620689,,,,,,,,,,,,,,0
하계중학교,서울,중,공립,남여공학,서울특별시 노원구 노원로 261-8 (하계동),1,2023.0,교육활동 모델교,0,,,,,,,,,,,,,,,,,,,,,0
한천중학교,서울,중,공립,남여공학,서울특별시 노원구 공릉로 265 . 한천중학교 (공릉동),0,,,1,2020.0,164.53979591836733,54.49795918367347,103.5,165.0,99.83333333333333,50.0,,,,,,,,,,,,,,0
신도봉중학교,서울,중,공립,남여공학,서울특별시 도봉구 도봉로115길 16 (쌍문동),0,,,0,,,,,,,,,,,,,,,,,,,,,0
상계제일중학교,서울,중,공립,남여공학,서울특별시 노원구 덕릉로86길 29-15 . 상계제일중학교 (중계동),0,,,0,,,,,,,,,,,,,,,,,,,,,0
태랑중학교,서울,중,공립,남여공학,서울특별시 노원구 화랑로51나길 51 . 태랑중학교 (공릉동),0,,,0,,,,,,,,,,,,,,,,,,,,,0
수락중학교,서울,중,공립,남여공학,서울특별시 노원구 동일로 1729 . 수락중학교 (상계동),0,,,1,2019.0,,,,,,,,,,,,,,,,,,,,0
을지중학교,서울,중,공립,남여공학,서울특별시 노원구 덕릉로 580 (중계동),0,,,0,,,,,,,,,,,,,,,,,,,,,0
효문중학교,서울,중,공립,남여공학,서울특별시 도봉구 우이천로 432 (쌍문동. 효문중 고등학교),0,,,0,,,,,,,,,,,,,,,,,,,,,0
광운중학교,서울,중,사립,남자,서울특별시 노원구 광운로1길 24 (월계동.광운중학교),0,,,0,,,,,,,,,,,,,,,,,,,,,0
선덕중학교,서울,중,사립,남여공학,서울특별시 도봉구 시루봉로 53 . 선덕중학교 (쌍문동),1,2023.0,교육활동 모델교,1,2018.0,,,,,,,,,,,,,,,,,,,,1
재현중학교,서울,중,사립,남여공학,서울특별시 노원구 덕릉로82길 64 (중계동.재현중/고등학교),1,2023.0,교육활동 모델교,1,2020.0,,,,,,,,,,,,,,,,,,,,1
청원중학교,서울,중,사립,남여공학,서울특별시 노원구 한글비석로 506 . 청원중학교 (상계동),0,,,1,2016.0,,,,,,,,,,,,,,,,,,,,0
상명중학교,서울,중,사립,남여공학,서울특별시 노원구 덕릉로 553 (중계동.상명중학교),0,,,0,,,,,,,,,,,,,,,,,,,,,0
염광중학교,서울,중,사립,남여공학,서울특별시 노원구 월계로45가길 9 . 노원구 월계동 820 (월계동),0,,,0,,,,,,,,,,,,,,,,,,,,,0
정의여자중학교,서울,중,사립,여자,서울특별시 도봉구 노해로49길 69 (쌍문동),0,,,0,,,,,,,,,,,,,,,,,,,,,0
서울대학교사범대학부설초등학교,서울,초,국립,,서울특별시 종로구 대학로 64 (동숭동.서울사대부설초등학교),0,,,0,,,,,,,,,,,,,,,,,,,,,0
서울광희초등학교,서울,초,공립,,서울특별시 중구 다산로 269 . 서울광희초등학교 (신당동),1,2023.0,교육활동 모델교,0,,,,,,,,,,,,,,,,,,,,,0
서울교동초등학교,서울,초,공립,,서울특별시 종로구 삼일대로 446 (경운동),0,,,0,,,,,,,,,,,,,,,,,,,,,0
서울금양초등학교,서울,초,공립,,서울특별시 용산구 효창원로 137 . 서울금양초등학교 (효창동),0,,,1,2018.0,,,,,,,,,,,,,,,,,,,,0
서울남산초등학교,서울,초,공립,,서울특별시 중구 퇴계로22길 17 . 서울남산초등학교 (남산동2가),0,,,0,,,,,,,,,,,,,,,,,,,,,0
서울남정초등학교,서울,초,공립,,서울특별시 용산구 원효로64길 17-10 . 서울남정초등학교 (원효로2가),0,,,0,,,,,,,,,,,,,,,,,,,,,0
서울덕수초등학교,서울,초,공립,,서울특별시 중구 덕수궁길 140 서울덕수초등학교 (정동),0,,,0,,,,,,,,,,,,,,,,,,,,,0
서울독립문초등학교,서울,초,공립,,서울특별시 종로구 통일로12길 23 (무악동),0,,,0,,,,,,,,,,,,,,,,,,,,,0
서울매동초등학교,서울,초,공립,,서울특별시 종로구 사직로9길 19 . 서울매동초등학교 (필운동),0,,,0,,,,,,,,,,,,,,,,,,,,,0
서울명신초등학교,서울,초,공립,,서울특별시 종로구 낙산길 250 (창신동),1,2023.0,교육활동 모델교,0,,,,,,,,,,,,,,,,,,,,,0
서울보광초등학교,서울,초,공립,,서울특별시 용산구 우사단로 20 (이태원동.보광초등학교),0,,,0,,,,,,,,,,,,,,,,,,,,,0
서울봉래초등학교,서울,초,공립,,서울특별시 중구 손기정로 73 (만리동2가),0,,,0,,,,,,,,,,,,,,,,,,,,,0
서울삼광초등학교,서울,초,공립,,서울특별시 용산구 두텁바위로1나길 19 . 서울삼광초등학교 (후암동),0,,,0,,135.80731707317074,34.39430894308943,96.83333333333333,152.33333333333334,97.56756756756756,60.027027027027025,,,,,,,,,,,,,,0
서울서빙고초등학교,서울,초,공립,,서울특별시 용산구 서빙고로51길 14 . 서울서빙고초등학교 (서빙고동),0,,,0,,,,,,,,,,,,,,,,,,,,,0
서울세검정초등학교,서울,초,공립,,서울특별시 종로구 세검정로9길 1 (신영동.서울세검정초등학교),0,,,0,,,,,,,,,,,,,,,,,,,,,0
서울신용산초등학교,서울,초,공립,,서울특별시 용산구 이촌로 255 . 301-75번지 (이촌동),0,,,0,,,,,,,,,,,,,,,,,,,,,0
서울용산초등학교,서울,초,공립,,서울 용산구 한강대로57길 33 (한강로2가.용산초등학교),0,,,0,,,,,,,,,,,,,,,,,,,,,0
서울용암초등학교,서울,초,공립,,서울특별시 용산구 녹사평대로60길 39 . 서울용암초등학교 (용산동2가),0,,,0,,,,,,,,,,,,,,,,,,,,,0
서울원효초등학교,서울,초,공립,,서울특별시 용산구 효창원로13길 38 . 서울원효초등학교 (산천동.원효초등학교),0,,,0,,,,,,,,,,,,,,,,,,,,,0
서울이태원초등학교,서울,초,공립,,서울특별시 용산구 녹사평대로40길 19 (이태원동.이태원초등학교),1,2023.0,교육활동 모델교,1,2015.0,,,,,,,,,,,,,,,,,,,,1
서울장충초등학교,서울,초,공립,,서울특별시 중구 청구로17길 40 . 서울장충초등학교 (신당동),0,,,1,2016.0,,,,,,,,,,,,,,,,,,,,0
서울재동초등학교,서울,초,공립,,서울특별시 종로구 북촌로4길 7 . 서울재동초등학교 (가회동),0,,,0,,,,,,,,,,,,,,,,,,,,,0
서울창신초등학교,서울,초,공립,,서울특별시 종로구 지봉로 73 . 서울창신초등학교 (창신동),0,,,0,,,,,,,,,,,,,,,,,,,,,0
서울청구초등학교,서울,초,공립,,서울특별시 중구 다산로 170 (신당동.청구초등학교),0,,,0,,,,,,,,,,,,,,,,,,,,,0
서울청운초등학교,서울,초,공립,,서울특별시 종로구 자하문로 105 . 청운초등학교 (청운동),0,,,0,,,,,,,,,,,,,,,,,,,,,0
서울청파초등학교,서울,초,공립,,서울특별시 용산구 효창원로 228 . 서울청파초등학교 (청파동2가),1,2023.0,교육활동 모델교,0,,,,,,,,,,,,,,,,,,,,,0
서울충무초등학교,서울,초,공립,,서울 중구 퇴계로50길 13 (장충동2가.충무초등학교),1,2023.0,교육활동 모델교,1,2019.0,,,,,,,,,,,,,,,,,,,,1
서울한강초등학교,서울,초,공립,,서울특별시 용산구 한강대로14길 9 . 서울한강초등학교 (한강로3가),0,,,0,,,,,,,,,,,,,,,,,,,,,0
서울한남초등학교,서울,초,공립,,서울특별시 용산구 한남대로 112 서울한남초등학교 (한남동),0,,,0,,,,,,,,,,,,,,,,,,,,,0
서울혜화초등학교,서울,초,공립,,서울특별시 종로구 혜화로 32 . 서울혜화초등학교 (혜화동),0,,,0,,,,,,,,,,,,,,,,,,,,,0
서울효제초등학교,서울,초,공립,,서울특별시 종로구 대학로 12 . 서울효제초등학교 (효제동),0,,,0,,,,,,,,,,,,,,,,,,,,,0
서울후암초등학교,서울,초,공립,,서울특별시 용산구 두텁바위로 140 . 서울후암초등학교 (후암동),0,,,0,,,,,,,,,,,,,,,,,,,,,0
서울흥인초등학교,서울,초,공립,,서울특별시 중구 청구로6길 11 (신당동.흥인초등학교),0,,,0,,,,,,,,,,,,,,,,,,,,,0
서울신당초등학교,서울,초,공립,,서울특별시 중구 난계로 141 (신당동),1,2023.0,교육활동 모델교,0,,,,,,,,,,,,,,,,,,,,,0
동산초등학교,서울,초,사립,,서울특별시 중구 매봉18길 109 동산초등학교 (신당동),0,,,0,,,,,,,,,,,,,,,,,,,,,0
리라초등학교,서울,초,사립,,서울특별시 중구 소파로2길 7 (예장동),0,,,0,,,,,,,,,,,,,,,,,,,,,0
상명대학교사범대학부속초등학교,서울,초,사립,,서울특별시 종로구 홍지문2길 1 . 상명사대부속초등학교 (홍지동),0,,,1,2019.0,,,,,,,,,,,,,,,,,,,,0
숭의초등학교,서울,초,사립,,서울특별시 중구 소파로2길 10 (예장동.숭의여자대학),0,,,0,,,,,,,,,,,,,,,,,,,,,0
신광초등학교,서울,초,사립,,서울특별시 용산구 청파로 263 . 신광초등학교 청파동 3가 100 (청파동3가),0,,,0,,,,,,,,,,,,,,,,,,,,,0
운현초등학교,서울,초,사립,,서울특별시 종로구 삼일대로 460 . (운니동. 운현초등학교 (운니동),0,,,0,,,,,,,,,,,,,,,,,,,,,0
서울대학교사범대학부설여자중학교,서울,중,국립,여자,서울특별시 종로구 대학로 64 . 서울대학교사범대학부설여자중학교 (이화동),1,2023.0,교육활동 모델교,0,,,,,,,,,,,,,,,,,,,,,0
덕수중학교,서울,중,공립,남여공학,서울 중구 마른내로9길 10 (인현동2가.덕수중학교),1,2023.0,교육활동 모델교,0,,,,,,,,,,,,,,,,,,,,,0
선린중학교,서울,중,공립,남여공학,서울특별시 용산구 원효로97길 33-4 (청파동3가),0,,,0,,,,,,,,,,,,,,,,,,,,,0
용강중학교,서울,중,공립,남여공학,서울특별시 용산구 이촌로65가길 91 (이촌동),0,,,0,,162.3488888888889,56.13444444444445,91.5,152.0,112.18518518518519,69.44444444444444,,,,,,,,,,,,,,0
용산중학교,서울,중,공립,남자,서울특별시 용산구 두텁바위로 74 (용산동2가),1,2023.0,교육활동 모델교,1,2016.0,,,,,,,,,,,,,,,,,,,,1
청운중학교,서울,중,공립,남자,서울특별시 종로구 창의문로 51 (청운동),0,,,1,2019.0,,,,,,,,,,,,,,,,,,,,0
한강중학교,서울,중,공립,남여공학,서울특별시 용산구 녹사평대로 73 (서빙고동),0,,,0,,,,,,,,,,,,,,,,,,,,,0
금호여자중학교,서울,중,공립,여자,서울특별시 중구 청구로 6 . 금호여자중학교 본관동(주1) (신당동),0,,,0,,,,,,,,,,,,,,,,,,,,,0
장원중학교,서울,중,공립,남여공학,서울특별시 중구 동호로15길 93-34 (신당동),0,,,0,,,,,,,,,,,,,,,,,,,,,0
창덕여자중학교,서울,중,공립,여자,서울특별시 중구 정동길 22 . 창덕여자중학교 (정동),0,,,0,,,,,,,,,,,,,,,,,,,,,0
경신중학교,서울,중,사립,남자,서울특별시 종로구 혜화로 74 (혜화동.경신중고등학교),0,,,0,,167.71395348837208,63.87674418604651,96.25,191.75,109.68,64.88,,,,,,,,,,,,,,0
대경중학교,서울,중,사립,남자,서울특별시 중구 매봉18길 111 (신당동),0,,,1,2016.0,,,,,,,,,,,,,,,,,,,,0
대신중학교,서울,중,사립,남자,서울특별시 종로구 사직로 9 (행촌동),0,,,0,,,,,,,,,,,,,,,,,,,,,0
동성중학교,서울,중,사립,남자,서울특별시 종로구 대학로 156 동성중학교 (혜화동90-7),0,,,1,2020.0,,,,,,,,,,,,,,,,,,,,0
배문중학교,서울,중,사립,남자,서울특별시 용산구 효창원로 258 . 배문중학교 (서계동),0,,,0,,,,,,,,,,,,,,,,,,,,,0
오산중학교,서울,중,사립,남자,서울특별시 용산구 보광로7길 17 (보광동.오산중학교),0,,,0,,,,,,,,,,,,,,,,,,,,,0
장충중학교,서울,중,사립,남자,서울특별시 중구 동호로15길 93 (신당동),0,,,1,2016.0,,,,,,,,,,,,,,,,,,,,0
중앙중학교,서울,중,사립,남여공학,서울특별시 종로구 창덕궁길 164 중앙중학교 (계동),0,,,0,,,,,,,,,,,,,,,,,,,,,0
한양중학교,서울,중,사립,남자,서울특별시 중구 을지로 299 (신당동),0,,,0,,,,,,,,,,,,,,,,,,,,,0
환일중학교,서울,중,사립,남자,서울특별시 중구 환일길 47 (만리동2가),0,,,1,2020.0,,,,,,,,,,,,,,,,,,,,0
덕성여자중학교,서울,중,사립,여자,서울특별시 종로구 율곡로3길 49 (송현동),0,,,1,2020.0,,,,,,,,,,,,,,,,,,,,0
배화여자중학교,서울,중,사립,여자,서울특별시 종로구 필운대로1길 34 배화여자중학교,0,,,0,,,,,,,,,,,,,,,,,,,,,0
보성여자중학교,서울,중,사립,여자,서울특별시 용산구 신흥로3가길 66 (용산동2가),0,,,0,,,,,,,,,,,,,,,,,,,,,0
상명대학교사범대학부속여자중학교,서울,중,사립,여자,서울특별시 종로구 홍지문2길 20 (홍지동),0,,,0,,,,,,,,,,,,,,,,,,,,,0
신광여자중학교,서울,중,사립,여자,서울특별시 용산구 청파로 263 (청파동3가),0,,,0,,,,,,,,,,,,,,,,,,,,,0
성심여자중학교,서울,중,사립,여자,서울특별시 용산구 원효로19길 49 . 성심여자중학교 (원효로4가),0,,,0,,,,,,,,,,,,,,,,,,,,,0
서울가동초등학교,서울,초,공립,,서울특별시 송파구 중대로20길 47 (가락동),0,,,0,,,,,,,,,,,,,,,,,,,,,0
서울가락초등학교,서울,초,공립,,서울특별시 송파구 송파대로37길 45 (가락동.가락초등학교),0,,,0,,,,,,,,,,,,,,,,,,,,,0
서울가원초등학교,서울,초,공립,,서울특별시 송파구 중대로4길 8 (문정동. 가원초등학교),0,,,0,,137.7261744966443,34.37114093959732,,,98.50980392156863,59.90196078431372,,,,,,,,,,,,,,0
서울가주초등학교,서울,초,공립,,서울특별시 송파구 오금로40길 37 . 서울가주초등학교 (가락동. 가주초등학교),0,,,1,2020.0,,,,,,,,,,,,,,,,,,,,0
서울강덕초등학교,서울,초,공립,,서울특별시 강동구 동남로82길 94-54 (고덕동.서울강덕초등학교),0,,,1,2020.0,,,,,,,,,,,,,,,,,,,,0
서울강동초등학교,서울,초,공립,,서울특별시 강동구 상암로14길 77 (천호동.서울강동초등학교),0,,,0,,,,,,,,,,,,,,,,,,,,,0
서울거여초등학교,서울,초,공립,,서울특별시 송파구 마천로25길 18 . 거여초등학교 (오금동),1,2023.0,교육활동 모델교,1,2019.0,,,,,,,,,,,,,,,,,,,,1
서울거원초등학교,서울,초,공립,,서울특별시 송파구 양산로2길 26 (거여동.거원초등학교),0,,,1,2019.0,,,,,,,,,,,,,,,,,,,,0
서울고덕초등학교,서울,초,공립,,서울특별시 강동구 아리수로82길 42 . 고덕초등학교 (고덕동),0,,,0,,,,,,,,,,,,,,,,,,,,,0
서울고명초등학교,서울,초,공립,,서울특별시 강동구 고덕로46길 53 . 서울고명초등학교 (명일동),0,,,0,,,,,,,,,,,,,,,,,,,,,0
서울고일초등학교,서울,초,공립,,서울특별시 강동구 구천면로93길 20 . 서울고일초등학교 (상일동),0,,,0,,,,,,,,,,,,,,,,,,,,,0
서울길동초등학교,서울,초,공립,,서울특별시 강동구 양재대로116길 69 . 서울길동초등학교 (길동),0,,,0,,,,,,,,,,,,,,,,,,,,,0
서울남천초등학교,서울,초,공립,,서울특별시 송파구 성내천로 207 (마천동),0,,,0,,,,,,,,,,,,,,,,,,,,,0
서울대명초등학교,서울,초,공립,,서울특별시 강동구 상암로 271 (명일동.서울대명초등학교),0,,,0,,,,,,,,,,,,,,,,,,,,,0
서울둔촌초등학교,서울,초,공립,,서울특별시 강동구 양재대로88길 27 . 서울둔촌초등학교 (둔촌동),0,,,0,,,,,,,,,,,,,,,,,,,,,0
서울마천초등학교,서울,초,공립,,서울특별시 송파구 마천로61다길 24 . 서울마천초등학교 (마천동),0,,,0,,,,,,,,,,,,,,,,,,,,,0
서울명덕초등학교,서울,초,공립,,서울특별시 강동구 양재대로156길 11 . 서울명덕초등학교 (고덕동),1,2023.0,교육활동 모델교,1,2018.0,,,,,,,,,,,,,,,,,,,,1
서울명원초등학교,서울,초,공립,,서울특별시 강동구 명일로 364 . 서울명원초등학교 (명일동),1,2023.0,교육활동 모델교,0,,,,,,,,,,,,,,,,,,,,,0
서울명일초등학교,서울,초,공립,,서울특별시 강동구 고덕로38길 8 . 서울명일초등학교(암사동. 서울명일초등학교),0,,,0,,,,,,,,,,,,,,,,,,,,,0
서울묘곡초등학교,서울,초,공립,,서울특별시 강동구 동남로79길 46 (고덕동),0,,,0,,,,,,,,,,,,,,,,,,,,,0
서울문덕초등학교,서울,초,공립,,서울특별시 송파구 송이로34길 60 (문정동),0,,,0,,,,,,,,,,,,,,,,,,,,,0
서울문정초등학교,서울,초,공립,,서울특별시 송파구 문정로5길 20 . 문정초등학교 (문정동),0,,,0,,,,,,,,,,,,,,,,,,,,,0
서울방산초등학교,서울,초,공립,,서울특별시 송파구 오금로27길 42 (방이동),0,,,1,2016.0,,,,,,,,,,,,,,,,,,,,0
서울방이초등학교,서울,초,공립,,서울특별시 송파구 위례성대로10길 4 . 서울방이초등학교 (방이동),0,,,0,,,,,,,,,,,,,,,,,,,,,0
서울삼전초등학교,서울,초,공립,,서울특별시 송파구 백제고분로28길 19 (삼전동),1,2023.0,교육활동 모델교,1,2020.0,136.22836879432626,33.8468085106383,98.66666666666667,198.33333333333334,99.0,59.666666666666664,,,,,,,,,,,,,,1
서울상일초등학교,서울,초,공립,,서울특별시 강동구 천호대로 1477 (상일동),0,,,0,,,,,,,,,,,,,,,,,,,,,0
서울석촌초등학교,서울,초,공립,,서울특별시 송파구 가락로11길 26 . 서울석촌초등학교 (석촌동),0,,,0,,,,,,,,,,,,,,,,,,,,,0
서울선린초등학교,서울,초,공립,,서울특별시 강동구 진황도로61길 29 . 서울선린초등학교 (둔촌동),0,,,0,,,,,,,,,,,,,,,,,,,,,0
서울성내초등학교,서울,초,공립,,서울특별시 강동구 성내로3길 19 . 성내초등학교 (성내동),0,,,0,,137.05751633986927,33.962416107382545,97.5,151.5,103.57142857142857,62.142857142857146,,,,,,,,,,,,,,0
서울성일초등학교,서울,초,공립,,서울특별시 강동구 성내로15길 33 . 서울성일초등학교 (성내동),1,2023.0,교육활동 모델교,0,,,,,,,,,,,,,,,,,,,,,0
서울세륜초등학교,서울,초,공립,,서울특별시 송파구 양재대로 1264 . 서울세륜초등학교 (방이동),0,,,0,,,,,,,,,,,,,,,,,,,,,0
서울송전초등학교,서울,초,공립,,서울특별시 송파구 석촌호수로 159 (잠실동),0,,,0,,,,,,,,,,,,,,,,,,,,,0
서울송파초등학교,서울,초,공립,,서울특별시 송파구 백제고분로 400 (송파동),0,,,0,,,,,,,,,,,,,,,,,,,,,0
서울신가초등학교,서울,초,공립,,서울특별시 송파구 송이로 75 . 서울신가초등학교 (가락동),1,2023.0,교육활동 모델교,0,,,,,,,,,,,,,,,,,,,,,0
서울신명초등학교,서울,초,공립,,서울특별시 강동구 명일로24길 33 . 서울신명초등학교 (길동),0,,,0,,,,,,,,,,,,,,,,,,,,,0
서울신암초등학교,서울,초,공립,,서울특별시 강동구 올림픽로93길 33-16 . 서울신암초등학교 (암사동),0,,,0,,,,,,,,,,,,,,,,,,,,,0
서울신천초등학교,서울,초,공립,,서울특별시 송파구 올림픽로 215 . 서울신천초등학교 (잠실동. 잠실주공아파트 5단지),1,2023.0,교육활동 모델교,1,2019.0,,,,,,,,,,,,,,,,,,,,1
서울아주초등학교,서울,초,공립,,서울특별시 송파구 올림픽로4길 59 . 서울아주초등학교 (잠실동),0,,,1,2020.0,,,,,,,,,,,,,,,,,,,,0
서울영풍초등학교,서울,초,공립,,서울특별시 송파구 오금로57길 15 . 서울영풍초등학교 (거여동),0,,,1,2019.0,,,,,,,,,,,,,,,,,,,,0
서울오금초등학교,서울,초,공립,,서울특별시 송파구 위례성대로22길 11 (오금동.오금초등학교),0,,,0,,,,,,,,,,,,,,,,,,,,,0
서울오륜초등학교,서울,초,공립,,서울특별시 송파구 양재대로 1196 . 서울오륜초등학교 (방이동),0,,,0,,,,,,,,,,,,,,,,,,,,,0
서울위례초등학교,서울,초,공립,,서울특별시 강동구 명일로 23 (둔촌동),0,,,0,,,,,,,,,,,,,,,,,,,,,0
서울잠동초등학교,서울,초,공립,,서울특별시 송파구 올림픽로35길 122 (신천동. 잠동초등학교),0,,,1,2017.0,,,,,,,,,,,,,,,,,,,,0
서울잠신초등학교,서울,초,공립,,서울특별시 송파구 잠실로 32 . 서울잠신초등학교 (잠실동),0,,,1,2016.0,,,,,,,,,,,,,,,,,,,,0
서울잠실초등학교,서울,초,공립,,서울특별시 송파구 올림픽로35길 20 (신천동.잠실초등학교),0,,,1,2016.0,,,,,,,,,,,,,,,,,,,,0
서울잠일초등학교,서울,초,공립,,서울특별시 송파구 올림픽로 95 . 서울잠일초등학교 (잠실동),0,,,0,,,,,,,,,,,,,,,,,,,,,0
서울잠전초등학교,서울,초,공립,,서울특별시 송파구 올림픽로12길 51 . (잠실동.서울잠전초등학교),0,,,0,,,,,,,,,,,,,,,,,,,,,0
서울중대초등학교,서울,초,공립,,서울특별시 송파구 송파대로36길 8 (송파동),0,,,0,,,,,,,,,,,,,,,,,,,,,0
서울천동초등학교,서울,초,공립,,서울특별시 강동구 성안로 200 . 서울천동초등학교 (길동),0,,,0,,,,,,,,,,,,,,,,,,,,,0
서울천일초등학교,서울,초,공립,,서울특별시 강동구 구천면로 266 . 서울천일초등학교 (천호동),0,,,0,,,,,,,,,,,,,,,,,,,,,0
서울천호초등학교,서울,초,공립,,서울특별시 강동구 구천면로 310-11 (천호동.서울천호초등학교),0,,,0,,135.42058823529413,35.184558823529414,106.33333333333333,181.33333333333334,88.93023255813954,56.04651162790697,,,,,,,,,,,,,,0
서울토성초등학교,서울,초,공립,,서울특별시 송파구 풍성로20길 44 . 서울토성초등학교 (풍납동),0,,,0,,,,,,,,,,,,,,,,,,,,,0
서울평화초등학교,서울,초,공립,,서울특별시 송파구 송파대로26길 22 . 서울평화초등학교 (가락동),0,,,0,,,,,,,,,,,,,,,,,,,,,0
서울풍납초등학교,서울,초,공립,,서울특별시 송파구 풍성로 43 (풍납동),0,,,0,,,,,,,,,,,,,,,,,,,,,0
서울풍성초등학교,서울,초,공립,,서울특별시 송파구 강동대로2길 13 . (풍납동.풍성초등학교),0,,,0,,136.88943089430896,34.26829268292683,,,,,,,,,,,,,,,,,,0
서울강일초등학교,서울,초,공립,,서울특별시 강동구 아리수로98길 24 . 서울강일초등학교 (강일동),0,,,0,,,,,,,,,,,,,,,,,,,,,0
서울한산초등학교,서울,초,공립,,서울특별시 강동구 풍성로 261 (서울한산초등학교. 둔촌동),0,,,0,,,,,,,,,,,,,,,,,,,,,0
서울선사초등학교,서울,초,공립,,서울특별시 강동구 올림픽로 837 (암사동. 서울선사초등학교),0,,,0,,,,,,,,,,,,,,,,,,,,,0
서울버들초등학교,서울,초,공립,,서울특별시 송파구 석촌호수로 81 . 서울버들초등학교 (잠실동),0,,,0,,,,,,,,,,,,,,,,,,,,,0
서울문현초등학교,서울,초,공립,,서울특별시 송파구 충민로 137 . (서울문현초등학교) (장지동),0,,,0,,,,,,,,,,,,,,,,,,,,,0
서울개롱초등학교,서울,초,공립,,서울특별시 송파구 문정로 211 . 서울개롱초등학교 (오금동),1,2023.0,교육활동 모델교,1,2019.0,,,,,,,,,,,,,,,,,,,,1
서울잠현초등학교,서울,초,공립,,서울특별시 송파구 올림픽로37길 109 . 서울잠현초등학교 (신천동),0,,,0,,,,,,,,,,,,,,,,,,,,,0
서울강명초등학교,서울,초,공립,,서울특별시 강동구 상일로 74-1 (상일동),0,,,0,,136.43857142857144,33.78142857142857,103.75,210.75,91.12244897959184,59.02040816326531,,,,,,,,,,,,,,0
서울송례초등학교,서울,초,공립,,서울특별시 송파구 위례순환로 439 (장지동. 서울송례초등학교),0,,,0,,,,,,,,,,,,,,,,,,,,,0
서울위례별초등학교,서울,초,공립,,서울특별시 송파구 위례광장로 243 . 서울위례별초등학교 (장지동),0,,,0,,,,,,,,,,,,,,,,,,,,,0
서울강솔초등학교,서울,초,공립,,서울특별시 강동구 고덕로97길 80 . 서울강솔초등학교 (강일동),0,,,0,,,,,,,,,,,,,,,,,,,,,0
가락중학교,서울,중,공립,남여공학,서울특별시 송파구 송이로 45 (송파동.가락중학교),0,,,0,,,,,,,,,,,,,,,,,,,,,0
가원중학교,서울,중,공립,남여공학,서울특별시 송파구 중대로10길 40-18 (가락동.가원중학교),0,,,0,,,,,,,,,,,,,,,,,,,,,0
강일중학교,서울,중,공립,남여공학,서울특별시 강동구 고덕로27길 12 (암사동414-17),0,,,0,,163.68636363636364,56.345454545454544,92.25,155.5,110.6923076923077,64.57692307692308,,,,,,,,,,,,,,0
거원중학교,서울,중,공립,남여공학,서울특별시 송파구 양산로2길 30 (거여동.거원중학교),0,,,0,,,,,,,,,,,,,,,,,,,,,0
고덕중학교,서울,중,공립,남여공학,서울특별시 강동구 동남로82길 94 (고덕동),0,,,0,,163.61707317073171,57.325609756097556,84.0,166.0,110.44,65.32,,,,,,,,,,,,,,0
둔촌중학교,서울,중,공립,남여공학,서울특별시 강동구 진황도로61길 25-30 (둔촌동),0,,,0,,,,,,,,,,,,,,,,,,,,,0
문정중학교,서울,중,공립,남여공학,서울특별시 송파구 문정로 73 (문정동. 문정중학교),0,,,0,,161.59047619047618,52.91428571428572,,,102.96,59.64,,,,,,,,,,,,,,0
방산중학교,서울,중,공립,남여공학,서울특별시 송파구 오금로29길 31 (방이동. 방산중학교),0,,,0,,,,,,,,,,,,,,,,,,,,,0
방이중학교,서울,중,공립,남여공학,서울특별시 송파구 오금로11길 64 (방이동.방이중학교),0,,,0,,,,,,,,,,,,,,,,,,,,,0
석촌중학교,서울,중,공립,남여공학,서울특별시 송파구 송이로15길 13 (가락동),0,,,0,,,,,,,,,,,,,,,,,,,,,0
성내중학교,서울,중,공립,남여공학,서울특별시 강동구 성안로7길 36 (성내동.성내중학교),0,,,0,,,,,,,,,,,,,,,,,,,,,0
세륜중학교,서울,중,공립,남여공학,서울특별시 송파구 양재대로72길 41 (오금동.세륜중학교),0,,,0,,,,,,,,,,,,,,,,,,,,,0
송파중학교,서울,중,공립,남여공학,서울특별시 송파구 동남로 203 (가락동. 송파중학교),0,,,1,2019.0,,,,,,,,,,,,,,,,,,,,0
신명중학교,서울,중,공립,남여공학,서울특별시 강동구 명일로24길 25 (길동),0,,,0,,,,,,,,,,,,,,,,,,,,,0
신암중학교,서울,중,공립,남여공학,서울특별시 강동구 고덕로 65 . 신암중학교 (암사동),0,,,0,,,,,,,,,,,,,,,,,,,,,0
신천중학교,서울,중,공립,남여공학,서울특별시 송파구 백제고분로 11 . 신천중학교 (잠실동),0,,,0,,,,,,,,,,,,,,,,,,,,,0
아주중학교,서울,중,공립,남여공학,서울특별시 송파구 올림픽로4길 69 . 아주중학교 (잠실동),0,,,0,,,,,,,,,,,,,,,,,,,,,0
오금중학교,서울,중,공립,남여공학,서울특별시 송파구 오금로35길 20 (오금동.오금중학교),0,,,0,,,,,,,,,,,,,,,,,,,,,0
오륜중학교,서울,중,공립,남여공학,서울특별시 송파구 양재대로 1242 (방이동.오륜중학교),0,,,0,,,,,,,,,,,,,,,,,,,,,0
오주중학교,서울,중,공립,남여공학,서울특별시 송파구 동남로 281 . 오주중학교 (오금동),0,,,0,,,,,,,,,,,,,,,,,,,,,0
잠신중학교,서울,중,공립,남여공학,서울특별시 송파구 잠실로 12 . 잠신중학교 (잠실동),0,,,0,,,,,,,,,,,,,,,,,,,,,0
잠실중학교,서울,중,공립,남여공학,서울특별시 송파구 올림픽로35길 130 (신천동. 잠실중학교),0,,,0,,,,,,,,,,,,,,,,,,,,,0
천일중학교,서울,중,공립,남여공학,서울특별시 강동구 천중로 57 . 천일중학교 (천호동),0,,,0,,,,,,,,,,,,,,,,,,,,,0
천호중학교,서울,중,공립,남여공학,서울특별시 강동구 상암로 153 (천호동),0,,,1,2020.0,,,,,,,,,,,,,,,,,,,,0
풍납중학교,서울,중,공립,남여공학,서울특별시 송파구 올림픽로43길 20 (풍납동),0,,,0,,,,,,,,,,,,,,,,,,,,,0
풍성중학교,서울,중,공립,남여공학,서울특별시 송파구 강동대로2길 27 (풍납동. 풍성중학교),0,,,1,2016.0,,,,,,,,,,,,,,,,,,,,0
한산중학교,서울,중,공립,남여공학,서울특별시 강동구 풍성로 251 (둔촌동),0,,,0,,161.5087912087912,54.37802197802198,94.5,148.0,108.57692307692308,65.23076923076923,,,,,,,,,,,,,,0
명일중학교,서울,중,공립,남여공학,서울특별시 강동구 양재대로156길 57 (고덕동.명일중학교),0,,,0,,,,,,,,,,,,,,,,,,,,,0
문현중학교,서울,중,공립,남여공학,서울특별시 송파구 충민로 99 . 문현중학교 (장지동),0,,,0,,,,,,,,,,,,,,,,,,,,,0
강동중학교,서울,중,공립,남여공학,서울특별시 강동구 풍산로 237 . 강동중학교 (강일동),0,,,0,,,,,,,,,,,,,,,,,,,,,0
강명중학교,서울,중,공립,남여공학,서울특별시 강동구 상일로12길 56 (강일동. 강명중학교),0,,,0,,,,,,,,,,,,,,,,,,,,,0
동북중학교,서울,중,사립,남자,서울특별시 강동구 강동대로 305 (둔촌동),0,,,0,,165.6875,60.37916666666667,90.75,145.5,101.9047619047619,62.61904761904762,,,,,,,,,,,,,,0
동신중학교,서울,중,사립,남여공학,서울특별시 강동구 진황도로 72 . 동신중학교 (천호동),1,2023.0,교육활동 모델교,1,2015.0,,,,,,,,,,,,,,,,,,,,1
배명중학교,서울,중,사립,남자,서울특별시 송파구 삼학사로 11 (삼전동.배명중고등학교),0,,,1,2020.0,166.93333333333334,61.909523809523805,94.625,184.0,102.96153846153847,62.84615384615385,,,,,,,,,,,,,,0
배재중학교,서울,중,사립,남자,서울특별시 강동구 고덕로 227 (고덕동. 배재중학교),0,,,0,,,,,,,,,,,,,,,,,,,,,0
보성중학교,서울,중,사립,남자,서울특별시 송파구 양재대로 1278 (방이동.보성중고등학교),0,,,0,,,,,,,,,,,,,,,,,,,,,0
보인중학교,서울,중,사립,남자,서울특별시 송파구 오금로49길 18 . 보인중학교 (오금동),0,,,0,,,,,,,,,,,,,,,,,,,,,0
한영중학교,서울,중,사립,남여공학,서울특별시 강동구 동남로 832 (상일동.한영중학교),1,2023.0,교육활동 모델교,0,,,,,,,,,,,,,,,,,,,,,0
상일여자중학교,서울,중,사립,여자,서울특별시 강동구 천호대로219길 61 (상일동. 상일여자중학교),0,,,0,,,,,,,,,,,,,,,,,,,,,0
성덕여자중학교,서울,중,사립,여자,서울특별시 강동구 구천면로 396 . 성덕여자중학교 (천호동),0,,,0,,,,,,,,,,,,,,,,,,,,,0
영파여자중학교,서울,중,사립,여자,서울특별시 송파구 올림픽로 565 . 영파여자중학교 (풍납동),0,,,0,,,,,,,,,,,,,,,,,,,,,0
일신여자중학교,서울,중,사립,여자,서울특별시 송파구 송파대로38길 8 (송파동.일신여자중학교),0,,,0,,,,,,,,,,,,,,,,,,,,,0
정신여자중학교,서울,중,사립,여자,서울특별시 송파구 올림픽로4길 16 . 정신여자중학교 (잠실동),0,,,0,,160.84337349397592,52.80120481927711,89.0,189.0,106.20833333333333,62.583333333333336,,,,,,,,,,,,,,0
송례중학교,서울,중,공립,남여공학,서울특별시 송파구 위례순환로 429 (장지동),0,,,1,2018.0,,,,,,,,,,,,,,,,,,,,0
서울체육중학교,서울,중,공립,남여공학,서울특별시 송파구 강동대로 232 . 서울체육중학교 (방이동),0,,,0,,,,,,,,,,,,,,,,,,,,,0
서울가곡초등학교,서울,초,공립,,서울특별시 강서구 공항대로36길 74 (내발산동.가곡초등학교),0,,,0,,,,,,,,,,,,,,,,,,,,,0
서울가양초등학교,서울,초,공립,,서울 강서구 허준로 186 . (가양동.가양초등학교),0,,,0,,,,,,,,,,,,,,,,,,,,,0
서울갈산초등학교,서울,초,공립,,서울특별시 양천구 목동로 31 (신정동.서울갈산초등학교),0,,,0,,,,,,,,,,,,,,,,,,,,,0
서울강서초등학교,서울,초,공립,,서울특별시 양천구 오목로 31 (신월동),0,,,0,,,,,,,,,,,,,,,,,,,,,0
서울강신초등학교,서울,초,공립,,서울특별시 양천구 월정로 280 . 서울강신초등학교 (신월동.서울강신초등학교),1,2023.0,교육활동 모델교,0,,,,,,,,,,,,,,,,,,,,,0
서울강월초등학교,서울,초,공립,,서울특별시 양천구 신월로 97 (신월동.서울강월초등학교),0,,,0,,,,,,,,,,,,,,,,,,,,,0
서울개화초등학교,서울,초,공립,,서울특별시 강서구 양천로 11 (방화동.개화초등학교),0,,,0,,,,,,,,,,,,,,,,,,,,,0
서울경인초등학교,서울,초,공립,,서울특별시 양천구 안양천로 1009 (목동.서울경인초등학교),0,,,0,,,,,,,,,,,,,,,,,,,,,0
서울계남초등학교,서울,초,공립,,서울특별시 양천구 목동동로2길 54 . 서울계남초등학교 (신정동.서울계남초등학교),0,,,0,,,,,,,,,,,,,,,,,,,,,0
서울공진초등학교,서울,초,공립,,서울특별시 강서구 마곡서로 33 . (마곡동),0,,,0,,,,,,,,,,,,,,,,,,,,,0
서울공항초등학교,서울,초,공립,,서울특별시 강서구 마곡서1로 68 (마곡동),0,,,0,,,,,,,,,,,,,,,,,,,,,0
서울남명초등학교,서울,초,공립,,서울특별시 양천구 중앙로23길 3 (신정동.서울남명초등학교),0,,,0,,,,,,,,,,,,,,,,,,,,,0
서울내발산초등학교,서울,초,공립,,서울특별시 강서구 강서로46길 23 (내발산동.내발산초등학교),0,,,0,,,,,,,,,,,,,,,,,,,,,0
서울등명초등학교,서울,초,공립,,서울특별시 강서구 강서로56나길 34 (등촌동.등명초등학교),0,,,0,,,,,,,,,,,,,,,,,,,,,0
서울등서초등학교,서울,초,공립,,서울특별시 강서구 화곡로58길 86 (화곡동.등서초등학교),0,,,0,,,,,,,,,,,,,,,,,,,,,0
서울등양초등학교,서울,초,공립,,서울특별시 강서구 강서로56나길 140 . 등양초등학교 (등촌동.등양초등학교),0,,,0,,,,,,,,,,,,,,,,,,,,,0
서울등원초등학교,서울,초,공립,,서울특별시 강서구 화곡로65길 90 . 서울등원초등학교 (등촌동),0,,,0,,,,,,,,,,,,,,,,,,,,,0
서울등촌초등학교,서울,초,공립,,서울특별시 강서구 등촌로39길 71 (등촌동.등촌초등학교),1,2023.0,교육활동 모델교,0,,,,,,,,,,,,,,,,,,,,,0
서울등현초등학교,서울,초,공립,,서울특별시 강서구 화곡로65길 124 (등촌동.등현초등학교),1,2023.0,교육활동 모델교,0,,,,,,,,,,,,,,,,,,,,,0
서울목동초등학교,서울,초,공립,,서울특별시 양천구 목동동로12길 12 (신정동.서울목동초등학교),0,,,0,,,,,,,,,,,,,,,,,,,,,0
서울목원초등학교,서울,초,공립,,서울특별시 양천구 목동중앙로 204 (목동.목원초등학교),0,,,0,,,,,,,,,,,,,,,,,,,,,0
서울발산초등학교,서울,초,공립,,서울특별시 강서구 강서로45길 113 (내발산동.발산초등학교),0,,,0,,,,,,,,,,,,,,,,,,,,,0
서울방화초등학교,서울,초,공립,,서울특별시 강서구 양천로6길 92 (방화동),0,,,0,,,,,,,,,,,,,,,,,,,,,0
서울백석초등학교,서울,초,공립,,서울특별시 강서구 공항대로 491 (등촌동.백석초등학교),1,2023.0,교육활동 모델교,1,2018.0,,,,,,,,,,,,,,,,,,,,1
서울삼정초등학교,서울,초,공립,,서울특별시 강서구 금낭화로 222 . 방화3동 (방화동),0,,,0,,,,,,,,,,,,,,,,,,,,,0
서울서정초등학교,서울,초,공립,,서울특별시 양천구 목동로8길 19 (목동.서울서정초등학교),0,,,0,,,,,,,,,,,,,,,,,,,,,0
서울송정초등학교,서울,초,공립,,서울특별시 강서구 공항대로3길 18 (공항동),0,,,0,,,,,,,,,,,,,,,,,,,,,0
서울송화초등학교,서울,초,공립,,서울특별시 강서구 방화대로34길 2 (방화동.송화초등학교),0,,,0,,,,,,,,,,,,,,,,,,,,,0
서울신강초등학교,서울,초,공립,,서울특별시 양천구 중앙로55길 72 . 서울신강초등학교 (신월동.서울신강초등학교),0,,,0,,,,,,,,,,,,,,,,,,,,,0
서울신곡초등학교,서울,초,공립,,서울특별시 강서구 등촌로13자길 42-14 (화곡동.신곡초등학교),0,,,0,,,,,,,,,,,,,,,,,,,,,0
서울신남초등학교,서울,초,공립,,서울 양천구 절골8길 33 (신월동.서울신남초등학교),0,,,0,,,,,,,,,,,,,,,,,,,,,0
서울신목초등학교,서울,초,공립,,서울특별시 양천구 신목로5길 11-6 (신정동.서울신목초등학교),0,,,0,,,,,,,,,,,,,,,,,,,,,0
서울신서초등학교,서울,초,공립,,서울특별시 양천구 목동서로10길 35 (신정동 312-1번지),0,,,0,,,,,,,,,,,,,,,,,,,,,0
서울신원초등학교,서울,초,공립,,서울특별시 양천구 남부순환로58길 32 (신월동.서울신원초등학교),0,,,0,,,,,,,,,,,,,,,,,,,,,0
서울신월초등학교,서울,초,공립,,서울특별시 강서구 강서로31길 48 (화곡동.신월초등학교),0,,,0,,,,,,,,,,,,,,,,,,,,,0
서울신정초등학교,서울,초,공립,,서울특별시 강서구 곰달래로31가길 27 (화곡동),0,,,0,,,,,,,,,,,,,,,,,,,,,0
서울양강초등학교,서울,초,공립,,서울특별시 양천구 오목로 101 (신월동. 서울양강초등학교),0,,,0,,,,,,,,,,,,,,,,,,,,,0
서울양동초등학교,서울,초,공립,,서울특별시 양천구 오목로23길 24 (신정동),0,,,0,,,,,,,,,,,,,,,,,,,,,0
서울양명초등학교,서울,초,공립,,서울특별시 양천구 중앙로 204 (신정동.양명초등학교),1,2023.0,교육활동 모델교,0,,,,,,,,,,,,,,,,,,,,,0
서울양목초등학교,서울,초,공립,,서울특별시 양천구 목동로11길 30 (신정동. 서울양목초등학교),0,,,0,,,,,,,,,,,,,,,,,,,,,0
서울양원초등학교,서울,초,공립,,서울특별시 양천구 화곡로 16 (신월동.서울양원초등학교),0,,,0,,,,,,,,,,,,,,,,,,,,,0
서울양천초등학교,서울,초,공립,,서울특별시 강서구 양천로 329 (가양동.양천초등학교),0,,,0,,,,,,,,,,,,,,,,,,,,,0
서울양화초등학교,서울,초,공립,,서울특별시 양천구 목동중앙북로16길 57 (목동.서울양화초등학교),1,2023.0,교육활동 모델교,1,2017.0,,,,,,,,,,,,,,,,,,,,1
서울염강초등학교,서울,초,공립,,서울특별시 강서구 허준로 221-22 . 서울염강초등학교 (가양동.염강초등학교),0,,,0,,,,,,,,,,,,,,,,,,,,,0
서울염동초등학교,서울,초,공립,,서울특별시 강서구 양천로73길 17 (염창동.염동초등학교),1,2023.0,교육활동 모델교,0,,,,,,,,,,,,,,,,,,,,,0
서울염창초등학교,서울,초,공립,,서울특별시 강서구 양천로 646-28 . 염창초등학교 (염창동. 염창초등학교),0,,,0,,,,,,,,,,,,,,,,,,,,,0
서울영도초등학교,서울,초,공립,,서울특별시 양천구 목동중앙로 70 . 서울영도초등학교 (목동.서울영도초등학교),0,,,1,2017.0,,,,,,,,,,,,,,,,,,,,0
서울우장초등학교,서울,초,공립,,서울특별시 강서구 화곡로 263 (화곡동.우장초등학교),0,,,0,,,,,,,,,,,,,,,,,,,,,0
서울월정초등학교,서울,초,공립,,서울특별시 강서구 월정로 176 (화곡동.월정초등학교),0,,,0,,,,,,,,,,,,,,,,,,,,,0
서울월촌초등학교,서울,초,공립,,서울특별시 양천구 목동중앙로 132 (목동.서울월촌초등학교),0,,,0,,,,,,,,,,,,,,,,,,,,,0
서울은정초등학교,서울,초,공립,,서울특별시 양천구 목동남로 85 서울은정초등학교,0,,,0,,,,,,,,,,,,,,,,,,,,,0
서울정곡초등학교,서울,초,공립,,서울특별시 강서구 방화대로50길 22 (방화동.정곡초등학교),0,,,1,2019.0,,,,,,,,,,,,,,,,,,,,0
서울정목초등학교,서울,초,공립,,서울특별시 양천구 목동중앙로3길 30-10 (목동.서울정목초등학교),0,,,0,,,,,,,,,,,,,,,,,,,,,0
서울치현초등학교,서울,초,공립,,서울특별시 강서구 방화대로47길 43 서울치현초등학교,1,2023.0,교육활동 모델교,0,,,,,,,,,,,,,,,,,,,,,0
서울탑산초등학교,서울,초,공립,,서울특별시 강서구 허준로 109 (가양동.탑산초등학교),0,,,0,,,,,,,,,,,,,,,,,,,,,0
서울화곡초등학교,서울,초,공립,,서울특별시 강서구 초록마을로 28 화곡동.화곡초등학교,0,,,0,,,,,,,,,,,,,,,,,,,,,0
서울신기초등학교,서울,초,공립,,서울특별시 양천구 신정로 292 (신정동.서울신기초등학교),0,,,0,,,,,,,,,,,,,,,,,,,,,0
서울지향초등학교,서울,초,공립,,서울특별시 양천구 신정로11길 74 . 서울지향초등학교 (신정동.지향초등학교),0,,,0,,,,,,,,,,,,,,,,,,,,,0
서울화일초등학교,서울,초,공립,,서울특별시 강서구 까치산로10길 70 (화곡동.서울화일초등학교),0,,,0,,,,,,,,,,,,,,,,,,,,,0
서울염경초등학교,서울,초,공립,,서울특별시 강서구 양천로69길 49 (염창동.서울염경초등학교),0,,,0,,,,,,,,,,,,,,,,,,,,,0
서울장수초등학교,서울,초,공립,,서울특별시 양천구 신정로13가길 30 (신정동),0,,,0,,,,,,,,,,,,,,,,,,,,,0
서울수명초등학교,서울,초,공립,,서울특별시 강서구 수명로1길 84 (내발산동),0,,,1,2015.0,,,,,,,,,,,,,,,,,,,,0
서울목운초등학교,서울,초,공립,,서울특별시 양천구 목동동로 235 . 서울목운초등학교 (목동),0,,,1,2016.0,,,,,,,,,,,,,,,,,,,,0
서울등마초등학교,서울,초,공립,,서울특별시 강서구 등촌로35길 12 (등촌동.서울등마초등학교),0,,,1,2019.0,,,,,,,,,,,,,,,,,,,,0
서울신은초등학교,서울,초,공립,,서울특별시 양천구 신정이펜2로 30 (신정동),1,2023.0,교육활동 모델교,0,,,,,,,,,,,,,,,,,,,,,0
유석초등학교,서울,초,사립,,서울특별시 강서구 화곡로69길 9 (등촌동),0,,,1,2016.0,,,,,,,,,,,,,,,,,,,,0
강신중학교,서울,중,공립,남여공학,서울특별시 양천구 남부순환로 604 (신월동.강신중학교),0,,,1,2019.0,,,,,,,,,,,,,,,,,,,,0
경서중학교,서울,중,공립,남여공학,서울특별시 강서구 양천로59길 31 (가양동),0,,,0,,,,,,,,,,,,,,,,,,,,,0
공진중학교,서울,중,공립,남여공학,서울특별시 강서구 양천로55길 56 (가양동.공진중학교),0,,,0,,,,,,,,,,,,,,,,,,,,,0
공항중학교,서울,중,공립,남여공학,서울특별시 강서구 방화대로 241 (공항동.공항중학교),0,,,0,,,,,,,,,,,,,,,,,,,,,0
등명중학교,서울,중,공립,남여공학,서울특별시 강서구 공항대로39길 39 (등촌동.등명중학교),1,2023.0,교육활동 모델교,0,,,,,,,,,,,,,,,,,,,,,0
등원중학교,서울,중,공립,남여공학,서울특별시 강서구 화곡로65길 50 . 등원중학교 (등촌동),0,,,0,,,,,,,,,,,,,,,,,,,,,0
목동중학교,서울,중,공립,남여공학,서울특별시 양천구 목동동로 172 (신정동.목동중학교),0,,,0,,,,,,,,,,,,,,,,,,,,,0
목일중학교,서울,중,공립,남여공학,서울특별시 양천구 목동동로8길 70 (신정동.목일중학교),0,,,0,,,,,,,,,,,,,,,,,,,,,0
방원중학교,서울,중,공립,남여공학,서울특별시 강서구 금낭화로 268 . 방원중학교 (방화동.방원중학교),0,,,0,,,,,,,,,,,,,,,,,,,,,0
방화중학교,서울,중,공립,남여공학,서울특별시 강서구 개화동로27길 9 (방화동),0,,,0,,,,,,,,,,,,,,,,,,,,,0
백석중학교,서울,중,공립,남여공학,서울특별시 강서구 등촌로51나길 35 (등촌동.백석중학교),0,,,0,,,,,,,,,,,,,,,,,,,,,0
삼정중학교,서울,중,공립,남여공학,서울특별시 강서구 금낭화로 210 (방화동.삼정중학교),0,,,0,,,,,,,,,,,,,,,,,,,,,0
성재중학교,서울,중,공립,남여공학,서울특별시 강서구 허준로 36 (가양동.성재중학교),0,,,0,,,,,,,,,,,,,,,,,,,,,0
송정중학교,서울,중,공립,남여공학,서울특별시 강서구 남부순환로 121 (공항동.송정중학교),0,,,0,,,,,,,,,,,,,,,,,,,,,0
신남중학교,서울,중,공립,남여공학,서울특별시 양천구 중앙로29길 109 (신월동.신남중학교),0,,,0,,,,,,,,,,,,,,,,,,,,,0
신목중학교,서울,중,공립,남여공학,서울특별시 양천구 목동중앙로 88 (목동.신목중학교),0,,,1,2019.0,,,,,,,,,,,,,,,,,,,,0
신서중학교,서울,중,공립,남여공학,서울특별시 양천구 중앙로 206 (신정동.신서중학교),0,,,1,2020.0,,,,,,,,,,,,,,,,,,,,0
신원중학교,서울,중,공립,남여공학,서울특별시 양천구 가로공원로55길 19 (신월동.신원중학교),0,,,0,,,,,,,,,,,,,,,,,,,,,0
신월중학교,서울,중,공립,남여공학,서울특별시 양천구 남부순환로29길 25 . 신월중학교 (신월동),0,,,0,,,,,,,,,,,,,,,,,,,,,0
양강중학교,서울,중,공립,남여공학,서울특별시 양천구 중앙로 319 (신월동),1,2023.0,교육활동 모델교,0,,,,,,,,,,,,,,,,,,,,,0
양동중학교,서울,중,공립,남여공학,서울특별시 양천구 목동중앙북로 49 (목동.양동중학교),0,,,0,,,,,,,,,,,,,,,,,,,,,0
양서중학교,서울,중,공립,남여공학,서울특별시 양천구 남부순환로 380 (신월동.양서중학교),0,,,0,,,,,,,,,,,,,,,,,,,,,0
양천중학교,서울,중,공립,남여공학,서울특별시 양천구 지양로7길 32 (신월동.양천중학교),0,,,0,,,,,,,,,,,,,,,,,,,,,0
염창중학교,서울,중,공립,남여공학,서울특별시 강서구 양천로67가길 83 (염창동.염창중학교),1,2023.0,교육활동 모델교,0,,,,,,,,,,,,,,,,,,,,,0
월촌중학교,서울,중,공립,남여공학,서울특별시 양천구 목동서로 31 (목동.서울월촌중학교),0,,,1,2018.0,,,,,,,,,,,,,,,,,,,,0
화원중학교,서울,중,공립,남여공학,서울특별시 강서구 강서로17나길 86 (화곡동.화원중학교),0,,,0,,,,,,,,,,,,,,,,,,,,,0
금옥중학교,서울,중,공립,남여공학,서울특별시 양천구 신정로 213 . 금옥중학교 (신정동),0,,,0,,161.09782608695653,54.11195652173913,103.0,204.0,108.9,67.96666666666667,,,,,,,,,,,,,,0
신화중학교,서울,중,공립,남여공학,서울특별시 양천구 남부순환로29길 35 . 신화중학교 (신월동),0,,,0,,,,,,,,,,,,,,,,,,,,,0
염경중학교,서울,중,공립,남여공학,서울특별시 강서구 양천로69길 35 (염창동.염경중학교),0,,,0,,,,,,,,,,,,,,,,,,,,,0
수명중학교,서울,중,공립,남여공학,서울특별시 강서구 수명로2길 16 (내발산동.수명중학교),0,,,0,,,,,,,,,,,,,,,,,,,,,0
목운중학교,서울,중,공립,남여공학,서울특별시 양천구 목동동로 235 (목동.목운초.중학교),1,2023.0,교육활동 모델교,1,2020.0,,,,,,,,,,,,,,,,,,,,1
마곡중학교,서울,중,공립,남여공학,서울특별시 강서구 마곡중앙5로 58 (마곡동),0,,,0,,,,,,,,,,,,,,,,,,,,,0
덕원중학교,서울,중,사립,남여공학,서울특별시 강서구 강서로45길 91-44 (내발산동),0,,,0,,,,,,,,,,,,,,,,,,,,,0
등촌중학교,서울,중,사립,남여공학,서울특별시 강서구 공항대로 484-12 (등촌동.등촌중학교),0,,,0,,,,,,,,,,,,,,,,,,,,,0
마포중학교,서울,중,사립,남자,서울특별시 강서구 화곡로 403 (등촌동),0,,,0,,,,,,,,,,,,,,,,,,,,,0
양정중학교,서울,중,사립,남자,서울특별시 양천구 안양천로 1039 . 양정중학교(목동.양정고등학교) (목동),0,,,0,,,,,,,,,,,,,,,,,,,,,0
영도중학교,서울,중,사립,남자,서울특별시 양천구 목동중앙남로 27 . 영도중학교 (목동.강서고등학교),0,,,0,,,,,,,,,,,,,,,,,,,,,0
화곡중학교,서울,중,사립,남자,서울특별시 강서구 강서로45길 70 (내발산동.화곡중학교),0,,,0,,,,,,,,,,,,,,,,,,,,,0
봉영여자중학교,서울,중,사립,여자,서울특별시 양천구 목동동로2길 68 (신정동),0,,,0,,,,,,,,,,,,,,,,,,,,,0
신정여자중학교,서울,중,사립,여자,서울특별시 강서구 등촌로13아길 20 신정여자중학교,0,,,0,,,,,,,,,,,,,,,,,,,,,0
명덕여자중학교,서울,중,사립,여자,서울특별시 강서구 강서로47길 34-10 (내발산동),0,,,0,,,,,,,,,,,,,,,,,,,,,0
서울교육대학교부설초등학교,서울,초,국립,,서울특별시 서초구 서초중앙로 96 (서초동.서울교대초등학교),1,2023.0,교육활동 모델교,1,2019.0,,,,,,,,,,,,,,,,,,,,1
서울개원초등학교,서울,초,공립,,서울특별시 강남구 선릉로 29 (개포동.개원초등학교),0,,,0,,,,,,,,,,,,,,,,,,,,,0
서울개일초등학교,서울,초,공립,,서울특별시 강남구 개포로 401 . 개일초등학교 (개포동.개일초등학교),0,,,0,,,,,,,,,,,,,,,,,,,,,0
서울개포초등학교,서울,초,공립,,서울특별시 강남구 영동대로3길 45 (개포동.개포초등학교),0,,,0,,,,,,,,,,,,,,,,,,,,,0
서울구룡초등학교,서울,초,공립,,서울특별시 강남구 개포로 263 (개포동.구룡초등학교),0,,,0,,,,,,,,,,,,,,,,,,,,,0
서울논현초등학교,서울,초,공립,,서울특별시 강남구 강남대로120길 33 (논현동.논현초등학교),1,2023.0,교육활동 모델교,0,,,,,,,,,,,,,,,,,,,,,0
서울대곡초등학교,서울,초,공립,,서울특별시 강남구 남부순환로 3022 . 서울대곡초등학교 (대치동.대곡초등학교),0,,,0,,,,,,,,,,,,,,,,,,,,,0
서울대도초등학교,서울,초,공립,,서울특별시 강남구 선릉로 209 (도곡동. 서울대도초등학교),0,,,0,,135.73363636363638,33.755,95.625,179.625,96.2987012987013,60.77922077922078,,,,,,,,,,,,,,0
서울대모초등학교,서울,초,공립,,서울특별시 강남구 광평로20길 27 . 대모초등학교 (일원동.대모초등학교),0,,,1,2020.0,,,,,,,,,,,,,,,,,,,,0
서울대왕초등학교,서울,초,공립,,서울특별시 강남구 헌릉로618길 8 (세곡동.대왕초등학교),0,,,0,,,,,,,,,,,,,,,,,,,,,0
서울대진초등학교,서울,초,공립,,서울특별시 강남구 개포로109길 74 . 서울대진초등학교 (개포동),0,,,0,,,,,,,,,,,,,,,,,,,,,0
서울대청초등학교,서울,초,공립,,서울특별시 강남구 양재대로55길 28 . 서울대청초등학교 (일원동),0,,,0,,,,,,,,,,,,,,,,,,,,,0
서울대치초등학교,서울,초,공립,,서울특별시 강남구 양재천로 363 (대치동),0,,,0,,,,,,,,,,,,,,,,,,,,,0
서울대현초등학교,서울,초,공립,,서울특별시 강남구 역삼로98길 16 (대치동.대현초등학교),0,,,0,,,,,,,,,,,,,,,,,,,,,0
서울도곡초등학교,서울,초,공립,,서울특별시 강남구 선릉로64길 33 (대치동.도곡초등학교),1,2023.0,교육활동 모델교,1,2016.0,,,,,,,,,,,,,,,,,,,,1
서울도성초등학교,서울,초,공립,,서울특별시 강남구 역삼로 313 (역삼동.도성초등학교),0,,,0,,,,,,,,,,,,,,,,,,,,,0
서울반원초등학교,서울,초,공립,,서울특별시 서초구 잠원로3길 28 (잠원동.반원초등학교),0,,,0,,,,,,,,,,,,,,,,,,,,,0
서울반포초등학교,서울,초,공립,,서울특별시 서초구 신반포로 55-4 . 서울반포초등학교 (반포동.반포초등학교),0,,,0,,,,,,,,,,,,,,,,,,,,,0
서울방배초등학교,서울,초,공립,,서울특별시 서초구 방배중앙로13길 26 (방배동.방배초등학교),0,,,0,,,,,,,,,,,,,,,,,,,,,0
서울방일초등학교,서울,초,공립,,서울특별시 서초구 방배로18길 52 (방배동),0,,,1,2020.0,,,,,,,,,,,,,,,,,,,,0
서울방현초등학교,서울,초,공립,,서울특별시 서초구 효령로4길 58 (방배동.방현초등학교),0,,,0,,,,,,,,,,,,,,,,,,,,,0
서울봉은초등학교,서울,초,공립,,서울특별시 강남구 학동로 610 (삼성동.봉은초등학교),0,,,0,,,,,,,,,,,,,,,,,,,,,0
서울삼릉초등학교,서울,초,공립,,서울특별시 강남구 봉은사로63길 22 (삼성동.삼릉초등학교),0,,,0,,,,,,,,,,,,,,,,,,,,,0
서울서래초등학교,서울,초,공립,,서울특별시 서초구 방배로 260 (방배동.서래초등학교),0,,,1,2016.0,,,,,,,,,,,,,,,,,,,,0
서울서원초등학교,서울,초,공립,,서울특별시 서초구 고무래로 63 . 서울서원초등학교 (반포동),0,,,0,,,,,,,,,,,,,,,,,,,,,0
서울서이초등학교,서울,초,공립,,서울특별시 서초구 서운로 35 (서초동.서이초등학교),0,,,0,,,,,,,,,,,,,,,,,,,,,0
서울서일초등학교,서울,초,공립,,서울특별시 서초구 남부순환로339길 38 (서초동.서일초등학교),1,2023.0,교육활동 모델교,0,,,,,,,,,,,,,,,,,,,,,0
서울서초초등학교,서울,초,공립,,서울특별시 서초구 서운로 178 (서초동.서초초등학교),1,2023.0,교육활동 모델교,0,,,,,,,,,,,,,,,,,,,,,0
서울수서초등학교,서울,초,공립,,서울특별시 강남구 광평로51길 46 (수서동.수서초등학교),0,,,0,,,,,,,,,,,,,,,,,,,,,0
서울신구초등학교,서울,초,공립,,서울특별시 강남구 압구정로18길 28 (신사동.신구초등학교),0,,,0,,136.16041666666666,34.324305555555554,94.0,194.0,100.9375,63.5625,,,,,,,,,,,,,,0
서울신동초등학교,서울,초,공립,,서울특별시 서초구 나루터로 15 (잠원동.신동초등학교),0,,,0,,,,,,,,,,,,,,,,,,,,,0
서울신중초등학교,서울,초,공립,,서울특별시 서초구 남부순환로317길 15 (서초동.서울신중초등학교),0,,,0,,,,,,,,,,,,,,,,,,,,,0
서울압구정초등학교,서울,초,공립,,서울특별시 강남구 압구정로39길 29 . 서울압구정초등학교 (압구정동),0,,,0,,,,,,,,,,,,,,,,,,,,,0
서울양재초등학교,서울,초,공립,,서울특별시 서초구 바우뫼로18길 14 (양재동.양재초등학교),0,,,0,,,,,,,,,,,,,,,,,,,,,0
서울양전초등학교,서울,초,공립,,서울특별시 강남구 개포로 513 . 서울양전초등학교 (개포동),0,,,0,,,,,,,,,,,,,,,,,,,,,0
서울언남초등학교,서울,초,공립,,서울특별시 서초구 헌릉로8길 42 (내곡동),0,,,0,,,,,,,,,,,,,,,,,,,,,0
서울언북초등학교,서울,초,공립,,서울특별시 강남구 삼성로135길 42 (청담동.언북초등학교),0,,,0,,,,,,,,,,,,,,,,,,,,,0
서울언주초등학교,서울,초,공립,,서울특별시 강남구 남부순환로363길 19 (도곡동.언주초등학교),1,2023.0,교육활동 모델교,0,,,,,,,,,,,,,,,,,,,,,0
서울역삼초등학교,서울,초,공립,,서울특별시 강남구 강남대로66길 21 . 서울역삼초등학교 (역삼동),0,,,0,,,,,,,,,,,,,,,,,,,,,0
서울영희초등학교,서울,초,공립,,서울특별시 강남구 일원로 21 (일원동.영희초등학교),0,,,0,,,,,,,,,,,,,,,,,,,,,0
서울왕북초등학교,서울,초,공립,,서울특별시 강남구 광평로31길 74 (수서동.왕북초등학교),0,,,0,,,,,,,,,,,,,,,,,,,,,0
서울우암초등학교,서울,초,공립,,서울특별시 서초구 바우뫼로7길 38 (우면동.우암초등학교),0,,,0,,,,,,,,,,,,,,,,,,,,,0
서울원명초등학교,서울,초,공립,,서울특별시 서초구 고무래로 90-6 (서초동.원명초등학교),0,,,0,,,,,,,,,,,,,,,,,,,,,0
서울원촌초등학교,서울,초,공립,,서울특별시 서초구 사평대로45길 26 (반포동.서울원촌초등학교),0,,,0,,136.02890995260663,32.56398104265403,97.33333333333333,144.33333333333334,99.98630136986301,64.3972602739726,,,,,,,,,,,,,,0
서울이수초등학교,서울,초,공립,,서울특별시 서초구 방배천로4길 23 서울이수초등학교 (방배동.이수초등학교),0,,,0,,,,,,,,,,,,,,,,,,,,,0
서울일원초등학교,서울,초,공립,,서울특별시 강남구 영동대로4길 20 (일원동.일원초등학교),0,,,0,,,,,,,,,,,,,,,,,,,,,0
서울잠원초등학교,서울,초,공립,,서울특별시 서초구 신반포로16길 15-25 (반포동. 잠원초등학교),0,,,0,,,,,,,,,,,,,,,,,,,,,0
서울청담초등학교,서울,초,공립,,서울특별시 강남구 압구정로71길 9 (청담동.청담초등학교),0,,,0,,,,,,,,,,,,,,,,,,,,,0
서울포이초등학교,서울,초,공립,,서울특별시 강남구 개포로22길 87 . 서울포이초등학교 (개포동.포이초등학교),1,2023.0,교육활동 모델교,0,,,,,,,,,,,,,,,,,,,,,0
서울학동초등학교,서울,초,공립,,서울특별시 강남구 선릉로115길 42 . 서울학동초등학교 (논현동),0,,,0,,,,,,,,,,,,,,,,,,,,,0
서울매헌초등학교,서울,초,공립,,서울특별시 서초구 언남길 8 (양재동.매헌초등학교),0,,,0,,,,,,,,,,,,,,,,,,,,,0
서울우면초등학교,서울,초,공립,,서울특별시 서초구 태봉로 59. 서울우면초등학교(우면동),0,,,0,,,,,,,,,,,,,,,,,,,,,0
서울우솔초등학교,서울,초,공립,,서울특별시 서초구 양재대로2길 74 . 서울우솔초등학교 (우면동),0,,,0,,,,,,,,,,,,,,,,,,,,,0
서울세명초등학교,서울,초,공립,,서울특별시 강남구 자곡로 55 . 서울세명초등학교 (세곡동),1,2023.0,교육활동 모델교,0,,,,,,,,,,,,,,,,,,,,,0
서울율현초등학교,서울,초,공립,,서울특별시 강남구 밤고개로21길 15 . 서울율현초등학교 (자곡동),0,,,0,,,,,,,,,,,,,,,,,,,,,0
서울자곡초등학교,서울,초,공립,,서울특별시 강남구 자곡로 150 (자곡동),0,,,0,,,,,,,,,,,,,,,,,,,,,0
계성초등학교,서울,초,사립,,서울특별시 서초구 신반포로19길 23 . 계성초등학교 (반포동),0,,,0,,,,,,,,,,,,,,,,,,,,,0
개원중학교,서울,중,공립,남여공학,서울특별시 강남구 영동대로 101 . 개원중학교 (개포동.개원중학교),0,,,0,,,,,,,,,,,,,,,,,,,,,0
개포중학교,서울,중,공립,남여공학,서울특별시 강남구 선릉로 9 (개포동.개포중학교),0,,,0,,,,,,,,,,,,,,,,,,,,,0
경원중학교,서울,중,공립,남여공학,서울특별시 서초구 신반포로33길 39 (잠원동.경원중학교),0,,,0,,,,,,,,,,,,,,,,,,,,,0
구룡중학교,서울,중,공립,남여공학,서울특별시 강남구 선릉로 103 (개포동),0,,,0,,162.48023255813953,54.90930232558139,107.33333333333333,177.0,110.1923076923077,65.38461538461539,,,,,,,,,,,,,,0
압구정중학교,서울,중,공립,남여공학,서울특별시 강남구 압구정로 225 . 압구정중학교 (압구정동.압구정중학교),0,,,0,,,,,,,,,,,,,,,,,,,,,0
대명중학교,서울,중,공립,남여공학,서울특별시 강남구 역삼로87길 26 (대치동. 대명중학교),0,,,0,,,,,,,,,,,,,,,,,,,,,0
대왕중학교,서울,중,공립,남여공학,서울특별시 강남구 광평로20길 7 (수서동. 대왕중학교),0,,,0,,,,,,,,,,,,,,,,,,,,,0
대청중학교,서울,중,공립,남여공학,서울특별시 강남구 양재천로 321 (대치동.대청중학교),0,,,1,2020.0,,,,,,,,,,,,,,,,,,,,0
대치중학교,서울,중,공립,남여공학,서울특별시 강남구 남부순환로378길 39 (도곡동.대치중학교),0,,,0,,,,,,,,,,,,,,,,,,,,,0
도곡중학교,서울,중,공립,남여공학,서울특별시 강남구 언주로57길 31 (도곡동.도곡중학교),0,,,0,,163.4284210526316,57.14631578947368,95.66666666666667,175.33333333333334,97.86206896551724,58.37931034482759,,,,,,,,,,,,,,0
반포중학교,서울,중,공립,남자,서울특별시 서초구 신반포로 67 (반포동.반포중학교),0,,,0,,,,,,,,,,,,,,,,,,,,,0
방배중학교,서울,중,공립,남여공학,서울특별시 서초구 동광로 144 (반포동.방배중학교),0,,,0,,,,,,,,,,,,,,,,,,,,,0
봉은중학교,서울,중,공립,남여공학,서울특별시 강남구 영동대로128길 59 (삼성동.봉은중학교),0,,,0,,,,,,,,,,,,,,,,,,,,,0
서운중학교,서울,중,공립,남여공학,서울특별시 서초구 서운로 115 (서초동.서운중학교),0,,,0,,,,,,,,,,,,,,,,,,,,,0
서일중학교,서울,중,공립,남여공학,서울특별시 서초구 서운로21길 2 (서초동.서일중학교),0,,,0,,,,,,,,,,,,,,,,,,,,,0
서초중학교,서울,중,공립,남여공학,서울특별시 서초구 반포대로13길 48 (서초동.서초중학교),0,,,0,,,,,,,,,,,,,,,,,,,,,0
수서중학교,서울,중,공립,남여공학,서울특별시 강남구 광평로59길 57 (수서동.수서중학교),0,,,0,,,,,,,,,,,,,,,,,,,,,0
신구중학교,서울,중,공립,남여공학,서울특별시 강남구 압구정로36길 17 (신사동.신구중학교),0,,,0,,,,,,,,,,,,,,,,,,,,,0
신동중학교,서울,중,공립,남여공학,서울특별시 서초구 나루터로 27 . 신동중학교 (잠원동. 신동중학교),0,,,1,2020.0,,,,,,,,,,,,,,,,,,,,0
신반포중학교,서울,중,공립,남여공학,서울특별시 서초구 신반포로19길 26 . 신반포중학교 (반포동.신반포중학교),0,,,0,,,,,,,,,,,,,,,,,,,,,0
신사중학교,서울,중,공립,남여공학,서울특별시 강남구 압구정로 123 (압구정동.신사중학교),1,2023.0,교육활동 모델교,0,,,,,,,,,,,,,,,,,,,,,0
언남중학교,서울,중,공립,남여공학,서울특별시 서초구 동산로 55 (양재동.언남중학교),0,,,0,,,,,,,,,,,,,,,,,,,,,0
언북중학교,서울,중,공립,남여공학,서울특별시 강남구 도산대로38길 27 (논현동. 언북중학교),0,,,0,,,,,,,,,,,,,,,,,,,,,0
언주중학교,서울,중,공립,남여공학,서울특별시 강남구 선릉로116길 57 . 언주중학교,1,2023.0,교육활동 모델교,1,2020.0,,,,,,,,,,,,,,,,,,,,1
역삼중학교,서울,중,공립,남여공학,서울특별시 강남구 도곡로43길 10 (역삼동.역삼중학교),0,,,0,,,,,,,,,,,,,,,,,,,,,0
영동중학교,서울,중,공립,남여공학,서울특별시 서초구 성촌길 14 (우면동.영동중학교),0,,,1,2019.0,,,,,,,,,,,,,,,,,,,,0
원촌중학교,서울,중,공립,남여공학,서울특별시 서초구 사평대로45길 10 (반포동.원촌중학교),0,,,1,2020.0,,,,,,,,,,,,,,,,,,,,0
이수중학교,서울,중,공립,남자,서울특별시 서초구 방배중앙로3길 32 . 이수중학교 (방배동),0,,,0,,,,,,,,,,,,,,,,,,,,,0
청담중학교,서울,중,공립,남여공학,서울특별시 강남구 압구정로61길 36 (청담동.청담중학교),0,,,0,,,,,,,,,,,,,,,,,,,,,0
세곡중학교,서울,중,공립,남여공학,서울특별시 강남구 자곡로 81 (자곡동. 세곡중학교),0,,,0,,,,,,,,,,,,,,,,,,,,,0
내곡중학교,서울,중,공립,남여공학,서울특별시 서초구 청계산로7길 9-20 (신원동),1,2023.0,교육활동 모델교,0,,,,,,,,,,,,,,,,,,,,,0
단국대학교사범대학부속중학교,서울,중,사립,남자,서울특별시 강남구 도곡로64길 21 (대치동),0,,,0,,,,,,,,,,,,,,,,,,,,,0
중동중학교,서울,중,사립,남자,서울특별시 강남구 일원로8길 37 중동중학교,0,,,0,,,,,,,,,,,,,,,,,,,,,0
휘문중학교,서울,중,사립,남자,서울특별시 강남구 역삼로 541 (대치동),0,,,0,,167.58,57.611000000000004,98.0,189.0,112.5,66.40625,,,,,,,,,,,,,,0
동덕여자중학교,서울,중,사립,여자,서울특별시 서초구 효령로2길 123-5 . 동덕여자중고등학교 (방배동),0,,,0,,,,,,,,,,,,,,,,,,,,,0
서문여자중학교,서울,중,사립,여자,서울특별시 서초구 동광로12길 84 (방배동),0,,,0,,,,,,,,,,,,,,,,,,,,,0
세화여자중학교,서울,중,사립,여자,서울특별시 서초구 신반포로 56-7 (반포동),0,,,0,,,,,,,,,,,,,,,,,,,,,0
숙명여자중학교,서울,중,사립,여자,서울특별시 강남구 남부순환로 2807 . 숙명여자중학교 (도곡동),0,,,0,,159.01836734693876,52.432653061224485,88.5,149.5,99.19354838709677,60.96774193548387,,,,,,,,,,,,,,0
은성중학교,서울,중,사립,남여공학,서울특별시 강남구 남부순환로359길 36 (도곡동. 은광여자고등학교. 은성중학교),0,,,0,,,,,,,,,,,,,,,,,,,,,0
진선여자중학교,서울,중,사립,여자,서울특별시 강남구 선릉로85길 27 (역삼동. 진선여자중학교),0,,,0,,,,,,,,,,,,,,,,,,,,,0
서울강남초등학교,서울,초,공립,,서울특별시 동작구 강남초등길 15 (상도1동),0,,,0,,,,,,,,,,,,,,,,,,,,,0
서울관악초등학교,서울,초,공립,,서울 관악구 청룡4길 49 . 관악초등학교 (봉천동.관악초등학교),0,,,0,,,,,,,,,,,,,,,,,,,,,0
서울구암초등학교,서울,초,공립,,서울특별시 관악구 구암길 1 . 서울구암초등학교 (봉천동),1,2023.0,교육활동 모델교,0,,,,,,,,,,,,,,,,,,,,,0
서울난곡초등학교,서울,초,공립,,서울특별시 관악구 난곡로35길 102 (신림동. 난곡초등학교),0,,,0,,,,,,,,,,,,,,,,,,,,,0
서울난우초등학교,서울,초,공립,,서울특별시 관악구 난우길 40 (신림동.난우초등학교),0,,,0,,,,,,,,,,,,,,,,,,,,,0
서울난향초등학교,서울,초,공립,,서울특별시 관악구 난향길 9 (신림동.난향초등학교),0,,,0,,136.78645161290322,34.670322580645156,79.25,173.25,93.45283018867924,63.39622641509434,,,,,,,,,,,,,,0
서울남부초등학교,서울,초,공립,,서울특별시 관악구 남부순환로163길 14 . 서울남부초등학교 (신림동),0,,,0,,,,,,,,,,,,,,,,,,,,,0
서울남사초등학교,서울,초,공립,,서울특별시 동작구 동작대로13길 22 . 서울남사초등학교 (사당동),0,,,0,,,,,,,,,,,,,,,,,,,,,0
서울남성초등학교,서울,초,공립,,서울특별시 동작구 사당로23길 57-14 (사당동. 서울남성초등학교),0,,,0,,,,,,,,,,,,,,,,,,,,,0
서울노량진초등학교,서울,초,공립,,서울특별시 동작구 장승배기로 160 (노량진동),0,,,0,,,,,,,,,,,,,,,,,,,,,0
서울당곡초등학교,서울,초,공립,,서울특별시 관악구 보라매로2길 23 . 23 (봉천동.당곡초등학교),0,,,0,,,,,,,,,,,,,,,,,,,,,0
서울대림초등학교,서울,초,공립,,서울특별시 동작구 대방동1길 22 (대방동),0,,,0,,,,,,,,,,,,,,,,,,,,,0
서울동작초등학교,서울,초,공립,,서울특별시 동작구 동작대로29길 214 . 서울동작초등학교 (사당동),0,,,0,,,,,,,,,,,,,,,,,,,,,0
서울문창초등학교,서울,초,공립,,서울특별시 동작구 신대방2길 14 (신대방동.서울문창초등학교),0,,,0,,,,,,,,,,,,,,,,,,,,,0
서울미성초등학교,서울,초,공립,,서울특별시 관악구 문성로 79 . 서울미성초등학교 (신림동),1,2023.0,교육활동 모델교,0,,,,,,,,,,,,,,,,,,,,,0
서울본동초등학교,서울,초,공립,,서울특별시 동작구 노량진로26길 16-40 . 서울본동초등학교 (본동),0,,,0,,,,,,,,,,,,,,,,,,,,,0
서울봉천초등학교,서울,초,공립,,서울특별시 관악구 행운1라길 17 . 서울봉천초등학교 (봉천동.봉천초등학교),0,,,0,,,,,,,,,,,,,,,,,,,,,0
서울사당초등학교,서울,초,공립,,서울특별시 관악구 남현4길 51 . 서울사당초등학교 (남현동),0,,,0,,,,,,,,,,,,,,,,,,,,,0
서울삼성초등학교,서울,초,공립,,서울특별시 관악구 대학7길 52 (신림동),0,,,0,,,,,,,,,,,,,,,,,,,,,0
서울상도초등학교,서울,초,공립,,서울특별시 동작구 성대로21길 62 (상도동.상도초등학교),0,,,0,,,,,,,,,,,,,,,,,,,,,0
서울신길초등학교,서울,초,공립,,서울특별시 동작구 알마타길 16 (대방동),0,,,0,,,,,,,,,,,,,,,,,,,,,0
서울신남성초등학교,서울,초,공립,,서울특별시 동작구 사당로 146 (사당동),0,,,0,,,,,,,,,,,,,,,,,,,,,0
서울신림초등학교,서울,초,공립,,서울특별시 관악구 문성로28길 31 . 서울신림초등학교 (신림동),0,,,0,,,,,,,,,,,,,,,,,,,,,0
서울신봉초등학교,서울,초,공립,,서울특별시 관악구 양녕로6나길 1 (봉천동),0,,,0,,,,,,,,,,,,,,,,,,,,,0
서울신상도초등학교,서울,초,공립,,서울특별시 동작구 장승배기로 14 (상도동.서울신상도초등학교),0,,,1,2016.0,,,,,,,,,,,,,,,,,,,,0
서울신성초등학교,서울,초,공립,,서울특별시 관악구 신림로 114 . 서울신성초등학교 (신림동),0,,,0,,,,,,,,,,,,,,,,,,,,,0
서울신우초등학교,서울,초,공립,,서울특별시 관악구 호암로 498 . 신우초등학교 (신림동),0,,,0,,,,,,,,,,,,,,,,,,,,,0
서울영본초등학교,서울,초,공립,,서울특별시 동작구 만양로12가길 69 . 서울영본초등학교 (본동),0,,,0,,,,,,,,,,,,,,,,,,,,,0
서울영화초등학교,서울,초,공립,,서울특별시 동작구 등용로8길 3 . 서울영화초등학교 (대방동),1,2023.0,교육활동 모델교,0,,,,,,,,,,,,,,,,,,,,,0
서울원당초등학교,서울,초,공립,,서울특별시 관악구 봉천로 505 (봉천동),0,,,0,,,,,,,,,,,,,,,,,,,,,0
서울은로초등학교,서울,초,공립,,서울특별시 동작구 서달로 115 . 서울은로초등학교 (흑석동),0,,,0,,,,,,,,,,,,,,,,,,,,,0
서울은천초등학교,서울,초,공립,,서울특별시 관악구 은천로 69 (봉천동),0,,,0,,,,,,,,,,,,,,,,,,,,,0
서울인헌초등학교,서울,초,공립,,서울특별시 관악구 낙성대로 23 (봉천동),0,,,0,,,,,,,,,,,,,,,,,,,,,0
서울청룡초등학교,서울,초,공립,,서울특별시 관악구 관악로5길 61 (봉천동),0,,,0,,,,,,,,,,,,,,,,,,,,,0
서울행림초등학교,서울,초,공립,,서울특별시 동작구 솔밭로 47 (사당동.행림초등학교),0,,,0,,,,,,,,,,,,,,,,,,,,,0
서울흑석초등학교,서울,초,공립,,서울특별시 동작구 현충로 87 . 서울흑석초등학교 (흑석동),1,2023.0,교육활동 모델교,1,2020.0,,,,,,,,,,,,,,,,,,,,1
서울원신초등학교,서울,초,공립,,서울특별시 관악구 광신길 177 . 원신초등학교 (신림동),0,,,0,,,,,,,,,,,,,,,,,,,,,0
서울봉현초등학교,서울,초,공립,,서울특별시 관악구 성현로 117 (봉천동.서울봉현초등학교),1,2023.0,교육활동 모델교,0,,,,,,,,,,,,,,,,,,,,,0
서울조원초등학교,서울,초,공립,,서울특별시 관악구 조원로 67 (신림동),0,,,0,,,,,,,,,,,,,,,,,,,,,0
서울보라매초등학교,서울,초,공립,,서울특별시 동작구 여의대방로16길 30 . 서울보라매초등학교 (신대방동),1,2023.0,교육활동 모델교,0,,,,,,,,,,,,,,,,,,,,,0
서울삼일초등학교,서울,초,공립,,서울특별시 동작구 사당로23나길 27 . 서울삼일초등학교 (사당동),0,,,0,,,,,,,,,,,,,,,,,,,,,0
서울상현초등학교,서울,초,공립,,서울특별시 동작구 상도로58길 21 (상도동),0,,,0,,,,,,,,,,,,,,,,,,,,,0
중앙대학교사범대학부속초등학교,서울,초,사립,,서울특별시 동작구 서달로 135 . 중앙대학교 사범대학 부속초등학교 (흑석동 233),1,2023.0,교육활동 모델교,0,,,,,,,,,,,,,,,,,,,,,0
강남중학교,서울,중,공립,남여공학,서울특별시 동작구 대방동15길 29 (대방동. 강남중학교),0,,,0,,,,,,,,,,,,,,,,,,,,,0
관악중학교,서울,중,공립,남여공학,서울특별시 관악구 남부순환로237길 60 . 관악중학교 (봉천동),0,,,0,,162.28780487804877,56.59756097560975,89.0,161.33333333333334,,,,,,,,,,,,,,,,0
국사봉중학교,서울,중,공립,남여공학,서울특별시 동작구 양녕로20길 20 . 국사봉중학교 (상도동),0,,,0,,,,,,,,,,,,,,,,,,,,,0
난우중학교,서울,중,공립,남여공학,서울특별시 관악구 난곡로16길 32 . 난우중학교 (신림동),0,,,0,,,,,,,,,,,,,,,,,,,,,0
남서울중학교,서울,중,공립,남여공학,서울특별시 관악구 남부순환로172길 97 . 남서울중학교 (신림동),0,,,0,,,,,,,,,,,,,,,,,,,,,0
남성중학교,서울,중,공립,남여공학,서울특별시 동작구 남부순환로269길 166 (사당동.남성중학교),0,,,0,,,,,,,,,,,,,,,,,,,,,0
당곡중학교,서울,중,공립,남여공학,서울특별시 관악구 봉천로13길 101 . 당곡중학교 (봉천동),0,,,0,,,,,,,,,,,,,,,,,,,,,0
동작중학교,서울,중,공립,남여공학,서울특별시 동작구 동작대로39가길 83 (동작동),0,,,1,2020.0,,,,,,,,,,,,,,,,,,,,0
문창중학교,서울,중,공립,남여공학,서울특별시 동작구 여의대방로22나길 40 (신대방동),0,,,0,,,,,,,,,,,,,,,,,,,,,0
미성중학교,서울,중,공립,남여공학,서울특별시 관악구 문성로16길 40 (신림동),0,,,0,,,,,,,,,,,,,,,,,,,,,0
봉림중학교,서울,중,공립,남여공학,서울특별시 관악구 장군봉길 72 (봉천동),0,,,0,,,,,,,,,,,,,,,,,,,,,0
사당중학교,서울,중,공립,남여공학,서울특별시 동작구 사당로9가길 58 . 사당중학교 (사당동),0,,,1,2020.0,,,,,,,,,,,,,,,,,,,,0
상도중학교,서울,중,공립,남여공학,서울특별시 동작구 사당로2가길 72 . 상도중학교 (사당동),0,,,0,,,,,,,,,,,,,,,,,,,,,0
신관중학교,서울,중,공립,남여공학,서울특별시 관악구 신림로48길 17-16 . (신림동 신관중학교),0,,,0,,,,,,,,,,,,,,,,,,,,,0
신림중학교,서울,중,공립,남여공학,서울특별시 관악구 신림로 40 (신림동.신림중학교),0,,,0,,,,,,,,,,,,,,,,,,,,,0
영등포중학교,서울,중,공립,남여공학,서울특별시 동작구 등용로8길 5 . 영등포중학교 (대방동),0,,,0,,,,,,,,,,,,,,,,,,,,,0
인헌중학교,서울,중,공립,남여공학,서울특별시 관악구 인헌9길 35 . 인헌중학교 (봉천동),0,,,0,,,,,,,,,,,,,,,,,,,,,0
장승중학교,서울,중,공립,남여공학,서울특별시 동작구 장승배기로10가길 25 . 장승중학교 (상도동),0,,,0,,,,,,,,,,,,,,,,,,,,,0
강현중학교,서울,중,공립,남여공학,서울특별시 동작구 상도로13라길 22 . 강현중학교 (상도동),0,,,0,,,,,,,,,,,,,,,,,,,,,0
대방중학교,서울,중,공립,남여공학,서울특별시 동작구 여의대방로10길 24 (신대방동. 대방중학교),0,,,0,,,,,,,,,,,,,,,,,,,,,0
봉원중학교,서울,중,공립,남여공학,서울특별시 관악구 관악로24가길 15 . 봉원중학교 (봉천동.봉원중학교),0,,,0,,,,,,,,,,,,,,,,,,,,,0
상현중학교,서울,중,공립,남여공학,서울특별시 동작구 사당로2길 2-19 (상도동),0,,,0,,,,,,,,,,,,,,,,,,,,,0
삼성중학교,서울,중,공립,남여공학,서울특별시 관악구 신림로3가길 39-24 (신림동.삼성중학교),0,,,0,,,,,,,,,,,,,,,,,,,,,0
구암중학교,서울,중,공립,남여공학,서울특별시 관악구 성현로 53 (봉천동),0,,,1,2020.0,,,,,,,,,,,,,,,,,,,,0
광신중학교,서울,중,사립,남여공학,서울특별시 관악구 광신길 141 . 광신중학교 (신림동),1,2023.0,교육활동 모델교,1,2015.0,,,,,,,,,,,,,,,,,,,,1
남강중학교,서울,중,사립,남자,서울특별시 관악구 난곡로34길 80 (신림동.남강중고등학교),0,,,0,,,,,,,,,,,,,,,,,,,,,0
동양중학교,서울,중,사립,남자,서울특별시 동작구 흑석로9길 94 . 동양중학교  (흑석동),1,2023.0,교육활동 모델교,1,2017.0,,,,,,,,,,,,,,,,,,,,1
성남중학교,서울,중,사립,남자,서울특별시 동작구 대방동길 74 (대방동),1,2023.0,교육활동 모델교,0,,,,,,,,,,,,,,,,,,,,,0
성보중학교,서울,중,사립,남여공학,서울특별시 관악구 남부순환로156길 39 . 성보중학교 (신림동. 서울성보중학교),0,,,0,,,,,,,,,,,,,,,,,,,,,0
중앙대학교사범대학부속중학교,서울,중,사립,남여공학,서울특별시 동작구 서달로 124 (흑석동),0,,,0,,,,,,,,,,,,,,,,,,,,,0
서울문영여자중학교,서울,중,사립,여자,서울특별시 관악구 관악로 85 . 서울문영여자중학교 (봉천동),0,,,0,,,,,,,,,,,,,,,,,,,,,0
숭의여자중학교,서울,중,사립,여자,서울특별시 동작구 여의대방로36길 79 숭의여자중학교(대방동),0,,,0,,,,,,,,,,,,,,,,,,,,,0
서울경동초등학교,서울,초,공립,,서울특별시 성동구 성수일로 34 (성수동1가.경동초등학교),0,,,0,,,,,,,,,,,,,,,,,,,,,0
서울경수초등학교,서울,초,공립,,서울특별시 성동구 뚝섬로13길 22 (성수동2가.경수초등학교),0,,,0,,,,,,,,,,,,,,,,,,,,,0
서울경일초등학교,서울,초,공립,,서울특별시 성동구 뚝섬로 332 (성수동1가),0,,,0,,,,,,,,,,,,,,,,,,,,,0
서울광남초등학교,서울,초,공립,,서울특별시 광진구 아차산로70길 35 . 서울광남초등학교 (광장동),0,,,0,,,,,,,,,,,,,,,,,,,,,0
서울광장초등학교,서울,초,공립,,서울특별시 광진구 광장로1길 27 . 서울광장초등학교 (광장동),0,,,0,,,,,,,,,,,,,,,,,,,,,0
서울구남초등학교,서울,초,공립,,서울특별시 광진구 구의강변로 69 . 서울구남초등학교 (구의동),1,2023.0,교육활동 모델교,0,,,,,,,,,,,,,,,,,,,,,0
서울구의초등학교,서울,초,공립,,서울특별시 광진구 광나루로30길 49 . 서울구의초등학교 (화양동),0,,,0,,,,,,,,,,,,,,,,,,,,,0
서울금북초등학교,서울,초,공립,,서울특별시 성동구 행당로1길 13 . 서울금북초등학교 (금호동1가),0,,,0,,,,,,,,,,,,,,,,,,,,,0
서울금옥초등학교,서울,초,공립,,서울특별시 성동구 독서당로 251 (금호동4가. 서울금옥초등학교),0,,,0,,,,,,,,,,,,,,,,,,,,,0
서울금호초등학교,서울,초,공립,,서울특별시 성동구 무수막길 69 . 서울금호초등학교 (금호동2가),0,,,0,,,,,,,,,,,,,,,,,,,,,0
서울동명초등학교,서울,초,공립,,서울특별시 성동구 마장로29길 29 . 서울동명초등학교 (마장동),0,,,0,,,,,,,,,,,,,,,,,,,,,0
서울동의초등학교,서울,초,공립,,서울특별시 광진구 영화사로 111 (구의동.서울동의초등학교),0,,,0,,,,,,,,,,,,,,,,,,,,,0
서울동자초등학교,서울,초,공립,,서울특별시 광진구 뚝섬로 561 (자양동),0,,,0,,,,,,,,,,,,,,,,,,,,,0
서울무학초등학교,서울,초,공립,,서울특별시 성동구 무학봉15길 21 . 서울무학초등학교 (하왕십리동),0,,,1,2016.0,,,,,,,,,,,,,,,,,,,,0
서울사근초등학교,서울,초,공립,,서울특별시 성동구 사근동11길 16 (사근동.사근초등학교),0,,,0,,,,,,,,,,,,,,,,,,,,,0
서울성수초등학교,서울,초,공립,,서울특별시 성동구 아차산로17길 21 (성수동2가),0,,,0,,,,,,,,,,,,,,,,,,,,,0
서울성자초등학교,서울,초,공립,,서울특별시 광진구 뚝섬로56길 7 . 서울성자초등학교 (자양동),0,,,0,,,,,,,,,,,,,,,,,,,,,0
서울신양초등학교,서울,초,공립,,서울특별시 광진구 능동로 42 . 신양초등학교 (자양동),0,,,1,2017.0,,,,,,,,,,,,,,,,,,,,0
서울신자초등학교,서울,초,공립,,서울특별시 광진구 뚝섬로46길 64 . 서울신자초등학교 (자양동),0,,,0,,,,,,,,,,,,,,,,,,,,,0
서울양남초등학교,서울,초,공립,,서울특별시 광진구 뚝섬로64길 71 . (자양동. 서울양남초등학교),0,,,0,,,,,,,,,,,,,,,,,,,,,0
서울옥수초등학교,서울,초,공립,,서울특별시 성동구 금호로1길 25 . 옥수초등학교 (금호동4가),0,,,0,,,,,,,,,,,,,,,,,,,,,0
서울옥정초등학교,서울,초,공립,,서울특별시 성동구 한림말길 43 (옥수동.옥정초등학교),0,,,1,2017.0,,,,,,,,,,,,,,,,,,,,0
서울용곡초등학교,서울,초,공립,,서울특별시 광진구 용마산로22길 82 . 서울용곡초등학교 (중곡동),0,,,0,,,,,,,,,,,,,,,,,,,,,0
서울용답초등학교,서울,초,공립,,서울특별시 성동구 용답25길 1 . 서울용답초등학교,0,,,0,,,,,,,,,,,,,,,,,,,,,0
서울용마초등학교,서울,초,공립,,서울특별시 광진구 천호대로113길 10 (중곡동),1,2023.0,교육활동 모델교,0,,,,,,,,,,,,,,,,,,,,,0
서울자양초등학교,서울,초,공립,,서울특별시 광진구 아차산로44길 26 (자양동),0,,,0,,,,,,,,,,,,,,,,,,,,,0
서울장안초등학교,서울,초,공립,,서울특별시 광진구 군자로 74 (군자동),0,,,0,,,,,,,,,,,,,,,,,,,,,0
서울중광초등학교,서울,초,공립,,서울특별시 광진구 긴고랑로13길 59 (중곡동.중광초등학교),1,2023.0,교육활동 모델교,0,,,,,,,,,,,,,,,,,,,,,0
서울중마초등학교,서울,초,공립,,서울특별시 광진구 동일로72길 43 (중곡동),1,2023.0,교육활동 모델교,0,,,,,,,,,,,,,,,,,,,,,0
서울행당초등학교,서울,초,공립,,서울특별시 성동구 고산자로8길 6 . 서울행당초등학교 (행당동),0,,,1,2020.0,,,,,,,,,,,,,,,,,,,,0
서울화양초등학교,서울,초,공립,,서울특별시 광진구 군자로 9 (화양동),0,,,0,,,,,,,,,,,,,,,,,,,,,0
서울응봉초등학교,서울,초,공립,,서울특별시 성동구 독서당로62길 28 (응봉동. 응봉초등학교),1,2023.0,교육활동 모델교,0,,,,,,,,,,,,,,,,,,,,,0
서울광진초등학교,서울,초,공립,,서울특별시 광진구 자양로40길 41 . 서울광진초등학교 (구의동),0,,,0,,,,,,,,,,,,,,,,,,,,,0
서울양진초등학교,서울,초,공립,,서울특별시 광진구 워커힐로 32 (광장동.양진초중학교),0,,,1,2019.0,,,,,,,,,,,,,,,,,,,,0
서울마장초등학교,서울,초,공립,,서울특별시 성동구 마장로35나길 31 . 서울마장초등학교 (마장동),0,,,0,,,,,,,,,,,,,,,,,,,,,0
서울행현초등학교,서울,초,공립,,서울특별시 성동구 행당로 95 (행당동),0,,,0,,,,,,,,,,,,,,,,,,,,,0
서울송원초등학교,서울,초,공립,,서울특별시 성동구 동일로43길 9 (송정동),0,,,0,,,,,,,,,,,,,,,,,,,,,0
서울동호초등학교,서울,초,공립,,서울특별시 성동구 동호로5길 133 . 서울동호초등학교 (옥수동. 동호초등학교),0,,,0,,,,,,,,,,,,,,,,,,,,,0
서울숭신초등학교,서울,초,공립,,서울특별시 성동구 마장로 161 (하왕십리동),0,,,0,,,,,,,,,,,,,,,,,,,,,0
경복초등학교,서울,초,사립,,서울특별시 광진구 천호대로130길 58 . 경복초등학교 (능동),1,2023.0,교육활동 모델교,0,,,,,,,,,,,,,,,,,,,,,0
성동초등학교,서울,초,사립,,서울특별시 광진구 자양로4길 63 (자양동),0,,,0,,,,,,,,,,,,,,,,,,,,,0
세종초등학교,서울,초,사립,,서울특별시 광진구 군자로 114 . 세종초등학교 (군자동),0,,,1,2020.0,,,,,,,,,,,,,,,,,,,,0
한양초등학교,서울,초,사립,,서울특별시 성동구 살곶이길 208 . 한양초등학교 (사근동.한양초등학교),0,,,1,2020.0,,,,,,,,,,,,,,,,,,,,0
경수중학교,서울,중,공립,남여공학,서울특별시 성동구 뚝섬로13길 14 (성수동2가),0,,,0,,,,,,,,,,,,,,,,,,,,,0
광남중학교,서울,중,공립,남여공학,서울특별시 광진구 아차산로70길 17-62 . 광남중학교 (광장동),0,,,1,2020.0,,,,,,,,,,,,,,,,,,,,0
광양중학교,서울,중,공립,남여공학,서울특별시 광진구 자양로3길 7 (자양동),0,,,0,,,,,,,,,,,,,,,,,,,,,0
광장중학교,서울,중,공립,남여공학,서울특별시 광진구 광장로1길 1 . 광장중학교 (광장동),0,,,0,,,,,,,,,,,,,,,,,,,,,0
광진중학교,서울,중,공립,남여공학,서울특별시 광진구 뚝섬로64길 45 (자양동.광진중학교),0,,,0,,,,,,,,,,,,,,,,,,,,,0
광희중학교,서울,중,공립,남여공학,서울특별시 성동구 독서당로62길 46 . 광희중학교 (응봉동),0,,,0,,,,,,,,,,,,,,,,,,,,,0
구의중학교,서울,중,공립,남여공학,서울특별시 광진구 광나루로30길 80 (화양동),0,,,0,,,,,,,,,,,,,,,,,,,,,0
동마중학교,서울,중,공립,남여공학,서울특별시 성동구 마조로11길 18 (마장동),0,,,0,,,,,,,,,,,,,,,,,,,,,0
성수중학교,서울,중,공립,남여공학,서울특별시 성동구 서울숲길 18 (성수동1가. 성수중학교),0,,,0,,,,,,,,,,,,,,,,,,,,,0
신양중학교,서울,중,공립,남여공학,서울특별시 광진구 자양강변길 73 . 신양중학교 (자양동),0,,,0,,,,,,,,,,,,,,,,,,,,,0
옥정중학교,서울,중,공립,남여공학,서울특별시 성동구 한림말길 11 . 옥정중학교 (옥수동),0,,,0,,,,,,,,,,,,,,,,,,,,,0
용곡중학교,서울,중,공립,남여공학,서울특별시 광진구 용마산로22길 76 (중곡동.용곡중학교),0,,,1,2020.0,,,,,,,,,,,,,,,,,,,,0
자양중학교,서울,중,공립,남여공학,서울특별시 광진구 뚝섬로41길 33 (자양동.서울자양중학교),0,,,0,,,,,,,,,,,,,,,,,,,,,0
무학중학교,서울,중,공립,남여공학,서울특별시 성동구 행당로 120 (행당동),0,,,1,2016.0,,,,,,,,,,,,,,,,,,,,0
성원중학교,서울,중,공립,남여공학,서울특별시 성동구 성덕정9가길 13 (성수동2가. 성원중학교),0,,,0,,,,,,,,,,,,,,,,,,,,,0
행당중학교,서울,중,공립,남여공학,서울특별시 성동구 왕십리로 189 (행당동.행당중학교),0,,,0,,,,,,,,,,,,,,,,,,,,,0
경일중학교,서울,중,공립,남여공학,서울특별시 성동구 성수일로 27 (성수동1가),1,2023.0,교육활동 모델교,0,,,,,,,,,,,,,,,,,,,,,0
마장중학교,서울,중,공립,남여공학,서울특별시 성동구 마장로35나길 31 . 마장중학교 (마장동),0,,,0,,,,,,,,,,,,,,,,,,,,,0
양진중학교,서울,중,공립,남여공학,서울특별시 광진구 워커힐로 32 . 양진중학교,0,,,0,,164.94123711340205,53.01958762886598,86.0,112.0,101.3225806451613,63.645161290322584,,,,,,,,,,,,,,0
건국대학교사범대학부속중학교,서울,중,사립,남여공학,서울특별시 광진구 자양로 145-1 건국대학교사범대학부속중학교,1,2023.0,교육활동 모델교,1,2016.0,,,,,,,,,,,,,,,,,,,,1
동국대학교사범대학부속여자중학교,서울,중,사립,여자,서울특별시 광진구 광나루로36길 47 (구의동.동국대학교사범대학부속여자중고등학교),0,,,0,,,,,,,,,,,,,,,,,,,,,0
한양대학교사범대학부속중학교,서울,중,사립,남여공학,서울특별시 성동구 마조로 42 (사근동.한대부중 고등학교),0,,,0,,,,,,,,,,,,,,,,,,,,,0
대원국제중학교,서울,중,사립,남여공학,서울특별시 광진구 용마산로22길 26 . 대원국제중학교 (중곡동),0,,,0,,,,,,,,,,,,,,,,,,,,,0
서울길음초등학교,서울,초,공립,,서울특별시 성북구 길음로 142 (길음동 길음초등학교),0,,,0,,,,,,,,,,,,,,,,,,,,,0
서울돈암초등학교,서울,초,공립,,서울특별시 성북구 동소문로13길 38 (동소문동6가.서울돈암초등학교),0,,,1,2019.0,,,,,,,,,,,,,,,,,,,,0
서울동신초등학교,서울,초,공립,,서울특별시 성북구 보문사길 50 (보문동3가.서울동신초등학교),0,,,0,,,,,,,,,,,,,,,,,,,,,0
서울미아초등학교,서울,초,공립,,서울특별시 성북구 삼양로 77 (길음동. 서울미아초등학교),0,,,0,,,,,,,,,,,,,,,,,,,,,0
서울미양초등학교,서울,초,공립,,서울특별시 강북구 솔샘로 195 (미아동.미양초등학교),0,,,0,,,,,,,,,,,,,,,,,,,,,0
서울번동초등학교,서울,초,공립,,서울특별시 강북구 오현로 204 (번동.번동초등학교),1,2023.0,교육활동 모델교,0,,,,,,,,,,,,,,,,,,,,,0
서울삼선초등학교,서울,초,공립,,서울특별시 성북구 보문로29길 106 (삼선동3가.서울삼선초등학교),0,,,0,,,,,,,,,,,,,,,,,,,,,0
서울삼양초등학교,서울,초,공립,,서울특별시 강북구 삼양로49길 17 (미아동.삼양초등학교),0,,,0,,,,,,,,,,,,,,,,,,,,,0
서울석관초등학교,서울,초,공립,,서울특별시 성북구 돌곶이로22길 21 . 서울석관초등학교 (석관동.서울석관초등학교),0,,,0,,,,,,,,,,,,,,,,,,,,,0
서울성북초등학교,서울,초,공립,,서울특별시 성북구 성북로 102-10 (성북동.서울성북초등학교),0,,,0,,,,,,,,,,,,,,,,,,,,,0
서울송중초등학교,서울,초,공립,,서울특별시 강북구 오현로 9 (미아동.송중초등학교),0,,,0,,,,,,,,,,,,,,,,,,,,,0
서울송천초등학교,서울,초,공립,,서울특별시 강북구 삼양로20길 29 (미아동.서울송천초등학교),1,2023.0,교육활동 모델교,0,,,,,,,,,,,,,,,,,,,,,0
서울수유초등학교,서울,초,공립,,서울특별시 강북구 삼양로74길 39 . 수유초등학교,0,,,0,,,,,,,,,,,,,,,,,,,,,0
서울숭곡초등학교,서울,초,공립,,서울특별시 성북구 종암로40길 30 (하월곡동.서울숭곡초등학교),0,,,1,2018.0,,,,,,,,,,,,,,,,,,,,0
서울숭덕초등학교,서울,초,공립,,서울특별시 성북구 정릉로 279 (정릉동.서울숭덕초등학교),0,,,0,,,,,,,,,,,,,,,,,,,,,0
서울숭례초등학교,서울,초,공립,,서울특별시 성북구 종암로5길 14 (종암동.서울숭례초등학교),0,,,0,,,,,,,,,,,,,,,,,,,,,0
서울숭인초등학교,서울,초,공립,,서울특별시 성북구 오패산로16길 37 (하월곡동.서울숭인초등학교),0,,,0,,,,,,,,,,,,,,,,,,,,,0
서울안암초등학교,서울,초,공립,,서울특별시 성북구 인촌로7가길 39 (안암동2가),0,,,0,,,,,,,,,,,,,,,,,,,,,0
서울오현초등학교,서울,초,공립,,서울특별시 강북구 월계로 221 (번동.오현초등학교),0,,,1,2020.0,,,,,,,,,,,,,,,,,,,,0
서울우이초등학교,서울,초,공립,,서울특별시 강북구 삼양로99길 36 (수유동.서울우이초등학교),0,,,1,2015.0,,,,,,,,,,,,,,,,,,,,0
서울월곡초등학교,서울,초,공립,,서울특별시 성북구 장월로3길 42 (장위동.서울월곡초등학교),0,,,0,,,,,,,,,,,,,,,,,,,,,0
서울유현초등학교,서울,초,공립,,서울특별시 강북구 인수봉로37길 24 (수유동.서울유현초등학교),0,,,0,,,,,,,,,,,,,,,,,,,,,0
서울인수초등학교,서울,초,공립,,서울특별시 강북구 인수봉로 269 (수유동.서울인수초등학교),0,,,0,,,,,,,,,,,,,,,,,,,,,0
서울장곡초등학교,서울,초,공립,,서울특별시 성북구 장월로23길 16 (장위동.서울장곡초등학교),0,,,0,,,,,,,,,,,,,,,,,,,,,0
서울장위초등학교,서울,초,공립,,서울특별시 성북구 장월로8가길 41 (장위동.서울장위초등학교),0,,,0,,,,,,,,,,,,,,,,,,,,,0
서울정덕초등학교,서울,초,공립,,서울특별시 성북구 아리랑로 63 (동소문동7가.서울정덕초등학교),0,,,0,,,,,,,,,,,,,,,,,,,,,0
서울정릉초등학교,서울,초,공립,,서울특별시 성북구 솔샘로25가길 8 (정릉동.서울정릉초등학교),0,,,0,,,,,,,,,,,,,,,,,,,,,0
서울정수초등학교,서울,초,공립,,서울특별시 성북구 정릉로24길 58 (정릉동.서울정수초등학교),0,,,0,,,,,,,,,,,,,,,,,,,,,0
서울청덕초등학교,서울,초,공립,,서울특별시 성북구 정릉로9라길 11 (정릉동.서울청덕초등학교),0,,,0,,,,,,,,,,,,,,,,,,,,,0
서울화계초등학교,서울,초,공립,,서울특별시 강북구 솔매로50가길 25 (미아동),0,,,0,,,,,,,,,,,,,,,,,,,,,0
서울일신초등학교,서울,초,공립,,서울특별시 성북구 월곡로 74 (종암동.서울일신초등학교),0,,,0,,,,,,,,,,,,,,,,,,,,,0
서울수송초등학교,서울,초,공립,,서울특별시 강북구 한천로124길 14 (번동),0,,,0,,,,,,,,,,,,,,,,,,,,,0
서울삼각산초등학교,서울,초,공립,,서울특별시 강북구 삼양로19길 141 (미아동.삼각산초등학교),0,,,0,,,,,,,,,,,,,,,,,,,,,0
서울개운초등학교,서울,초,공립,,서울특별시 성북구 정릉로48길 52 (돈암동.서울개운초등학교),0,,,0,,,,,,,,,,,,,,,,,,,,,0
서울석계초등학교,서울,초,공립,,서울특별시 성북구 한천로58길 273 (석관동),0,,,0,,,,,,,,,,,,,,,,,,,,,0
서울길원초등학교,서울,초,공립,,서울특별시 성북구 서경로 8길 28-15 서울길원초등학교 (길음동),0,,,0,,136.39649122807018,35.721637426900585,89.0,177.16666666666666,100.32075471698113,63.301886792452834,,,,,,,,,,,,,,0
서울장월초등학교,서울,초,공립,,서울특별시 성북구 한천로101길 66 (장위동.서울장월초등학교),0,,,0,,,,,,,,,,,,,,,,,,,,,0
광운초등학교,서울,초,사립,,서울특별시 성북구 한천로 693 (장위동.광운초등학교),0,,,0,,,,,,,,,,,,,,,,,,,,,0
대광초등학교,서울,초,사립,,서울특별시 성북구 안암로 5 (보문동7가.대광초등학교),0,,,0,,,,,,,,,,,,,,,,,,,,,0
매원초등학교,서울,초,사립,,서울특별시 성북구 북악산로 870 (돈암동),0,,,1,2020.0,,,,,,,,,,,,,,,,,,,,0
성신초등학교,서울,초,사립,,서울특별시 성북구 북악산로 918 (돈암동.성신초등학교),1,2023.0,교육활동 모델교,0,,,,,,,,,,,,,,,,,,,,,0
영훈초등학교,서울,초,사립,,서울특별시 강북구 도봉로13가길 19 . 영훈학교 (미아동),0,,,0,,,,,,,,,,,,,,,,,,,,,0
우촌초등학교,서울,초,사립,,서울특별시 성북구 성북로4길 52-1 (돈암동.우촌초등학교),0,,,0,,,,,,,,,,,,,,,,,,,,,0
서울대학교사범대학부설중학교,서울,중,국립,남자,서울특별시 성북구 월곡로 36 . 월곡로 36 (종암동.서울대학교사범대학부설중학교),1,2023.0,교육활동 모델교,1,2016.0,,,,,,,,,,,,,,,,,,,,1
강북중학교,서울,중,공립,남여공학,서울특별시 강북구 한천로150길 67 (수유동. 강북중학교),0,,,0,,,,,,,,,,,,,,,,,,,,,0
번동중학교,서울,중,공립,남여공학,서울특별시 강북구 오현로35길 87 (번동.번동중학교),0,,,0,,,,,,,,,,,,,,,,,,,,,0
북악중학교,서울,중,공립,남여공학,서울특별시 성북구 정릉로12길 41 (정릉동.북악중학교),0,,,0,,,,,,,,,,,,,,,,,,,,,0
삼선중학교,서울,중,공립,남자,서울특별시 성북구 동소문로3길 69 (동소문동4가.삼선중학교),0,,,1,2017.0,,,,,,,,,,,,,,,,,,,,0
석관중학교,서울,중,공립,남여공학,서울특별시 성북구 한천로 526 (석관동.석관중학교),0,,,0,,,,,,,,,,,,,,,,,,,,,0
수유중학교,서울,중,공립,남여공학,서울특별시 강북구 인수봉로37길 40 (수유동.수유중학교),0,,,0,,,,,,,,,,,,,,,,,,,,,0
월곡중학교,서울,중,공립,남여공학,서울특별시 성북구 장월로 6 (상월곡동.월곡중학교),0,,,0,,,,,,,,,,,,,,,,,,,,,0
인수중학교,서울,중,공립,남여공학,서울특별시 강북구 인수봉로75길 10 (수유동. 인수중학교),0,,,0,,,,,,,,,,,,,,,,,,,,,0
장위중학교,서울,중,공립,남여공학,서울특별시 성북구 장위로4길 70 (장위동.장위중학교),0,,,0,,,,,,,,,,,,,,,,,,,,,0
화계중학교,서울,중,공립,남여공학,서울특별시 강북구 화계사길 63 (수유동),0,,,0,,,,,,,,,,,,,,,,,,,,,0
종암중학교,서울,중,공립,남여공학,서울특별시 성북구 종암로5길 80-17 (종암동.종암중학교),0,,,0,,,,,,,,,,,,,,,,,,,,,0
수송중학교,서울,중,공립,남여공학,서울특별시 강북구 한천로122길 21 (번동.수송중학교),0,,,0,,,,,,,,,,,,,,,,,,,,,0
삼각산중학교,서울,중,공립,남여공학,서울특별시 강북구 삼양로19길 141 . 삼각산중학교 (미아동),0,,,0,,,,,,,,,,,,,,,,,,,,,0
개운중학교,서울,중,공립,남여공학,서울특별시 성북구 북악산로 935 (돈암동.개운중학교),0,,,0,,,,,,,,,,,,,,,,,,,,,0
미양중학교,서울,중,공립,남여공학,서울특별시 강북구 인수봉로 39 (미아동.미양중.고등학교),0,,,0,,,,,,,,,,,,,,,,,,,,,0
숭곡중학교,서울,중,공립,남여공학,서울특별시 성북구 종암로 208 . 숭곡중학교 (하월곡동),0,,,0,,,,,,,,,,,,,,,,,,,,,0
길음중학교,서울,중,공립,남여공학,서울특별시 성북구 길음로 144 . 길음중학교 (길음동),0,,,0,,,,,,,,,,,,,,,,,,,,,0
고려대학교사범대학부속중학교,서울,중,사립,남여공학,서울특별시 성북구 정릉로 161 (정릉동.고려대학교사범대학부속중학교),0,,,1,2017.0,,,,,,,,,,,,,,,,,,,,0
고명중학교,서울,중,사립,남자,서울특별시 성북구 북악산로 870 (돈암동.고명중학교),0,,,0,,,,,,,,,,,,,,,,,,,,,0
남대문중학교,서울,중,사립,남자,서울특별시 성북구 한천로95길 28 (장위동),0,,,0,,,,,,,,,,,,,,,,,,,,,0
서라벌중학교,서울,중,사립,남자,서울특별시 강북구 삼양로155길 37-9 . 서라벌중학교 (우이동),0,,,0,,,,,,,,,,,,,,,,,,,,,0
신일중학교,서울,중,사립,남자,서울특별시 강북구 솔매로49길 20 (미아동.신일중고등학교),0,,,0,,,,,,,,,,,,,,,,,,,,,0
용문중학교,서울,중,사립,남자,서울특별시 성북구 인촌로17가길 46 (안암동2가),1,2023.0,교육활동 모델교,1,2018.0,,,,,,,,,,,,,,,,,,,,1
홍익대학교사범대학부속중학교,서울,중,사립,남자,서울특별시 성북구 성북로14가길 23 . 홍익대학교사범대학부속중학교 (성북동.홍익대학교부속중고등학교),0,,,1,2017.0,,,,,,,,,,,,,,,,,,,,0
동구여자중학교,서울,중,사립,여자,서울특별시 성북구 성북로8길 71 (성북동.동구여자중학교),0,,,0,,,,,,,,,,,,,,,,,,,,,0
성신여자중학교,서울,중,사립,여자,서울특별시 성북구 북악산로 918 . 성신여자중학교 (돈암동),0,,,0,,,,,,,,,,,,,,,,,,,,,0
성암여자중학교,서울,중,사립,여자,서울특별시 강북구 도봉로29길 52 (미아동. 성암여자중학교),0,,,0,,,,,,,,,,,,,,,,,,,,,0
창문여자중학교,서울,중,사립,여자,서울특별시 강북구 월계로 61 (송중동. 창문여자중고등학교),0,,,0,,,,,,,,,,,,,,,,,,,,,0
한성여자중학교,서울,중,사립,여자,서울특별시 성북구 삼선교로16길 118 . 한성여자중학교 (삼선동2가),0,,,0,,,,,,,,,,,,,,,,,,,,,0
영훈국제중학교,서울,중,사립,남여공학,서울특별시 강북구 도봉로13가길 19 (미아동.학교법인영훈학원),1,2023.0,교육활동 모델교,1,2015.0,,,,,,,,,,,,,,,,,,,,1
브니엘여자고등학교,부산,고,사립,여자,부산광역시 금정구 체육공원로 154 . 브니엘여자고등학교 (구서동),0,,,0,,,,,,,,,,,,,,,,,,,,,0
부산진고등학교,부산,고,공립,남자,부산광역시 부산진구 성지로94번길 54 (초읍동. 부산진고등학교),0,,,0,,,,,,,,,,,,,,,,,,,,,0
부산대학교사범대학부설고등학교,부산,고,국립,남여공학,부산광역시 금정구 기찰로22번길 30 (부곡동.부산대학교사범대학부설고등학교),0,,,0,,,,,,,,,,,,,,,,,,,,,0
경일고등학교,부산,고,사립,남여공학,부산광역시 강서구 영강길 153-42 (명지동.경일고등학교),0,,,0,,,,,,,,,,,,,,,,,,,,,0
구덕고등학교,부산,고,공립,남자,부산광역시 사상구 학감대로 81 (학장동. 구덕고등학교),0,,,0,,,,,,,,,,,,,,,,,,,,,0
덕문고등학교,부산,고,공립,남여공학,부산광역시 강서구 동선길 172 (성북동),0,,,0,,,,,,,,,,,,,,,,,,,,,0
남산고등학교,부산,고,공립,남여공학,부산광역시 금정구 남산로 66 (남산동. 남산고등학교),0,,,0,,,,,,,,,,,,,,,,,,,,,0
정관고등학교,부산,고,공립,남여공학,부산광역시 기장군 정관읍 정관로 534 (정관읍),0,,,0,,,,,,,,,,,,,,,,,,,,,0
경원고등학교,부산,고,사립,남여공학,부산광역시 부산진구 백양관문로 40 (당감동),0,,,0,,,,,,,,,,,,,,,,,,,,,0
경남고등학교,부산,고,공립,남자,부산광역시 서구 망양로111번길 65 (동대신동3가),0,,,0,,,,,,,,,,,,,,,,,,,,,0
경남여자고등학교,부산,고,공립,여자,부산광역시 동구 수정중로 29 (수정동. 경남여자고등학교),0,,,0,,,,,,,,,,,,,,,,,,,,,0
영도여자고등학교,부산,고,공립,여자,부산광역시 영도구 중리북로21번길 42 (동삼동.영도여자고등학교),0,,,0,,,,,,,,,,,,,,,,,,,,,0
혜화여자고등학교,부산,고,사립,여자,부산광역시 동래구 명장로 99번길 23 . (명장동. 혜화여자고등학교),1,2023.0,교육활동모델교,0,,,,,,,,,,,,,,,,,,,,,0
기장고등학교,부산,고,공립,남여공학,부산광역시 기장군 기장읍 차성서로 77 (기장읍.기장고등학교),0,,,0,,,,,,,,,,,,,,,,,,,,,0
부경고등학교,부산,고,공립,남여공학,부산광역시 서구 망양로33번길 12 (서대신동3가. 부경고등학교),0,,,0,,,,,,,,,,,,,,,,,,,,,0
금곡고등학교,부산,고,공립,남여공학,부산광역시 북구 화명신도시로 236 (금곡동. 금곡고등학교),0,,,0,,,,,,,,,,,,,,,,,,,,,0
금정고등학교,부산,고,공립,남자,부산광역시 동래구 명장로63번길 60-14 . 금정고등학교 (명장동),0,,,1,2018.0,,,,,,,,,,,,,,,,,,,,0
금정여자고등학교,부산,고,공립,여자,부산광역시 금정구 서부로76번길 21 (서동),0,,,0,,,,,,,,,,,,,,,,,,,,,0
부산여자고등학교,부산,고,공립,여자,부산광역시 사하구 낙동대로520번길 36 . 부산여자고등학교 (하단동),0,,,0,,,,,,,,,,,,,,,,,,,,,0
낙동고등학교,부산,고,공립,남여공학,부산광역시 북구 의성로47번길 23(덕천동) 낙동고등학교,0,,,0,,,,,,,,,,,,,,,,,,,,,0
개금고등학교,부산,고,공립,남자,부산광역시 부산진구 백양대로208번길 71 . 개금고등학교 (개금동),0,,,0,,,,,,,,,,,,,,,,,,,,,0
내성고등학교,부산,고,공립,남자,부산광역시 금정구 서동로31번길 11 (부곡동.내성고등학교),0,,,0,,,,,,,,,,,,,,,,,,,,,0
만덕고등학교,부산,고,공립,남여공학,부산광역시 북구 함박봉로140번길 98-12 . 만덕고등학교 (만덕동),0,,,0,,,,,,,,,,,,,,,,,,,,,0
다대고등학교,부산,고,공립,남여공학,부산광역시 사하구 다대낙조2길 199 (다대동. 다대고등학교),0,,,0,,,,,,,,,,,,,,,,,,,,,0
동래고등학교,부산,고,공립,남자,부산광역시 동래구 충렬대로285번길 22 (칠산동.동래고등학교),0,,,0,,,,,,,,,,,,,,,,,,,,,0
문현여자고등학교,부산,고,공립,여자,부산광역시 남구 고동골로 86-41. 문현여자고등학교 (문현동. 문현여자고등학교),0,,,0,,,,,,,,,,,,,,,,,,,,,0
반여고등학교,부산,고,공립,남여공학,부산광역시 해운대구 반여로 136 (반여동. 반여고등학교),0,,,0,,,,,,,,,,,,,,,,,,,,,0
동천고등학교,부산,고,사립,남자,부산광역시 남구 못골번영로 105 . 동천고등학교 (대연동),0,,,1,2020.0,,,,,,,,,,,,,,,,,,,,0
성도고등학교,부산,고,사립,남자,부산광역시 북구 시랑로132번길 87 . 성도고등학교 (구포동),0,,,0,,,,,,,,,,,,,,,,,,,,,0
부산고등학교,부산,고,공립,남자,부산광역시 동구 초량로40번길 23. 부산고등학교 (초량동. 부산고등학교),0,,,0,,,,,,,,,,,,,,,,,,,,,0
부산남고등학교,부산,고,공립,남자,부산광역시 영도구 중리북로 5 (동삼동.부산남고등학교),0,,,0,,,,,,,,,,,,,,,,,,,,,0
부산남일고등학교,부산,고,공립,남자,부산광역시 수영구 망미배산로 48 . 85-23 (망미동),0,,,1,2017.0,,,,,,,,,,,,,,,,,,,,0
부산동여자고등학교,부산,고,공립,여자,부산광역시 수영구 남천서로32번길 39 (남천동. 부산동여자고등학교),0,,,0,,,,,,,,,,,,,,,,,,,,,0
부산서여자고등학교,부산,고,공립,여자,부산광역시 서구 보수대로 202-6 (동대신동2가. 부산서여자고등학교),0,,,0,,,,,,,,,,,,,,,,,,,,,0
성모여자고등학교,부산,고,사립,여자,부산광역시 부산진구 양지로 29-1 (양정동.성모여자고등학교),0,,,0,,,,,,,,,,,,,,,,,,,,,0
부산백양고등학교,부산,고,공립,남여공학,부산광역시 북구 백양대로1016번길 64 (구포동. 부산백양고등학교),0,,,0,,,,,,,,,,,,,,,,,,,,,0
금명여자고등학교,부산,고,공립,여자,부산광역시 북구 양달로 101 (화명동),0,,,0,,,,,,,,,,,,,,,,,,,,,0
사상고등학교,부산,고,공립,남자,부산광역시 사상구 강선로 24 . 사상고등학교 (덕포동),0,,,0,,,,,,,,,,,,,,,,,,,,,0
센텀고등학교,부산,고,공립,남자,부산광역시 해운대구 해운대로 246 (재송동. 센텀고등학교),0,,,1,2019.0,,,,,,,,,,,,,,,,,,,,0
부산장안고등학교,부산,고,공립,남여공학,부산광역시 기장군 장안읍 장안고길 8-16 (장안읍. 부산장안고등학교),0,,,0,,,,,,,,,,,,,,,,,,,,,0
부산중앙고등학교,부산,고,공립,남자,부산광역시 남구 진남로127번길 50 (대연동. 부산중앙고등학교),0,,,0,,,,,,,,,,,,,,,,,,,,,0
명호고등학교,부산,고,공립,남여공학,부산광역시 강서구 명지오션시티2로 97 (명지동.명호고등학교),0,,,1,2020.0,,,,,,,,,,,,,,,,,,,,0
신정고등학교,부산,고,공립,남여공학,부산광역시 기장군 정관읍 정관3로 14 . 신정고등학교,0,,,0,,,,,,,,,,,,,,,,,,,,,0
부산중앙여자고등학교,부산,고,공립,여자,부산광역시 동래구 온천천로 131 (명륜동.부산중앙여자고등학교),0,,,0,,,,,,,,,,,,,,,,,,,,,0
부흥고등학교,부산,고,공립,남여공학,부산광역시 해운대구 좌동순환로 248 (좌동. 부흥고등학교),0,,,0,,,,,,,,,,,,,,,,,,,,,0
개성고등학교,부산,고,공립,남여공학,부산광역시 부산진구 당감서로 137 (당감동. 개성고등학교),0,,,0,,,,,,,,,,,,,,,,,,,,,0
분포고등학교,부산,고,공립,남여공학,부산광역시 남구 분포로 57. 분포고등학교 (용호동. 분포고등학교),0,,,0,,,,,,,,,,,,,,,,,,,,,0
사직고등학교,부산,고,공립,남여공학,부산광역시 동래구 쇠미로119번길 51 (사직동. 사직고등학교),0,,,0,,,,,,,,,,,,,,,,,,,,,0
부산강서고등학교,부산,고,공립,남여공학,부산광역시 강서구 공항로1309번길 96-7 . 부산강서고등학교 (대저1동. 강서고등학교),0,,,1,2020.0,,,,,,,,,,,,,,,,,,,,0
신도고등학교,부산,고,공립,남여공학,부산광역시 해운대구 좌동순환로 64 (좌동. 신도고등학교),0,,,0,,,,,,,,,,,,,,,,,,,,,0
양운고등학교,부산,고,공립,남여공학,부산광역시 해운대구 양운로 176 (좌동. 양운고등학교),0,,,0,,,,,,,,,,,,,,,,,,,,,0
주례여자고등학교,부산,고,공립,여자,부산광역시 사상구 가야대로366번길 146 (주례동. 주례여자고등학교),0,,,0,,,,,,,,,,,,,,,,,,,,,0
충렬고등학교,부산,고,공립,남자,부산광역시 동래구 명장로106번길 26 (명장동. 충렬고등학교),0,,,0,,,,,,,,,,,,,,,,,,,,,0
화명고등학교,부산,고,공립,남여공학,부산광역시 북구 화명신도시로 169 . 화명고등학교 (화명동. 화명고등학교),0,,,0,,,,,,,,,,,,,,,,,,,,,0
연제고등학교,부산,고,공립,남여공학,부산광역시 연제구 쌍미천로30번길 31 (연산동. 연제고등학교),0,,,0,,,,,,,,,,,,,,,,,,,,,0
해강고등학교,부산,고,공립,남여공학,부산광역시 해운대구 해운대해변로 33 (우동. 해강고등학교),0,,,0,,,,,,,,,,,,,,,,,,,,,0
가야고등학교,부산,고,사립,남여공학,부산광역시 부산진구 엄광로 152 (가야동.가야고등학교),0,,,0,,,,,,,,,,,,,,,,,,,,,0
건국고등학교,부산,고,사립,남자,부산광역시 사하구 승학로17번길 76-8 (하단동.건국중.고등학교),0,,,0,,,,,,,,,,,,,,,,,,,,,0
경혜여자고등학교,부산,고,사립,여자,부산광역시 북구 시랑로21번길 138 (구포동. 경혜여자고등학교),0,,,0,,,,,,,,,,,,,,,,,,,,,0
대덕여자고등학교,부산,고,사립,여자,부산광역시 사상구 백양대로804번길 42-55 (덕포동. 대덕여자고등학교),0,,,0,,,,,,,,,,,,,,,,,,,,,0
광명고등학교,부산,고,사립,남자,부산광역시 영도구 와치로 131 (동삼동),1,2023.0,정보교육실구축교,0,,,,,,,,,,,,,,,,,,,,,0
금성고등학교,부산,고,사립,남자,부산광역시 동구 증산로 83 . 금성고등학교 (좌천동),0,,,0,,,,,,,,,,,,,,,,,,,,,0
남성여자고등학교,부산,고,사립,여자,부산광역시 중구 샘길 14 (대청동1가),0,,,0,,,,,,,,,,,,,,,,,,,,,0
대동고등학교,부산,고,사립,남자,부산광역시 사하구 을숙도대로709번길 27 . 대동고등학교 (신평동. 대동중고등학교),1,2023.0,교육활동모델교,1,2019.0,,,,,,,,,,,,,,,,,,,,1
대명여자고등학교,부산,고,사립,여자,부산광역시 동래구 시실로 135 (명장동. 대명여자고등학교),1,2023.0,정보교육실구축교,1,2019.0,,,,,,,,,,,,,,,,,,,,1
대연고등학교,부산,고,사립,남자,부산광역시 남구 조각공원로 20 (대연동.대연고등학교),1,2023.0,교육활동모델교,1,2018.0,,,,,,,,,,,,,,,,,,,,1
덕문여자고등학교,부산,고,사립,여자,부산광역시 수영구 연수로310번길 114 (광안동.덕문여자고등학교),0,,,0,,,,,,,,,,,,,,,,,,,,,0
데레사여자고등학교,부산,고,사립,여자,부산광역시 동구 정공단로47번길 14 . 데레사여자고등학교 (범일동. 데레사여자고등학교),0,,,0,,,,,,,,,,,,,,,,,,,,,0
동래여자고등학교,부산,고,사립,여자,부산광역시 금정구 체육공원로 20 (구서동),0,,,0,,,,,,,,,,,,,,,,,,,,,0
동아고등학교,부산,고,사립,남자,부산광역시 사하구 괴정로244번길 63 (괴정동. 동아고등학교),0,,,1,2016.0,,,,,,,,,,,,,,,,,,,,0
삼정고등학교,부산,고,사립,여자,부산광역시 북구 시랑로118번길 53 (구포동.부산삼정고등학교),0,,,1,2016.0,,,,,,,,,,,,,,,,,,,,0
동인고등학교,부산,고,사립,남자,부산광역시 동래구 쇠미로31번길 34 (사직동. 동인고등학교),0,,,0,,,,,,,,,,,,,,,,,,,,,0
배정고등학교,부산,고,사립,남자,부산광역시 남구 장고개로85번길 14-16 (문현동.배정고등학교),1,2023.0,교육활동모델교,0,,,,,,,,,,,,,,,,,,,,,0
부산대저고등학교,부산,고,사립,남자,부산광역시 강서구 공항로811번가길 46 . 부산대저고등학교 (대저2동. 대저중고등학교),0,,,0,,,,,,,,,,,,,,,,,,,,,0
부산동고등학교,부산,고,사립,남자,부산광역시 부산진구 동성로 30 . 36 (전포동),0,,,0,,,,,,,,,,,,,,,,,,,,,0
동주여자고등학교,부산,고,사립,여자,부산광역시 중구 광복중앙로 18 (광복동3가.동주여자고등학교),0,,,0,,,,,,,,,,,,,,,,,,,,,0
부산동성고등학교,부산,고,사립,남자,부산광역시 부산진구 동성로 16 . 부산동성고등학교  (전포동),1,2023.0,교육활동모델교,1,2020.0,,,,,,,,,,,,,,,,,,,,1
부산진여자고등학교,부산,고,사립,여자,부산광역시 부산진구 양정로 48 (양정동.부산진여자고등학교),0,,,0,,,,,,,,,,,,,,,,,,,,,0
브니엘고등학교,부산,고,사립,남자,부산광역시 금정구 체육공원로 154 (구서동. 브니엘고등학교),0,,,0,,,,,,,,,,,,,,,,,,,,,0
사직여자고등학교,부산,고,사립,여자,부산광역시 동래구 쇠미로27번길 21 . 사직여자고등학교 (사직동),0,,,0,,,,,,,,,,,,,,,,,,,,,0
삼성여자고등학교,부산,고,사립,여자,부산광역시 사하구 감천로43번길 45 (감천동. 삼성여자고등학교),0,,,0,,,,,,,,,,,,,,,,,,,,,0
성일여자고등학교,부산,고,사립,여자,부산광역시 사하구 다대로 161 . (신평동. 성일여자고등학교),0,,,0,,,,,,,,,,,,,,,,,,,,,0
한얼고등학교,부산,고,사립,남여공학,부산광역시 남구 고동골로69번가길 54 (문현동),0,,,0,,,,,,,,,,,,,,,,,,,,,0
양정고등학교,부산,고,사립,남자,부산광역시 부산진구 양정로 46 (양정동.양정고등학교),0,,,1,2018.0,,,,,,,,,,,,,,,,,,,,0
예문여자고등학교,부산,고,사립,여자,부산광역시 남구 동명로92번길 76 (용호동. 예문여자고등학교),0,,,0,,,,,,,,,,,,,,,,,,,,,0
용인고등학교,부산,고,사립,남자,부산광역시 동래구 시실로107번길 37 . 용인고등학교 (명장동),0,,,0,,,,,,,,,,,,,,,,,,,,,0
이사벨고등학교,부산,고,사립,남여공학,부산광역시 연제구 중앙대로 1197 (거제동. 이사벨중고등학교.지구촌고등학교),0,,,0,,,,,,,,,,,,,,,,,,,,,0
성지고등학교,부산,고,사립,남여공학,부산광역시 남구 유엔로 39 (우암동.성지고등학교),0,,,0,,,,,,,,,,,,,,,,,,,,,0
장안제일고등학교,부산,고,사립,남여공학,부산광역시 기장군 장안읍 좌천2길 43 . 장안제일고등학교 (장안읍. 장안중/제일고등학교),0,,,0,,,,,,,,,,,,,,,,,,,,,0
지산고등학교,부산,고,사립,남자,부산광역시 금정구 오륜대로 50 (부곡동),0,,,0,,,,,,,,,,,,,,,,,,,,,0
지구촌고등학교,부산,고,사립,남여공학,부산광역시 연제구 중앙대로 1197 . 지구촌고등학교 (거제동),0,,,0,,,,,,,,,,,,,,,,,,,,,0
학산여자고등학교,부산,고,사립,여자,부산광역시 동래구 충렬사로51번길 62 . 학산여자고등학교 (명장동),0,,,0,,,,,,,,,,,,,,,,,,,,,0
해동고등학교,부산,고,사립,남자,부산광역시 사하구 사하로141번나길 11-15 . 해동고등학교 (괴정동),1,2023.0,교육활동모델교,0,,,,,,,,,,,,,,,,,,,,,0
해운대고등학교,부산,고,사립,남자,부산광역시 해운대구 우동3로11번길 43 (우동. 해운대고등학교),0,,,0,,,,,,,,,,,,,,,,,,,,,0
해운대여자고등학교,부산,고,사립,여자,부산광역시 해운대구 우동1로85번길 71 (우동. 해운대여자고등학교),0,,,0,,,,,,,,,,,,,,,,,,,,,0
혜광고등학교,부산,고,사립,남자,부산광역시 중구 망양로259번길 5 (보수동1가.혜광고등학교),0,,,0,,,,,,,,,,,,,,,,,,,,,0
부산체육고등학교,부산,고,공립,남여공학,부산광역시 영도구 중리북로21번길 5 . 부산체육고등학교 (동삼동),0,,,0,,,,,,,,,,,,,,,,,,,,,0
부산과학고등학교,부산,고,공립,남여공학,부산광역시 금정구 금샘로 455-1 (구서동. 부산과학고등학교),1,2023.0,교육활동모델교,1,2016.0,,,,,,,,,,,,,,,,,,,,1
한국과학영재학교,부산,고,국립,남여공학,부산광역시 부산진구 백양관문로 105-47 (당감동.한국과학영재학교 본관동),0,,,0,,,,,,,,,,,,,,,,,,,,,0
부산일과학고등학교,부산,고,공립,남여공학,부산광역시 사하구 제석로 242 .부산일과학고등학교(당리동),0,,,1,2017.0,,,,,,,,,,,,,,,,,,,,0
부산예술고등학교,부산,고,사립,남여공학,부산광역시 금정구 체육공원로 . 20 (부곡동),0,,,0,,,,,,,,,,,,,,,,,,,,,0
한국조형예술고등학교,부산,고,공립,남여공학,부산광역시 남구 동명로169번길 38 (용호동),0,,,0,,,,,,,,,,,,,,,,,,,,,0
브니엘예술고등학교,부산,고,사립,남여공학,부산광역시 금정구 체육공원로 154 (구서동. 브니엘예술고등학교),0,,,0,,,,,,,,,,,,,,,,,,,,,0
부산외국어고등학교,부산,고,사립,남여공학,부산광역시 연제구 고분로 144 . 부산외국어고등학교 (연산동),0,,,0,,,,,,,,,,,,,,,,,,,,,0
부일외국어고등학교,부산,고,사립,남여공학,부산광역시 사하구 감천로73번길 36 . 부일외국어고등학교 (감천동. 부일외고 전자디자인고등학교),0,,,0,,,,,,,,,,,,,,,,,,,,,0
부산국제외국어고등학교,부산,고,사립,여자,부산광역시 해운대구 해운대로469번길 50-1 (우동. 부산국제외국어고등학교),0,,,0,,,,,,,,,,,,,,,,,,,,,0
부산국제고등학교,부산,고,공립,남여공학,부산광역시 부산진구 백양관문로 105-70 . 부산국제고등학교 (당감동),0,,,0,,,,,,,,,,,,,,,,,,,,,0
동래원예고등학교,부산,고,공립,남여공학,부산광역시 동래구 금강로 43 (온천동. 동래원예고등학교),0,,,0,,,,,,,,,,,,,,,,,,,,,0
부산기계공업고등학교,부산,고,국립,남자,부산광역시 해운대구 해운대로 569 (우동),0,,,0,,,,,,,,,,,,,,,,,,,,,0
경남공업고등학교,부산,고,공립,남여공학,부산광역시 부산진구 전포대로175번길 22 (전포동. 경남공업고등학교),0,,,0,,,,,,,,,,,,,,,,,,,,,0
대진전자통신고등학교,부산,고,사립,남여공학,부산광역시 금정구 수림로 92 (장전동),1,2023.0,교육활동모델교,1,2018.0,,,,,,,,,,,,,,,,,,,,1
부산공업고등학교,부산,고,공립,남여공학,부산광역시 남구 수영로196번길 80 (대연동.부산공업고등학교),0,,,0,,,,,,,,,,,,,,,,,,,,,0
부산자동차고등학교,부산,고,공립,남자,부산광역시 사하구 하신중앙로3번나길 16 . 부산자동차고등학교 (장림동. 부산자동차고등학교),0,,,0,,,,,,,,,,,,,,,,,,,,,0
부산산업과학고등학교,부산,고,공립,남여공학,부산광역시 강서구 가락대로 1393 (봉림동.부산산업과학고등학교),0,,,0,,,,,,,,,,,,,,,,,,,,,0
부산전자공업고등학교,부산,고,공립,남여공학,부산광역시 동래구 금강로59번길 51 (온천동. 부산전자공업고등학교),0,,,0,,,,,,,,,,,,,,,,,,,,,0
해운대공업고등학교,부산,고,공립,남자,부산광역시 해운대구 해운대로469번길 96 (우동. 해운대공업고등학교),0,,,0,,,,,,,,,,,,,,,,,,,,,0
부산에너지과학고등학교,부산,고,공립,남여공학,부산광역시 사상구 백양대로768번길 115 (덕포동. 부산에너지과학고등학교),0,,,0,,,,,,,,,,,,,,,,,,,,,0
대광발명과학고등학교,부산,고,사립,남여공학,부산광역시 사하구 동매로 135 대광발명과학고등학교 (당리동),0,,,0,,,,,,,,,,,,,,,,,,,,,0
부산디지털고등학교,부산,고,사립,남여공학,부산광역시 중구 망양로 356 (영주동),0,,,0,,,,,,,,,,,,,,,,,,,,,0
경성전자고등학교,부산,고,사립,남여공학,부산광역시 서구 꽃마을로 25 (서대신동3가),1,2023.0,교육활동모델교,1,2017.0,,,,,,,,,,,,,,,,,,,,1
금정전자공업고등학교,부산,고,사립,남자,부산광역시 금정구 서금로 75 (서동.금정전자공업고등학교),0,,,0,,,,,,,,,,,,,,,,,,,,,0
대양전자통신고등학교,부산,고,사립,남여공학,부산광역시 남구 지게골로 128-27 . 대양전자통신고등학교 (문현동),0,,,0,,,,,,,,,,,,,,,,,,,,,0
부산항만물류고등학교,부산,고,사립,남여공학,부산광역시 남구 신선로 410 (용당동.부산항만물류고등학교),0,,,0,,,,,,,,,,,,,,,,,,,,,0
동아공업고등학교,부산,고,사립,남여공학,부산광역시 사하구 괴정로260번길 79 (괴정동),0,,,0,,,,,,,,,,,,,,,,,,,,,0
동의공업고등학교,부산,고,사립,남자,부산광역시 부산진구 양지로 50 동의공업고등학교 (전포동),0,,,0,,,,,,,,,,,,,,,,,,,,,0
부일전자디자인고등학교,부산,고,사립,남여공학,부산광역시 사하구 감천로73번길 36 (감천동) 부일전자디자인고등학교,0,,,1,2016.0,,,,,,,,,,,,,,,,,,,,0
부산컴퓨터과학고등학교,부산,고,사립,남여공학,부산광역시 동구 초량로 80 부산컴퓨터과학고등학교 (초량동),1,2023.0,교육활동모델교,1,2017.0,,,,,,,,,,,,,,,,,,,,1
부산진여자상업고등학교,부산,고,공립,여자,부산광역시 부산진구 진남로 524 (양정동),0,,,0,,,,,,,,,,,,,,,,,,,,,0
부산영상예술고등학교,부산,고,공립,남여공학,부산광역시 영도구 영상길 100 . 부산영상예술고등학교 (신선동3가),0,,,0,,,,,,,,,,,,,,,,,,,,,0
부산마케팅고등학교,부산,고,사립,여자,부산광역시 부산진구 봉수로 13 (전포동.부산마케팅고등학교),1,2023.0,교육활동모델교,0,,,,,,,,,,,,,,,,,,,,,0
세정상업고등학교,부산,고,사립,남여공학,부산광역시 부산진구 양정로 88-12 . 세정상업고등학교 (양정동),0,,,0,,,,,,,,,,,,,,,,,,,,,0
부산경영고등학교,부산,고,사립,남여공학,부산광역시 남구 장고개로85번길 14-40 (문현동.부산경영고등학교),0,,,0,,,,,,,,,,,,,,,,,,,,,0
계성여자상업고등학교,부산,고,사립,여자,부산광역시 연제구 해맞이로109번길 47 (거제동.계성여자상업고등학교),0,,,0,,,,,,,,,,,,,,,,,,,,,0
부산세무고등학교,부산,고,사립,남여공학,부산광역시 남구 진남로 82-19 . 부산세무고등학교 (대연동),0,,,0,,,,,,,,,,,,,,,,,,,,,0
부산여자상업고등학교,부산,고,사립,여자,부산광역시 수영구 금련로 43 (망미동.부산여자상업고등학교),0,,,1,2020.0,,,,,,,,,,,,,,,,,,,,0
부산정보고등학교,부산,고,사립,남여공학,부산광역시 부산진구 화지로 24 (양정동. 부산정보고등학교),0,,,0,,,,,,,,,,,,,,,,,,,,,0
부산보건고등학교,부산,고,사립,남여공학,부산광역시 영도구 절영로 163 (영선동4가),1,2023.0,교육활동모델교,0,,,,,,,,,,,,,,,,,,,,,0
부산해사고등학교,부산,고,국립,남여공학,부산광역시 영도구 해양로 425 (동삼동),0,,,0,,,,,,,,,,,,,,,,,,,,,0
해운대관광고등학교,부산,고,사립,남여공학,부산광역시 해운대구 우동2로60번길 38 (우동.해운대관광고등학교),0,,,0,,,,,,,,,,,,,,,,,,,,,0
부산정보관광고등학교,부산,고,사립,남여공학,부산광역시 금정구 동현로 37 (부곡동. 부산정보관광고등학교),0,,,0,,,,,,,,,,,,,,,,,,,,,0
부산관광고등학교,부산,고,사립,남여공학,부산광역시 서구 천마로 52 (남부민동),0,,,0,,,,,,,,,,,,,,,,,,,,,0
성심보건고등학교,부산,고,사립,남여공학,부산광역시 해운대구 반송순환로 142-1 . 성심보건고등학교 (반송동. 성심보건고등학교),0,,,0,,,,,,,,,,,,,,,,,,,,,0
부산문화여자고등학교,부산,고,사립,여자,부산광역시 해운대구 해운대로469번길 50 (우동. 부산문화여자고등학교),0,,,0,,,,,,,,,,,,,,,,,,,,,0
감정초등학교,부산,초,공립,,부산광역시 사하구 옥천로 130 (감천동),0,,,0,,,,,,,,,,,,,,,,,,,,,0
남항초등학교,부산,초,공립,,부산광역시 영도구 남항새싹길 55 . 남항초등학교 (영선동4가. 남항초등학교),1,2023.0,교육활동모델교,0,,,,,,,,,,,,,,,,,,,,,0
감천초등학교,부산,초,공립,,부산광역시 사하구 원양로 368-2 (감천동. 감천초등학교),0,,,0,,,,,,,,,,,,,,,,,,,,,0
괴정초등학교,부산,초,공립,,부산광역시 사하구 낙동대로 152 (괴정동. 괴정초등학교),0,,,1,2017.0,,,,,,,,,,,,,,,,,,,,0
구덕초등학교,부산,초,공립,,부산광역시 서구 보수대로 312 (서대신동3가. 구덕초등학교),0,,,0,,,,,,,,,,,,,,,,,,,,,0
구평초등학교,부산,초,공립,,부산광역시 사하구 사하로 9 (구평동.구평초등학교),0,,,0,,,,,,,,,,,,,,,,,,,,,0
낙동초등학교,부산,초,공립,,부산광역시 사하구 제석로 41 (당리동.낙동초등학교),1,2023.0,교육활동모델교,1,2019.0,,,,,,,,,,,,,,,,,,,,1
남부민초등학교,부산,초,공립,,부산광역시 서구 천마로 153 (남부민동. 남부민초등학교),0,,,0,,,,,,,,,,,,,,,,,,,,,0
다대초등학교,부산,초,공립,,부산광역시 사하구 다대로 499 (다대동. 다대초등학교),1,2023.0,정보교육실구축교,0,,,,,,,,,,,,,,,,,,,,,0
다선초등학교,부산,초,공립,,부산광역시 사하구 다송로 57 (다대동),0,,,0,,,,,,,,,,,,,,,,,,,,,0
다송초등학교,부산,초,공립,,부산광역시 사하구 다대로381번길 17 (다대동. 다송초등학교),0,,,0,,,,,,,,,,,,,,,,,,,,,0
당리초등학교,부산,초,공립,,부산광역시 사하구 다대로 22번길 12 (당리동. 당리초등학교),0,,,0,,,,,,,,,,,,,,,,,,,,,0
대교초등학교,부산,초,공립,,부산광역시 영도구 봉래나루로246번길 19 . 대교초등학교 (봉래동4가),0,,,0,,,,,,,,,,,,,,,,,,,,,0
대신초등학교,부산,초,공립,,부산광역시 서구 대신로 63. 대신초등학교 (서대신동3가.대신초등학교),1,2023.0,교육활동모델교,0,,,,,,,,,,,,,,,,,,,,,0
대평초등학교,부산,초,공립,,부산광역시 영도구 절영로 82 (남항동2가. 대평초등학교),0,,,1,2018.0,,,,,,,,,,,,,,,,,,,,0
동삼초등학교,부산,초,공립,,부산광역시 영도구 태종로 610 (동삼동.동삼초등학교),0,,,0,,,,,,,,,,,,,,,,,,,,,0
동신초등학교,부산,초,공립,,부산광역시 서구 대영로85번길 81-19 (동대신동3가. 동신초등학교),0,,,0,,,,,,,,,,,,,,,,,,,,,0
보림초등학교,부산,초,공립,,부산광역시 사하구 장림로161번길 20 (장림동. 보림초등학교),0,,,1,2016.0,,,,,,,,,,,,,,,,,,,,0
봉삼초등학교,부산,초,공립,,부산광역시 영도구 함지로79번길 39 (동삼동. 봉삼초등학교),0,,,0,,,,,,,,,,,,,,,,,,,,,0
봉학초등학교,부산,초,공립,,부산광역시 영도구 태종로 242 (청학동),0,,,1,2020.0,,,,,,,,,,,,,,,,,,,,0
보수초등학교,부산,초,공립,,부산광역시 중구 흑교로 74 (보수동1가),0,,,0,,,,,,,,,,,,,,,,,,,,,0
광일초등학교,부산,초,공립,,부산광역시 중구 중구로 74 (대청동4가. 광일초등학교),1,2023.0,교육활동모델교,1,2019.0,,,,,,,,,,,,,,,,,,,,1
봉래초등학교,부산,초,공립,,부산광역시 중구 대영로226번길 15 (영주동.봉래초등학교),0,,,0,,,,,,,,,,,,,,,,,,,,,0
부민초등학교,부산,초,공립,,부산광역시 서구 고운들로 12 (부용동2가. 부민초등학교),0,,,1,2019.0,,,,,,,,,,,,,,,,,,,,0
사남초등학교,부산,초,공립,,부산광역시 사하구 장평로 390 (괴정동.사남초등학교),0,,,0,,,,,,,,,,,,,,,,,,,,,0
몰운대초등학교,부산,초,공립,,부산광역시 사하구 다대낙조2길 110 (다대동.몰운대초등학교),0,,,0,,,,,,,,,,,,,,,,,,,,,0
사동초등학교,부산,초,공립,,부산광역시 사하구 승학로 129-2 (당리동. 사동초등학교),0,,,0,,,,,,,,,,,,,,,,,,,,,0
부산알로이시오초등학교,부산,초,사립,,부산광역시 서구 천해로13번길 16-9 . 부산알로이시오초등학교 (암남동),0,,,0,,,,,,,,,,,,,,,,,,,,,0
사하초등학교,부산,초,공립,,부산광역시 사하구 낙동대로 266 (괴정동.사하초등학교),0,,,0,,,,,,,,,,,,,,,,,,,,,0
상리초등학교,부산,초,공립,,부산광역시 영도구 상리로 38 (동삼동.상리초등학교),1,2023.0,교육활동모델교,0,,,,,,,,,,,,,,,,,,,,,0
서천초등학교,부산,초,공립,,부산광역시 사하구 감천로105번길 10 (감천동. 서천초등학교),0,,,0,,,,,,,,,,,,,,,,,,,,,0
송도초등학교,부산,초,공립,,부산광역시 서구 충무대로 25 (암남동. 송도초등학교),0,,,0,,,,,,,,,,,,,,,,,,,,,0
승학초등학교,부산,초,공립,,부산광역시 사하구 낙동대로135번길 55 . 승학초등학교 (괴정동. 승학초등학교),0,,,0,,,,,,,,,,,,,,,,,,,,,0
신남초등학교,부산,초,공립,,부산광역시 사하구 비봉로 88 (하단동.신남초등학교),0,,,0,,,,,,,,,,,,,,,,,,,,,0
신선초등학교,부산,초,공립,,부산광역시 영도구 산정길 17 (신선동3가),0,,,0,,,,,,,,,,,,,,,,,,,,,0
신촌초등학교,부산,초,공립,,부산광역시 사하구 다대로135번길 34-2 . 신촌초등학교 (신평동),0,,,0,,,,,,,,,,,,,,,,,,,,,0
신평초등학교,부산,초,공립,,부산광역시 사하구 장평로299번안길 19 (신평동.신평초등학교),0,,,0,,,,,,,,,,,,,,,,,,,,,0
아미초등학교,부산,초,공립,,부산광역시 서구 해돋이로 241 . 아미초등학교 (아미동2가),0,,,1,2019.0,,,,,,,,,,,,,,,,,,,,0
영도초등학교,부산,초,공립,,부산광역시 영도구 꿈나무길 41 (신선동1가.영도초등학교),0,,,0,,,,,,,,,,,,,,,,,,,,,0
옥천초등학교,부산,초,공립,,부산광역시 사하구 사하로 134 (감천동.옥천초등학교),0,,,1,2019.0,,,,,,,,,,,,,,,,,,,,0
을숙도초등학교,부산,초,공립,,부산광역시 사하구 낙동대로 581 (하단동. 을숙도초등학교),0,,,0,,,,,,,,,,,,,,,,,,,,,0
응봉초등학교,부산,초,공립,,부산광역시 사하구 다대낙조2길 26 . 응봉초등학교 (다대동. 응봉초등학교),0,,,0,,,,,,,,,,,,,,,,,,,,,0
장림초등학교,부산,초,공립,,부산광역시 사하구 장림번영로103번길 10 (장림동),0,,,0,,,,,,,,,,,,,,,,,,,,,0
절영초등학교,부산,초,공립,,부산광역시 영도구 함지로 37 (동삼동.절영초등학교),0,,,0,,,,,,,,,,,,,,,,,,,,,0
중리초등학교,부산,초,공립,,부산광역시 영도구 와치로 286 (동삼동. 중리초등학교),0,,,0,,,,,,,,,,,,,,,,,,,,,0
중현초등학교,부산,초,공립,,부산광역시 사하구 다대낙조2길 8 (다대동.중현초등학교),0,,,0,,,,,,,,,,,,,,,,,,,,,0
천마초등학교,부산,초,공립,,부산광역시 서구 천해로7번길 38 (암남동. 천마초등학교),1,2023.0,교육활동모델교,1,2018.0,,,,,,,,,,,,,,,,,,,,1
청동초등학교,부산,초,공립,,부산광역시 영도구 태종로422번길 51 청학동.청동초등학교),0,,,0,,,,,,,,,,,,,,,,,,,,,0
청학초등학교,부산,초,공립,,부산광역시 영도구 청학로 49 . 청학초등학교 (청학동),0,,,0,,,,,,,,,,,,,,,,,,,,,0
태종대초등학교,부산,초,공립,,부산광역시 영도구 태종로802번길 38 (동삼동. 태종대초등학교),0,,,0,,,,,,,,,,,,,,,,,,,,,0
토성초등학교,부산,초,공립,,부산광역시 서구 구덕로134번길 45 (토성동2가. 토성초등학교),0,,,0,,,,,,,,,,,,,,,,,,,,,0
하남초등학교,부산,초,공립,,부산광역시 사하구 하신번영로 186 (하단동),0,,,0,,,,,,,,,,,,,,,,,,,,,0
하단초등학교,부산,초,공립,,부산광역시 사하구 하신중앙로 321 (하단동.하단초등학교),0,,,0,,,,,,,,,,,,,,,,,,,,,0
화랑초등학교,부산,초,공립,,부산광역시 서구 대영로86번길 56 . 화랑초등학교 (동대신동1가),0,,,0,,,,,,,,,,,,,,,,,,,,,0
효림초등학교,부산,초,공립,,부산광역시 사하구 장평로 106 (장림동.효림초등학교),0,,,0,,,,,,,,,,,,,,,,,,,,,0
남성초등학교,부산,초,사립,,부산광역시 중구 샘길 14 (대청동1가),1,2023.0,교육활동모델교,0,,,,,,,,,,,,,,,,,,,,,0
초장중학교,부산,중,공립,남자,부산광역시 서구 해돋이로 205 (초장동. 초장중학교),0,,,0,,,,,,,,,,,,,,,,,,,,,0
영도중학교,부산,중,공립,남여공학,부산광역시 영도구 중리로 64 (동삼동. 영도중학교),0,,,0,,,,,,,,,,,,,,,,,,,,,0
감천중학교,부산,중,공립,남여공학,부산광역시 사하구 감천로73번길 60 (감천동. 감천중학교),0,,,0,,,,,,,,,,,,,,,,,,,,,0
경남중학교,부산,중,공립,남자,부산광역시 서구 까치고개로229번길 7 (토성동3가. 경남중학교),0,,,0,,,,,,,,,,,,,,,,,,,,,0
다대중학교,부산,중,공립,남여공학,부산광역시 사하구 다대로554번길 33 . 다대중학교 (다대동),0,,,0,,,,,,,,,,,,,,,,,,,,,0
다선중학교,부산,중,공립,남여공학,부산광역시 사하구 다대낙조2길 36 (다대동. 다선중학교),0,,,0,,,,,,,,,,,,,,,,,,,,,0
다송중학교,부산,중,공립,남여공학,부산광역시 사하구 다송로 55 (다대동. 다송중학교),0,,,0,,,,,,,,,,,,,,,,,,,,,0
당리중학교,부산,중,공립,남여공학,부산광역시 사하구 낙동대로356번길 22 (당리동),0,,,0,,,,,,,,,,,,,,,,,,,,,0
동삼중학교,부산,중,공립,남여공학,부산광역시 영도구 와치로 259 (동삼동.동삼중학교),0,,,0,,,,,,,,,,,,,,,,,,,,,0
부산남중학교,부산,중,공립,남자,부산광역시 영도구 절영로73번길 7 (남항동2가. 부산남중학교),0,,,0,,,,,,,,,,,,,,,,,,,,,0
부산대신중학교,부산,중,공립,남자,부산광역시 서구 대신로109번길 10 (서대신동3가. 부산대신중학교),0,,,0,,,,,,,,,,,,,,,,,,,,,0
부산여자중학교,부산,중,공립,여자,부산광역시 서구 보수대로 282-23 (서대신동3가. 부산여자중학교),0,,,0,,,,,,,,,,,,,,,,,,,,,0
부산영선중학교,부산,중,공립,남여공학,부산광역시 영도구 영상길 83 . 부산영선중학교 (신선동3가),0,,,0,,,,,,,,,,,,,,,,,,,,,0
부산중앙여자중학교,부산,중,공립,여자,부산광역시 서구 대신로 59-32 (서대신동3가. 중앙여자중학교),0,,,0,,,,,,,,,,,,,,,,,,,,,0
사하중학교,부산,중,공립,남여공학,부산광역시 사하구 낙동대로302번길 35 (괴정동.사하중학교),0,,,0,,,,,,,,,,,,,,,,,,,,,0
신선중학교,부산,중,공립,남여공학,부산광역시 영도구 복지관길 40 (신선동3가. 신선중학교),0,,,0,,,,,,,,,,,,,,,,,,,,,0
장림여자중학교,부산,중,공립,여자,부산광역시 사하구 두송로 64 (장림동.장림여자중학교),0,,,1,2020.0,,,,,,,,,,,,,,,,,,,,0
장평중학교,부산,중,공립,남여공학,부산광역시 사하구 사하로 134-1 (감천동),0,,,0,,,,,,,,,,,,,,,,,,,,,0
태종대중학교,부산,중,공립,남여공학,부산광역시 영도구 함지로79번길 9 (동삼동.태종대중학교),0,,,0,,,,,,,,,,,,,,,,,,,,,0
하남중학교,부산,중,공립,남여공학,부산광역시 사하구 하신번영로 206 . 하남중학교 (하단동. 하남중학교),0,,,0,,,,,,,,,,,,,,,,,,,,,0
하단중학교,부산,중,공립,남여공학,부산광역시 사하구 하신번영로380번길 88 (하단동. 하단중학교),0,,,0,,,,,,,,,,,,,,,,,,,,,0
두송중학교,부산,중,공립,남여공학,부산광역시 사하구 다송로 76 (다대동.두송중학교),0,,,0,,,,,,,,,,,,,,,,,,,,,0
건국중학교,부산,중,사립,남자,부산광역시 사하구 승학로17번길 76-8 . 건국중학교 (하단동. 건국중.고등학교),0,,,0,,,,,,,,,,,,,,,,,,,,,0
남도여자중학교,부산,중,사립,여자,부산광역시 영도구 남도여중길 130 (신선동2가.남도여자중학교),0,,,0,,,,,,,,,,,,,,,,,,,,,0
덕원중학교,부산,중,사립,남자,부산광역시 중구 망양로 356 (영주동. 덕원중학교) 덕원중학교,0,,,0,,,,,,,,,,,,,,,,,,,,,0
대동중학교,부산,중,사립,남자,부산광역시 사하구 을숙도대로709번길 27 . 대동중학교 (신평동. 대동중학교),0,,,0,,,,,,,,,,,,,,,,,,,,,0
대신여자중학교,부산,중,사립,여자,부산광역시 서구 보동길 268 (동대신동2가.대신여자중학교),0,,,0,,,,,,,,,,,,,,,,,,,,,0
동주여자중학교,부산,중,사립,여자,부산광역시 사하구 사리로8번길 28 . 동주여자중학교 (괴정동),0,,,0,,,,,,,,,,,,,,,,,,,,,0
삼성중학교,부산,중,사립,남자,부산광역시 사하구 감천로43번길 45-2 (감천동. 삼성중학교),0,,,0,,,,,,,,,,,,,,,,,,,,,0
송도중학교,부산,중,사립,남자,부산광역시 서구 해양로 15 (남부민동),0,,,0,,,,,,,,,,,,,,,,,,,,,0
영남중학교,부산,중,사립,남자,부산광역시 사하구 다대로277번길 100 (장림동. 영남중학교),0,,,0,,,,,,,,,,,,,,,,,,,,,0
해동중학교,부산,중,사립,남여공학,부산광역시 영도구 절영로490번길 8-22 . 해동중학교 (동삼동),0,,,0,,,,,,,,,,,,,,,,,,,,,0
부산체육중학교,부산,중,공립,남여공학,부산광역시 영도구 중리북로 21번길 5,0,,,0,,,,,,,,,,,,,,,,,,,,,0
초량초등학교,부산,초,공립,,부산광역시 동구 초량상로 49 (초량동. 초량초등학교),0,,,0,,,,,,,,,,,,,,,,,,,,,0
백운초등학교,부산,초,공립,,부산광역시 남구 동명로 76 (용호동),0,,,0,,,,,,,,,,,,,,,,,,,,,0
가남초등학교,부산,초,공립,,부산광역시 부산진구 엄광로 325 (가야동),0,,,0,,,,,,,,,,,,,,,,,,,,,0
가산초등학교,부산,초,공립,,부산광역시 부산진구 엄광로 182 . 49 (가야동.가산초등학교),0,,,0,,,,,,,,,,,,,,,,,,,,,0
가야초등학교,부산,초,공립,,부산광역시 부산진구 대학로 22 . 가야초등학교 (가야동),0,,,1,2019.0,,,,,,,,,,,,,,,,,,,,0
가평초등학교,부산,초,공립,,부산광역시 부산진구 가야대로482번길 87 (가야동.가평초등학교),0,,,0,,,,,,,,,,,,,,,,,,,,,0
개금초등학교,부산,초,공립,,부산광역시 부산진구 가야대로443번길 25-10 . 개금초등학교 (개금동),0,,,0,,,,,,,,,,,,,,,,,,,,,0
개포초등학교,부산,초,공립,,부산광역시 부산진구 백양대로208번길 9 (개금동),0,,,0,,,,,,,,,,,,,,,,,,,,,0
대연초등학교,부산,초,공립,,부산광역시 남구 진남로18번길 11 (대연동. 대연초등학교),0,,,1,2018.0,,,,,,,,,,,,,,,,,,,,0
개화초등학교,부산,초,공립,,부산광역시 부산진구 개금본동로66번길 12-12 (개금동. 개화초등학교),0,,,0,,,,,,,,,,,,,,,,,,,,,0
대천초등학교,부산,초,공립,,부산광역시 남구 조각공원로 19 (대연동. 대천초등학교),0,,,0,,,,,,,,,,,,,,,,,,,,,0
동일중앙초등학교,부산,초,공립,,부산광역시 동구 구봉로 46 . 동일중앙초등학교 (수정동. 동일중앙초등학교),0,,,0,,,,,,,,,,,,,,,,,,,,,0
동천초등학교,부산,초,공립,,부산광역시 남구 석포로26번길 22 (감만동. 동천초등학교),0,,,0,,,,,,,,,,,,,,,,,,,,,0
동항초등학교,부산,초,공립,,부산광역시 남구 우암로 42 (감만동. 동항초등학교),0,,,1,2019.0,,,,,,,,,,,,,,,,,,,,0
당감초등학교,부산,초,공립,,부산광역시 부산진구 당감로 22-5 (당감동. 당감초등학교),0,,,0,,,,,,,,,,,,,,,,,,,,,0
당평초등학교,부산,초,공립,,부산광역시 부산진구 백양대로136번길 26 (당감동.당평초등학교),0,,,0,,,,,,,,,,,,,,,,,,,,,0
문현초등학교,부산,초,공립,,부산광역시 남구 고동골로 86-13 . 문현초등학교 (문현동. 문현초등학교),0,,,0,,,,,,,,,,,,,,,,,,,,,0
성천초등학교,부산,초,공립,,부산광역시 남구 장고개로 64-41 (우암동),0,,,0,,,,,,,,,,,,,,,,,,,,,0
대남초등학교,부산,초,공립,,부산광역시 남구 황령대로 343번길 9-55 (대연동. 대남초등학교),0,,,0,,,,,,,,,,,,,,,,,,,,,0
개림초등학교,부산,초,공립,,부산광역시 부산진구 백양대로320번길 40 . 개림초등학교 (개금동),0,,,0,,,,,,,,,,,,,,,,,,,,,0
동평초등학교,부산,초,공립,,부산광역시 부산진구 당감서로65번길 31 . (당감동.동평초등학교) (당감동),0,,,0,,,,,,,,,,,,,,,,,,,,,0
동원초등학교,부산,초,공립,,부산광역시 부산진구 백양산로 43 (당감동. 동원초등학교),0,,,0,,,,,,,,,,,,,,,,,,,,,0
성북초등학교,부산,초,공립,,부산광역시 부산진구 황령대로 79 (전포동. 성북초등학교),0,,,0,,,,,,,,,,,,,,,,,,,,,0
범일초등학교,부산,초,공립,,부산광역시 동구 증산서로 55 . (범일동),0,,,0,,,,,,,,,,,,,,,,,,,,,0
분포초등학교,부산,초,공립,,부산광역시 남구 분포로 41 (용호동. 분포초등학교),0,,,0,,,,,,,,,,,,,,,,,,,,,0
석포초등학교,부산,초,공립,,부산광역시 남구 석포로86번길 76 (대연동. 석포초등학교),1,2023.0,교육활동모델교,0,,,,,,,,,,,,,,,,,,,,,0
성남초등학교,부산,초,공립,,부산광역시 동구 범일로53번길 14 (범일동. 성남초등학교),0,,,0,,,,,,,,,,,,,,,,,,,,,0
성동초등학교,부산,초,공립,,부산광역시 남구 전포대로68번길 27 . 성동초등학교 (문현동),0,,,1,2020.0,,,,,,,,,,,,,,,,,,,,0
수성초등학교,부산,초,공립,,부산광역시 동구 망양로 807 . 수성초등학교 (수정동. 수성초등학교),0,,,0,,,,,,,,,,,,,,,,,,,,,0
수정초등학교,부산,초,공립,,부산광역시 동구 진성로 29 (수정동. 수정초등학교),0,,,1,2019.0,,,,,,,,,,,,,,,,,,,,0
부암초등학교,부산,초,공립,,부산광역시 부산진구 신천대로263번길 26 (부암동.부암초등학교),1,2023.0,교육활동모델교,0,,,,,,,,,,,,,,,,,,,,,0
신연초등학교,부산,초,공립,,부산광역시 남구 유엔로25번길 66 (우암동),0,,,1,2020.0,,,,,,,,,,,,,,,,,,,,0
부산진초등학교,부산,초,공립,,부산광역시 부산진구 범천로 30 . 부산진초등학교 (범천동),0,,,0,,,,,,,,,,,,,,,,,,,,,0
부전초등학교,부산,초,공립,,부산광역시 부산진구 부전로65번길 25 . 부전초등학교 (부전동),0,,,1,2020.0,,,,,,,,,,,,,,,,,,,,0
오륙도초등학교,부산,초,공립,,부산광역시 남구 오륙도로 57 (용호동. 오륙도초등학교),0,,,0,,,,,,,,,,,,,,,,,,,,,0
연포초등학교,부산,초,공립,,부산광역시 남구 진남로 120-5 (대연동. 연포초등학교),1,2023.0,교육활동모델교,0,,,,,,,,,,,,,,,,,,,,,0
용당초등학교,부산,초,공립,,부산광역시 남구 신선로 341 (용당동),0,,,0,,,,,,,,,,,,,,,,,,,,,0
용문초등학교,부산,초,공립,,부산광역시 남구 신선로 542 (용호동. 용문초등학교),1,2023.0,교육활동모델교,0,,,,,,,,,,,,,,,,,,,,,0
용산초등학교,부산,초,공립,,부산광역시 남구 동명로 176번길 55 (용호동),0,,,0,,,,,,,,,,,,,,,,,,,,,0
선암초등학교,부산,초,공립,,부산광역시 부산진구 엄광로 412 (범천동. 선암초등학교),0,,,0,,,,,,,,,,,,,,,,,,,,,0
용호초등학교,부산,초,공립,,부산광역시 남구 용호로42번길 94 (용호동),0,,,0,,,,,,,,,,,,,,,,,,,,,0
성서초등학교,부산,초,공립,,부산광역시 부산진구 중앙번영로 25 (범천동),0,,,0,,,,,,,,,,,,,,,,,,,,,0
우암초등학교,부산,초,공립,,부산광역시 남구 우암로 190-19 (우암동. 우암초등학교),0,,,0,,,,,,,,,,,,,,,,,,,,,0
성전초등학교,부산,초,공립,,부산광역시 부산진구 전포대로298번길 15 (전포동. 성전초등학교),0,,,0,,,,,,,,,,,,,,,,,,,,,0
성지초등학교,부산,초,공립,,부산광역시 부산진구 시민공원로 62 (범전동. 성지초등학교),0,,,0,,,,,,,,,,,,,,,,,,,,,0
운산초등학교,부산,초,공립,,부산광역시 남구 용호로269번길 89 (용호동. 운산초등학교),0,,,1,2020.0,,,,,,,,,,,,,,,,,,,,0
양동초등학교,부산,초,공립,,부산광역시 부산진구 황령산로605번길 35-10 (양정동. 양동초등학교),0,,,0,,,,,,,,,,,,,,,,,,,,,0
양성초등학교,부산,초,공립,,부산광역시 부산진구 양성로 34 (양정동.양성초등학교),0,,,0,,,,,,,,,,,,,,,,,,,,,0
양정초등학교,부산,초,공립,,부산광역시 부산진구 중앙대로941번길 24 (양정동. 양정초등학교),0,,,0,,,,,,,,,,,,,,,,,,,,,0
좌성초등학교,부산,초,공립,,부산광역시 동구 증산동로 59 . 좌성초등학교 (범일동),0,,,0,,,,,,,,,,,,,,,,,,,,,0
연지초등학교,부산,초,공립,,부산광역시 부산진구 연지로 29 . 연지초등학교 (연지동),0,,,0,,,,,,,,,,,,,,,,,,,,,0
연학초등학교,부산,초,공립,,부산광역시 부산진구 초읍천로43번길 10 (초읍동. 연학초등학교),0,,,0,,,,,,,,,,,,,,,,,,,,,0
전포초등학교,부산,초,공립,,부산광역시 부산진구 전포대로 255 . 38 (전포동),0,,,0,,,,,,,,,,,,,,,,,,,,,0
주례초등학교,부산,초,공립,,부산광역시 부산진구 진사로77번길 61 . 28-7 (개금동),0,,,0,,,,,,,,,,,,,,,,,,,,,0
주원초등학교,부산,초,공립,,부산광역시 부산진구 복지로 71 . 주원초등학교 (개금동),0,,,0,,,,,,,,,,,,,,,,,,,,,0
초읍초등학교,부산,초,공립,,부산광역시 부산진구 성지로104번길 26 (초읍동. 초읍초등학교),0,,,0,,,,,,,,,,,,,,,,,,,,,0
동양초등학교,부산,초,공립,,부산광역시 부산진구 백양산로 99 (부암동),0,,,0,,,,,,,,,,,,,,,,,,,,,0
개원초등학교,부산,초,공립,,부산광역시 부산진구 백양관문로77번길 17 . 개원초등학교 (개금동),0,,,0,,,,,,,,,,,,,,,,,,,,,0
동성초등학교,부산,초,사립,,부산광역시 부산진구 동성로 26 (전포동.동성초등학교),0,,,0,,,,,,,,,,,,,,,,,,,,,0
용소초등학교,부산,초,공립,,부산광역시 남구 수영로325번길 114 (대연동),0,,,0,,,,,,,,,,,,,,,,,,,,,0
가야여자중학교,부산,중,공립,여자,부산광역시 부산진구 엄광로182번길 15-25 (가야동. 가야여자중학교),0,,,0,,,,,,,,,,,,,,,,,,,,,0
개금여자중학교,부산,중,공립,여자,부산광역시 부산진구 백양대로136번길 75 (당감동.개금여자중학교),0,,,0,,,,,,,,,,,,,,,,,,,,,0
감만중학교,부산,중,공립,남여공학,부산광역시 남구 홍곡로 313-14 (감만동. 감만중학교),0,,,0,,,,,,,,,,,,,,,,,,,,,0
경남여자중학교,부산,중,공립,여자,부산광역시 동구 초량중로 142 (수정동),0,,,0,,,,,,,,,,,,,,,,,,,,,0
광무여자중학교,부산,중,공립,여자,부산광역시 부산진구 백양관문로 31 (개금동),0,,,0,,,,,,,,,,,,,,,,,,,,,0
남천중학교,부산,중,공립,남여공학,부산광역시 남구 황령대로492번길 71 . 남천중 (대연동. 남천중학교),0,,,0,,,,,,,,,,,,,,,,,,,,,0
대연중학교,부산,중,공립,남여공학,부산광역시 남구 천제등로16번길 81 (대연동.대연중학교),0,,,0,,,,,,,,,,,,,,,,,,,,,0
대천중학교,부산,중,공립,남여공학,부산광역시 남구 신선로 491 (대연동. 대천중학교),0,,,0,,,,,,,,,,,,,,,,,,,,,0
동양중학교,부산,중,공립,남여공학,부산광역시 부산진구 백양산로 96(부암동) (부암동),0,,,0,,,,,,,,,,,,,,,,,,,,,0
동항중학교,부산,중,공립,남여공학,부산광역시 남구 양지골로 248 동항중학교 (감만동),0,,,0,,,,,,,,,,,,,,,,,,,,,0
동평여자중학교,부산,중,공립,여자,부산광역시 부산진구 백양순환로 119 . 12-39 (부암동),0,,,0,,,,,,,,,,,,,,,,,,,,,0
동평중학교,부산,중,공립,남자,부산광역시 부산진구 백양순환로119번길 12-31 (부암동. 동평중학교),0,,,0,,,,,,,,,,,,,,,,,,,,,0
문현여자중학교,부산,중,공립,여자,부산광역시 남구 고동골로59번길 46 (문현동. 문현여자중학교),0,,,0,,,,,,,,,,,,,,,,,,,,,0
개림중학교,부산,중,공립,남여공학,부산광역시 부산진구 백양대로300번길 46 (개금동. 개림중학교),0,,,0,,,,,,,,,,,,,,,,,,,,,0
양동여자중학교,부산,중,공립,여자,부산광역시 부산진구 황령산로605번길 35-32. 양동여자중학교 (양정동. 양동여자중학교),0,,,0,,,,,,,,,,,,,,,,,,,,,0
부산개성중학교,부산,중,공립,남자,부산광역시 부산진구 엄광로 176-12 (가야동.부산개성중학교),0,,,0,,,,,,,,,,,,,,,,,,,,,0
오륙도중학교,부산,중,공립,남여공학,부산광역시 남구 오륙도로 60 (용호동.오륙도중학교),0,,,0,,,,,,,,,,,,,,,,,,,,,0
부산서중학교,부산,중,공립,남자,부산광역시 동구 홍곡남로 29 (수정동.부산서중학교),0,,,0,,,,,,,,,,,,,,,,,,,,,0
부산진여자중학교,부산,중,공립,여자,부산광역시 부산진구 동성로 34 (전포동. 부산진여자중학교),0,,,0,,,,,,,,,,,,,,,,,,,,,0
부산중학교,부산,중,공립,남자,부산광역시 동구 초량로40번길 29 (초량동),0,,,0,,,,,,,,,,,,,,,,,,,,,0
분포중학교,부산,중,공립,남여공학,부산광역시 남구 분포로 51 . 용호동.분포중학교 (용호동. 분포중학교),0,,,0,,,,,,,,,,,,,,,,,,,,,0
부산진중학교,부산,중,공립,남자,부산광역시 부산진구 시민공원로 50 (범전동),0,,,0,,,,,,,,,,,,,,,,,,,,,0
석포여자중학교,부산,중,공립,여자,부산광역시 남구 유엔평화로126번길 63 (용당동),0,,,0,,,,,,,,,,,,,,,,,,,,,0
성동중학교,부산,중,공립,남자,부산광역시 남구 남동천로 38 (문현동),0,,,0,,,,,,,,,,,,,,,,,,,,,0
용문중학교,부산,중,공립,남여공학,부산광역시 남구 동명로101번길 93 (용호동.용문중학교),0,,,0,,,,,,,,,,,,,,,,,,,,,0
용호중학교,부산,중,공립,남여공학,부산광역시 남구 동명로 185-17 (용호동.용호중학교),0,,,0,,,,,,,,,,,,,,,,,,,,,0
초연중학교,부산,중,공립,남여공학,부산광역시 부산진구 초읍천로77번가길 9 (초읍동. 초연중학교),0,,,0,,,,,,,,,,,,,,,,,,,,,0
초읍중학교,부산,중,공립,남여공학,부산광역시 부산진구 성지로94번길 71 (초읍동. 초읍중학교),0,,,0,,,,,,,,,,,,,,,,,,,,,0
금성중학교,부산,중,사립,남자,부산광역시 동구 증산로 83 . 금성중학교,0,,,0,,,,,,,,,,,,,,,,,,,,,0
덕명여자중학교,부산,중,사립,여자,부산광역시 부산진구 봉수로 13 (전포동),0,,,0,,,,,,,,,,,,,,,,,,,,,0
부산동여자중학교,부산,중,사립,여자,부산광역시 동구 망양로773번길 28 (수정동. 부산동여자중학교),0,,,0,,,,,,,,,,,,,,,,,,,,,0
선화여자중학교,부산,중,사립,여자,부산광역시 동구 초량로80번길 5 . 선화여자중학교 (초량동),0,,,0,,,,,,,,,,,,,,,,,,,,,0
동의중학교,부산,중,사립,남자,부산광역시 부산진구 진남로462번길 16 (전포동. 동의중학교),0,,,0,,,,,,,,,,,,,,,,,,,,,0
부산동중학교,부산,중,사립,남자,부산광역시 부산진구 동성로30번가길 36 . 부산동중학교 (전포동),0,,,0,,,,,,,,,,,,,,,,,,,,,0
해연중학교,부산,중,사립,남여공학,부산광역시 남구 진남로110번길 25 (대연동. 해연중학교),0,,,1,2019.0,,,,,,,,,,,,,,,,,,,,0
서면중학교,부산,중,사립,남자,부산광역시 부산진구 가야대로747번길 53 (부암동. 서면중학교),0,,,0,,,,,,,,,,,,,,,,,,,,,0
항도중학교,부산,중,사립,남자,부산광역시 부산진구 동성로118번길 44 (전포동. 항도중학교),1,2023.0,교육활동모델교,0,,,,,,,,,,,,,,,,,,,,,0
부산국제중학교,부산,중,공립,남여공학,부산광역시 부산진구 백양관문로 105-70 . 부산국제중학교 (당감동),0,,,0,,,,,,,,,,,,,,,,,,,,,0
서동초등학교,부산,초,공립,,부산광역시 금정구 동현로 147 (서동. 서동초등학교),0,,,0,,,,,,,,,,,,,,,,,,,,,0
부산교육대학교부설초등학교,부산,초,국립,,부산광역시 연제구 교대로 24 (거제동),0,,,1,2020.0,,,,,,,,,,,,,,,,,,,,0
공덕초등학교,부산,초,공립,,부산광역시 금정구 대두로 2 (두구동.공덕초등학교),0,,,0,,,,,,,,,,,,,,,,,,,,,0
교동초등학교,부산,초,공립,,부산광역시 동래구 시실로 73-13 . 교동초등학교 (명륜동),0,,,0,,,,,,,,,,,,,,,,,,,,,0
거제초등학교,부산,초,공립,,부산광역시 연제구 해맞이로 39 (거제동. 거제초등학교),0,,,0,,,,,,,,,,,,,,,,,,,,,0
거학초등학교,부산,초,공립,,부산광역시 연제구 교대로24번길 36 (거제동. 거학초등학교),0,,,0,,,,,,,,,,,,,,,,,,,,,0
과정초등학교,부산,초,공립,,부산광역시 연제구 과정로164번길 37 (연산동. 과정초등학교),1,2023.0,교육활동모델교,0,,,,,,,,,,,,,,,,,,,,,0
금강초등학교,부산,초,공립,,부산광역시 동래구 사직북로28번길 125 (온천동.금강초등학교),0,,,0,,,,,,,,,,,,,,,,,,,,,0
금사초등학교,부산,초,공립,,부산광역시 금정구 금사로57번길 24 (서동. 금사초등학교),0,,,0,,,,,,,,,,,,,,,,,,,,,0
금빛초등학교,부산,초,공립,,부산광역시 금정구 소정로 31 (장전동),0,,,0,,,,,,,,,,,,,,,,,,,,,0
금성초등학교,부산,초,공립,,부산광역시 금정구 중리1길 15 (금성동),0,,,0,,,,,,,,,,,,,,,,,,,,,0
남문초등학교,부산,초,공립,,부산광역시 연제구 법원북로 23 . 남문초등학교 (거제동),0,,,0,,,,,,,,,,,,,,,,,,,,,0
금샘초등학교,부산,초,공립,,부산광역시 금정구 금샘로 525 (남산동),0,,,0,,,,,,,,,,,,,,,,,,,,,0
금정초등학교,부산,초,공립,,부산광역시 금정구 식물원로44번길 46 . 식물원로44번길 46 (장전동. 금정초등학교),0,,,0,,,,,,,,,,,,,,,,,,,,,0
금양초등학교,부산,초,공립,,부산광역시 금정구 중앙대로 1755 (부곡동),0,,,0,,,,,,,,,,,,,,,,,,,,,0
낙민초등학교,부산,초,공립,,부산광역시 동래구 충렬대로272번길 34 (낙민동. 낙민초등학교),0,,,0,,,,,,,,,,,,,,,,,,,,,0
남산초등학교,부산,초,공립,,부산광역시 금정구 금강로 614 (남산동. 남산초등학교),0,,,0,,,,,,,,,,,,,,,,,,,,,0
미남초등학교,부산,초,공립,,부산광역시 동래구 충렬대로100번길 83 (온천동. 미남초등학교),0,,,0,,,,,,,,,,,,,,,,,,,,,0
내산초등학교,부산,초,공립,,부산광역시 동래구 중앙대로1335번길 38 (온천동. 내산초등학교),0,,,0,,,,,,,,,,,,,,,,,,,,,0
내성초등학교,부산,초,공립,,부산광역시 동래구 동래로 173 (복천동) 내성초등학교,0,,,0,,,,,,,,,,,,,,,,,,,,,0
달북초등학교,부산,초,공립,,부산광역시 동래구 쇠미로 131 (온천동.달북초등학교),0,,,0,,,,,,,,,,,,,,,,,,,,,0
예원초등학교,부산,초,공립,,부산광역시 동래구 사직로 78 (사직동. 예원초등학교),0,,,0,,,,,,,,,,,,,,,,,,,,,0
동상초등학교,부산,초,공립,,부산광역시 금정구 옥봉로 5 (서동. 동상초등학교),0,,,0,,,,,,,,,,,,,,,,,,,,,0
동현초등학교,부산,초,공립,,부산광역시 금정구 동현로 36 (부곡동. 동현초등학교),0,,,0,,,,,,,,,,,,,,,,,,,,,0
동명초등학교,부산,초,공립,,부산광역시 연제구 쌍미천로44번길 17 (연산동. 동명초등학교),0,,,0,,,,,,,,,,,,,,,,,,,,,0
명동초등학교,부산,초,공립,,부산광역시 동래구 명장로63번길 60-5 (명장동. 명동초등학교),0,,,0,,,,,,,,,,,,,,,,,,,,,0
명륜초등학교,부산,초,공립,,부산광역시 동래구 동래로 91 (명륜동. 명륜초등학교),0,,,0,,,,,,,,,,,,,,,,,,,,,0
명서초등학교,부산,초,공립,,부산광역시 동래구 명서로 121 . 명서초등학교 (명장동),0,,,0,,,,,,,,,,,,,,,,,,,,,0
명장초등학교,부산,초,공립,,부산광역시 동래구 복천로 121 (명장동. 명장초등학교),0,,,0,,,,,,,,,,,,,,,,,,,,,0
부곡초등학교,부산,초,공립,,부산광역시 금정구 기찰로22번길 15 (부곡동. 부곡초등학교),0,,,1,2019.0,,,,,,,,,,,,,,,,,,,,0
사직초등학교,부산,초,공립,,부산광역시 동래구 쇠미로81번길 7 (사직동. 사직초등학교),0,,,0,,,,,,,,,,,,,,,,,,,,,0
서곡초등학교,부산,초,공립,,부산광역시 금정구 윤산로 279 (서동. 서곡초등학교),0,,,0,,,,,,,,,,,,,,,,,,,,,0
서명초등학교,부산,초,공립,,부산광역시 금정구 명서로 48 . 서명초등학교 (서동),0,,,0,,,,,,,,,,,,,,,,,,,,,0
수안초등학교,부산,초,공립,,부산광역시 동래구 온천천로 215 (수안동. 수안초등학교),0,,,0,,,,,,,,,,,,,,,,,,,,,0
안남초등학교,부산,초,공립,,부산광역시 동래구 연안로 46 (안락동. 안남초등학교),0,,,0,,,,,,,,,,,,,,,,,,,,,0
안락초등학교,부산,초,공립,,부산광역시 동래구 명안로53번길 22 (명장동. 안락초등학교),0,,,0,,,,,,,,,,,,,,,,,,,,,0
안민초등학교,부산,초,공립,,부산광역시 동래구 온천천로 381 . 19 안민초등학교 (낙민동),1,2023.0,교육활동모델교,0,,,,,,,,,,,,,,,,,,,,,0
여고초등학교,부산,초,공립,,부산광역시 동래구 여고로63번가길 12 (사직동. 여고초등학교),1,2023.0,교육활동모델교,0,,,,,,,,,,,,,,,,,,,,,0
구서초등학교,부산,초,공립,,부산광역시 금정구 구서중앙로 35 (구서동.구서초등학교),0,,,0,,,,,,,,,,,,,,,,,,,,,0
연동초등학교,부산,초,공립,,부산광역시 연제구 고분로56번길 40 (연산동. 연동 초등학교),0,,,0,,,,,,,,,,,,,,,,,,,,,0
연미초등학교,부산,초,공립,,부산광역시 연제구 금련로38번길 84 (연산동. 연미초등학교),0,,,0,,,,,,,,,,,,,,,,,,,,,0
연산초등학교,부산,초,공립,,부산광역시 연제구 월드컵대로 41 . 연산초등학교 (연산동. 연산초등학교),1,2023.0,교육활동모델교,0,,,,,,,,,,,,,,,,,,,,,0
온천초등학교,부산,초,공립,,부산광역시 동래구 충렬대로107번길 124 (온천동. 온천초등학교),0,,,0,,,,,,,,,,,,,,,,,,,,,0
연서초등학교,부산,초,공립,,부산광역시 연제구 거제천로270번길 30 (연산동.연서초등학교),0,,,0,,,,,,,,,,,,,,,,,,,,,0
연신초등학교,부산,초,공립,,부산광역시 연제구 신금로23번길 30 (연산동. 연신초등학교),0,,,0,,,,,,,,,,,,,,,,,,,,,0
연일초등학교,부산,초,공립,,부산광역시 연제구 고분로 126-4 (연산동. 연일초등학교),0,,,0,,,,,,,,,,,,,,,,,,,,,0
연제초등학교,부산,초,공립,,부산광역시 연제구 중앙대로1065번길 14 (연산동. 연제초등학교),0,,,0,,,,,,,,,,,,,,,,,,,,,0
장서초등학교,부산,초,공립,,부산광역시 금정구 금강로453번길 26-7 . 장서초등학교 (구서동),0,,,1,2016.0,,,,,,,,,,,,,,,,,,,,0
연천초등학교,부산,초,공립,,부산광역시 연제구 과정로225번길 46 .연천초등학교 (연산동. 연천 초등학교),0,,,0,,,,,,,,,,,,,,,,,,,,,0
장전초등학교,부산,초,공립,,부산광역시 금정구 수림로 90 (장전동. 장전초등학교),0,,,0,,,,,,,,,,,,,,,,,,,,,0
청룡초등학교,부산,초,공립,,부산광역시 금정구 팔송로 6 (청룡동. 청룡초등학교),0,,,0,,,,,,,,,,,,,,,,,,,,,0
충렬초등학교,부산,초,공립,,부산광역시 동래구 안락로125번길 22 (안락동. 충렬초등학교),0,,,0,,,,,,,,,,,,,,,,,,,,,0
창신초등학교,부산,초,공립,,부산광역시 연제구 종합운동장로12번길 15 창신초등학교(거제동. 창신초등학교),0,,,0,,,,,,,,,,,,,,,,,,,,,0
토현초등학교,부산,초,공립,,부산광역시 연제구 토현로 48 (연산동. 토현초등학교),0,,,0,,,,,,,,,,,,,,,,,,,,,0
현곡초등학교,부산,초,공립,,부산광역시 금정구 동부곡로27번라길 20 .(부곡동. 현곡초등학교),0,,,0,,,,,,,,,,,,,,,,,,,,,0
안진초등학교,부산,초,공립,,부산광역시 동래구 안남로 63 (안락동. 안진초등학교),0,,,0,,,,,,,,,,,,,,,,,,,,,0
두실초등학교,부산,초,공립,,부산광역시 금정구 중앙대로1893번길 33 (구서동. 두실초등학교),0,,,0,,,,,,,,,,,,,,,,,,,,,0
동래초등학교,부산,초,사립,,부산광역시 금정구 체육공원로44번길 26 . 동래초등학교 (구서동),0,,,0,,,,,,,,,,,,,,,,,,,,,0
부산삼육초등학교,부산,초,사립,,부산광역시 금정구 금정도서관로 17 (청룡동),0,,,0,,,,,,,,,,,,,,,,,,,,,0
혜화초등학교,부산,초,사립,,부산광역시 동래구 명장로99번길 25 (명장동. 혜화초등학교),0,,,0,,,,,,,,,,,,,,,,,,,,,0
구서여자중학교,부산,중,공립,여자,부산광역시 금정구 금강로453번길 26-12 (구서동.구서여자중학교),0,,,0,,,,,,,,,,,,,,,,,,,,,0
거제여자중학교,부산,중,공립,여자,부산광역시 연제구 금용로 43 (거제동. 거제여자중학교),0,,,0,,,,,,,,,,,,,,,,,,,,,0
금사중학교,부산,중,공립,남여공학,부산광역시 금정구 서금로 53-7 (서동),0,,,0,,,,,,,,,,,,,,,,,,,,,0
금양중학교,부산,중,공립,남여공학,부산광역시 금정구 기찰로22번길 37 (부곡동. 금양중학교),0,,,0,,,,,,,,,,,,,,,,,,,,,0
남산중학교,부산,중,공립,남자,부산광역시 금정구 금단로 114 (남산동. 남산중학교),0,,,0,,,,,,,,,,,,,,,,,,,,,0
부산내성중학교,부산,중,공립,남자,부산광역시 동래구 중앙대로 1297 (온천동.부산내성중학교),0,,,0,,,,,,,,,,,,,,,,,,,,,0
동래중학교,부산,중,공립,남자,부산광역시 동래구 충렬대로181번길 109 (명륜동. 동래중학교),0,,,0,,,,,,,,,,,,,,,,,,,,,0
동신중학교,부산,중,공립,남자,부산광역시 동래구 충렬사로51번길 38 (명장동),1,2023.0,교육활동모델교,0,,,,,,,,,,,,,,,,,,,,,0
동현중학교,부산,중,공립,남자,부산광역시 금정구 서동로 50 (부곡동. 동현중학교),0,,,0,,,,,,,,,,,,,,,,,,,,,0
부곡여자중학교,부산,중,공립,여자,부산광역시 금정구 가마실로 56 (부곡동. 부곡여자중학교),0,,,0,,,,,,,,,,,,,,,,,,,,,0
부곡중학교,부산,중,공립,남여공학,부산광역시 금정구 동부곡로15번길 102-20 (부곡동. 부곡중학교),0,,,0,,,,,,,,,,,,,,,,,,,,,0
사직여자중학교,부산,중,공립,여자,부산광역시 동래구 사직로 91 (사직동. 사직여자중학교),0,,,0,,,,,,,,,,,,,,,,,,,,,0
사직중학교,부산,중,공립,남여공학,부산광역시 동래구 쇠미로51번길 30 (사직동),0,,,1,2020.0,,,,,,,,,,,,,,,,,,,,0
충렬중학교,부산,중,공립,남여공학,부산광역시 동래구 명장로64번길 45 (명장동. 충렬중학교),0,,,0,,,,,,,,,,,,,,,,,,,,,0
안락중학교,부산,중,공립,남여공학,부산광역시 동래구 온천천로 513 (안락2동),0,,,0,,,,,,,,,,,,,,,,,,,,,0
여명중학교,부산,중,공립,남자,부산광역시 동래구 여고로52번길 9 (사직동. 여명중학교),0,,,0,,,,,,,,,,,,,,,,,,,,,0
연산중학교,부산,중,공립,남자,부산광역시 연제구 고분로56번길 39 (연산동),0,,,1,2020.0,,,,,,,,,,,,,,,,,,,,0
연일중학교,부산,중,공립,남여공학,부산광역시 연제구 고분로 138 (연산동.연일중학교),0,,,0,,,,,,,,,,,,,,,,,,,,,0
연제중학교,부산,중,공립,남여공학,부산광역시 연제구 쌍미천로 62 (연산동. 연제중학교),0,,,0,,,,,,,,,,,,,,,,,,,,,0
연천중학교,부산,중,공립,남여공학,부산광역시 연제구 톳고개로 16 (연산동. 연천중학교),0,,,0,,,,,,,,,,,,,,,,,,,,,0
토현중학교,부산,중,공립,남여공학,부산광역시 연제구 토현로 47 (연산동.토현중학교),0,,,0,,,,,,,,,,,,,,,,,,,,,0
온천중학교,부산,중,공립,남여공학,부산광역시 동래구 쇠미로129번길 28 (온천동),0,,,1,2020.0,,,,,,,,,,,,,,,,,,,,0
유락여자중학교,부산,중,공립,여자,부산광역시 동래구 금강로 51 (온천동. 유락여자중학교),0,,,0,,,,,,,,,,,,,,,,,,,,,0
장전중학교,부산,중,공립,남자,부산광역시 금정구 금샘로18번길 39 (장전동. 장전중학교),0,,,0,,,,,,,,,,,,,,,,,,,,,0
남일중학교,부산,중,공립,남여공학,부산광역시 동래구 온천천로531번길 49 (안락동. 남일중학교),0,,,0,,,,,,,,,,,,,,,,,,,,,0
거성중학교,부산,중,사립,남자,부산광역시 연제구 해맞이로109번길 61 . 거성중학교 (거제동),0,,,1,2016.0,,,,,,,,,,,,,,,,,,,,0
금정중학교,부산,중,사립,남자,부산광역시 금정구 중앙대로 2104 (남산동. 금정중학교),0,,,0,,,,,,,,,,,,,,,,,,,,,0
동래여자중학교,부산,중,사립,여자,부산광역시 금정구 체육공원로 20 (구서동. 동래여자중학교),0,,,0,,,,,,,,,,,,,,,,,,,,,0
동해중학교,부산,중,사립,남자,부산광역시 동래구 시실로 19-39 (명륜동. 동해중학교),0,,,1,2019.0,,,,,,,,,,,,,,,,,,,,0
학산여자중학교,부산,중,사립,여자,부산광역시 동래구 충렬사로51번길 61 (명장동.학산여자중학교),0,,,0,,,,,,,,,,,,,,,,,,,,,0
이사벨중학교,부산,중,사립,남여공학,부산광역시 연제구 중앙대로 1197 . 이사벨중학교 (거제동),1,2023.0,교육활동모델교,0,,,,,,,,,,,,,,,,,,,,,0
혜화여자중학교,부산,중,사립,여자,부산광역시 동래구 명장로67번길 14-22 (명장동. 혜화여자중학교),0,,,0,,,,,,,,,,,,,,,,,,,,,0
부산예술중학교,부산,중,사립,남여공학,부산광역시 금정구 체육공원로 20 . 부산예술중학교 (구서동. 학교법인동래학원),0,,,0,,,,,,,,,,,,,,,,,,,,,0
브니엘예술중학교,부산,중,사립,남여공학,부산광역시 금정구 체육공원로 154 . 브니엘예술중학교 (구서동),0,,,0,,,,,,,,,,,,,,,,,,,,,0
와석초등학교,부산,초,공립,,부산광역시 북구 화명대로94번길 83 (화명동. 와석초등학교),0,,,0,,,,,,,,,,,,,,,,,,,,,0
가락초등학교,부산,초,공립,,부산광역시 강서구 호계로 41 (죽림동. 가락초등학교),0,,,1,2020.0,,,,,,,,,,,,,,,,,,,,0
오션초등학교,부산,초,공립,,부산광역시 강서구 명지오션시티6로 72 (명지동),0,,,0,,,,,,,,,,,,,,,,,,,,,0
감전초등학교,부산,초,공립,,부산광역시 사상구 괘감로 132 (감전동.감전초등학교),0,,,0,,,,,,,,,,,,,,,,,,,,,0
괘법초등학교,부산,초,공립,,부산광역시 사상구 사상로161번길 8 (괘법동. 괘법초등학교),0,,,0,,,,,,,,,,,,,,,,,,,,,0
녹산초등학교,부산,초,공립,,부산광역시 강서구 과학산단2로20번길 55 (지사동),0,,,0,,,,,,,,,,,,,,,,,,,,,0
구남초등학교,부산,초,공립,,부산광역시 북구 구남로14번가길 23 (구포동.구남초등학교),0,,,0,,,,,,,,,,,,,,,,,,,,,0
구포초등학교,부산,초,공립,,부산광역시 북구 백양대로1124번길 20 (구포동. 구포초등학교),0,,,0,,,,,,,,,,,,,,,,,,,,,0
구학초등학교,부산,초,공립,,부산광역시 사상구 학감대로 49 (학장동),0,,,0,,,,,,,,,,,,,,,,,,,,,0
금곡초등학교,부산,초,공립,,부산광역시 북구 효열로 174 . 금곡초등학교 (금곡동),0,,,0,,,,,,,,,,,,,,,,,,,,,0
금명초등학교,부산,초,공립,,부산광역시 북구 화명신도시로 197 . 금명초등학교 (금곡동. 금명초등학교),0,,,0,,,,,,,,,,,,,,,,,,,,,0
신명초등학교,부산,초,공립,,부산광역시 강서구 명지국제7로 178 (명지동),0,,,0,,,,,,,,,,,,,,,,,,,,,0
송정초등학교,부산,초,공립,,부산광역시 강서구 신호산단4로 10 (신호동),0,,,0,,,,,,,,,,,,,,,,,,,,,0
금창초등학교,부산,초,공립,,부산광역시 북구 효열로235번길 14 (금곡동. 금창초등학교),0,,,0,,,,,,,,,,,,,,,,,,,,,0
녹명초등학교,부산,초,공립,,부산광역시 강서구 낙동남로 617 (녹산동. 녹명초등학교),0,,,0,,,,,,,,,,,,,,,,,,,,,0
대사초등학교,부산,초,공립,,부산광역시 강서구 낙동북로73번길 29 . (강동동.대사초등학교) (강동동),0,,,0,,,,,,,,,,,,,,,,,,,,,0
대상초등학교,부산,초,공립,,부산광역시 강서구 대저로 249 (대저1동),0,,,0,,,,,,,,,,,,,,,,,,,,,0
대저초등학교,부산,초,공립,,부산광역시 강서구 대저로29번길 27 (대저1동. 대저초등학교),0,,,0,,,,,,,,,,,,,,,,,,,,,0
대천리초등학교,부산,초,공립,,부산광역시 북구 산성로 87-10 . 대천리초등학교 (화명동),0,,,0,,,,,,,,,,,,,,,,,,,,,0
덕도초등학교,부산,초,공립,,부산광역시 강서구 상덕로 113 (강동동. 덕도초등학교),0,,,0,,,,,,,,,,,,,,,,,,,,,0
덕두초등학교,부산,초,공립,,부산광역시 강서구 공항로791번길 68 (대저2동.덕두초등학교),0,,,0,,,,,,,,,,,,,,,,,,,,,0
덕상초등학교,부산,초,공립,,부산광역시 사상구 덕상로 32 (덕포동. 덕상초등학교),0,,,0,,,,,,,,,,,,,,,,,,,,,0
명호초등학교,부산,초,공립,,부산광역시 강서구 명지오션시티2로 41 (명지동. 명호초등학교),1,2023.0,교육활동모델교,0,,,,,,,,,,,,,,,,,,,,,0
덕성초등학교,부산,초,공립,,부산광역시 북구 만덕대로39번길 45 . 덕성초등학교 (덕천동),0,,,0,,,,,,,,,,,,,,,,,,,,,0
덕양초등학교,부산,초,공립,,부산광역시 북구 함박봉로 42 (만덕동.덕양초등학교),0,,,0,,,,,,,,,,,,,,,,,,,,,0
덕천초등학교,부산,초,공립,,부산광역시 북구 덕천2길 10 (구포동. 덕천초등학교),0,,,0,,,,,,,,,,,,,,,,,,,,,0
덕포초등학교,부산,초,공립,,부산광역시 사상구 삼덕로 83 (덕포동. 덕포초등학교),0,,,0,,,,,,,,,,,,,,,,,,,,,0
동궁초등학교,부산,초,공립,,부산광역시 사상구 엄궁로 70-7 (엄궁동. 동궁초등학교),0,,,1,2016.0,,,,,,,,,,,,,,,,,,,,0
동주초등학교,부산,초,공립,,부산광역시 사상구 가야대로306번길 72 (주례동. 동주초등학교),0,,,0,,,,,,,,,,,,,,,,,,,,,0
만덕초등학교,부산,초,공립,,부산광역시 북구 만덕1로 72 (만덕동. 만덕초등학교),0,,,1,2016.0,,,,,,,,,,,,,,,,,,,,0
명덕초등학교,부산,초,공립,,부산광역시 북구 금곡대로186번길 43 (화명동. 명덕초등학교),0,,,1,2020.0,,,,,,,,,,,,,,,,,,,,0
명지초등학교,부산,초,공립,,부산광역시 강서구 명지국제6로 296 . 명지초등학교 (명지동),0,,,0,,,,,,,,,,,,,,,,,,,,,0
명진초등학교,부산,초,공립,,부산광역시 북구 화명신도시로 159 (화명동),0,,,0,,,,,,,,,,,,,,,,,,,,,0
모덕초등학교,부산,초,공립,,부산광역시 사상구 덕상로 120 (모라동),0,,,0,,,,,,,,,,,,,,,,,,,,,0
모동초등학교,부산,초,공립,,부산광역시 사상구 모라로192번길 37 (모라동),0,,,0,,,,,,,,,,,,,,,,,,,,,0
모라초등학교,부산,초,공립,,부산광역시 사상구 모라로64번길 46 (모라동. 모라초등학교),0,,,0,,,,,,,,,,,,,,,,,,,,,0
모산초등학교,부산,초,공립,,부산광역시 사상구 모라로110번길 93 (모라동. 모산초등학교),0,,,0,,,,,,,,,,,,,,,,,,,,,0
배영초등학교,부산,초,공립,,부산광역시 강서구 공항로339번길 260 . 배영초등학교 (대저2동),0,,,0,,,,,,,,,,,,,,,,,,,,,0
백산초등학교,부산,초,공립,,부산광역시 북구 덕천로259번길 23 (만덕동. 백산초등학교),0,,,0,,,,,,,,,,,,,,,,,,,,,0
백양초등학교,부산,초,공립,,부산광역시 북구 상리로18번길 12 (만덕동. 백양초등학교),0,,,0,,,,,,,,,,,,,,,,,,,,,0
사상초등학교,부산,초,공립,,부산광역시 사상구 운산로 65 (덕포동.사상초등학교),0,,,0,,,,,,,,,,,,,,,,,,,,,0
삼덕초등학교,부산,초,공립,,부산광역시 사상구 삼덕로 24 (삼락동. 삼덕초등학교),0,,,0,,,,,,,,,,,,,,,,,,,,,0
상학초등학교,부산,초,공립,,부산광역시 북구 상학산복길 191 . 상학초등학교 (만덕동),0,,,1,2019.0,,,,,,,,,,,,,,,,,,,,0
서감초등학교,부산,초,공립,,부산광역시 사상구 괘감로 64 . 서감초등학교 (감전동),0,,,1,2019.0,,,,,,,,,,,,,,,,,,,,0
신금초등학교,부산,초,공립,,부산광역시 북구 효열로 42 (금곡동. 신금초등학교),1,2023.0,교육활동모델교,0,,,,,,,,,,,,,,,,,,,,,0
신덕초등학교,부산,초,공립,,부산광역시 북구 함박봉로140번가길 25 (만덕동.신덕초등학교),0,,,0,,,,,,,,,,,,,,,,,,,,,0
신천초등학교,부산,초,공립,,부산광역시 북구 모분재로 83 (구포동.신천초등학교),0,,,0,,,,,,,,,,,,,,,,,,,,,0
신호초등학교,부산,초,공립,,부산광역시 강서구 신호산단2로75번길 12 .신호초등학교(신호동),0,,,1,2015.0,,,,,,,,,,,,,,,,,,,,0
양덕초등학교,부산,초,공립,,부산광역시 북구 팽나무로 58 (덕천동. 양덕초등학교),0,,,0,,,,,,,,,,,,,,,,,,,,,0
양천초등학교,부산,초,공립,,부산광역시 북구 덕천로 132 . 양천초등학교 (덕천동),0,,,0,,,,,,,,,,,,,,,,,,,,,0
엄궁초등학교,부산,초,공립,,부산광역시 사상구 엄궁로191번길 23 . 엄궁초등학교 (엄궁동),0,,,1,2020.0,,,,,,,,,,,,,,,,,,,,0
주양초등학교,부산,초,공립,,부산광역시 사상구 백양대로 372-6 (주례동. 주양초등학교),0,,,0,,,,,,,,,,,,,,,,,,,,,0
용수초등학교,부산,초,공립,,부산광역시 북구 화명신도시로 53. 용수초등학교(화명동),1,2023.0,교육활동모델교,1,2020.0,,,,,,,,,,,,,,,,,,,,1
주감초등학교,부산,초,공립,,부산광역시 사상구 양지로 48 . 주감초등학교 (주례동),0,,,0,,,,,,,,,,,,,,,,,,,,,0
주학초등학교,부산,초,공립,,부산광역시 사상구 가야대로366번길 120 (주례동. 주학초등학교),0,,,0,,,,,,,,,,,,,,,,,,,,,0
창진초등학교,부산,초,공립,,부산광역시 사상구 사상로223번길 100 (괘법동. 창진초등학교),0,,,1,2017.0,,,,,,,,,,,,,,,,,,,,0
천가초등학교,부산,초,공립,,부산광역시 강서구 동선길 135 (성북동),0,,,0,,,,,,,,,,,,,,,,,,,,,0
포천초등학교,부산,초,공립,,부산광역시 북구 시랑로 115 (구포동),0,,,1,2019.0,,,,,,,,,,,,,,,,,,,,0
학사초등학교,부산,초,공립,,부산광역시 북구 용당로9번길 15 . 20 (화명동),0,,,0,,,,,,,,,,,,,,,,,,,,,0
학장초등학교,부산,초,공립,,부산광역시 사상구 대동로 205 (학장동),0,,,0,,,,,,,,,,,,,,,,,,,,,0
학진초등학교,부산,초,공립,,부산광역시 사상구 대동로 34-16 (엄궁동. 학진초등학교),0,,,0,,,,,,,,,,,,,,,,,,,,,0
화명초등학교,부산,초,공립,,부산광역시 북구 대천천길 65 . 화명동.화명초등학교) (화명동. 화명초등학교),0,,,0,,,,,,,,,,,,,,,,,,,,,0
화잠초등학교,부산,초,공립,,부산광역시 북구 화명대로 97-25 (화명동.화잠초등학교),0,,,0,,,,,,,,,,,,,,,,,,,,,0
남명초등학교,부산,초,공립,,부산광역시 강서구 명지오션시티11로 132 (명지동. 남명초등학교),0,,,1,2017.0,,,,,,,,,,,,,,,,,,,,0
화정초등학교,부산,초,공립,,부산광역시 북구 의성로 23 (화명동),0,,,0,,,,,,,,,,,,,,,,,,,,,0
명지중학교,부산,중,공립,남여공학,부산광역시 강서구 명지국제6로318번길 54 (명지동),0,,,0,,,,,,,,,,,,,,,,,,,,,0
가락중학교,부산,중,공립,남여공학,부산광역시 강서구 가락대로 1405 (죽림동. 가락중학교),0,,,0,,,,,,,,,,,,,,,,,,,,,0
구남중학교,부산,중,공립,남여공학,부산광역시 북구 백양대로1016번길 38 (구포동.구남중학교),0,,,0,,,,,,,,,,,,,,,,,,,,,0
신호중학교,부산,중,공립,남여공학,부산광역시 강서구 신호산단2로 76 (신호동),0,,,0,,,,,,,,,,,,,,,,,,,,,0
가람중학교,부산,중,공립,남여공학,부산광역시 북구 낙동북로663번길 55 (구포동. 가람중학교),0,,,0,,,,,,,,,,,,,,,,,,,,,0
구포중학교,부산,중,공립,남여공학,부산광역시 북구 백양대로1016번다길 31 (구포동. 구포중학교),0,,,0,,,,,,,,,,,,,,,,,,,,,0
지사중학교,부산,중,공립,남여공학,부산광역시 강서구 과학산단로306번길 33 (지사동),0,,,0,,,,,,,,,,,,,,,,,,,,,0
금곡중학교,부산,중,공립,남여공학,부산광역시 북구 효열로162번길 3 (금곡동. 금곡중학교),0,,,0,,,,,,,,,,,,,,,,,,,,,0
금명중학교,부산,중,공립,남여공학,부산광역시 북구 화명신도시로 210-1 (금곡동. 금명중학교),0,,,0,,,,,,,,,,,,,,,,,,,,,0
낙동중학교,부산,중,공립,남여공학,부산광역시 강서구 대저로 115 (대저1동.낙동중학교),0,,,0,,,,,,,,,,,,,,,,,,,,,0
덕문중학교,부산,중,공립,남여공학,부산광역시 강서구 동선길 144 . 덕문중학교 (성북동),0,,,0,,,,,,,,,,,,,,,,,,,,,0
대천리중학교,부산,중,공립,남여공학,부산광역시 북구 산성로 87-15 (화명동. 대천리중학교),0,,,0,,,,,,,,,,,,,,,,,,,,,0
덕천여자중학교,부산,중,공립,여자,부산광역시 북구 의성로47번길 45-4 (덕천동.덕천여자중학교),0,,,0,,,,,,,,,,,,,,,,,,,,,0
명호중학교,부산,중,공립,남여공학,부산광역시 강서구 명지오션시티2로 100 . 명호중학교 (명지동. 명호중학교),0,,,0,,,,,,,,,,,,,,,,,,,,,0
덕천중학교,부산,중,공립,남자,부산광역시 북구 만덕대로65번길 50 (덕천동.덕천중학교),0,,,0,,,,,,,,,,,,,,,,,,,,,0
덕포여자중학교,부산,중,공립,여자,부산광역시 사상구 사상로310번길 110 (덕포동),0,,,0,,,,,,,,,,,,,,,,,,,,,0
동주중학교,부산,중,공립,남자,부산광역시 사상구 주례로 107 (주례동.동주중학교),0,,,0,,,,,,,,,,,,,,,,,,,,,0
만덕중학교,부산,중,공립,남여공학,부산광역시 북구 만덕1로 52 . 만덕중학교 (만덕동),0,,,0,,,,,,,,,,,,,,,,,,,,,0
명진중학교,부산,중,공립,남여공학,부산광역시 북구 학사로 192 . 명진중학교 (화명동. 명진중학교),0,,,0,,,,,,,,,,,,,,,,,,,,,0
모동중학교,부산,중,공립,남여공학,부산광역시 사상구 모라로192번길 51 . 모동중학교 (모라동.모동중학교),0,,,0,,,,,,,,,,,,,,,,,,,,,0
모라중학교,부산,중,공립,남여공학,부산광역시 사상구 백양대로 936 (모라동. 모라중학교),0,,,0,,,,,,,,,,,,,,,,,,,,,0
백양중학교,부산,중,공립,남여공학,부산광역시 북구 상리로 70 (만덕동),0,,,1,2019.0,,,,,,,,,,,,,,,,,,,,0
삼락중학교,부산,중,공립,남자,부산광역시 사상구 삼덕로5번길 151 (삼락동. 삼락중학교),0,,,0,,,,,,,,,,,,,,,,,,,,,0
신덕중학교,부산,중,공립,남여공학,부산광역시 북구 함박봉로140번가길 27 (만덕동. 신덕중학교),0,,,0,,,,,,,,,,,,,,,,,,,,,0
신라중학교,부산,중,사립,남여공학,부산광역시 사상구 백양대로700번길 35-8 (덕포동),0,,,0,,,,,,,,,,,,,,,,,,,,,0
양덕여자중학교,부산,중,공립,여자,부산광역시 북구 시랑로21번길 178 (구포동. 양덕여자중학교),0,,,0,,,,,,,,,,,,,,,,,,,,,0
엄궁중학교,부산,중,공립,남여공학,부산광역시 사상구 대동로 56 (엄궁동. 엄궁중학교),0,,,0,,,,,,,,,,,,,,,,,,,,,0
용수중학교,부산,중,공립,남여공학,부산광역시 북구 금곡대로229번길 88 (화명동. 용수중학교),0,,,0,,,,,,,,,,,,,,,,,,,,,0
주감중학교,부산,중,공립,남여공학,부산광역시 사상구 백양대로 530 (주례동. 주감중학교),0,,,0,,,,,,,,,,,,,,,,,,,,,0
주례여자중학교,부산,중,공립,여자,부산광역시 사상구 가야대로306번길 55 . 주례여자중학교 (주례동. 주례여자중학교),0,,,0,,,,,,,,,,,,,,,,,,,,,0
주례중학교,부산,중,공립,남여공학,부산광역시 사상구 가야대로378번길 68 . 주례중학교 (주례동. 주례중학교),0,,,0,,,,,,,,,,,,,,,,,,,,,0
학장중학교,부산,중,공립,남여공학,부산광역시 사상구 대동로 140 . 60 (학장동),0,,,0,,,,,,,,,,,,,,,,,,,,,0
화명중학교,부산,중,공립,남여공학,부산광역시 북구 금곡대로186번길 13 (화명동. 화명중학교),0,,,0,,,,,,,,,,,,,,,,,,,,,0
화신중학교,부산,중,공립,남여공학,부산광역시 북구 산성로12번길 22 (화명동.화신중학교),0,,,0,,,,,,,,,,,,,,,,,,,,,0
경일중학교,부산,중,사립,남여공학,부산광역시 강서구 영강길 153-42 (명지동),0,,,0,,,,,,,,,,,,,,,,,,,,,0
녹산중학교,부산,중,사립,남여공학,부산광역시 강서구 낙동남로 659 (녹산동.녹산중학교),0,,,0,,,,,,,,,,,,,,,,,,,,,0
대저중학교,부산,중,사립,남여공학,부산광역시 강서구 공항로811번가길 46 (대저2동.대저중고등학교),0,,,0,,,,,,,,,,,,,,,,,,,,,0
반안초등학교,부산,초,공립,,부산광역시 해운대구 명장로67번길 40-42 . 반안초등학교 (반여동),0,,,1,2019.0,,,,,,,,,,,,,,,,,,,,0
강동초등학교,부산,초,공립,,부산광역시 해운대구 해운대로349번길 10 (우동. 강동초등학교),1,2023.0,교육활동모델교,1,2019.0,,,,,,,,,,,,,,,,,,,,1
방곡초등학교,부산,초,공립,,부산광역시 기장군 정관면 정관덕산길 61 (정관면),0,,,0,,,,,,,,,,,,,,,,,,,,,0
광남초등학교,부산,초,공립,,부산광역시 수영구 광안해변로 115 (남천동. 광남초등학교),0,,,1,2018.0,,,,,,,,,,,,,,,,,,,,0
가동초등학교,부산,초,공립,,부산광역시 기장군 정관읍 정관5로 100 (정관읍),0,,,1,2020.0,,,,,,,,,,,,,,,,,,,,0
광안초등학교,부산,초,공립,,부산광역시 수영구 광안로21번가길 35 (광안동. 광안초등학교),0,,,0,,,,,,,,,,,,,,,,,,,,,0
기장초등학교,부산,초,공립,,부산광역시 기장군 기장읍 읍내로 69 . 기장초등학교 (기장읍. 기장초등학교),0,,,1,2016.0,,,,,,,,,,,,,,,,,,,,0
일광초등학교,부산,초,공립,,부산광역시 기장군 일광면 이화로 147 (일광면. 일광초등학교),1,2023.0,교육활동모델교,0,,,,,,,,,,,,,,,,,,,,,0
남천초등학교,부산,초,공립,,부산광역시 수영구 남천서로 14 (남천동. 남천초등학교),0,,,0,,,,,,,,,,,,,,,,,,,,,0
용암초등학교,부산,초,공립,,부산광역시 기장군 기장읍 기장해안로 577 . 용암초등학교 (기장읍),0,,,0,,,,,,,,,,,,,,,,,,,,,0
대청초등학교,부산,초,공립,,부산광역시 기장군 기장읍 차성서로 31 (기장읍),0,,,0,,,,,,,,,,,,,,,,,,,,,0
동백초등학교,부산,초,공립,,부산광역시 해운대구 좌동순환로357번길 6 . 동백초등학교 (중동),0,,,0,,,,,,,,,,,,,,,,,,,,,0
해원초등학교,부산,초,공립,,부산광역시 해운대구 마린시티2로 10 (우동. 해원초등학교),0,,,1,2019.0,,,,,,,,,,,,,,,,,,,,0
망미초등학교,부산,초,공립,,부산광역시 수영구 수미로35번길 27 . 망미초등학교 (망미동),0,,,1,2020.0,,,,,,,,,,,,,,,,,,,,0
무정초등학교,부산,초,공립,,부산광역시 해운대구 반여로 68-11 . 무정초등학교 (반여동),0,,,0,,,,,,,,,,,,,,,,,,,,,0
민락초등학교,부산,초,공립,,부산광역시 수영구 광남로 257번길 12 민락초등학교(민락동),0,,,0,,,,,,,,,,,,,,,,,,,,,0
교리초등학교,부산,초,공립,,부산광역시 기장군 기장읍 차성로 427 (기장읍. 교리초등학교),0,,,0,,,,,,,,,,,,,,,,,,,,,0
민안초등학교,부산,초,공립,,부산광역시 수영구 감포로38번길 33 (민락동. 민안초등학교),0,,,0,,,,,,,,,,,,,,,,,,,,,0
반산초등학교,부산,초,공립,,부산광역시 해운대구 재반로 171 (재송동. 반산초등학교),0,,,0,,,,,,,,,,,,,,,,,,,,,0
반석초등학교,부산,초,공립,,부산광역시 해운대구 선수촌로 207번길 14 (반여동),0,,,0,,,,,,,,,,,,,,,,,,,,,0
내리초등학교,부산,초,공립,,부산광역시 기장군 기장읍 소정안길 50 (기장읍. 내리초등학교),0,,,0,,,,,,,,,,,,,,,,,,,,,0
신정초등학교,부산,초,공립,,부산광역시 기장군 정관읍 정관로 460 (정관읍. 신정초등학교),0,,,0,,,,,,,,,,,,,,,,,,,,,0
반송초등학교,부산,초,공립,,부산광역시 해운대구 아랫반송로30번길 . 37-16 (반송동),0,,,0,,,,,,,,,,,,,,,,,,,,,0
반여초등학교,부산,초,공립,,부산광역시 해운대구 재반로242번길 51-10 (반여동. 반여초등학교),0,,,0,,,,,,,,,,,,,,,,,,,,,0
부흥초등학교,부산,초,공립,,부산광역시 해운대구 좌동순환로 216 (좌동. 부흥초등학교),0,,,0,,,,,,,,,,,,,,,,,,,,,0
배산초등학교,부산,초,공립,,부산광역시 수영구 망미배산로48번길 85-15 (망미동. 배산초등학교),0,,,0,,,,,,,,,,,,,,,,,,,,,0
상당초등학교,부산,초,공립,,부산광역시 해운대구 세실로 173 (좌동. 상당초등학교),0,,,0,,,,,,,,,,,,,,,,,,,,,0
송운초등학교,부산,초,공립,,부산광역시 해운대구 신반송로 20 (반송동. 송운초등학교),0,,,0,,,,,,,,,,,,,,,,,,,,,0
수미초등학교,부산,초,공립,,부산광역시 수영구 연수로310번길 91 (망미동. 수미초등학교),0,,,1,2017.0,,,,,,,,,,,,,,,,,,,,0
수영초등학교,부산,초,공립,,부산광역시 수영구 광서로16번길 33 (광안동. 수영초등학교),1,2023.0,교육활동모델교,0,,,,,,,,,,,,,,,,,,,,,0
신곡초등학교,부산,초,공립,,부산광역시 해운대구 좌동순환로 290 (좌동.신곡초등학교),0,,,0,,,,,,,,,,,,,,,,,,,,,0
신도초등학교,부산,초,공립,,부산광역시 해운대구 좌동순환로 34 (좌동. 신도초등학교),0,,,1,2019.0,,,,,,,,,,,,,,,,,,,,0
신재초등학교,부산,초,공립,,부산광역시 해운대구 해운대로81번길 55 (재송동. 신재초등학교),0,,,0,,,,,,,,,,,,,,,,,,,,,0
신진초등학교,부산,초,공립,,부산광역시 기장군 철마면 고촌로28번길 10 (철마면. 신진초등학교),0,,,0,,,,,,,,,,,,,,,,,,,,,0
양운초등학교,부산,초,공립,,부산광역시 해운대구 대천로67번길 36 (좌동. 양운초등학교),1,2023.0,교육활동모델교,0,,,,,,,,,,,,,,,,,,,,,0
운봉초등학교,부산,초,공립,,부산광역시 해운대구 신반송로 11-20 (반송동.운봉초등학교),0,,,0,,,,,,,,,,,,,,,,,,,,,0
운송초등학교,부산,초,공립,,부산광역시 해운대구 반송로 839 (반송동.운송초등학교),0,,,0,,,,,,,,,,,,,,,,,,,,,0
월내초등학교,부산,초,공립,,부산광역시 기장군 장안읍 길천2길 25 (장안읍. 월내초등학교),0,,,0,,,,,,,,,,,,,,,,,,,,,0
월평초등학교,부산,초,공립,,부산광역시 기장군 정관읍 월평1길 21 (정관읍. 월평초등학교),0,,,0,,,,,,,,,,,,,,,,,,,,,0
인지초등학교,부산,초,공립,,부산광역시 해운대구 반여로 128 (반여동),0,,,0,,,,,,,,,,,,,,,,,,,,,0
위봉초등학교,부산,초,공립,,부산광역시 해운대구 재반로 301 (반여동. 위봉초등학교),0,,,0,,,,,,,,,,,,,,,,,,,,,0
장산초등학교,부산,초,공립,,부산광역시 해운대구 선수촌로 68 (반여동.장산초등학교),0,,,0,,,,,,,,,,,,,,,,,,,,,0
장안초등학교,부산,초,공립,,부산광역시 기장군 장안읍 장안로 67-4 . 장안초등학교 (장안읍),0,,,0,,,,,,,,,,,,,,,,,,,,,0
재송초등학교,부산,초,공립,,부산광역시 해운대구 재반로64번길 33 (재송동.재송초등학교),0,,,0,,,,,,,,,,,,,,,,,,,,,0
정관초등학교,부산,초,공립,,부산광역시 기장군 정관읍 정관로 530 . 정관초등학교 (정관읍),0,,,0,,,,,,,,,,,,,,,,,,,,,0
좌동초등학교,부산,초,공립,,부산광역시 해운대구 세실로 127 (좌동. 좌동초등학교),0,,,1,2020.0,,,,,,,,,,,,,,,,,,,,0
좌산초등학교,부산,초,공립,,부산광역시 해운대구 좌동순환로311번길 7 (좌동. 좌산초등학교),0,,,0,,,,,,,,,,,,,,,,,,,,,0
좌천초등학교,부산,초,공립,,부산광역시 기장군 장안읍 좌천로 13-66 . 좌천초등학교 (장안읍),1,2023.0,교육활동모델교,0,,,,,,,,,,,,,,,,,,,,,0
죽성초등학교,부산,초,공립,,부산광역시 기장군 기장읍 죽성로 270 (기장읍. 죽성초등학교),0,,,0,,,,,,,,,,,,,,,,,,,,,0
철마초등학교,부산,초,공립,,부산광역시 기장군 철마면 철마로 493 (철마면. 철마초등학교),0,,,0,,,,,,,,,,,,,,,,,,,,,0
칠암초등학교,부산,초,공립,,부산광역시 기장군 일광면 박영준길 19 (일광면. 칠암초등학교),0,,,0,,,,,,,,,,,,,,,,,,,,,0
해강초등학교,부산,초,공립,,부산광역시 해운대구 해운대해변로 73 (우동. 해강초등학교),1,2023.0,교육활동모델교,0,,,,,,,,,,,,,,,,,,,,,0
해동초등학교,부산,초,공립,,부산광역시 해운대구 우동1로 104 (우동. 해동초등학교),0,,,0,,,,,,,,,,,,,,,,,,,,,0
해림초등학교,부산,초,공립,,부산광역시 해운대구 해운대로469번길 42 (우동. 해림초등학교),0,,,0,,,,,,,,,,,,,,,,,,,,,0
해송초등학교,부산,초,공립,,부산광역시 해운대구 좌동순환로402번길 32 (좌동),0,,,0,,,,,,,,,,,,,,,,,,,,,0
해운대초등학교,부산,초,공립,,부산광역시 해운대구 중동2로24번길 30 (중동. 해운대초등학교),0,,,1,2018.0,,,,,,,,,,,,,,,,,,,,0
호암초등학교,부산,초,공립,,부산광역시 수영구 호암로29번길 57 . 호암초등학교 (광안동),1,2023.0,교육활동모델교,0,,,,,,,,,,,,,,,,,,,,,0
삼어초등학교,부산,초,공립,,부산광역시 해운대구 삼어로91번길 73 (반여동.삼어초등학교),0,,,1,2020.0,,,,,,,,,,,,,,,,,,,,0
송수초등학교,부산,초,공립,,부산광역시 해운대구 해운대로76번길 35 (재송동. 송수초등학교),1,2023.0,교육활동모델교,1,2019.0,,,,,,,,,,,,,,,,,,,,1
센텀초등학교,부산,초,공립,,부산광역시 해운대구 센텀중앙로 166 . 센텀초등학교 (재송동. 센텀초등학교),0,,,0,,,,,,,,,,,,,,,,,,,,,0
정원초등학교,부산,초,공립,,부산광역시 기장군 정관읍 정관로 423 . 정원초등학교 (정관읍),0,,,0,,,,,,,,,,,,,,,,,,,,,0
달산초등학교,부산,초,공립,,부산광역시 기장군 정관읍 정관로 674 . 달산초등학교 (정관읍),0,,,0,,,,,,,,,,,,,,,,,,,,,0
모전초등학교,부산,초,공립,,부산광역시 기장군 정관읍 정관1로 17 . 모전초등학교 (정관읍),0,,,0,,,,,,,,,,,,,,,,,,,,,0
정관중학교,부산,중,공립,남여공학,부산광역시 기장군 정관읍 정관로 531 (정관읍),0,,,1,2020.0,,,,,,,,,,,,,,,,,,,,0
광안중학교,부산,중,공립,남여공학,부산광역시 수영구 연수로310번길 127 . 광안중학교 (광안동),0,,,0,,,,,,,,,,,,,,,,,,,,,0
기장중학교,부산,중,공립,남여공학,부산광역시 기장군 기장읍 읍내로 120 . 기장중학교 (기장읍),0,,,0,,,,,,,,,,,,,,,,,,,,,0
장산중학교,부산,중,공립,남여공학,부산광역시 해운대구 선수촌로 47 (반여동.장산중학교),0,,,1,2017.0,,,,,,,,,,,,,,,,,,,,0
동백중학교,부산,중,공립,남여공학,부산광역시 해운대구 좌동순환로468번가길 97 (중동.동백중학교),0,,,0,,,,,,,,,,,,,,,,,,,,,0
신정중학교,부산,중,공립,남여공학,부산광역시 기장군 정관읍 정관3로 44 (정관읍. 신정중학교),0,,,0,,,,,,,,,,,,,,,,,,,,,0
대청중학교,부산,중,공립,남여공학,부산광역시 기장군 기장읍 차성서로 3 (기장읍.대청중학교),0,,,0,,,,,,,,,,,,,,,,,,,,,0
망미중학교,부산,중,공립,남여공학,부산광역시 수영구 망미배산로 102 (망미동.망미중학교),0,,,0,,,,,,,,,,,,,,,,,,,,,0
반송여자중학교,부산,중,공립,여자,부산광역시 해운대구 운봉길 113 (반송동. 반송여자중학교),0,,,0,,,,,,,,,,,,,,,,,,,,,0
반송중학교,부산,중,공립,남자,부산광역시 해운대구 아랫반송로40번길 37-18 (반송동),0,,,0,,,,,,,,,,,,,,,,,,,,,0
반안중학교,부산,중,공립,남여공학,부산광역시 해운대구 명장로67번길 40-32 (반여동. 반안중학교),0,,,0,,,,,,,,,,,,,,,,,,,,,0
부산중앙중학교,부산,중,공립,남여공학,부산광역시 기장군 정관읍 정관덕산길 73 (정관읍),0,,,1,2015.0,,,,,,,,,,,,,,,,,,,,0
반여중학교,부산,중,공립,남여공학,부산광역시 해운대구 재반로256번길 57-12 (반여동. 반여중학교),0,,,0,,,,,,,,,,,,,,,,,,,,,0
부흥중학교,부산,중,공립,남여공학,부산광역시 해운대구 좌동순환로 226 부흥중학교 (좌동. 부흥중학교),0,,,0,,,,,,,,,,,,,,,,,,,,,0
상당중학교,부산,중,공립,남여공학,부산광역시 해운대구 대천로103번길 48 (좌동. 상당중학교),0,,,0,,,,,,,,,,,,,,,,,,,,,0
부산수영중학교,부산,중,공립,남여공학,부산광역시 수영구 호암로 30 (광안동. 부산수영중학교),1,2023.0,교육활동모델교,0,,,,,,,,,,,,,,,,,,,,,0
신곡중학교,부산,중,공립,남여공학,부산광역시 해운대구 좌동순환로 316 (좌동),0,,,0,,,,,,,,,,,,,,,,,,,,,0
신도중학교,부산,중,공립,남여공학,부산광역시 해운대구 좌동순환로 50 (좌동),0,,,0,,,,,,,,,,,,,,,,,,,,,0
양운중학교,부산,중,공립,남여공학,부산광역시 해운대구 좌동순환로99번길 7 (좌동. 양운중학교),0,,,0,,,,,,,,,,,,,,,,,,,,,0
운송중학교,부산,중,공립,남여공학,부산광역시 해운대구 반송로911번길 59 (반송동. 운송중학교),0,,,0,,,,,,,,,,,,,,,,,,,,,0
인지중학교,부산,중,공립,남여공학,부산광역시 해운대구 반여로 142 (반여동. 인지중학교),0,,,0,,,,,,,,,,,,,,,,,,,,,0
재송여자중학교,부산,중,공립,여자,부산광역시 해운대구 재반로84번길 148 (재송동),0,,,0,,,,,,,,,,,,,,,,,,,,,0
재송중학교,부산,중,공립,남자,부산광역시 해운대구 재반로165번길 16 (재송동),0,,,0,,,,,,,,,,,,,,,,,,,,,0
센텀중학교,부산,중,공립,남여공학,부산광역시 해운대구 센텀북대로 32 (재송동.센텀중학교),0,,,0,,,,,,,,,,,,,,,,,,,,,0
한바다중학교,부산,중,공립,남여공학,부산광역시 수영구 광안로21번가길 57 (광안동),0,,,0,,,,,,,,,,,,,,,,,,,,,0
해강중학교,부산,중,공립,남여공학,부산광역시 해운대구 해운대해변로 17 (우동),0,,,0,,,,,,,,,,,,,,,,,,,,,0
동아중학교,부산,중,사립,남여공학,부산광역시 수영구 호암로 55 (광안동. 동아중학교),1,2023.0,교육활동모델교,1,2016.0,,,,,,,,,,,,,,,,,,,,1
동수영중학교,부산,중,사립,남여공학,부산광역시 수영구 광서로 74 . 동수영중학교 (광안동),0,,,1,2015.0,,,,,,,,,,,,,,,,,,,,0
모전중학교,부산,중,공립,남여공학,부산광역시 기장군 정관읍 정관1로 9 (정관읍. 모전중학교),0,,,1,2020.0,,,,,,,,,,,,,,,,,,,,0
장안중학교,부산,중,사립,남여공학,부산광역시 기장군 장안읍 좌천2길 43. 장안중학교 (장안읍. 장안중/제일고등학교),0,,,0,,,,,,,,,,,,,,,,,,,,,0
해운대여자중학교,부산,중,사립,여자,부산광역시 해운대구 우동1로85번길 25 (우동.해운대여자중학교),0,,,0,,,,,,,,,,,,,,,,,,,,,0
해운대중학교,부산,중,사립,남자,부산광역시 해운대구 우동2로30번길 99 (우동. 해운대중학교),0,,,0,,,,,,,,,,,,,,,,,,,,,0
경북대학교사범대학부설고등학교,대구,고,국립,남여공학,대구광역시 중구 달구벌대로 2178 (대봉동. 경북대학교사범대학부설중.고등학교),0,,,1,2020.0,,,,,,,,,,,,,,,,,,,,0
경덕여자고등학교,대구,고,공립,여자,대구광역시 서구 국채보상로34길 50 (중리동. 경덕여자고등학교),0,,,0,,,,,,,,,,,,,,,,,,,,,0
대구제일고등학교,대구,고,사립,남여공학,대구광역시 서구 국채보상로 384 . 대구제일고등학교 (비산동),1,2023.0,교육활동 모델교,0,,,,,,,,,,,,,,,,,,,,,0
경북고등학교,대구,고,공립,남자,대구광역시 수성구 청호로 300 (황금동. 경북고등학교),0,,,0,,,,,,,,,,,,,,,,,,,,,0
경북여자고등학교,대구,고,공립,여자,대구광역시 중구 중앙대로 288 (남산동. 경북여자고등학교),0,,,0,,,,,,,,,,,,,,,,,,,,,0
구암고등학교,대구,고,공립,남여공학,대구광역시 북구 태암남로11길 7 (구암동. 구암고등학교),0,,,0,,,,,,,,,,,,,,,,,,,,,0
다사고등학교,대구,고,공립,남여공학,대구광역시 달성군 다사읍 달구벌대로 839 (다사고등학교),0,,,0,,,,,,,,,,,,,,,,,,,,,0
달성고등학교,대구,고,공립,남자,대구광역시 서구 달구벌대로 1725 (내당동. 달성고등학교),0,,,0,,,,,,,,,,,,,,,,,,,,,0
대구고등학교,대구,고,공립,남자,대구광역시 남구 중앙대로 171. 대구고등학교(대명동),0,,,0,,,,,,,,,,,,,,,,,,,,,0
칠성고등학교,대구,고,공립,남자,대구광역시 북구 칠성로 13 (칠성동2가. 칠성고등학교),0,,,0,,,,,,,,,,,,,,,,,,,,,0
호산고등학교,대구,고,공립,남여공학,대구광역시 달서구 달서대로109길 86 (호산동.호산고등학교),0,,,0,,,,,,,,,,,,,,,,,,,,,0
대구서부고등학교,대구,고,공립,남여공학,대구광역시 서구 국채보상로53길 32 (평리동. 서부고등학교),0,,,0,,,,,,,,,,,,,,,,,,,,,0
매천고등학교,대구,고,공립,남여공학,대구광역시 북구 매전로 70 (태전동),0,,,0,,,,,,,,,,,,,,,,,,,,,0
대구여자고등학교,대구,고,공립,여자,대구광역시 수성구 달구벌대로488길 17 (범어동),0,,,0,,,,,,,,,,,,,,,,,,,,,0
상인고등학교,대구,고,공립,남여공학,대구광역시 달서구 상인로 24 (상인동. 상인고등학교),0,,,0,,,,,,,,,,,,,,,,,,,,,0
성서고등학교,대구,고,공립,남여공학,대구광역시 달서구 선원로 221 (용산동. 성서고등학교),1,2023.0,정보교육실 구축교,1,2019.0,,,,,,,,,,,,,,,,,,,,1
수성고등학교,대구,고,공립,여자,대구광역시 수성구 용학로28길 36 (지산동. 수성고등학교),0,,,0,,,,,,,,,,,,,,,,,,,,,0
시지고등학교,대구,고,공립,남여공학,대구광역시 수성구 신매로 6 (신매동.시지고등학교),0,,,0,,,,,,,,,,,,,,,,,,,,,0
와룡고등학교,대구,고,공립,남여공학,대구광역시 달서구 선원로23북길 20 (이곡동),0,,,0,,,,,,,,,,,,,,,,,,,,,0
운암고등학교,대구,고,공립,남여공학,대구광역시 북구 학정로 378 (구암동),0,,,0,,,,,,,,,,,,,,,,,,,,,0
포산고등학교,대구,고,공립,남여공학,대구광역시 달성군 현풍면 비슬로 556-13 . 포산고등학교 (현풍면),0,,,0,,,,,,,,,,,,,,,,,,,,,0
학남고등학교,대구,고,공립,남여공학,대구광역시 북구 학남로 78 (국우동),0,,,0,,,,,,,,,,,,,,,,,,,,,0
성산고등학교,대구,고,공립,남여공학,대구광역시 달서구 새방로7길 33 . 성산고등학교 (용산동),0,,,0,,,,,,,,,,,,,,,,,,,,,0
대곡고등학교,대구,고,공립,남여공학,대구광역시 달서구 도원남로 80 (도원동. 대곡고등학교),1,2023.0,교육활동 모델교,0,,,,,,,,,,,,,,,,,,,,,0
화원고등학교,대구,고,공립,남여공학,대구광역시 달성군 화원읍 비슬로 2458 (화원읍),0,,,0,,,,,,,,,,,,,,,,,,,,,0
함지고등학교,대구,고,공립,남여공학,대구광역시 북구 학정로48길 46 (구암동),0,,,0,,,,,,,,,,,,,,,,,,,,,0
도원고등학교,대구,고,공립,남여공학,대구광역시 달서구 미리샘길 52 . 도원고등학교 (도원동. 도원고등학교),0,,,0,,,,,,,,,,,,,,,,,,,,,0
동문고등학교,대구,고,공립,남여공학,대구광역시 수성구 효행로 17 . 동문고등학교  (만촌동),0,,,1,2019.0,,,,,,,,,,,,,,,,,,,,0
강동고등학교,대구,고,공립,남여공학,대구광역시 동구 금강로 65 (신서동),0,,,0,,,,,,,,,,,,,,,,,,,,,0
대진고등학교,대구,고,공립,남여공학,대구광역시 달서구 화암로73길 15 (대곡동. 대진고등학교),0,,,0,,,,,,,,,,,,,,,,,,,,,0
강북고등학교,대구,고,사립,남자,대구광역시 북구 태전로 100 (태전동),0,,,0,,,,,,,,,,,,,,,,,,,,,0
경명여자고등학교,대구,고,사립,여자,대구광역시 북구 칠성로17길 18 (칠성동2가. 경명여자중고등학교),0,,,1,2020.0,,,,,,,,,,,,,,,,,,,,0
경상고등학교,대구,고,사립,남자,대구광역시 북구 공항로15길 24 (복현동. 경상고등학교),0,,,1,2019.0,,,,,,,,,,,,,,,,,,,,0
경상여자고등학교,대구,고,사립,여자,대구광역시 북구 침산남로9길 164 . 경상여자고등학교 (침산동),0,,,1,2019.0,,,,,,,,,,,,,,,,,,,,0
경신고등학교,대구,고,사립,남자,대구광역시 수성구 달구벌대로504길 34 (범어동),0,,,0,,,,,,,,,,,,,,,,,,,,,0
경원고등학교,대구,고,사립,남자,대구광역시 달서구 새방로 77 (용산동),1,2023.0,교육활동 모델교,0,,,,,,,,,,,,,,,,,,,,,0
경일여자고등학교,대구,고,사립,여자,대구광역시 남구 효성로 37 (봉덕동),0,,,0,,,,,,,,,,,,,,,,,,,,,0
경화여자고등학교,대구,고,사립,여자,대구광역시 달서구 당산로30길 20 . 경화여자고등학교 (성당동. 경화여자고등학교. 경암중학교),0,,,0,,,,,,,,,,,,,,,,,,,,,0
계성고등학교,대구,고,사립,남여공학,대구광역시 서구 새방로 171 (상리동),1,2023.0,교육활동 모델교,1,2019.0,,,,,,,,,,,,,,,,,,,,1
능인고등학교,대구,고,사립,남자,대구광역시 수성구 무학로 207 . 능인고등학교 (지산동. 능인고등학교. 능인중학교),0,,,0,,,,,,,,,,,,,,,,,,,,,0
달서고등학교,대구,고,사립,남여공학,대구광역시 달성군 하빈면 하빈로 118 (하빈면),1,2023.0,정보교육실 구축교,0,,,,,,,,,,,,,,,,,,,,,0
대건고등학교,대구,고,사립,남자,대구광역시 달서구 월곡로94길 46 . 대건고등학교 (월성동),0,,,0,,,,,,,,,,,,,,,,,,,,,0
대구남산고등학교,대구,고,사립,남여공학,대구광역시 수성구 신천동로 364 (수성동1가. 대구남산고등학교),0,,,0,,,,,,,,,,,,,,,,,,,,,0
대구혜화여자고등학교,대구,고,사립,여자,대구광역시 수성구 교학로12길 62 (만촌동. 혜화여자고등학교),1,2023.0,정보교육실 구축교,0,,,,,,,,,,,,,,,,,,,,,0
대륜고등학교,대구,고,사립,남자,대구광역시 수성구 달구벌대로 2700 (만촌동),0,,,1,2020.0,,,,,,,,,,,,,,,,,,,,0
덕원고등학교,대구,고,사립,남여공학,대구광역시 수성구 욱수길 37. 덕원고등학교 (욱수동. 덕원고등학교. 덕원중학교),1,2023.0,교육활동 모델교,0,,,,,,,,,,,,,,,,,,,,,0
대구동부고등학교,대구,고,사립,남여공학,대구광역시 동구 반야월북로 199 (각산동),0,,,1,2016.0,,,,,,,,,,,,,,,,,,,,0
대원고등학교,대구,고,사립,남여공학,대구 달성군 화원읍 비슬로 2658 (화원읍.대원고등학교),0,,,0,,,,,,,,,,,,,,,,,,,,,0
성광고등학교,대구,고,사립,남자,대구광역시 북구 검단로 150 (복현동),0,,,0,,,,,,,,,,,,,,,,,,,,,0
성화여자고등학교,대구,고,사립,여자,대구광역시 북구 복현로 140 .(복현동.성화여자고등학교),0,,,0,,,,,,,,,,,,,,,,,,,,,0
송현여자고등학교,대구,고,사립,여자,대구광역시 달서구 송현로 156 . 송현여자고등학교 (송현동. 송현여자중.고등학교),1,2023.0,정보교육실 구축교,0,,,,,,,,,,,,,,,,,,,,,0
신명고등학교,대구,고,사립,남여공학,대구광역시 중구 국채보상로102길 48 . 신명고등학교 (동산동),0,,,0,,,,,,,,,,,,,,,,,,,,,0
심인고등학교,대구,고,사립,남자,대구광역시 남구 현충로39길 29 . 심인고등학교  (대명동),0,,,0,,,,,,,,,,,,,,,,,,,,,0
영남고등학교,대구,고,사립,남자,대구광역시 달서구 월곡로 300 . 영남고등학교 (상인동),1,2023.0,교육활동 모델교,1,2020.0,,,,,,,,,,,,,,,,,,,,1
영송여자고등학교,대구,고,사립,여자,대구광역시 북구 태전로 92 (태전동.영송여자고등학교),0,,,0,,,,,,,,,,,,,,,,,,,,,0
영신고등학교,대구,고,사립,남여공학,대구광역시 동구 팔공로50길 32 (봉무동) 영신고등학교,0,,,0,,,,,,,,,,,,,,,,,,,,,0
영진고등학교,대구,고,사립,남자,대구광역시 북구 동북로57길 9 (복현동),0,,,0,,,,,,,,,,,,,,,,,,,,,0
오성고등학교,대구,고,사립,남자,대구 수성구 달구벌대로522길 78 (만촌동.오성고등학교),1,2023.0,정보교육실 구축교,0,,,,,,,,,,,,,,,,,,,,,0
원화여자고등학교,대구,고,사립,여자,대구광역시 달서구 당산로30길 30 (성당동. 원화여자고등학교. 원화중학교),0,,,0,,,,,,,,,,,,,,,,,,,,,0
정동고등학교,대구,고,사립,남자,대구광역시 동구 용계로1길 49 (용계동),0,,,0,,,,,,,,,,,,,,,,,,,,,0
대구중앙고등학교,대구,고,사립,남여공학,대구광역시 수성구 신천동로 496 . 대구중앙고등학교 (수성동4가),0,,,0,,,,,,,,,,,,,,,,,,,,,0
정화여자고등학교,대구,고,사립,여자,대구광역시 수성구 청호로84길 123 . 정화여자고등학교 (범어동),0,,,0,,,,,,,,,,,,,,,,,,,,,0
청구고등학교,대구,고,사립,남자,대구광역시 동구 국채보상로 827 (신천동),0,,,0,,,,,,,,,,,,,,,,,,,,,0
현풍고등학교,대구,고,사립,남여공학,대구광역시 달성군 현풍면 비슬로 675 (현풍면. 현풍중.고등학교),0,,,0,,,,,,,,,,,,,,,,,,,,,0
협성고등학교,대구,고,사립,남자,대구광역시 남구 효성로 33 . 협성고등학교 (봉덕동),0,,,0,,,,,,,,,,,,,,,,,,,,,0
효성여자고등학교,대구,고,사립,여자,대구광역시 달서구 월곡로94길 48 . 효성여자고등학교 (월성동),0,,,0,,,,,,,,,,,,,,,,,,,,,0
대구상원고등학교,대구,고,공립,남여공학,대구광역시 달서구 월배로 241 . 대구상원고등학교 (상인동),0,,,0,,,,,,,,,,,,,,,,,,,,,0
달구벌고등학교,대구,고,사립,남여공학,대구광역시 동구 팔공산로2길 16 . 달구벌고등학교 (덕곡동),0,,,0,,,,,,,,,,,,,,,,,,,,,0
비슬고등학교,대구,고,공립,남여공학,대구광역시 달성군 현풍면 테크노북로 100 (현풍면),0,,,1,2018.0,,,,,,,,,,,,,,,,,,,,0
대구체육고등학교,대구,고,공립,남여공학,대구광역시 북구 칠곡중앙대로136길 29 (동호동),0,,,0,,,,,,,,,,,,,,,,,,,,,0
대구과학고등학교,대구,고,공립,남여공학,대구광역시 수성구 동대구로 154 . 대구과학고등학교 (황금2동 613),0,,,0,,,,,,,,,,,,,,,,,,,,,0
대구일과학고등학교,대구,고,공립,남여공학,대구광역시 동구 경안로 987 (각산동. 대구일과학고등학교),0,,,0,,,,,,,,,,,,,,,,,,,,,0
경북예술고등학교,대구,고,사립,남여공학,대구광역시 남구 중앙대로47길 30 (대명동),0,,,0,,,,,,,,,,,,,,,,,,,,,0
대구외국어고등학교,대구,고,공립,남여공학,대구광역시 달서구 선원로11길 21 (신당동),0,,,0,,,,,,,,,,,,,,,,,,,,,0
대구농업마이스터고등학교,대구,고,공립,남여공학,대구광역시 수성구 달구벌대로 3170 . 대구농업마이스터고등학교 (노변동),0,,,0,,,,,,,,,,,,,,,,,,,,,0
경북기계공업고등학교,대구,고,공립,남자,대구광역시 달서구 월배로 275 (상인동),0,,,0,,,,,,,,,,,,,,,,,,,,,0
대구공업고등학교,대구,고,공립,남자,대구광역시 동구 대현로 135 (신암동),0,,,0,,,,,,,,,,,,,,,,,,,,,0
대구달서공업고등학교,대구,고,공립,남자,대구광역시 달서구 학산남로 50 . 대구달서공업고등학교 (상인동),0,,,0,,,,,,,,,,,,,,,,,,,,,0
대구일마이스터고등학교,대구,고,공립,남여공학,대구광역시 동구 효동로 48 (대구일마이스터고. 효목동),0,,,0,,,,,,,,,,,,,,,,,,,,,0
대구서부공업고등학교,대구,고,공립,남여공학,대구광역시 서구 당산로 228 (내당동. 서부공업고등학교),0,,,0,,,,,,,,,,,,,,,,,,,,,0
대구전자공업고등학교,대구,고,공립,남여공학,대구광역시 달서구 용산로 113 (장기동. 대구전자공업고등학교),0,,,0,,,,,,,,,,,,,,,,,,,,,0
경북공업고등학교,대구,고,사립,남여공학,대구광역시 중구 남산로 20 (남산동),0,,,0,,,,,,,,,,,,,,,,,,,,,0
경상공업고등학교,대구,고,사립,남자,대구광역시 남구 대경길 151 . 경상공업고등학교 (대명동),0,,,0,,,,,,,,,,,,,,,,,,,,,0
대중금속공업고등학교,대구,고,사립,남여공학,대구광역시 북구 관음로 303-12 (읍내동),0,,,0,,,,,,,,,,,,,,,,,,,,,0
영남공업고등학교,대구,고,사립,남여공학,대구광역시 수성구 교학로 96 (만촌동. 영남공업고등학교),0,,,0,,,,,,,,,,,,,,,,,,,,,0
조일고등학교,대구,고,사립,남여공학,대구광역시 동구 신덕로 136-11 . 조일고등학교 (신평동),0,,,0,,,,,,,,,,,,,,,,,,,,,0
대구소프트웨어고등학교,대구,고,공립,남여공학,대구광역시 달성군 구지면 창리로11길 93 (구지면),0,,,0,,,,,,,,,,,,,,,,,,,,,0
대구제일여자상업고등학교,대구,고,공립,여자,대구광역시 달서구 대명천로 120 (본리동),0,,,0,,,,,,,,,,,,,,,,,,,,,0
경북여자상업고등학교,대구,고,사립,여자,대구광역시 남구 명덕로38길 36경북여자상업고등학교 (대명동),0,,,0,,,,,,,,,,,,,,,,,,,,,0
대구여자상업고등학교,대구,고,사립,여자,대구광역시 남구 현충로40길 50 . 대구여자상업고등학교 (대명동),0,,,0,,,,,,,,,,,,,,,,,,,,,0
대구보건고등학교,대구,고,사립,여자,대구광역시 달서구 두류남길 10 (두류동.대구보건고등학교),0,,,0,,,,,,,,,,,,,,,,,,,,,0
대구관광고등학교,대구,고,사립,남여공학,대구광역시 동구 동북로71길 37 (신암동.대구관광고등학교),0,,,0,,,,,,,,,,,,,,,,,,,,,0
상서고등학교,대구,고,사립,남여공학,대구광역시 달서구 야외음악당로 107 (성당동.상서고등학교),0,,,0,,,,,,,,,,,,,,,,,,,,,0
경북대학교사범대학부설초등학교,대구,초,국립,,대구광역시 중구 달구벌대로 2150 . 경북대학교사범대학부설초등학교 (봉산동),0,,,0,,,,,,,,,,,,,,,,,,,,,0
대구경동초등학교,대구,초,공립,,대구광역시 수성구 청호로76길 12 (범어동.경동초등학교),1,2023.0,교육활동 모델교,0,,,,,,,,,,,,,,,,,,,,,0
대구율금초등학교,대구,초,공립,,대구광역시 동구 안심로16길 70 . 행정실 (율하동),1,2023.0,정보교육실 구축교,0,,,,,,,,,,,,,,,,,,,,,0
대구새론초등학교,대구,초,공립,,대구광역시 동구 과학로13길 5 (각산동),1,2023.0,교육활동 모델교,1,2016.0,,,,,,,,,,,,,,,,,,,,1
대구고산초등학교,대구,초,공립,,대구광역시 수성구 달구벌대로 3067 (시지동.고산초등학교),0,,,0,,,,,,,,,,,,,,,,,,,,,0
대구봉무초등학교,대구,초,공립,,대구광역시 동구 팔공로53길 30 (봉무동),0,,,0,,,,,,,,,,,,,,,,,,,,,0
대구공산초등학교,대구,초,공립,,대구광역시 동구 팔공로197길 35 (백안동. 대구공산초등학교),0,,,0,,,,,,,,,,,,,,,,,,,,,0
대구초등학교,대구,초,공립,,대구광역시 중구 명륜로23길 80 (봉산동.대구초등학교),0,,,0,,,,,,,,,,,,,,,,,,,,,0
대구남산초등학교,대구,초,공립,,대구광역시 중구 남산로 70 . 남산초등학교 (남산동),1,2023.0,교육활동 모델교,1,2019.0,,,,,,,,,,,,,,,,,,,,1
대구노변초등학교,대구,초,공립,,대구광역시 수성구 노변공원로 52 (시지동. 대구노변초등학교),0,,,0,,,,,,,,,,,,,,,,,,,,,0
대구대청초등학교,대구,초,공립,,대구광역시 수성구 교학로12길 42 . 대청초등학교 (만촌동),0,,,0,,,,,,,,,,,,,,,,,,,,,0
대구덕성초등학교,대구,초,공립,,대구광역시 동구 아양로34길 50 . 대구덕성초등학교 (신암동),0,,,0,,,,,,,,,,,,,,,,,,,,,0
대구동덕초등학교,대구,초,공립,,대구광역시 중구 동덕로26길 20 (삼덕동2가.동덕초등학교),0,,,0,,,,,,,,,,,,,,,,,,,,,0
대구동도초등학교,대구,초,공립,,대구광역시 수성구 동대구로57길 8 (범어동. 동도초등학교),1,2023.0,정보교육실 구축교,0,,,,,,,,,,,,,,,,,,,,,0
대구동문초등학교,대구,초,공립,,대구광역시 수성구 효행로2길 111 (만촌동),0,,,0,,,,,,,,,,,,,,,,,,,,,0
대구동부초등학교,대구,초,공립,,대구광역시 동구 신암북로7길 22 (신암동),0,,,0,,,,,,,,,,,,,,,,,,,,,0
대구동산초등학교,대구,초,공립,,대구광역시 수성구 동대구로42길 29 (범어동.동산초등학교),0,,,0,,,,,,,,,,,,,,,,,,,,,0
대구동성초등학교,대구,초,공립,,대구광역시 수성구 수성로 311 (수성동1가.대구동성초등학교),0,,,1,2018.0,,,,,,,,,,,,,,,,,,,,0
대구동신초등학교,대구,초,공립,,대구광역시 동구 송라로 123 . 대구동신초등학교 (신암동),0,,,0,,,,,,,,,,,,,,,,,,,,,0
대구동원초등학교,대구,초,공립,,대구광역시 수성구 국채보상로 1000 . 대구동원초등학교 (만촌동),0,,,0,,,,,,,,,,,,,,,,,,,,,0
대구동인초등학교,대구,초,공립,,대구광역시 중구 국채보상로 728 (동인동4가),0,,,0,,,,,,,,,,,,,,,,,,,,,0
대구동일초등학교,대구,초,공립,,대구광역시 수성구 들안로 311 (수성동2가),0,,,0,,,,,,,,,,,,,,,,,,,,,0
대구동천초등학교,대구,초,공립,,대구광역시 수성구 상록로16길 20 . 대구동천초등학교 (범어동),0,,,0,,,,,,,,,,,,,,,,,,,,,0
대구동촌초등학교,대구,초,공립,,대구광역시 동구 동촌로 168 (방촌동),0,,,0,,,,,,,,,,,,,,,,,,,,,0
대구두산초등학교,대구,초,공립,,대구광역시 수성구 동대구로6길 31 . 대구두산초등학교 (지산동),0,,,0,,,,,,,,,,,,,,,,,,,,,0
대구만촌초등학교,대구,초,공립,,대구광역시 수성구 국채보상로214길 33 (만촌동.대구만촌초등학교),0,,,1,2019.0,,,,,,,,,,,,,,,,,,,,0
대구매동초등학교,대구,초,공립,,대구광역시 수성구 천을로31길 16 (매호동.대구매동초등학교),0,,,0,,,,,,,,,,,,,,,,,,,,,0
대구매호초등학교,대구,초,공립,,대구광역시 수성구 달구벌대로647길 30 (매호동.대구매호초등학교),0,,,0,,,,,,,,,,,,,,,,,,,,,0
대구명덕초등학교,대구,초,공립,,대구광역시 중구 남산로2길 125 (남산동.명덕초등학교),0,,,0,,,,,,,,,,,,,,,,,,,,,0
대구반야월초등학교,대구,초,공립,,대구광역시 동구 안심로49길 70 (서호동),0,,,0,,,,,,,,,,,,,,,,,,,,,0
대구율원초등학교,대구,초,공립,,대구광역시 동구 율하동로 55 . 대구율원초등학교 (율하동),0,,,1,2020.0,,,,,,,,,,,,,,,,,,,,0
대구들안길초등학교,대구,초,공립,,대구광역시 수성구 들안로16길 58 (두산동),1,2023.0,교육활동 모델교,0,,,,,,,,,,,,,,,,,,,,,0
대구방촌초등학교,대구,초,공립,,대구광역시 동구 동촌로42길 35-14 (방촌동. 대구방촌초등학교),0,,,0,,,,,,,,,,,,,,,,,,,,,0
대구범물초등학교,대구,초,공립,,대구광역시 수성구 지범로41길 33 (범물동),0,,,0,,,,,,,,,,,,,,,,,,,,,0
대구범어초등학교,대구,초,공립,,대구광역시 수성구 달구벌대로489길 55 . 대구범어초등학교 (범어2동),0,,,0,,,,,,,,,,,,,,,,,,,,,0
대구범일초등학교,대구,초,공립,,대구광역시 수성구 범안로4길 22 (범물동),0,,,1,2019.0,,,,,,,,,,,,,,,,,,,,0
대구복명초등학교,대구,초,공립,,대구광역시 수성구 범안로20길 8 (범물동. 복명초등학교),0,,,0,,,,,,,,,,,,,,,,,,,,,0
대구불로초등학교,대구,초,공립,,대구광역시 동구 방천로3길 19 . 대구 불로초등학교 (불로동),0,,,0,,,,,,,,,,,,,,,,,,,,,0
대구사월초등학교,대구,초,공립,,대구광역시 수성구 달구벌대로656길 46 . 대구사월초등학교 (신매동.사월초등학교),0,,,0,,,,,,,,,,,,,,,,,,,,,0
대구삼덕초등학교,대구,초,공립,,대구광역시 중구 달구벌대로447길 10 . 대구삼덕초등학교 (삼덕동3가),0,,,0,,,,,,,,,,,,,,,,,,,,,0
대구서촌초등학교,대구,초,공립,,대구광역시 동구 파계로 525-11 (중대동),0,,,0,,,,,,,,,,,,,,,,,,,,,0
대구성동초등학교,대구,초,공립,,대구광역시 수성구 청수로45길 27 . 성동초등학교 (황금동),0,,,0,,,,,,,,,,,,,,,,,,,,,0
대구송정초등학교,대구,초,공립,,대구광역시 동구 안심로90길 9 . 대구송정초등학교 (괴전동),0,,,0,,,,,,,,,,,,,,,,,,,,,0
대구수성초등학교,대구,초,공립,,대구광역시 수성구 상화로5길 40 (상동. 대구수성초등학교),0,,,0,,,,,,,,,,,,,,,,,,,,,0
대구수창초등학교,대구,초,공립,,대구광역시 중구 달성로22길 30 (수창동),0,,,0,,,,,,,,,,,,,,,,,,,,,0
대구숙천초등학교,대구,초,공립,,대구광역시 동구 숙천로 17 . 대구숙천초등학교 (숙천동),1,2023.0,교육활동 모델교,1,2017.0,,,,,,,,,,,,,,,,,,,,1
대구시지초등학교,대구,초,공립,,대구광역시 수성구 달구벌대로631길 17 (매호동. 대구시지초등학교),0,,,1,2019.0,,,,,,,,,,,,,,,,,,,,0
대구신매초등학교,대구,초,공립,,대구광역시 수성구 달구벌대로650길 26 (신매동. 신매초등학교),0,,,0,,,,,,,,,,,,,,,,,,,,,0
대구신성초등학교,대구,초,공립,,대구광역시 동구 동북로71길 29 (신암동. 대구신성초등학교),0,,,0,,,,,,,,,,,,,,,,,,,,,0
대구신천초등학교,대구,초,공립,,대구광역시 동구 송라로6길 5 (신천동),0,,,0,,,,,,,,,,,,,,,,,,,,,0
대구아양초등학교,대구,초,공립,,대구광역시 동구 아양로 221 (신암동),0,,,0,,,,,,,,,,,,,,,,,,,,,0
대구안일초등학교,대구,초,공립,,대구광역시 동구 율하동로23길 66 . 대구안일초등학교 (율하동),0,,,1,2019.0,,,,,,,,,,,,,,,,,,,,0
대구용지초등학교,대구,초,공립,,대구광역시 수성구 지산로 12 (지산동),0,,,0,,,,,,,,,,,,,,,,,,,,,0
대구용호초등학교,대구,초,공립,,대구광역시 동구 동촌로56길 82 (방촌동),0,,,0,,,,,,,,,,,,,,,,,,,,,0
대구욱수초등학교,대구,초,공립,,대구광역시 수성구 신매로 20 (신매동),0,,,0,,,,,,,,,,,,,,,,,,,,,0
대구율하초등학교,대구,초,공립,,대구광역시 동구 율하동로15길 1 (율하동. 대구율하초등학교),0,,,0,,,,,,,,,,,,,,,,,,,,,0
대구입석초등학교,대구,초,공립,,대구광역시 동구 아양로 300 (입석동. 대구입석초등학교),0,,,0,,,,,,,,,,,,,,,,,,,,,0
대구종로초등학교,대구,초,공립,,대구광역시 중구 경상감영길 49 . 대구종로초등학교 (서문로1가),0,,,1,2019.0,,,,,,,,,,,,,,,,,,,,0
대구중앙초등학교,대구,초,공립,,대구광역시 수성구 만촌로 125 (만촌동),0,,,0,,,,,,,,,,,,,,,,,,,,,0
대구지묘초등학교,대구,초,공립,,대구광역시 동구 파계로6길 54-3 (지묘동546),0,,,0,,,,,,,,,,,,,,,,,,,,,0
대구지봉초등학교,대구,초,공립,,대구광역시 수성구 지범로31길 45 (지산동. 지봉초등학교),0,,,0,,,,,,,,,,,,,,,,,,,,,0
대구지산초등학교,대구,초,공립,,대구광역시 수성구 지범로17길 3-14 (지산동).(지산초등학교),0,,,0,,,,,,,,,,,,,,,,,,,,,0
대구청림초등학교,대구,초,공립,,대구광역시 수성구 고산로 51 . 대구청림초등학교 (노변동),0,,,0,,,,,,,,,,,,,,,,,,,,,0
대구파동초등학교,대구,초,공립,,대구광역시 수성구 파동로51길 34 (파동),0,,,1,2019.0,,,,,,,,,,,,,,,,,,,,0
대구해서초등학교,대구,초,공립,,대구광역시 동구 팔공로 220-4 (봉무동),0,,,1,2018.0,,,,,,,,,,,,,,,,,,,,0
대구해안초등학교,대구,초,공립,,대구광역시 동구 옻골로 50 . 대구헤안초등학교 (부동. 대구해안초등학교),0,,,0,,,,,,,,,,,,,,,,,,,,,0
대구황금초등학교,대구,초,공립,,대구광역시 수성구 들안로32길 22 (황금동. 황금초등학교),0,,,0,,,,,,,,,,,,,,,,,,,,,0
대구효동초등학교,대구,초,공립,,대구광역시 동구 효동로 78-7 (효목동),0,,,1,2019.0,,,,,,,,,,,,,,,,,,,,0
대구효목초등학교,대구,초,공립,,대구광역시 동구 화랑로27길 25 (효목동. 대구효목초등학교),0,,,1,2019.0,,,,,,,,,,,,,,,,,,,,0
대구효신초등학교,대구,초,공립,,대구광역시 동구 동부로 34 . 70 (신천동),0,,,0,,,,,,,,,,,,,,,,,,,,,0
동대구초등학교,대구,초,공립,,대구광역시 동구 신암남로 45 . 동대구초등학교 (신암동),0,,,0,,,,,,,,,,,,,,,,,,,,,0
대구동호초등학교,대구,초,공립,,대구광역시 동구 동호로 25 (동호동. 대구동호초등학교),0,,,0,,,,,,,,,,,,,,,,,,,,,0
대구강동초등학교,대구,초,공립,,대구광역시 동구 동호로7길 17 . 대구강동초등학교 (신서동),0,,,0,,,,,,,,,,,,,,,,,,,,,0
계성초등학교,대구,초,사립,,대구광역시 중구 달성로 15 (대신동),0,,,0,,,,,,,,,,,,,,,,,,,,,0
대구삼육초등학교,대구,초,사립,,대구광역시 수성구 청수로 22-23 (중동.삼육초등학교),0,,,0,,,,,,,,,,,,,,,,,,,,,0
영신초등학교,대구,초,사립,,대구광역시 동구 팔공로50길 32 (봉무동.영신초등학교),0,,,0,,,,,,,,,,,,,,,,,,,,,0
경북대학교사범대학부설중학교,대구,중,국립,남여공학,대구광역시 중구 달구벌대로 2178 (대봉동. 경북대학교사범대학부설중.고등학교),0,,,0,,,,,,,,,,,,,,,,,,,,,0
고산중학교,대구,중,공립,남여공학,대구광역시 수성구 천을로 71 (시지동. 고산중학교),0,,,0,,,,,,,,,,,,,,,,,,,,,0
노변중학교,대구,중,공립,남여공학,대구광역시 수성구 시지로 66 (노변동.노변중학교),0,,,0,,,,,,,,,,,,,,,,,,,,,0
율원중학교,대구,중,공립,남여공학,대구광역시 동구 율하동로 20 (율하동. 율원중학교),0,,,1,2016.0,,,,,,,,,,,,,,,,,,,,0
대구동부중학교,대구,중,공립,남여공학,대구광역시 수성구 화랑로32길 74 (만촌동. 동부중학교),1,2023.0,교육활동 모델교,0,,,,,,,,,,,,,,,,,,,,,0
대구동중학교,대구,중,공립,남여공학,대구광역시 수성구 수성로76길 33 (수성동2가),0,,,0,,,,,,,,,,,,,,,,,,,,,0
대구제일중학교,대구,중,공립,남여공학,대구광역시 중구 명륜로23길 16 (봉산동. 대구제일중학교),1,2023.0,교육활동 모델교,0,,,,,,,,,,,,,,,,,,,,,0
덕화중학교,대구,중,공립,남여공학,대구광역시 수성구 들안로9길 36 (상동. 덕화중학교),1,2023.0,교육활동 모델교,0,,,,,,,,,,,,,,,,,,,,,0
동도중학교,대구,중,공립,남여공학,대구광역시 수성구 청호로 350 (범어동. 동도중학교),0,,,0,,,,,,,,,,,,,,,,,,,,,0
동원중학교,대구,중,공립,남여공학,대구광역시 수성구 효행로 2길 81. 동원중학교(만촌동),0,,,1,2018.0,,,,,,,,,,,,,,,,,,,,0
동촌중학교,대구,중,공립,남여공학,대구광역시 동구 동촌로 176 (방촌동),0,,,1,2020.0,,,,,,,,,,,,,,,,,,,,0
범일중학교,대구,중,공립,남여공학,대구광역시 수성구 지범로41길 23 . 범일중학교 (범물동),1,2023.0,정보교육실 구축교,0,,,,,,,,,,,,,,,,,,,,,0
범물중학교,대구,중,공립,남여공학,대구광역시 수성구 범안로4길 46 . 범물중학교 (범물동),0,,,1,2019.0,,,,,,,,,,,,,,,,,,,,0
불로중학교,대구,중,공립,남여공학,대구광역시 동구 방천로5길 8 (불로동.불로중학교),0,,,0,,,,,,,,,,,,,,,,,,,,,0
수성중학교,대구,중,공립,남여공학,대구광역시 수성구 파동로51길 26-9 (파동. 수성중학교),0,,,0,,,,,,,,,,,,,,,,,,,,,0
새론중학교,대구,중,공립,남여공학,대구광역시 동구 이노밸리로 255 (신서동),0,,,1,2019.0,,,,,,,,,,,,,,,,,,,,0
매호중학교,대구,중,공립,남여공학,대구광역시 수성구 천을로 106 (매호동. 매호중학교),0,,,1,2015.0,,,,,,,,,,,,,,,,,,,,0
시지중학교,대구,중,공립,남여공학,대구광역시 수성구 신매로 66 (신매동),0,,,0,,,,,,,,,,,,,,,,,,,,,0
신기중학교,대구,중,공립,남여공학,대구광역시 동구 율하동로 88 (신기동),0,,,0,,,,,,,,,,,,,,,,,,,,,0
안심중학교,대구,중,공립,남여공학,대구광역시 동구 안심로 237 (서호동. 안심중학교),0,,,1,2016.0,,,,,,,,,,,,,,,,,,,,0
입석중학교,대구,중,공립,남여공학,대구광역시 동구 동촌로 10 . 입석중학교 (입석동),0,,,1,2016.0,,,,,,,,,,,,,,,,,,,,0
지산중학교,대구,중,공립,남여공학,대구광역시 수성구 지산로3길 68 (지산동.지산중학교),0,,,0,,,,,,,,,,,,,,,,,,,,,0
강동중학교,대구,중,공립,남여공학,대구광역시 동구 동호로 112 .강동중학교(신서동),0,,,1,2016.0,,,,,,,,,,,,,,,,,,,,0
황금중학교,대구,중,공립,남여공학,대구광역시 수성구 들안로32길 40 (황금동. 황금중학교),0,,,1,2018.0,,,,,,,,,,,,,,,,,,,,0
경구중학교,대구,중,사립,남자,대구광역시 중구 남산로 20 (남산동),0,,,1,2015.0,,,,,,,,,,,,,,,,,,,,0
경신중학교,대구,중,사립,남자,대구광역시 수성구 달구벌대로504길 34 . 경신중학교 (범어동.경신중학교),1,2023.0,교육활동 모델교,0,,,,,,,,,,,,,,,,,,,,,0
계성중학교,대구,중,사립,남여공학,대구광역시 중구 달성로 35 . 계성중학교 (대신동. 계성중고등학교),0,,,0,,,,,,,,,,,,,,,,,,,,,0
공산중학교,대구,중,사립,남여공학,대구광역시 동구 팔공로197길 26 (백안동.공산중학교),0,,,0,,,,,,,,,,,,,,,,,,,,,0
능인중학교,대구,중,사립,남자,대구광역시 수성구 무학로 207 (지산동),0,,,0,,,,,,,,,,,,,,,,,,,,,0
정화중학교,대구,중,사립,남여공학,대구광역시 수성구 청호로84길 123 . 정화중학교 (범어동),0,,,1,2020.0,,,,,,,,,,,,,,,,,,,,0
대구중앙중학교,대구,중,사립,남자,대구광역시 수성구 신천동로 496 . 대구중앙중학교 (수성동4가),0,,,0,,,,,,,,,,,,,,,,,,,,,0
대륜중학교,대구,중,사립,남자,대구광역시 수성구 달구벌대로 2700 . 대륜중학교 (만촌동),1,2023.0,정보교육실 구축교,0,,,,,,,,,,,,,,,,,,,,,0
덕원중학교,대구,중,사립,남여공학,대구광역시 수성구 욱수길 37 . 덕원중학교 (욱수동),1,2023.0,교육활동 모델교,1,2018.0,,,,,,,,,,,,,,,,,,,,1
성명여자중학교,대구,중,사립,여자,대구광역시 중구 국채보상로102길 48 (동산동),0,,,0,,,,,,,,,,,,,,,,,,,,,0
소선여자중학교,대구,중,사립,여자,대구광역시 수성구 교학로8길 37 (만촌동. 소선여자중학교),0,,,1,2017.0,,,,,,,,,,,,,,,,,,,,0
신명여자중학교,대구,중,사립,여자,대구광역시 수성구 신천동로 364 (수성동1가. 신명여중),1,2023.0,교육활동 모델교,1,2019.0,,,,,,,,,,,,,,,,,,,,1
영신중학교,대구,중,사립,남여공학,대구광역시 동구 팔공로50길 32 (봉무동. 영신중학교),0,,,0,,,,,,,,,,,,,,,,,,,,,0
오성중학교,대구,중,사립,남자,대구광역시 수성구 달구벌대로522길 78 (만촌동),0,,,0,,,,,,,,,,,,,,,,,,,,,0
청구중학교,대구,중,사립,남자,대구광역시 동구 국채보상로 827 (신천동.청구중고등학교),0,,,0,,,,,,,,,,,,,,,,,,,,,0
신아중학교,대구,중,공립,남여공학,대구광역시 동구 아양로39길 30 (신암동),0,,,0,,,,,,,,,,,,,,,,,,,,,0
대구삼영초등학교,대구,초,공립,,대구광역시 북구 내곡로 63 . 삼영초등학교 (사수동),0,,,1,2018.0,,,,,,,,,,,,,,,,,,,,0
대구강북초등학교,대구,초,공립,,대구광역시 북구 구암서로 50 (구암동. 강북초등학교),0,,,0,,,,,,,,,,,,,,,,,,,,,0
대구경운초등학교,대구,초,공립,,대구광역시 서구 평리로54길 16 (내당동),0,,,0,,,,,,,,,,,,,,,,,,,,,0
대구경진초등학교,대구,초,공립,,대구광역시 북구 경진로12길 5 (복현동. 경진초등학교),0,,,0,,,,,,,,,,,,,,,,,,,,,0
대구관남초등학교,대구,초,공립,,대구광역시 북구 칠곡중앙대로91길 10 (관음동),0,,,0,,,,,,,,,,,,,,,,,,,,,0
대구관문초등학교,대구,초,공립,,대구광역시 북구 매전로 32 (매천동),0,,,0,,,,,,,,,,,,,,,,,,,,,0
대구관음초등학교,대구,초,공립,,대구광역시 북구 관음동로17길 16 (관음동),0,,,0,,,,,,,,,,,,,,,,,,,,,0
대구관천초등학교,대구,초,공립,,대구광역시 북구 구암로22길 17 (태전동. 대구관천초등학교),0,,,0,,,,,,,,,,,,,,,,,,,,,0
대구교동초등학교,대구,초,공립,,대구광역시 북구 관음중앙로 34길 4 (읍내동),0,,,0,,,,,,,,,,,,,,,,,,,,,0
대구구암초등학교,대구,초,공립,,대구광역시 북구 학정로 245 (구암동),0,,,1,2019.0,,,,,,,,,,,,,,,,,,,,0
대구내서초등학교,대구,초,공립,,대구광역시 서구 달구벌대로371길 35 (내당동.내서초등학교),0,,,0,,,,,,,,,,,,,,,,,,,,,0
대구달산초등학교,대구,초,공립,,대구광역시 북구 옥산로17길 37 (침산동),0,,,1,2016.0,,,,,,,,,,,,,,,,,,,,0
대구달서초등학교,대구,초,공립,,대구광역시 서구 국채보상로34길 35 (중리동),0,,,1,2017.0,,,,,,,,,,,,,,,,,,,,0
대구달성초등학교,대구,초,공립,,대구광역시 서구 고성로 127 (원대동1가. 달성초등학교),0,,,0,,,,,,,,,,,,,,,,,,,,,0
대구대산초등학교,대구,초,공립,,대구광역시 북구 신천동로 900 (산격동. 대산초등학교),1,2023.0,교육활동 모델교,1,2017.0,,,,,,,,,,,,,,,,,,,,1
대구대성초등학교,대구,초,공립,,대구광역시 서구 국채보상로 426 (비산동),0,,,1,2019.0,,,,,,,,,,,,,,,,,,,,0
대구대천초등학교,대구,초,공립,,대구광역시 북구 구암로21길 54 (읍내동),1,2023.0,교육활동 모델교,0,,,,,,,,,,,,,,,,,,,,,0
대구도남초등학교,대구,초,공립,,대구광역시 북구 구리로 202 (국우동),0,,,0,,,,,,,,,,,,,,,,,,,,,0
대구동평초등학교,대구,초,공립,,대구광역시 북구 동천로 84 (동천동. 대구동평초등학교),0,,,0,,,,,,,,,,,,,,,,,,,,,0
대구두류초등학교,대구,초,공립,,대구광역시 서구 달구벌대로357길 22 (내당동),0,,,0,,,,,,,,,,,,,,,,,,,,,0
대구매천초등학교,대구,초,공립,,대구광역시 북구 매천로 179 . 매천초등학교 (매천동),0,,,1,2016.0,,,,,,,,,,,,,,,,,,,,0
대구문성초등학교,대구,초,공립,,대구광역시 북구 복현로 180 (복현동. 대구문성초등학교),0,,,0,,,,,,,,,,,,,,,,,,,,,0
대구복현초등학교,대구,초,공립,,대구광역시 북구 공항로 58 대구복현초등학교,0,,,0,,,,,,,,,,,,,,,,,,,,,0
대구북부초등학교,대구,초,공립,,대구광역시 북구 동천로 20 (동천동. 대구북부초등학교),0,,,0,,,,,,,,,,,,,,,,,,,,,0
대구북비산초등학교,대구,초,공립,,대구광역시 서구 통학로48길 7 . 비산1동 786-1 (비산동. 북비산초등학교),0,,,0,,,,,,,,,,,,,,,,,,,,,0
대구비봉초등학교,대구,초,공립,,대구광역시 서구 달서로45길 30 (비산동. 비봉초등학교),0,,,0,,,,,,,,,,,,,,,,,,,,,0
대구비산초등학교,대구,초,공립,,대구광역시 서구 통학로 202 (평리동),0,,,0,,,,,,,,,,,,,,,,,,,,,0
대구산격초등학교,대구,초,공립,,대구광역시 북구 산격로10길 14 (산격동. 대구산격초등학교),0,,,0,,,,,,,,,,,,,,,,,,,,,0
대구서도초등학교,대구,초,공립,,대구광역시 서구 평리로 395 . 서도초등학교 (평리동),0,,,0,,,,,,,,,,,,,,,,,,,,,0
대구서부초등학교,대구,초,공립,,대구광역시 서구 달서로26길 25 (비산동),0,,,0,,,,,,,,,,,,,,,,,,,,,0
대구서평초등학교,대구,초,공립,,대구광역시 서구 서대구로45길 60 (평리동.서평초등학교),0,,,0,,,,,,,,,,,,,,,,,,,,,0
대구성북초등학교,대구,초,공립,,대구광역시 북구 호국로57길 42 (서변동.대구성북초등학교),0,,,0,,,,,,,,,,,,,,,,,,,,,0
대구신암초등학교,대구,초,공립,,대구광역시 북구 경대로 21 (대현동),0,,,1,2019.0,,,,,,,,,,,,,,,,,,,,0
대구옥산초등학교,대구,초,공립,,대구광역시 북구 칠성시장로23길 55 대구옥산초등학교 (칠성동2가. 대구옥산초등학교),0,,,0,,,,,,,,,,,,,,,,,,,,,0
대구운암초등학교,대구,초,공립,,대구광역시 북구 대천로 148 (구암동),0,,,0,,,,,,,,,,,,,,,,,,,,,0
대구사수초등학교,대구,초,공립,,대구광역시 북구 내곡로 124 (사수동),0,,,1,2018.0,,,,,,,,,,,,,,,,,,,,0
대구이현초등학교,대구,초,공립,,대구광역시 서구 국채보상로37길 35 (평리동. 이현초등학교),0,,,0,,,,,,,,,,,,,,,,,,,,,0
대구인지초등학교,대구,초,공립,,대구광역시 서구 서대구로66길 20 (비산동),0,,,1,2018.0,,,,,,,,,,,,,,,,,,,,0
대구조야초등학교,대구,초,공립,,대구광역시 북구 조야로8길 16 (조야동),0,,,0,,,,,,,,,,,,,,,,,,,,,0
대구중리초등학교,대구,초,공립,,대구광역시 서구 국채보상로 135 (이현동),0,,,0,,,,,,,,,,,,,,,,,,,,,0
대구칠곡초등학교,대구,초,공립,,대구광역시 북구 칠곡중앙대로110길 5 (읍내동.칠곡초등학교),0,,,0,,,,,,,,,,,,,,,,,,,,,0
대구칠성초등학교,대구,초,공립,,대구광역시 북구 침산남로32길 17 . 대구칠성초등학교 (침산동),0,,,0,,,,,,,,,,,,,,,,,,,,,0
대구침산초등학교,대구,초,공립,,대구광역시 북구 성북로 25 . 대구침산초등학교 (침산동),0,,,0,,,,,,,,,,,,,,,,,,,,,0
대구태암초등학교,대구,초,공립,,대구광역시 북구 칠곡중앙대로52길 56 (태전동.대구태암초등학교),1,2023.0,교육활동 모델교,0,,,,,,,,,,,,,,,,,,,,,0
대구태전초등학교,대구,초,공립,,대구광역시 북구 칠곡중앙대로75길 16 (태전동. 대구태전초등학교),0,,,0,,,,,,,,,,,,,,,,,,,,,0
대구태현초등학교,대구,초,공립,,대구광역시 북구 태전로 95 (태전동.대구태현초등학교),0,,,0,,,,,,,,,,,,,,,,,,,,,0
대구팔달초등학교,대구,초,공립,,대구광역시 북구 매천로2길 19-6 (팔달동. 대구팔달초등학교),0,,,1,2019.0,,,,,,,,,,,,,,,,,,,,0
대구평리초등학교,대구,초,공립,,대구광역시 서구 국채보상로53길 6-5 (평리동),0,,,0,,,,,,,,,,,,,,,,,,,,,0
대구학남초등학교,대구,초,공립,,대구광역시 북구 학정동로 23 (국우동. 대구학남초등학교),0,,,0,,,,,,,,,,,,,,,,,,,,,0
대구학정초등학교,대구,초,공립,,대구광역시 북구 학남로 32 . 학정초등학교 (학정동),0,,,0,,,,,,,,,,,,,,,,,,,,,0
대구함지초등학교,대구,초,공립,,대구광역시 북구 동천로 33 (동천동),0,,,0,,,,,,,,,,,,,,,,,,,,,0
북대구초등학교,대구,초,공립,,대구광역시 북구 동북로37길 68 (산격동.북대구초등학교),0,,,0,,,,,,,,,,,,,,,,,,,,,0
서대구초등학교,대구,초,공립,,대구광역시 서구 서대구로63길 28-13 . 서대구초등학교 (비산동),0,,,0,,,,,,,,,,,,,,,,,,,,,0
대구동변초등학교,대구,초,공립,,대구광역시 북구 동변로 60 . 대구동변초등학교 (동변동),0,,,1,2019.0,,,,,,,,,,,,,,,,,,,,0
대구서변초등학교,대구,초,공립,,대구광역시 북구 호국로43길 35 서변초등학교 (서변동),0,,,0,,,,,,,,,,,,,,,,,,,,,0
서대구중학교,대구,중,공립,남여공학,대구광역시 서구 북비산로45길 7 (평리동. 서대구중학교),0,,,1,2020.0,,,,,,,,,,,,,,,,,,,,0
경운중학교,대구,중,공립,남여공학,대구광역시 서구 서대구로3길 32 (내당동. 경운중학교),1,2023.0,교육활동 모델교,1,2017.0,,,,,,,,,,,,,,,,,,,,1
관음중학교,대구,중,공립,남여공학,대구광역시 북구 관음동로 87 . 관음중학교 (관음동),0,,,1,2019.0,,,,,,,,,,,,,,,,,,,,0
관천중학교,대구,중,공립,남여공학,대구광역시 북구 구암로22길 7 (태전동),0,,,1,2016.0,,,,,,,,,,,,,,,,,,,,0
경일중학교,대구,중,공립,남여공학,대구광역시 서구 달서천로76길 11 (원대동1가. 경일중학교),0,,,1,2016.0,,,,,,,,,,,,,,,,,,,,0
교동중학교,대구,중,공립,남여공학,대구광역시 북구 관음중앙로32길 15 (읍내동),0,,,0,,,,,,,,,,,,,,,,,,,,,0
구암중학교,대구,중,공립,남여공학,대구광역시 북구 태암로 85 (구암동. 구암중학교),0,,,0,,,,,,,,,,,,,,,,,,,,,0
대구북중학교,대구,중,공립,남여공학,대구광역시 북구 공항로 50 (복현동. 대구북중학교),0,,,0,,,,,,,,,,,,,,,,,,,,,0
대구일중학교,대구,중,공립,남여공학,대구광역시 북구 옥산로17길 21 (침산동.대구일중학교),0,,,0,,,,,,,,,,,,,,,,,,,,,0
동평중학교,대구,중,공립,남여공학,대구광역시 북구 대천로 123 . 동평중학교 (구암동),1,2023.0,교육활동 모델교,0,,,,,,,,,,,,,,,,,,,,,0
매천중학교,대구,중,공립,남여공학,대구광역시 북구 매전로 56 (태전동),1,2023.0,교육활동 모델교,1,2016.0,,,,,,,,,,,,,,,,,,,,1
복현중학교,대구,중,공립,남여공학,대구광역시 북구 동북로65길 28 (복현동),1,2023.0,교육활동 모델교,0,,,,,,,,,,,,,,,,,,,,,0
산격중학교,대구,중,공립,남여공학,대구광역시 북구 동북로31길 29 . 산격중학교 (산격동. 산격중학교),0,,,0,,,,,,,,,,,,,,,,,,,,,0
서변중학교,대구,중,공립,남여공학,대구광역시 북구 서변로21길 14 (서변동.서변중학교),0,,,1,2020.0,,,,,,,,,,,,,,,,,,,,0
운암중학교,대구,중,공립,남여공학,대구광역시 북구 구암로49길 9 (구암동),0,,,0,,,,,,,,,,,,,,,,,,,,,0
서남중학교,대구,중,공립,남여공학,대구광역시 서구 당산로41서길 97 (중리동),0,,,1,2019.0,,,,,,,,,,,,,,,,,,,,0
중리중학교,대구,중,공립,남여공학,대구광역시 서구 국채보상로34길 63 (중리동. 중리중학교),0,,,0,,,,,,,,,,,,,,,,,,,,,0
칠곡중학교,대구,중,공립,남여공학,대구광역시 북구 칠곡중앙대로 583 . 칠곡중학교 (읍내동),1,2023.0,정보교육실 구축교,0,,,,,,,,,,,,,,,,,,,,,0
침산중학교,대구,중,공립,남여공학,대구광역시 북구 침산남로 121 (침산동),1,2023.0,교육활동 모델교,0,,,,,,,,,,,,,,,,,,,,,0
팔달중학교,대구,중,공립,남여공학,대구광역시 북구 매천로2길 19-22 (팔달동) 팔달중학교,0,,,0,,,,,,,,,,,,,,,,,,,,,0
대평중학교,대구,중,공립,남여공학,대구광역시 서구 통학로 217 (평리동. 대평중학교),0,,,0,,,,,,,,,,,,,,,,,,,,,0
평리중학교,대구,중,공립,남여공학,대구광역시 서구 국채보상로55길 21 (평리동),0,,,0,,,,,,,,,,,,,,,,,,,,,0
학남중학교,대구,중,공립,남여공학,대구광역시 북구 학남로 83 (국우동. 대구학남중학교),0,,,0,,,,,,,,,,,,,,,,,,,,,0
동변중학교,대구,중,공립,남여공학,대구광역시 북구 동변로14길 12 (동변동),0,,,0,,,,,,,,,,,,,,,,,,,,,0
강북중학교,대구,중,공립,남여공학,대구광역시 북구 구암서로 27 . 강북중학교 (구암동. 강북중학교),0,,,0,,,,,,,,,,,,,,,,,,,,,0
사수중학교,대구,중,공립,남여공학,대구광역시 북구 내곡로 140 (사수동),1,2023.0,교육활동 모델교,0,,,,,,,,,,,,,,,,,,,,,0
경명여자중학교,대구,중,사립,여자,대구광역시 북구 칠성로17길 18 . 경명여자중학교 (칠성동2가),1,2023.0,교육활동 모델교,0,,,,,,,,,,,,,,,,,,,,,0
경상여자중학교,대구,중,사립,여자,대구광역시 서구 국채보상로 384 . 경상여자중학교 (비산동),1,2023.0,교육활동 모델교,1,2017.0,,,,,,,,,,,,,,,,,,,,1
성광중학교,대구,중,사립,남자,대구광역시 북구 검단로 150 (복현동),1,2023.0,교육활동 모델교,1,2020.0,,,,,,,,,,,,,,,,,,,,1
성화중학교,대구,중,사립,남여공학,대구광역시 북구 복현로 140 . 성화중학교 (복현동),0,,,1,2018.0,,,,,,,,,,,,,,,,,,,,0
대구체육중학교,대구,중,공립,남여공학,대구광역시 북구 칠곡중앙대로136길 29 (동호동),0,,,0,,,,,,,,,,,,,,,,,,,,,0
대구교육대학교대구부설초등학교,대구,초,국립,,대구광역시 달서구 도원남로 19 (도원동. 대구교육대학교대구부설초등학교),0,,,0,,,,,,,,,,,,,,,,,,,,,0
남대구초등학교,대구,초,공립,,대구광역시 남구 중앙대로47길 55 (대명동. 남대구초등학교),0,,,0,,,,,,,,,,,,,,,,,,,,,0
대구한샘초등학교,대구,초,공립,,대구광역시 달서구 월배로11길 42 (대천동),1,2023.0,교육활동 모델교,1,2020.0,,,,,,,,,,,,,,,,,,,,1
대구감삼초등학교,대구,초,공립,,대구광역시 달서구 당산로 123 감삼초등학교 (감삼동),0,,,0,,,,,,,,,,,,,,,,,,,,,0
대구감천초등학교,대구,초,공립,,대구광역시 달서구 구마로12길 60 . 대구감천초등학교 (월성동),1,2023.0,정보교육실 구축교,0,,,,,,,,,,,,,,,,,,,,,0
대구남덕초등학교,대구,초,공립,,대구광역시 남구 앞산순환로93길 33 (대명동),0,,,0,,,,,,,,,,,,,,,,,,,,,0
대구남도초등학교,대구,초,공립,,대구광역시 남구 현충동길 74 (대명동),0,,,0,,,,,,,,,,,,,,,,,,,,,0
대구남명초등학교,대구,초,공립,,대구광역시 남구 큰골4길 41 (대명동),0,,,1,2019.0,,,,,,,,,,,,,,,,,,,,0
대구남부초등학교,대구,초,공립,,대구광역시 달서구 야외음악당로 15길 . 46 (성당동),0,,,0,,,,,,,,,,,,,,,,,,,,,0
대구남송초등학교,대구,초,공립,,대구광역시 달서구 송현로 192 (본동. 대구남송초등학교),0,,,0,,,,,,,,,,,,,,,,,,,,,0
대구내당초등학교,대구,초,공립,,대구광역시 달서구 명덕로 22-9 (두류동),0,,,0,,,,,,,,,,,,,,,,,,,,,0
대구노전초등학교,대구,초,공립,,대구광역시 달서구 한실로 43 (도원동. 노전초등학교),0,,,1,2019.0,,,,,,,,,,,,,,,,,,,,0
대구대곡초등학교,대구,초,공립,,대구광역시 달서구 도원남로 60 (도원동. 대곡초등학교),0,,,1,2018.0,,,,,,,,,,,,,,,,,,,,0
대구대남초등학교,대구,초,공립,,대구광역시 달서구 월배로68길 91 (송현동. 대남초등학교),0,,,0,,,,,,,,,,,,,,,,,,,,,0
대구대덕초등학교,대구,초,공립,,대구광역시 남구 대명서로 28 (대명동.대덕초등학교),0,,,0,,,,,,,,,,,,,,,,,,,,,0
대구대명초등학교,대구,초,공립,,대구광역시 남구 대명로 100 대구대명초등학교,0,,,0,,,,,,,,,,,,,,,,,,,,,0
대구대봉초등학교,대구,초,공립,,대구광역시 남구 대봉로26길 33 (이천동.대봉초등학교),0,,,0,,,,,,,,,,,,,,,,,,,,,0
대구대서초등학교,대구,초,공립,,대구광역시 달서구 송현로 9 (상인동),0,,,0,,,,,,,,,,,,,,,,,,,,,0
대구대진초등학교,대구,초,공립,,대구광역시 달서구 상화로 70 . 대구대진초등학교 (대곡동),0,,,1,2020.0,,,,,,,,,,,,,,,,,,,,0
대구덕인초등학교,대구,초,공립,,대구광역시 달서구 대명천로43길 66 (본리동),0,,,0,,,,,,,,,,,,,,,,,,,,,0
대구도원초등학교,대구,초,공립,,대구광역시 달서구 도원남로 100-30 (도원동. 도원초등학교),0,,,0,,,,,,,,,,,,,,,,,,,,,0
대구본리초등학교,대구,초,공립,,대구광역시 달서구 장기로 198 (감삼동. 대구본리초등학교),0,,,0,,,,,,,,,,,,,,,,,,,,,0
대구봉덕초등학교,대구,초,공립,,대구광역시 남구 효성로 71 . 대구봉덕초등학교 (봉덕동),0,,,0,,,,,,,,,,,,,,,,,,,,,0
대구상원초등학교,대구,초,공립,,대구광역시 달서구 월곡로20길 15 (상인동. 상원초등학교),0,,,0,,,,,,,,,,,,,,,,,,,,,0
대구상인초등학교,대구,초,공립,,대구광역시 달서구 월곡로 211 . 대구상인초등학교 (상인동),0,,,0,,,,,,,,,,,,,,,,,,,,,0
대구선원초등학교,대구,초,공립,,대구광역시 달서구 선원로33길 105 (용산동.선원초등학교),0,,,0,,,,,,,,,,,,,,,,,,,,,0
대구성곡초등학교,대구,초,공립,,대구광역시 달서구 선원남로 127 (이곡동.성곡초등학교),0,,,0,,,,,,,,,,,,,,,,,,,,,0
대구성남초등학교,대구,초,공립,,대구광역시 달서구 성당로47길 35 (두류동),0,,,1,2020.0,,,,,,,,,,,,,,,,,,,,0
대구성당초등학교,대구,초,공립,,대구광역시 달서구 대명천로 118 (본리동.성당초등학교),0,,,0,,,,,,,,,,,,,,,,,,,,,0
대구성명초등학교,대구,초,공립,,대구광역시 남구 성당로30길 55 (대명동),0,,,0,,,,,,,,,,,,,,,,,,,,,0
대구성산초등학교,대구,초,공립,,대구광역시 달서구 선원남로 173 (용산동.성산초등학교),0,,,0,,,,,,,,,,,,,,,,,,,,,0
대구성서초등학교,대구,초,공립,,대구광역시 달서구 달구벌대로 1339 (이곡동. 성서초등학교),0,,,0,,,,,,,,,,,,,,,,,,,,,0
대구성지초등학교,대구,초,공립,,대구광역시 달서구 새동네로 27 (용산동. 대구성지초등학교),0,,,0,,,,,,,,,,,,,,,,,,,,,0
대구송일초등학교,대구,초,공립,,대구광역시 달서구 학산로2길 38 . 대구송일초등학교 (월성동),0,,,0,,,,,,,,,,,,,,,,,,,,,0
대구송현초등학교,대구,초,공립,,대구광역시 달서구 송현로 128 . 송현초등학교 (송현동),0,,,0,,,,,,,,,,,,,,,,,,,,,0
대구신당초등학교,대구,초,공립,,대구광역시 달서구 서당로 14 (신당동. 신당초등학교),1,2023.0,교육활동 모델교,1,2020.0,,,,,,,,,,,,,,,,,,,,1
대구신서초등학교,대구,초,공립,,대구광역시 달서구 계대동문로3길 46 (신당동. 신서초등학교),0,,,0,,,,,,,,,,,,,,,,,,,,,0
대구신흥초등학교,대구,초,공립,,대구광역시 달서구 두류공원로 257 . 신흥초등학교 (두류동),0,,,0,,,,,,,,,,,,,,,,,,,,,0
대구영선초등학교,대구,초,공립,,대구광역시 남구 영선길 96 (이천동.대구영선초등학교),0,,,0,,,,,,,,,,,,,,,,,,,,,0
대구와룡초등학교,대구,초,공립,,대구광역시 달서구 선원남로 22 . 대구와룡초등학교 (이곡동),0,,,0,,,,,,,,,,,,,,,,,,,,,0
대구신월초등학교,대구,초,공립,,대구광역시 달서구 조암남로 100 (월성동),1,2023.0,정보교육실 구축교,0,,,,,,,,,,,,,,,,,,,,,0
대구용산초등학교,대구,초,공립,,대구광역시 달서구 와룡로49길 80 . 대구용산초등학교 (용산동),0,,,0,,,,,,,,,,,,,,,,,,,,,0
대구용전초등학교,대구,초,공립,,대구광역시 달서구 용산로 260 . 대구용전초등학교 (용산동. 용전초등학교),0,,,0,,,,,,,,,,,,,,,,,,,,,0
대구월곡초등학교,대구,초,공립,,대구광역시 달서구 상인로 40 (상인동),0,,,0,,,,,,,,,,,,,,,,,,,,,0
대구월배초등학교,대구,초,공립,,대구광역시 달서구 월배로 131 (진천동 57-1),0,,,1,2017.0,,,,,,,,,,,,,,,,,,,,0
대구월서초등학교,대구,초,공립,,대구광역시 달서구 월배로39길 46 (상인동. 대구월서초등학교),0,,,1,2019.0,,,,,,,,,,,,,,,,,,,,0
대구월성초등학교,대구,초,공립,,대구광역시 달서구 학산로7길 26 (월성동),0,,,0,,,,,,,,,,,,,,,,,,,,,0
대구월촌초등학교,대구,초,공립,,대구광역시 달서구 상인서로 60 (상인동),0,,,0,,,,,,,,,,,,,,,,,,,,,0
대구유천초등학교,대구,초,공립,,대구광역시 달서구 달서대로 39 (유천동. 대구유천초등학교),0,,,0,,,,,,,,,,,,,,,,,,,,,0
대구이곡초등학교,대구,초,공립,,대구광역시 달서구 선원남로 120 (이곡동),0,,,1,2019.0,,,,,,,,,,,,,,,,,,,,0
대구장기초등학교,대구,초,공립,,대구광역시 달서구 장기로 280 . 대구장기초등학교 (장기동 813-3),0,,,0,,,,,,,,,,,,,,,,,,,,,0
대구장동초등학교,대구,초,공립,,대구광역시 달서구 달구벌대로304길 112 (장기동),1,2023.0,정보교육실 구축교,0,,,,,,,,,,,,,,,,,,,,,0
대구장산초등학교,대구,초,공립,,대구광역시 달서구 장산로 30 (용산동),0,,,0,,,,,,,,,,,,,,,,,,,,,0
대구장성초등학교,대구,초,공립,,대구광역시 달서구 달구벌대로 1429-11 (장기동),0,,,0,,,,,,,,,,,,,,,,,,,,,0
대구죽전초등학교,대구,초,공립,,대구광역시 달서구 죽전길 127 죽전초등학교 (죽전동),0,,,0,,,,,,,,,,,,,,,,,,,,,0
대구진월초등학교,대구,초,공립,,대구광역시 달서구 진천로4길 32 (진천동. 대구진월초등학교),0,,,0,,,,,,,,,,,,,,,,,,,,,0
대구진천초등학교,대구,초,공립,,대구광역시 달서구 상화로9길 65 (진천동. 진천초등학교),0,,,0,,,,,,,,,,,,,,,,,,,,,0
대구파호초등학교,대구,초,공립,,대구광역시 달서구 달서대로109안길 76 . 대구파호초등학교 (호산동),0,,,0,,,,,,,,,,,,,,,,,,,,,0
대구학산초등학교,대구,초,공립,,대구광역시 달서구 월성로 76 . 대구학산초등학교 (월성동),0,,,0,,,,,,,,,,,,,,,,,,,,,0
대구호산초등학교,대구,초,공립,,대구광역시 달서구 달서대로109길 116 . 대구호산초등학교 (호산동. 대구호산초등학교),1,2023.0,정보교육실 구축교,0,,,,,,,,,,,,,,,,,,,,,0
대구효명초등학교,대구,초,공립,,대구광역시 남구 앞산순환로 707 (봉덕동.효명초등학교),0,,,0,,,,,,,,,,,,,,,,,,,,,0
대구조암초등학교,대구,초,공립,,대구광역시 달서구 조암로5길 19 (월성동),1,2023.0,정보교육실 구축교,1,2020.0,,,,,,,,,,,,,,,,,,,,1
대구월암초등학교,대구,초,공립,,대구광역시 달서구 조암로6길 55 (월성동. 대구월암초등학교),0,,,0,,,,,,,,,,,,,,,,,,,,,0
효성초등학교,대구,초,사립,,대구광역시 달서구 송현로 81 . 효성초등학교 (송현동),0,,,0,,,,,,,,,,,,,,,,,,,,,0
대구한솔초등학교,대구,초,공립,,대구광역시 달서구 조암남로 172-13 (유천동),0,,,0,,,,,,,,,,,,,,,,,,,,,0
대구용천초등학교,대구,초,공립,,대구광역시 달서구 조암남로32길 55 (유천동),0,,,1,2019.0,,,,,,,,,,,,,,,,,,,,0
경상중학교,대구,중,공립,남여공학,대구광역시 남구 현충로48길 33 (대명동. 경상중학교),0,,,0,,,,,,,,,,,,,,,,,,,,,0
경혜여자중학교,대구,중,공립,여자,대구광역시 남구 성당로18길 20 (대명동.경혜여자중학교),0,,,0,,,,,,,,,,,,,,,,,,,,,0
대곡중학교,대구,중,공립,남여공학,대구광역시 달서구 도원남로 5 (도원동.대곡중학교),1,2023.0,교육활동 모델교,1,2019.0,,,,,,,,,,,,,,,,,,,,1
조암중학교,대구,중,공립,남여공학,대구광역시 달서구 조암로 59 (월성동),0,,,0,,,,,,,,,,,,,,,,,,,,,0
새본리중학교,대구,중,공립,남여공학,대구광역시 달서구 대명천로 167 . 새본리중학교 (본리동),0,,,0,,,,,,,,,,,,,,,,,,,,,0
대구중학교,대구,중,공립,남여공학,대구광역시 남구 대봉로 120 (이천동.대구중학교),0,,,0,,,,,,,,,,,,,,,,,,,,,0
대명중학교,대구,중,공립,남여공학,대구광역시 남구 앞산순환로 477 (대명동. 대명중학교),0,,,0,,,,,,,,,,,,,,,,,,,,,0
대서중학교,대구,중,공립,남여공학,대구광역시 달서구 월배로 303 (송현동),1,2023.0,교육활동 모델교,0,,,,,,,,,,,,,,,,,,,,,0
대진중학교,대구,중,공립,남여공학,대구광역시 달서구 화암로73길 7 . 대진중학교 (대곡동),1,2023.0,교육활동 모델교,0,,,,,,,,,,,,,,,,,,,,,0
도원중학교,대구,중,공립,남여공학,대구광역시 달서구 미리샘길 32 (도원동),0,,,1,2016.0,,,,,,,,,,,,,,,,,,,,0
상원중학교,대구,중,공립,남여공학,대구광역시 달서구 상인로 117 (상인동),1,2023.0,교육활동 모델교,1,2016.0,,,,,,,,,,,,,,,,,,,,1
상인중학교,대구,중,공립,남여공학,대구광역시 달서구 상인로 34 . 상인중학교 (상인동),0,,,0,,,,,,,,,,,,,,,,,,,,,0
성곡중학교,대구,중,공립,남여공학,대구광역시 달서구 새방로 32 (용산동. 성곡중학교),0,,,0,,,,,,,,,,,,,,,,,,,,,0
성당중학교,대구,중,공립,남여공학,대구광역시 달서구 대명천로 102 (본리동),0,,,0,,,,,,,,,,,,,,,,,,,,,0
성산중학교,대구,중,공립,남여공학,대구광역시 달서구 선원남로 174 (용산동),0,,,1,2020.0,,,,,,,,,,,,,,,,,,,,0
월암중학교,대구,중,공립,남여공학,대구광역시 달서구 조암로6길 33 (월성동. 월암중학교),1,2023.0,교육활동 모델교,0,,,,,,,,,,,,,,,,,,,,,0
성서중학교,대구,중,공립,남여공학,대구광역시 달서구 용산서로 63 (용산동),0,,,0,,,,,,,,,,,,,,,,,,,,,0
성지중학교,대구,중,공립,남여공학,대구광역시 달서구 성서동로 361 (이곡동. 성지중학교),0,,,0,,,,,,,,,,,,,,,,,,,,,0
신당중학교,대구,중,공립,남여공학,대구광역시 달서구 서당로 30 (신당동),0,,,0,,,,,,,,,,,,,,,,,,,,,0
와룡중학교,대구,중,공립,남여공학,대구광역시 달서구 선원남로 23 (이곡동),0,,,0,,,,,,,,,,,,,,,,,,,,,0
용산중학교,대구,중,공립,남여공학,대구광역시 달서구 와룡로45길 72 (용산동. 용산중학교),0,,,1,2020.0,,,,,,,,,,,,,,,,,,,,0
월배중학교,대구,중,공립,남여공학,대구광역시 달서구 월배로28길 80 (진천동),0,,,0,,,,,,,,,,,,,,,,,,,,,0
월서중학교,대구,중,공립,남여공학,대구광역시 달서구 월배로33길 105 (월성동. 월서중학교),0,,,1,2015.0,,,,,,,,,,,,,,,,,,,,0
이곡중학교,대구,중,공립,남여공학,대구광역시 달서구 선원로37길 65 (이곡동.이곡중학교),0,,,0,,,,,,,,,,,,,,,,,,,,,0
죽전중학교,대구,중,공립,남여공학,대구광역시 달서구 죽전1길 176 (죽전동. 죽전중학교),0,,,0,,,,,,,,,,,,,,,,,,,,,0
학산중학교,대구,중,공립,남여공학,대구광역시 달서구 월곡로94길 10 (월성동. 학산중학교),0,,,0,,,,,,,,,,,,,,,,,,,,,0
경일여자중학교,대구,중,사립,여자,대구광역시 남구 효성로 37 . 경일여자중학교 (봉덕동. 경일여자중고등학교. 우봉아트홀),1,2023.0,교육활동 모델교,0,,,,,,,,,,,,,,,,,,,,,0
경암중학교,대구,중,사립,남여공학,대구광역시 달서구 당산로30길 20 (성당동),0,,,0,,,,,,,,,,,,,,,,,,,,,0
구남중학교,대구,중,사립,남여공학,대구광역시 달서구 두류남길 10 . 구남중학교 (두류동),0,,,1,2020.0,,,,,,,,,,,,,,,,,,,,0
대건중학교,대구,중,사립,남여공학,대구광역시 달서구 월곡로94길 46 (월성동. 대건중학교),1,2023.0,교육활동 모델교,1,2020.0,,,,,,,,,,,,,,,,,,,,1
상서중학교,대구,중,사립,남여공학,대구광역시 달서구 야외음악당로 107 . 상서중학교 (성당동),0,,,0,,,,,,,,,,,,,,,,,,,,,0
송현여자중학교,대구,중,사립,여자,대구광역시 달서구 송현로 156 (송현동. 송현여자중.고등학교),1,2023.0,정보교육실 구축교,0,,,,,,,,,,,,,,,,,,,,,0
심인중학교,대구,중,사립,남자,대구광역시 남구 현충로39길 29 . 심인중학교 (대명동),0,,,0,,,,,,,,,,,,,,,,,,,,,0
영남중학교,대구,중,사립,남자,대구광역시 달서구 월곡로 300 . 영남중학교 (상인동. 영남중.고등학교),0,,,0,,,,,,,,,,,,,,,,,,,,,0
원화중학교,대구,중,사립,남여공학,대구광역시 달서구 당산로30길 30 (성당동.원화여자고등학교 원화중학교),0,,,0,,,,,,,,,,,,,,,,,,,,,0
협성경복중학교,대구,중,사립,남자,대구광역시 남구 효성로 35 . 협성경복중학교 (봉덕동),0,,,1,2019.0,,,,,,,,,,,,,,,,,,,,0
효성중학교,대구,중,사립,남여공학,대구광역시 달서구 월곡로94길 48 . 효성중학교 (월성동),1,2023.0,교육활동 모델교,1,2019.0,,,,,,,,,,,,,,,,,,,,1
대구가창초등학교,대구,초,공립,,대구광역시 달성군 가창면 가창로 640 (가창면),0,,,0,,,,,,,,,,,,,,,,,,,,,0
대구구지초등학교,대구,초,공립,,대구광역시 달성군 구지면 창리로11길 45-11 (구지면),0,,,0,,,,,,,,,,,,,,,,,,,,,0
대구금계초등학교,대구,초,공립,,대구광역시 달성군 옥포면 금계길 55 (옥포면.대구금계초등학교),0,,,0,,,,,,,,,,,,,,,,,,,,,0
대구금포초등학교,대구,초,공립,,대구광역시 달성군 논공읍 금포초등길 28 . 대구금포초등학교 (논공읍),0,,,0,,,,,,,,,,,,,,,,,,,,,0
대구남동초등학교,대구,초,공립,,대구광역시 달성군 논공읍 논공로 258 (논공읍),0,,,0,,,,,,,,,,,,,,,,,,,,,0
대구논공초등학교,대구,초,공립,,대구광역시 달성군 논공읍 논공로7길 41 (논공읍. 대구논공초등학교),0,,,0,,,,,,,,,,,,,,,,,,,,,0
대구다사초등학교,대구,초,공립,,대구광역시 달성군 다사읍 다사로 86 . 대구다사초등학교 (다사읍),1,2023.0,교육활동 모델교,1,2020.0,,,,,,,,,,,,,,,,,,,,1
대구강림초등학교,대구,초,공립,,대구광역시 달성군 옥포면 돌미로 15 (옥포면),0,,,0,,,,,,,,,,,,,,,,,,,,,0
대구대실초등학교,대구,초,공립,,대구광역시 달성군 다사읍 대실역남로1길 31 (다사읍),0,,,0,,,,,,,,,,,,,,,,,,,,,0
대구비슬초등학교,대구,초,공립,,대구광역시 달성군 유가면 테크노북로 144 (유가면),0,,,0,,,,,,,,,,,,,,,,,,,,,0
대구세천초등학교,대구,초,공립,,대구광역시 달성군 다사읍 세천로 182-9 (다사읍),0,,,1,2019.0,,,,,,,,,,,,,,,,,,,,0
대구동곡초등학교,대구,초,공립,,대구광역시 달성군 하빈면 달구벌대로55길 104-4 (하빈면),0,,,0,,,,,,,,,,,,,,,,,,,,,0
대구명곡초등학교,대구,초,공립,,대구광역시 달성군 화원읍 명곡로 40 (화원읍),0,,,0,,,,,,,,,,,,,,,,,,,,,0
대구반송초등학교,대구,초,공립,,대구광역시 달성군 옥포면 용연사길 5 . 반송초등학교 (옥포면. 반송초등학교),0,,,0,,,,,,,,,,,,,,,,,,,,,0
대구북동초등학교,대구,초,공립,,대구광역시 달성군 논공읍 논공로11길 18 . 대구북동초등학교 (논공읍),0,,,0,,,,,,,,,,,,,,,,,,,,,0
대구서재초등학교,대구,초,공립,,대구광역시 달성군 다사읍 서재로 100 (다사읍),0,,,0,,,,,,,,,,,,,,,,,,,,,0
대구옥포초등학교,대구,초,공립,,대구광역시 달성군 옥포면 비슬로 2220 (옥포면),0,,,1,2020.0,,,,,,,,,,,,,,,,,,,,0
대구왕선초등학교,대구,초,공립,,대구광역시 달성군 다사읍 대실역북로 93 . 대구왕선초등학교 (다사읍),0,,,0,,,,,,,,,,,,,,,,,,,,,0
대구용계초등학교,대구,초,공립,,대구광역시 달성군 가창면 가창로221길 1 (가창면),0,,,0,,,,,,,,,,,,,,,,,,,,,0
대구매곡초등학교,대구,초,공립,,대구광역시 달성군 다사읍 대실역북로3길 6 . 대구매곡초등학교 (다사읍),0,,,1,2019.0,,,,,,,,,,,,,,,,,,,,0
대구유가초등학교,대구,초,공립,,대구광역시 달성군 유가면 테크노대로5길 34 . 대구유가초등학교 (유가면),1,2023.0,교육활동 모델교,0,,,,,,,,,,,,,,,,,,,,,0
대구죽곡초등학교,대구,초,공립,,대구광역시 달성군 다사읍 죽곡1길 18 (다사읍.대구죽곡초등학교),1,2023.0,정보교육실 구축교,1,2019.0,,,,,,,,,,,,,,,,,,,,1
대구천내초등학교,대구,초,공립,,대구광역시 달성군 화원읍 성천로 192 (화원읍. 천내초등학교),0,,,0,,,,,,,,,,,,,,,,,,,,,0
대구하빈초등학교,대구,초,공립,,대구광역시 달성군 하빈면 하빈로 391-1 .하빈초등학교 (하빈면),0,,,0,,,,,,,,,,,,,,,,,,,,,0
대구현풍초등학교,대구,초,공립,,대구광역시 달성군 현풍면 비슬로134길 167-6 . 현풍초등학교 (현풍면),1,2023.0,교육활동 모델교,1,2018.0,,,,,,,,,,,,,,,,,,,,1
대구화남초등학교,대구,초,공립,,대구광역시 달성군 화원읍 명천로 181 . 대구화남초등학교 (화원읍),0,,,0,,,,,,,,,,,,,,,,,,,,,0
대구화동초등학교,대구,초,공립,,대구광역시 달성군 화원읍 성암로 38 (화원읍. 대구화동초등학교),0,,,0,,,,,,,,,,,,,,,,,,,,,0
대구화원초등학교,대구,초,공립,,대구광역시 달성군 화원읍 비슬로 2580. (화원읍. 대구화원초등학교),0,,,1,2020.0,,,,,,,,,,,,,,,,,,,,0
대구포산초등학교,대구,초,공립,,대구광역시 달성군 현풍면 테크노북로 80 (현풍면),0,,,0,,,,,,,,,,,,,,,,,,,,,0
대구세현초등학교,대구,초,공립,,대구광역시 달성군 구지면 국가산단대로66길 10 . 10 (구지면),0,,,1,2020.0,,,,,,,,,,,,,,,,,,,,0
대구도림초등학교,대구,초,공립,,대구광역시 달성군 다사읍 서재로26길 94 . 도림초등학교 (다사읍. 대구도림초등학교),0,,,0,,,,,,,,,,,,,,,,,,,,,0
대구서동초등학교,대구,초,공립,,대구광역시 달성군 다사읍 서재로7길 55 (다사읍),0,,,0,,,,,,,,,,,,,,,,,,,,,0
서동중학교,대구,중,공립,남여공학,대구광역시 달성군 다사읍 서재로12길 11-11 (다사읍. 서동중학교),0,,,1,2018.0,,,,,,,,,,,,,,,,,,,,0
한울안중학교,대구,중,사립,남여공학,대구광역시 달성군 현풍면 지동길 31 . 한울안중학교 (현풍면),0,,,1,2020.0,,,,,,,,,,,,,,,,,,,,0
경서중학교,대구,중,공립,남여공학,대구광역시 달성군 옥포면 비슬로 1934 (옥포면. 경서중학교),0,,,0,,,,,,,,,,,,,,,,,,,,,0
구지중학교,대구,중,공립,남여공학,대구광역시 달성군 구지면 국가산단대로66길 22 (구지면),0,,,0,,,,,,,,,,,,,,,,,,,,,0
논공중학교,대구,중,공립,남여공학,대구광역시 달성군 논공읍 논공로 256 (논공읍. 논공중학교),0,,,0,,,,,,,,,,,,,,,,,,,,,0
다사중학교,대구,중,공립,남여공학,대구광역시 달성군 다사읍 매곡로2길 8-5 (다사읍. 다사중학교),1,2023.0,교육활동 모델교,0,,,,,,,,,,,,,,,,,,,,,0
달성중학교,대구,중,공립,남여공학,대구광역시 달성군 화원읍 비슬로506길 14 (화원읍.달성중학교),0,,,0,,,,,,,,,,,,,,,,,,,,,0
북동중학교,대구,중,공립,남여공학,대구광역시 달성군 논공읍 논공로7길 43 . 북동중학교 (논공읍),1,2023.0,정보교육실 구축교,0,,,,,,,,,,,,,,,,,,,,,0
천내중학교,대구,중,공립,남여공학,대구광역시 달성군 화원읍 성천로 202 (화원읍),0,,,0,,,,,,,,,,,,,,,,,,,,,0
포산중학교,대구,중,공립,남여공학,대구광역시 달성군 유가읍 테크노북로6길 10 (유가읍),1,2023.0,정보교육실 구축교,1,2016.0,,,,,,,,,,,,,,,,,,,,1
화원중학교,대구,중,공립,남여공학,대구광역시 달성군 화원읍 성암로 48 (화원읍.화원중학교),0,,,0,,,,,,,,,,,,,,,,,,,,,0
서재중학교,대구,중,공립,남여공학,대구광역시 달성군 다사읍 서재로26길 18 (다사읍),0,,,0,,,,,,,,,,,,,,,,,,,,,0
유가중학교,대구,중,공립,남여공학,대구광역시 달성군 유가읍 테크노대로5길 20 . 유가중학교 (유가읍. 유가중학교),0,,,0,,,,,,,,,,,,,,,,,,,,,0
가창중학교,대구,중,사립,남여공학,대구광역시 달성군 가창면 원정길 2 (가창면. 가창중학교),0,,,0,,,,,,,,,,,,,,,,,,,,,0
달서중학교,대구,중,사립,남여공학,대구광역시 달성군 하빈면 하빈로 118 (하빈면),1,2023.0,교육활동 모델교,1,2018.0,,,,,,,,,,,,,,,,,,,,1
현풍중학교,대구,중,사립,남여공학,대구광역시 달성군 현풍면 비슬로 675 (현풍면),1,2023.0,교육활동 모델교,0,,,,,,,,,,,,,,,,,,,,,0
왕선중학교,대구,중,공립,남여공학,대구광역시 달성군 다사읍 대실역북로 83 (다사읍. 왕선중학교),0,,,0,,,,,,,,,,,,,,,,,,,,,0
서운고등학교,인천,고,공립,남여공학,인천광역시 계양구 아나지로 481 (서운동),0,,,0,,,,,,,,,,,,,,,,,,,,,0
가정고등학교,인천,고,공립,남여공학,인천광역시 서구 서달로 162 (석남동),0,,,0,,,,,,,,,,,,,,,,,,,,,0
가림고등학교,인천,고,공립,남여공학,인천광역시 서구 원적로 58 (가좌동),0,,,0,,,,,,,,,,,,,,,,,,,,,0
인천예일고등학교,인천,고,공립,남여공학,인천광역시 계양구 박촌로 23 (방축동. 인천예일고등학교),0,,,0,,,,,,,,,,,,,,,,,,,,,0
인천논현고등학교,인천,고,공립,여자,인천광역시 남동구 청능대로611번길 54 . 인천논현고등학교 (논현동),0,,,0,,,,,,,,,,,,,,,,,,,,,0
인천상정고등학교,인천,고,공립,남자,인천광역시 부평구 경원대로 1109 (십정동),0,,,0,,,,,,,,,,,,,,,,,,,,,0
인천세원고등학교,인천,고,공립,여자,인천광역시 계양구 장제로 966 (병방동.인천세원고등학교),0,,,0,,,,,,,,,,,,,,,,,,,,,0
강화고등학교,인천,고,공립,남자,인천광역시 강화군 강화읍 고비고개로 20 (강화읍),0,,,0,,,,,,,,,,,,,,,,,,,,,0
강화여자고등학교,인천,고,공립,여자,인천광역시 강화군 강화읍 송악길 58 (강화읍),1,2023.0,교육활동 모델교,0,,,,,,,,,,,,,,,,,,,,,0
검단고등학교,인천,고,공립,여자,인천광역시 서구 검단로540번길 7 (마전동),0,,,0,,,,,,,,,,,,,,,,,,,,,0
계산고등학교,인천,고,공립,남자,인천광역시 계양구 주부토로 588 (계산동. 계산고등학교),0,,,0,,,,,,,,,,,,,,,,,,,,,0
계산여자고등학교,인천,고,공립,여자,인천광역시 계양구 계산새로 131 (용종동),0,,,0,,,,,,,,,,,,,,,,,,,,,0
교동고등학교,인천,고,공립,남여공학,인천광역시 강화군 교동면 교동남로 77 (교동면. 교동중고등학교),0,,,0,,,,,,,,,,,,,,,,,,,,,0
대청고등학교,인천,고,공립,남여공학,인천광역시 옹진군 대청면 대청로244번길 116-45 (대청면. 대청중고등학교),0,,,0,,,,,,,,,,,,,,,,,,,,,0
덕적고등학교,인천,고,공립,남여공학,인천광역시 옹진군 덕적면 덕적남로 15 (덕적면),0,,,0,,,,,,,,,,,,,,,,,,,,,0
동인천고등학교,인천,고,공립,남자,인천광역시 남동구 만수로75번길 71-15 (만수동.동인천고등학교),0,,,0,,,,,,,,,,,,,,,,,,,,,0
백석고등학교,인천,고,공립,남여공학,인천광역시 서구 서곶로 701 (백석동),0,,,0,,,,,,,,,,,,,,,,,,,,,0
부개여자고등학교,인천,고,공립,여자,인천광역시 부평구 부흥로 433 (부개동),0,,,0,,,,,,,,,,,,,,,,,,,,,0
부광고등학교,인천,고,공립,남자,인천광역시 부평구 화랑로 28 (산곡동),0,,,0,,,,,,,,,,,,,,,,,,,,,0
부광여자고등학교,인천,고,공립,여자,인천광역시 부평구 충선로 143 (부개동),0,,,0,,,,,,,,,,,,,,,,,,,,,0
계양고등학교,인천,고,공립,남자,인천 계양구 계양문화로 177 계양고등학교,0,,,0,,,,,,,,,,,,,,,,,,,,,0
부평여자고등학교,인천,고,공립,여자,인천광역시 부평구 부흥로243번길 44 (부평동),0,,,0,,,,,,,,,,,,,,,,,,,,,0
삼량고등학교,인천,고,사립,남여공학,인천광역시 강화군 내가면 강화서로 184 (내가면),0,,,0,,,,,,,,,,,,,,,,,,,,,0
인제고등학교,인천,고,사립,남자,인천광역시 남동구 석산로197번길 19 . 인제고등학교 (간석동),0,,,0,,,,,,,,,,,,,,,,,,,,,0
석정여자고등학교,인천,고,공립,여자,인천광역시 남동구 방축로469번길 27 (간석동),0,,,0,,,,,,,,,,,,,,,,,,,,,0
부평고등학교,인천,고,공립,남자,인천광역시 부평구 부흥북로 43 (부평동),0,,,0,,,,,,,,,,,,,,,,,,,,,0
인명여자고등학교,인천,고,사립,여자,인천광역시 남구 문화로 11 (관교동),0,,,1,2020.0,,,,,,,,,,,,,,,,,,,,0
삼산고등학교,인천,고,공립,남여공학,인천광역시 부평구 영성중로 54 (삼산동. 삼산고등학교),0,,,0,,,,,,,,,,,,,,,,,,,,,0
인화여자고등학교,인천,고,공립,여자,인천광역시 남구 석정로 165 (도화동),0,,,0,,,,,,,,,,,,,,,,,,,,,0
서도고등학교,인천,고,공립,남여공학,인천광역시 강화군 서도면 주문도길 173 (서도면),0,,,0,,,,,,,,,,,,,,,,,,,,,0
인천송천고등학교,인천,고,공립,남자,인천광역시 남동구 앵고개로815번길 59 (논현동),0,,,0,,,,,,,,,,,,,,,,,,,,,0
인천초은고등학교,인천,고,공립,여자,인천광역시 서구 청라에메랄드로 42 . 인천초은고등학교 (청라동. 초은고등학교),1,2023.0,교육활동 모델교,0,,,,,,,,,,,,,,,,,,,,,0
인천청라고등학교,인천,고,공립,남자,인천광역시 서구 담지로86번길 16-14 (청라동. 청라고등학교),0,,,0,,,,,,,,,,,,,,,,,,,,,0
인천하늘고등학교,인천,고,사립,남여공학,인천광역시 중구 영종대로277번길 117 . 인천하늘고등학교 (운서동),0,,,0,,,,,,,,,,,,,,,,,,,,,0
인천연송고등학교,인천,고,공립,남자,인천광역시 연수구 컨벤시아대로42번길 72 (송도동),0,,,0,,,,,,,,,,,,,,,,,,,,,0
인천영종고등학교,인천,고,공립,남여공학,인천광역시 중구 영종대로278번길 34 (운서동),1,2023.0,교육활동 모델교,0,,,,,,,,,,,,,,,,,,,,,0
인천해원고등학교,인천,고,공립,남여공학,인천광역시 서구 청라사파이어로140번길 25 (경서동),0,,,0,,,,,,,,,,,,,,,,,,,,,0
인천포스코고등학교,인천,고,사립,남여공학,인천광역시 연수구 컨벤시아대로42번길 50 (송도동),0,,,0,,,,,,,,,,,,,,,,,,,,,0
선인고등학교,인천,고,공립,남자,인천광역시 남구 석정로 165 (도화동),0,,,0,,,,,,,,,,,,,,,,,,,,,0
연수고등학교,인천,고,공립,남자,인천광역시 연수구 원인재로 145 (연수동),0,,,0,,,,,,,,,,,,,,,,,,,,,0
연수여자고등학교,인천,고,공립,여자,인천광역시 연수구 먼우금로141번길 9 (동춘동),0,,,0,,,,,,,,,,,,,,,,,,,,,0
백령고등학교,인천,고,공립,남여공학,인천광역시 옹진군 백령면 백령로 708 (백령면),0,,,0,,,,,,,,,,,,,,,,,,,,,0
연평고등학교,인천,고,공립,남여공학,인천광역시 옹진군 연평면 연평로137번길 101 . 연평초중고등학교 (연평면. 연평초등학교),0,,,0,,,,,,,,,,,,,,,,,,,,,0
인천고등학교,인천,고,공립,남자,인천광역시 남구 경원대로 804 (주안동),0,,,0,,,,,,,,,,,,,,,,,,,,,0
인천공항고등학교,인천,고,공립,남여공학,인천광역시 중구 신도시북로 20 (운서동),0,,,0,,,,,,,,,,,,,,,,,,,,,0
인천남고등학교,인천,고,공립,남자,인천광역시 남동구 석정로551번길 41 (간석동),0,,,0,,,,,,,,,,,,,,,,,,,,,0
인천여자고등학교,인천,고,공립,여자,인천광역시 연수구 비류대로506번길 14 (연수동),0,,,0,,,,,,,,,,,,,,,,,,,,,0
인천영흥고등학교,인천,고,공립,남여공학,인천광역시 옹진군 영흥면 내동로 107 (영흥면. 영흥고등학교. 영흥중학교),0,,,1,2019.0,,,,,,,,,,,,,,,,,,,,0
제물포고등학교,인천,고,공립,남자,인천광역시 중구 자유공원로 58-9 (전동),0,,,0,,,,,,,,,,,,,,,,,,,,,0
학익고등학교,인천,고,공립,남자,인천광역시 미추홀구 한나루로358번길 23-22 (학익동. 학익고등학교),0,,,0,,,,,,,,,,,,,,,,,,,,,0
학익여자고등학교,인천,고,공립,여자,인천광역시 미추홀구 주승로52번길 8 (학익동. 학익여자고등학교),0,,,0,,,,,,,,,,,,,,,,,,,,,0
인천해송고등학교,인천,고,공립,여자,인천광역시 연수구 해송로 20 (송도동),0,,,0,,,,,,,,,,,,,,,,,,,,,0
인천고잔고등학교,인천,고,공립,여자,인천광역시 남동구 에코중앙로 117 . 고잔고등학교 (논현동. 고잔고등학교),0,,,0,,,,,,,,,,,,,,,,,,,,,0
인천효성고등학교,인천,고,공립,남여공학,인천광역시 계양구 새벌로171번길 21 (효성동),0,,,0,,,,,,,,,,,,,,,,,,,,,0
인천영선고등학교,인천,고,공립,남여공학,인천광역시 부평구 체육관로 179 (삼산동),0,,,0,,,,,,,,,,,,,,,,,,,,,0
인천원당고등학교,인천,고,공립,남여공학,인천광역시 서구 고산로40번길 30 (원당동),0,,,0,,,,,,,,,,,,,,,,,,,,,0
광성고등학교,인천,고,사립,남자,인천광역시 중구 참외전로244번길 47 (도원동),0,,,0,,,,,,,,,,,,,,,,,,,,,0
산마을고등학교,인천,고,사립,남여공학,인천광역시 강화군 양도면 강화남로1002번길 73-29 . 산마을고등학교 (양도면),0,,,0,,,,,,,,,,,,,,,,,,,,,0
인천대건고등학교,인천,고,사립,남자,인천광역시 연수구 능허대로 437 (동춘동. 인천대건고등학교),0,,,0,,,,,,,,,,,,,,,,,,,,,0
대인고등학교,인천,고,사립,남자,인천광역시 서구 서곶로 446 (공촌동),0,,,0,,,,,,,,,,,,,,,,,,,,,0
덕신고등학교,인천,고,사립,남여공학,인천광역시 강화군 강화읍 고비고개로 45 (강화읍.덕신고등학교),0,,,0,,,,,,,,,,,,,,,,,,,,,0
동산고등학교,인천,고,사립,남자,인천광역시 동구 동산로 58 . 동산고등학교 (송림동),1,2023.0,교육활동 모델교,0,,,,,,,,,,,,,,,,,,,,,0
인일여자고등학교,인천,고,공립,여자,인천광역시 중구 참외전로72번길 10 (전동),0,,,0,,,,,,,,,,,,,,,,,,,,,0
명신여자고등학교,인천,고,사립,여자,인천광역시 부평구 원적로 260 (산곡동),0,,,0,,,,,,,,,,,,,,,,,,,,,0
인천산곡고등학교,인천,고,공립,남여공학,인천광역시 부평구 원적로416번길 25 (산곡동),0,,,0,,,,,,,,,,,,,,,,,,,,,0
문일여자고등학교,인천,고,사립,여자,인천광역시 남동구 구월로372번길 98 (만수동),0,,,1,2019.0,,,,,,,,,,,,,,,,,,,,0
박문여자고등학교,인천,고,사립,여자,인천광역시 연수구 송도과학로51번길 16 . 박문여자고등학교 (송도동),0,,,0,,,,,,,,,,,,,,,,,,,,,0
서인천고등학교,인천,고,사립,남여공학,인천광역시 서구 서곶로 475 (검암동),0,,,0,,,,,,,,,,,,,,,,,,,,,0
인천마전고등학교,인천,고,공립,남자,인천광역시 서구 마전로 74 (마전동. 인천마전고등학교),0,,,0,,,,,,,,,,,,,,,,,,,,,0
세일고등학교,인천,고,사립,남자,인천광역시 부평구 원적로 245 (산곡동),0,,,1,2020.0,,,,,,,,,,,,,,,,,,,,0
송도고등학교,인천,고,사립,남자,인천광역시 연수구 독배로 91 (옥련동),1,2023.0,교육활동 모델교,0,,,,,,,,,,,,,,,,,,,,,0
숭덕여자고등학교,인천,고,사립,여자,인천광역시 남동구 만수로73번길 20-23 (만수동.숭덕여자고등학교),0,,,0,,,,,,,,,,,,,,,,,,,,,0
신명여자고등학교,인천,고,사립,여자,인천광역시 남동구 용천로205번길 42 . 신명여자고등학교 (간석동),1,2023.0,교육활동 모델교,0,,,,,,,,,,,,,,,,,,,,,0
인성여자고등학교,인천,고,사립,여자,인천광역시 중구 홍예문로 39 (송학동2가),0,,,0,,,,,,,,,,,,,,,,,,,,,0
인하대학교사범대학부속고등학교,인천,고,사립,남자,인천광역시 미추홀구 재넘이길123번길 29 (학익동. 인하사범대부속중고등학교),0,,,0,,,,,,,,,,,,,,,,,,,,,0
제일고등학교,인천,고,사립,남자,인천광역시 부평구 경인로759번길 28 (십정동),0,,,0,,,,,,,,,,,,,,,,,,,,,0
인항고등학교,인천,고,사립,남자,인천광역시 미추홀구 매소홀로 135 (용현동. 인항고등학교),0,,,0,,,,,,,,,,,,,,,,,,,,,0
안남고등학교,인천,고,공립,남여공학,인천광역시 계양구 아나지로308번길 9 (작전동),0,,,0,,,,,,,,,,,,,,,,,,,,,0
작전고등학교,인천,고,공립,남자,인천광역시 계양구 봉오대로729번길 27 (작전동),0,,,0,,,,,,,,,,,,,,,,,,,,,0
작전여자고등학교,인천,고,공립,여자,인천광역시 계양구 주부토로426번길 15 (작전동),0,,,0,,,,,,,,,,,,,,,,,,,,,0
옥련여자고등학교,인천,고,공립,여자,인천광역시 연수구 옥골로 69 (옥련동),0,,,0,,,,,,,,,,,,,,,,,,,,,0
가좌고등학교,인천,고,공립,남여공학,인천광역시 서구 장고개로287번길 24 (가좌동),0,,,0,,,,,,,,,,,,,,,,,,,,,0
부개고등학교,인천,고,공립,남여공학,인천광역시 부평구 수변로57번길 36 (부개동.부개고등학교),0,,,0,,,,,,,,,,,,,,,,,,,,,0
도림고등학교,인천,고,공립,남자,인천광역시 남동구 비류대로762번길 10 (도림동),0,,,0,,,,,,,,,,,,,,,,,,,,,0
인천부흥고등학교,인천,고,공립,남여공학,인천광역시 부평구 수변로57번길 61 (부개동),1,2023.0,교육활동 모델교,0,,,,,,,,,,,,,,,,,,,,,0
신송고등학교,인천,고,공립,남자,인천광역시 연수구 신송로6번길 56 (송도동) 신송고등학교,0,,,0,,,,,,,,,,,,,,,,,,,,,0
인천만수고등학교,인천,고,공립,남자,인천광역시 남동구 장승로 91 (만수동),0,,,0,,,,,,,,,,,,,,,,,,,,,0
인천신현고등학교,인천,고,공립,여자,인천광역시 서구 염곡로 399 (신현동),0,,,0,,,,,,,,,,,,,,,,,,,,,0
인천남동고등학교,인천,고,공립,남자,인천광역시 남동구 은봉로 283 . 인천남동고등학교 (논현동),0,,,0,,,,,,,,,,,,,,,,,,,,,0
인천체육고등학교,인천,고,공립,남여공학,인천광역시 서구 로봇랜드로 473 (청라동. 인천체육고등학교),0,,,0,,,,,,,,,,,,,,,,,,,,,0
인천과학고등학교,인천,고,공립,남여공학,인천광역시 중구 영종대로277번길 74-37 (운서동),0,,,0,,,,,,,,,,,,,,,,,,,,,0
인천진산과학고등학교,인천,고,공립,남여공학,인천광역시 부평구 굴포로 194-9 (삼산동),1,2023.0,교육활동 모델교,0,,,,,,,,,,,,,,,,,,,,,0
인천과학예술영재학교,인천,고,공립,남여공학,인천광역시 연수구 아카데미로 192 (송도동) 인천과학예술영재학교,0,,,1,2020.0,,,,,,,,,,,,,,,,,,,,0
인천예술고등학교,인천,고,공립,남여공학,인천광역시 남동구 구월로115번길 36 (간석동),0,,,0,,,,,,,,,,,,,,,,,,,,,0
미추홀외국어고등학교,인천,고,공립,남여공학,인천광역시 남동구 에코중앙로 130 (논현동),0,,,0,,,,,,,,,,,,,,,,,,,,,0
인천외국어고등학교,인천,고,사립,남여공학,인천광역시 부평구 원적로 262 . 인천외국어고등학교 (산곡동),0,,,0,,,,,,,,,,,,,,,,,,,,,0
인천국제고등학교,인천,고,공립,남여공학,인천광역시 중구 영종대로277번길 74-40 (운서동),0,,,0,,,,,,,,,,,,,,,,,,,,,0
인평자동차고등학교,인천,고,사립,남여공학,인천광역시 부평구 화랑로 111 (산곡동),0,,,0,,,,,,,,,,,,,,,,,,,,,0
계산공업고등학교,인천,고,공립,남자,인천광역시 계양구 도두리로 47 (계산동),0,,,0,,,,,,,,,,,,,,,,,,,,,0
인천미래생활고등학교,인천,고,공립,여자,인천광역시 부평구 수변로 165 (부개동),0,,,0,,,,,,,,,,,,,,,,,,,,,0
강남영상미디어고등학교,인천,고,공립,남여공학,인천광역시 강화군 길상면 강화남로 57 (길상면),0,,,0,,,,,,,,,,,,,,,,,,,,,0
부평공업고등학교,인천,고,공립,남자,인천광역시 부평구 주부토로 194 (갈산동),0,,,0,,,,,,,,,,,,,,,,,,,,,0
인천하이텍고등학교,인천,고,공립,남자,인천광역시 미추홀구 석정로 165 (도화동),0,,,0,,,,,,,,,,,,,,,,,,,,,0
도화기계공업고등학교,인천,고,공립,남자,인천광역시 미추홀구 석정로 165 (도화동),0,,,0,,,,,,,,,,,,,,,,,,,,,0
인천기계공업고등학교,인천,고,공립,남자,인천광역시 미추홀구 한나루로 545 (주안동. 인천기계공업고등학교),0,,,0,,,,,,,,,,,,,,,,,,,,,0
인천디자인고등학교,인천,고,공립,남여공학,인천광역시 서구 대평로56번길 10 . 인천디자인고등학교 (연희동),0,,,0,,,,,,,,,,,,,,,,,,,,,0
인천뷰티예술고등학교,인천,고,공립,여자,인천광역시 연수구 원인재로 21 . 인천뷰티예술고등학교 (동춘동),0,,,0,,,,,,,,,,,,,,,,,,,,,0
인천전자마이스터고등학교,인천,고,공립,남여공학,인천광역시 남구 석정로 165 (도화동),0,,,0,,,,,,,,,,,,,,,,,,,,,0
인천정보산업고등학교,인천,고,공립,남자,인천광역시 중구 참외전로 192 (율목동),0,,,1,2018.0,,,,,,,,,,,,,,,,,,,,0
청학공업고등학교,인천,고,공립,남자,인천광역시 연수구 용담로 12 (청학동),0,,,0,,,,,,,,,,,,,,,,,,,,,0
재능고등학교,인천,고,사립,남자,인천광역시 동구 재능로 178 . 재능고등학교 (송림동),0,,,0,,,,,,,,,,,,,,,,,,,,,0
정석항공과학고등학교,인천,고,사립,남여공학,인천광역시 미추홀구 인하로 100 (용현동.정석항공고),0,,,0,,,,,,,,,,,,,,,,,,,,,0
한국주얼리고등학교,인천,고,사립,남여공학,인천광역시 서구 서곶로 693-1 . 한국주얼리고등학교 (백석동),0,,,0,,,,,,,,,,,,,,,,,,,,,0
인천비즈니스고등학교,인천,고,공립,여자,인천광역시 미추홀구 장고개로 31 (도화동. 인천비즈니스고등학교),0,,,0,,,,,,,,,,,,,,,,,,,,,0
문학정보고등학교,인천,고,공립,여자,인천광역시 미추홀구 소성로350번길 29 (문학동. 문학정보고등학교),0,,,0,,,,,,,,,,,,,,,,,,,,,0
영종국제물류고등학교,인천,고,공립,남여공학,인천광역시 중구 운남서로10번길 1 (운남동),0,,,0,,,,,,,,,,,,,,,,,,,,,0
인천여자상업고등학교,인천,고,공립,여자,인천광역시 중구 인중로 146 (신생동),0,,,0,,,,,,,,,,,,,,,,,,,,,0
인천보건고등학교,인천,고,사립,여자,인천광역시 서구 서달로 58-16 . 인천보건고등학교 (석남동),0,,,0,,,,,,,,,,,,,,,,,,,,,0
인천금융고등학교,인천,고,사립,여자,인천광역시 남동구 함박뫼로 438-10 . 인천금융고등학교 (논현동),0,,,0,,,,,,,,,,,,,,,,,,,,,0
인천세무고등학교,인천,고,사립,여자,인천광역시 서구 청마로 52 . 인천세무고등학교 (당하동),0,,,0,,,,,,,,,,,,,,,,,,,,,0
영화관광경영고등학교,인천,고,사립,여자,인천광역시 동구 우각로 39 (창영동),0,,,0,,,,,,,,,,,,,,,,,,,,,0
인천중앙여자상업고등학교,인천,고,사립,여자,인천광역시 중구 샛골로 31 (도원동),0,,,0,,,,,,,,,,,,,,,,,,,,,0
인천해양과학고등학교,인천,고,공립,남자,인천광역시 연수구 능허대로 71 (옥련동),0,,,0,,,,,,,,,,,,,,,,,,,,,0
인천해사고등학교,인천,고,국립,남여공학,인천광역시 중구 월미로 338 (북성동1가),0,,,0,,,,,,,,,,,,,,,,,,,,,0
인천생활과학고등학교,인천,고,공립,남여공학,인천광역시 연수구 함박뫼로 103 . 인천생활과학고 (연수동),0,,,0,,,,,,,,,,,,,,,,,,,,,0
덕적초등학교,인천,초,공립,,인천광역시 옹진군 덕적면 덕적남로 15 (덕적면. 덕적초중고등학교),0,,,0,,,,,,,,,,,,,,,,,,,,,0
인천용학초등학교,인천,초,공립,,인천광역시 미추홀구 용정공원로83번길 9 (용현동. 인천 용학초등학교),0,,,0,,,,,,,,,,,,,,,,,,,,,0
인천남부초등학교이작분교장,인천,초,공립,,인천광역시 옹진군 자월면 대이작로 60 (자월면. 인천남부초등학교이작분교),0,,,0,,,,,,,,,,,,,,,,,,,,,0
대청초등학교소청분교장,인천,초,공립,,인천광역시 옹진군 대청면 소청동로 69-13 (대청면. 대청초등학교소청분교),0,,,0,,,,,,,,,,,,,,,,,,,,,0
인천공항초등학교,인천,초,공립,,인천광역시 중구 신도시남로 43 (운서동. 공항초등학교),0,,,0,,,,,,,,,,,,,,,,,,,,,0
인천관교초등학교,인천,초,공립,,인천광역시 미추홀구 인하로 414 . 인천관교초등학교 (관교동. 인천관교초등학교),0,,,0,,,,,,,,,,,,,,,,,,,,,0
인천남부초등학교,인천,초,공립,,인천광역시 남구 인주대로366번길 22 (주안동. 남부초등학교) 인천남부초등학교,0,,,1,2019.0,,,,,,,,,,,,,,,,,,,,0
인천삼목초등학교장봉분교장,인천,초,공립,,인천광역시 옹진군 북도면 장봉로 553 (북도면),0,,,0,,,,,,,,,,,,,,,,,,,,,0
인천영종초등학교금산분교장,인천,초,공립,,인천광역시 중구 백운로414번길 63-50 (운북동. 금산초등학교),0,,,0,,,,,,,,,,,,,,,,,,,,,0
대청초등학교,인천,초,공립,,인천광역시 옹진군 대청면 대청로244번길 110 (대청면. 대청초등학교),0,,,0,,,,,,,,,,,,,,,,,,,,,0
인천대화초등학교,인천,초,공립,,인천광역시 미추홀구 석정로301번길 13 (도화동. 대화초등학교),0,,,1,2015.0,,,,,,,,,,,,,,,,,,,,0
인천도화초등학교,인천,초,공립,,인천광역시 미추홀구 경인로 242 (도화동. 도화초등학교),1,2023.0,교육활동 모델교,1,2020.0,,,,,,,,,,,,,,,,,,,,1
인천송림초등학교,인천,초,공립,,인천광역시 동구 배송로 2 (송림동),0,,,0,,,,,,,,,,,,,,,,,,,,,0
인천만석초등학교,인천,초,공립,,인천광역시 동구 제물량로 412 . 인천만석초등학교(화수동. 만석초등학교),0,,,0,,,,,,,,,,,,,,,,,,,,,0
인천문학초등학교,인천,초,공립,,인천광역시 미추홀구 매소홀로 553 (문학동. 문학초등학교),0,,,0,,,,,,,,,,,,,,,,,,,,,0
백령초등학교,인천,초,공립,,인천광역시 옹진군 백령면 백령로316번길 91 (백령면. 백령초등학교),0,,,0,,,,,,,,,,,,,,,,,,,,,0
인천백학초등학교,인천,초,공립,,인천광역시 미추홀구 매소홀로446번길 25 (학익동. 백학초등학교),0,,,0,,,,,,,,,,,,,,,,,,,,,0
인천공항초등학교신도분교장,인천,초,공립,,인천광역시 옹진군 북도면 신도로896번길 18-31 (북도면),0,,,0,,,,,,,,,,,,,,,,,,,,,0
북포초등학교,인천,초,공립,,인천광역시 옹진군 백령면 가을길 117 . 북포초등학교 (백령면),0,,,0,,,,,,,,,,,,,,,,,,,,,0
인천서림초등학교,인천,초,공립,,인천광역시 동구 금곡로 105 (금곡동),0,,,0,,,,,,,,,,,,,,,,,,,,,0
인천서화초등학교,인천,초,공립,,인천광역시 남구 송림로 250 (도화동.서화초등학교),0,,,1,2019.0,,,,,,,,,,,,,,,,,,,,0
인천서흥초등학교,인천,초,공립,,인천광역시 동구 샛골로 189 (송림동),0,,,0,,,,,,,,,,,,,,,,,,,,,0
인천석암초등학교,인천,초,공립,,인천광역시 남구 주안동로 46 . 석암초등학교 (주안동),0,,,0,,,,,,,,,,,,,,,,,,,,,0
인천용유초등학교무의분교장,인천,초,공립,,인천광역시 중구 대무의로 302-8 (무의동),0,,,0,,,,,,,,,,,,,,,,,,,,,0
인천송월초등학교,인천,초,공립,,인천광역시 중구 자유공원로 106-8 . 인천송월초등학교 (전동. 인천송월초등학교),0,,,0,,,,,,,,,,,,,,,,,,,,,0
인천용현남초등학교자월분교장,인천,초,공립,,인천광역시 옹진군 자월면 자월서로 177 . 인천용현남초등학교자월분교장 (자월면),0,,,0,,,,,,,,,,,,,,,,,,,,,0
인천송현초등학교,인천,초,공립,,인천광역시 동구 송화로 45 (송현동. 송현초등학교),1,2023.0,교육활동 모델교,1,2016.0,,,,,,,,,,,,,,,,,,,,1
인천숭의초등학교,인천,초,공립,,인천광역시 미추홀구 장천로 99 (숭의동. 숭의초등학교),0,,,0,,,,,,,,,,,,,,,,,,,,,0
인천승학초등학교,인천,초,공립,,인천광역시 미추홀구 주승로 259 (관교동. 승학초등학교),0,,,0,,,,,,,,,,,,,,,,,,,,,0
인천신선초등학교,인천,초,공립,,인천광역시 중구 축항대로291번길 33 (신흥동3가. 신선초등학교),0,,,0,,,,,,,,,,,,,,,,,,,,,0
인천신흥초등학교,인천,초,공립,,인천광역시 중구 제물량로 134 (답동. 인천신흥초등학교),0,,,0,,,,,,,,,,,,,,,,,,,,,0
인천연안초등학교,인천,초,공립,,인천광역시 중구 연안부두로33번길 53 . 인천연안초등학교 (항동7가),0,,,0,,,,,,,,,,,,,,,,,,,,,0
연평초등학교,인천,초,공립,,인천광역시 옹진군 연평면 연평로137번길 101 . 연평초중고등학교 (연평면),0,,,0,,,,,,,,,,,,,,,,,,,,,0
인천영종초등학교,인천,초,공립,,인천광역시 중구 하늘달빛로 133 . 인천영종초등학교 (중산동),0,,,1,2018.0,,,,,,,,,,,,,,,,,,,,0
영흥초등학교,인천,초,공립,,인천광역시 옹진군 영흥면 영흥로 440-8 (영흥면. 영흥초등학교),0,,,0,,,,,,,,,,,,,,,,,,,,,0
인천용유초등학교,인천,초,공립,,인천광역시 중구 남북로 87 . 4 인천 용유초등학교 (남북동),0,,,0,,,,,,,,,,,,,,,,,,,,,0
인천용일초등학교,인천,초,공립,,인천광역시 미추홀구 인주대로 244 (용현동. 용일초등학교),0,,,0,,,,,,,,,,,,,,,,,,,,,0
인천용정초등학교,인천,초,공립,,인천광역시 남구 독정안길 26 (숭의동),0,,,0,,,,,,,,,,,,,,,,,,,,,0
인천용현초등학교,인천,초,공립,,인천광역시 미추홀구 낙섬동로 83 (용현동. 용현초등학교),0,,,0,,,,,,,,,,,,,,,,,,,,,0
인천용현남초등학교,인천,초,공립,,인천광역시 미추홀구 매소홀로 133 (용현동. 인천용현남초등학교),0,,,0,,,,,,,,,,,,,,,,,,,,,0
인천운서초등학교,인천,초,공립,,인천광역시 중구 운서2로 57 (운서동.인천운서초등학교),0,,,0,,,,,,,,,,,,,,,,,,,,,0
영화초등학교,인천,초,사립,,인천광역시 동구 우각로 39 . 영화초등학교 (창영동. 영화관광경영고등학교. 영화초등학교),1,2023.0,교육활동 모델교,0,,,,,,,,,,,,,,,,,,,,,0
인천주안남초등학교승봉분교장,인천,초,공립,,인천광역시 옹진군 자월면 승봉로67번길 43-18 (자월면. 인천주안남초등학교승봉분교),0,,,0,,,,,,,,,,,,,,,,,,,,,0
인천인주초등학교,인천,초,공립,,인천광역시 미추홀구 매소홀로475번길 53 (학익동. 인천인주초등학교),0,,,1,2019.0,,,,,,,,,,,,,,,,,,,,0
인천신광초등학교,인천,초,공립,,인천광역시 중구 인중로 63 . 신광초등학교 (신흥동3가),0,,,0,,,,,,,,,,,,,,,,,,,,,0
인천주안초등학교,인천,초,공립,,인천광역시 남구 남주길69번길 16 . 주안초등학교 (주안동),0,,,0,,,,,,,,,,,,,,,,,,,,,0
인천주안남초등학교,인천,초,공립,,인천광역시 미추홀구 인주대로434번길 11 (주안동),0,,,0,,,,,,,,,,,,,,,,,,,,,0
인천주안북초등학교,인천,초,공립,,인천광역시 미추홀구 석정로375번길 14 (주안동. 인천 주안북초등학교),0,,,0,,,,,,,,,,,,,,,,,,,,,0
인천창영초등학교,인천,초,공립,,인천광역시 동구 우각로15번길 16 (창영동. 창영초등학교),0,,,0,,,,,,,,,,,,,,,,,,,,,0
인천하늘초등학교,인천,초,공립,,인천광역시 중구 은하수로 294 (중산동. 영종하늘초등학교),1,2023.0,교육활동 모델교,1,2020.0,,,,,,,,,,,,,,,,,,,,1
인천학익초등학교,인천,초,공립,,인천광역시 미추홀구 한나루로403번길 122 (학익동. 학익초등학교),1,2023.0,교육활동 모델교,0,,,,,,,,,,,,,,,,,,,,,0
인천연학초등학교,인천,초,공립,,인천광역시 남구 주승로 20 (학익동),0,,,1,2018.0,,,,,,,,,,,,,,,,,,,,0
인천삼목초등학교,인천,초,공립,,인천광역시 중구 신도시북로 42 (운서동.인천삼목초등학교),0,,,0,,,,,,,,,,,,,,,,,,,,,0
인천학산초등학교,인천,초,공립,,인천광역시 남구 한나루로357번길 66 . 인천학산초등학교  (학익동. 학산초등학교),0,,,1,2020.0,,,,,,,,,,,,,,,,,,,,0
인천경원초등학교,인천,초,공립,,인천광역시 미추홀구 경인로 511 (주안동. 경원초등학교),1,2023.0,교육활동 모델교,0,,,,,,,,,,,,,,,,,,,,,0
인천운남초등학교,인천,초,공립,,인천광역시 중구 운남서로 38 (운남동. 운남초등학교),0,,,0,,,,,,,,,,,,,,,,,,,,,0
인천동명초등학교,인천,초,사립,,인천광역시 동구 송림로70번길 10 (송림동),0,,,0,,,,,,,,,,,,,,,,,,,,,0
인성초등학교,인천,초,사립,,인천광역시 중구 신포로39번길 42 . 인성초등학교 (송학동2가. 인성초등학교),0,,,0,,,,,,,,,,,,,,,,,,,,,0
덕적중학교,인천,중,공립,남여공학,인천광역시 옹진군 덕적면 덕적남로 15 (덕적면. 덕적초중고등학교),0,,,0,,,,,,,,,,,,,,,,,,,,,0
인천공항중학교,인천,중,공립,남여공학,인천광역시 중구 영종대로27번길 49 . 인천공항중학교 (운서동. 인천공항중학교),0,,,1,2019.0,,,,,,,,,,,,,,,,,,,,0
관교중학교,인천,중,공립,남자,인천광역시 남구 경원대로670번길 19 (관교동. 관교중학교),0,,,0,,,,,,,,,,,,,,,,,,,,,0
관교여자중학교,인천,중,공립,여자,인천광역시 남구 경원대로 691 . (관교동. 관교여자중학교) (관교동. 관교여자중학교),0,,,1,2019.0,,,,,,,,,,,,,,,,,,,,0
인천남중학교,인천,중,공립,남자,인천광역시 미추홀구 수봉로 16-23 (숭의동. 인천남 중학교),0,,,1,2016.0,,,,,,,,,,,,,,,,,,,,0
남인천여자중학교,인천,중,공립,여자,인천광역시 미추홀구 인하로 426 (관교동. 남인천여자중학교),0,,,0,,,,,,,,,,,,,,,,,,,,,0
대청중학교,인천,중,공립,남여공학,인천광역시 옹진군 대청면 대청로244번길 116-45 (대청면),0,,,0,,,,,,,,,,,,,,,,,,,,,0
신흥여자중학교,인천,중,공립,여자,인천광역시 중구 인항로24번길 37 (신흥동3가. 신흥여자중학교),0,,,0,,,,,,,,,,,,,,,,,,,,,0
선인중학교,인천,중,공립,남자,인천광역시 남구 석정로 165 . 선인중학교 (도화동),0,,,0,,,,,,,,,,,,,,,,,,,,,0
백령중학교,인천,중,공립,남여공학,인천광역시 옹진군 백령면 백령로 708 . 백령중학교 (백령면. 백령고등학교. 백령중학교),1,2023.0,교육활동 모델교,1,2020.0,,,,,,,,,,,,,,,,,,,,1
선화여자중학교,인천,중,공립,여자,인천광역시 미추홀구 석정로 165 . 선화여자중학교 (도화동),0,,,0,,,,,,,,,,,,,,,,,,,,,0
신흥중학교,인천,중,공립,남자,인천광역시 중구 인항로24번길 38 (신흥동3가),0,,,0,,,,,,,,,,,,,,,,,,,,,0
연평중학교,인천,중,공립,남여공학,인천광역시 옹진군 연평면 연평로137번길 101 . 연평초중고등학교 (연평면),0,,,0,,,,,,,,,,,,,,,,,,,,,0
영종중학교,인천,중,공립,남여공학,인천광역시 중구 남디로 92 (운남동. 영종중학교),0,,,0,,,,,,,,,,,,,,,,,,,,,0
영흥중학교,인천,중,공립,남여공학,인천광역시 옹진군 영흥면 내동로 107 (영흥면. 영흥고등학교. 영흥중학교),0,,,0,,,,,,,,,,,,,,,,,,,,,0
용유중학교,인천,중,공립,남여공학,인천광역시 중구 남북로 87 . 4 (남북동),0,,,0,,,,,,,,,,,,,,,,,,,,,0
용현중학교,인천,중,공립,남자,인천광역시 미추홀구 낙섬동로 16 (용현동. 용현중학교),0,,,0,,,,,,,,,,,,,,,,,,,,,0
용현여자중학교,인천,중,공립,여자,인천광역시 미추홀구 낙섬동로 28 (용현동. 용현여자중학교),0,,,0,,,,,,,,,,,,,,,,,,,,,0
인화여자중학교,인천,중,공립,여자,인천광역시 남구 석정로 165 . 인화여자중학교 (도화동),0,,,0,,,,,,,,,,,,,,,,,,,,,0
제물포여자중학교,인천,중,공립,여자,인천광역시 남구 인주대로470번길 20 (주안동. 제물포여자중학교),0,,,0,,,,,,,,,,,,,,,,,,,,,0
화도진중학교,인천,중,공립,남여공학,인천광역시 동구 화수로 64 (화수동.화도진중학교),0,,,0,,,,,,,,,,,,,,,,,,,,,0
인주중학교,인천,중,공립,남여공학,인천광역시 남구 매소홀로 335 (학익동. 인주중학교),1,2023.0,교육활동 모델교,1,2019.0,,,,,,,,,,,,,,,,,,,,1
광성중학교,인천,중,사립,남자,인천광역시 중구 참외전로244번길 47 . 광성중학교 (도원동),0,,,1,2016.0,,,,,,,,,,,,,,,,,,,,0
재능중학교,인천,중,사립,남자,인천광역시 동구 재능로 178 (송림동),0,,,0,,,,,,,,,,,,,,,,,,,,,0
동산중학교,인천,중,사립,남자,인천광역시 동구 동산로 58 . 동산중학교 (송림동.동산고등학교),0,,,1,2020.0,,,,,,,,,,,,,,,,,,,,0
송도중학교,인천,중,사립,남자,인천광역시 중구 제물량로 123 . 송도중학교 (답동),1,2023.0,교육활동 모델교,1,2015.0,,,,,,,,,,,,,,,,,,,,1
인성여자중학교,인천,중,사립,여자,인천광역시 중구 홍예문로 39 (송학동2가.인성여자중학교),0,,,0,,,,,,,,,,,,,,,,,,,,,0
인하대학교사범대학부속중학교,인천,중,사립,남자,인천광역시 미추홀구 재넘이길123번길 29 (학익동. 인하사범대부속중학교),1,2023.0,교육활동 모델교,1,2015.0,,,,,,,,,,,,,,,,,,,,1
인천개흥초등학교,인천,초,공립,,인천광역시 부평구 길주남로 65 . 11 (부평동),0,,,0,,,,,,,,,,,,,,,,,,,,,0
인천대정초등학교,인천,초,공립,,인천광역시 부평구 안남로 115 (산곡동),0,,,0,,,,,,,,,,,,,,,,,,,,,0
인천상정초등학교,인천,초,공립,,인천광역시 부평구 상정로 50 (십정동. 인천상정초등학교),0,,,0,,,,,,,,,,,,,,,,,,,,,0
인천갈산초등학교,인천,초,공립,,인천광역시 부평구 갈월동로 55 . 인천갈산초등학교 (갈산동. 인천갈산초등학교),0,,,0,,,,,,,,,,,,,,,,,,,,,0
인천갈월초등학교,인천,초,공립,,인천광역시 부평구 주부토로 165 (갈산동. 인천갈월초등학교),0,,,0,,,,,,,,,,,,,,,,,,,,,0
인천구산초등학교,인천,초,공립,,인천광역시 부평구 부개로 93 (부개동. 인천구산초등학교),1,2023.0,교육활동 모델교,0,,,,,,,,,,,,,,,,,,,,,0
인천동수초등학교,인천,초,공립,,인천광역시 부평구 동수로120번길 10 (부개동),0,,,0,,,,,,,,,,,,,,,,,,,,,0
인천동암초등학교,인천,초,공립,,인천광역시 부평구 동암남로35번길 4 . 동암초등학교 (십정동.동암초등학교),0,,,0,,,,,,,,,,,,,,,,,,,,,0
인천마곡초등학교,인천,초,공립,,인천광역시 부평구 마곡로27번길 16 (산곡동.인천마곡초등학교),0,,,0,,,,,,,,,,,,,,,,,,,,,0
인천마장초등학교,인천,초,공립,,인천광역시 부평구 안남로 266 (청천동. 인천마장초등학교),0,,,0,,,,,,,,,,,,,,,,,,,,,0
인천미산초등학교,인천,초,공립,,인천광역시 부평구 원적로 391 .인천미산초등학교(산곡동),0,,,0,,,,,,,,,,,,,,,,,,,,,0
인천백운초등학교,인천,초,공립,,인천광역시 부평구 아트센터로 130 (십정동),0,,,0,,,,,,,,,,,,,,,,,,,,,0
인천부개초등학교,인천,초,공립,,인천광역시 부평구 마분로 9 . 인천부개초등학교 (부개동. 인천부개초등학교),0,,,0,,,,,,,,,,,,,,,,,,,,,0
인천부개서초등학교,인천,초,공립,,인천광역시 부평구 부일로 39 . 인천부개서초등학교 (부개동. 155-1),0,,,0,,,,,,,,,,,,,,,,,,,,,0
인천부곡초등학교,인천,초,공립,,인천광역시 부평구 마장로272번길 73 (산곡동),0,,,0,,,,,,,,,,,,,,,,,,,,,0
인천부광초등학교,인천,초,공립,,인천광역시 부평구 충선로 104 (부개동),0,,,0,,,,,,,,,,,,,,,,,,,,,0
인천부내초등학교,인천,초,공립,,인천광역시 부평구 수변로 129 (부개동),1,2023.0,교육활동 모델교,1,2018.0,,,,,,,,,,,,,,,,,,,,1
인천부마초등학교,인천,초,공립,,인천광역시 부평구 안남로253번길 41 (산곡동. 인천부마초등학교),0,,,1,2019.0,,,,,,,,,,,,,,,,,,,,0
인천부원초등학교,인천,초,공립,,인천광역시 부평구 원적로472번길 29 (부평동. 인천부원초등학교),0,,,0,,,,,,,,,,,,,,,,,,,,,0
인천부평남초등학교,인천,초,공립,,인천광역시 부평구 경인로911번길 28 (부평동. 인천부평남초등학교),0,,,0,,,,,,,,,,,,,,,,,,,,,0
인천부평동초등학교,인천,초,공립,,인천광역시 부평구 부평대로 88 . 19 (부평동),0,,,1,2017.0,,,,,,,,,,,,,,,,,,,,0
인천부평북초등학교,인천,초,공립,,인천광역시 부평구 주부토로 292 (갈산동. 인천부평북초등학교),0,,,0,,,,,,,,,,,,,,,,,,,,,0
인천부평서초등학교,인천,초,공립,,인천광역시 부평구 부평문화로53번길 19 . 부평서초등학교 (부평동. 북부교육청),0,,,0,,,,,,,,,,,,,,,,,,,,,0
인천부흥초등학교,인천,초,공립,,인천광역시 부평구 부흥로366번길 34 (부평동. 인천부흥초등학교),0,,,0,,,,,,,,,,,,,,,,,,,,,0
인천부일초등학교,인천,초,공립,,인천광역시 부평구 부흥북로 175 . 인천부일초등학교 (부개동),0,,,0,,,,,,,,,,,,,,,,,,,,,0
인천산곡초등학교,인천,초,공립,,인천광역시 부평구 길주로354번길 39 (산곡동. 인천산곡초등학교),0,,,0,,,,,,,,,,,,,,,,,,,,,0
인천산곡남초등학교,인천,초,공립,,인천광역시 부평구 부흥로144번길 30 (산곡동. 산곡남초등학교),0,,,0,,,,,,,,,,,,,,,,,,,,,0
인천산곡북초등학교,인천,초,공립,,인천광역시 부평구 산청로 18 (산곡동. 인천산곡북초등학교),0,,,0,,,,,,,,,,,,,,,,,,,,,0
인천삼산초등학교,인천,초,공립,,인천광역시 부평구 후정동로 44 (삼산동),0,,,0,,,,,,,,,,,,,,,,,,,,,0
인천용마초등학교,인천,초,공립,,인천광역시 부평구 세월천로30번길 58 (청천동.용마초등학교),0,,,1,2019.0,,,,,,,,,,,,,,,,,,,,0
인천신촌초등학교,인천,초,공립,,인천광역시 부평구 경원대로 1215 (십정동. 인천신촌초등학교),0,,,0,,,,,,,,,,,,,,,,,,,,,0
인천십정초등학교,인천,초,공립,,인천광역시 부평구 배곶북로 10-6 . 인천십정초등학교 (십정동),0,,,0,,,,,,,,,,,,,,,,,,,,,0
인천일신초등학교,인천,초,공립,,인천광역시 부평구 항동로75번길 36 (일신동. 인천일신초등학교),0,,,0,,,,,,,,,,,,,,,,,,,,,0
인천청천초등학교,인천,초,공립,,인천광역시 부평구 산청로127번길 12-5 (청천동. 인천청천초등학교),0,,,0,,,,,,,,,,,,,,,,,,,,,0
인천하정초등학교,인천,초,공립,,인천광역시 부평구 이규보로 14 . 십정동 393 (십정동. 인천하정초등학교),0,,,0,,,,,,,,,,,,,,,,,,,,,0
인천한길초등학교,인천,초,공립,,인천광역시 부평구 영성중로 32 (삼산동),0,,,0,,,,,,,,,,,,,,,,,,,,,0
인천후정초등학교,인천,초,공립,,인천광역시 부평구 영성서로 56 (삼산동),0,,,0,,,,,,,,,,,,,,,,,,,,,0
인천굴포초등학교,인천,초,공립,,인천광역시 부평구 충선로234번길 19 . 인천굴포초등학교 (삼산동),0,,,1,2020.0,,,,,,,,,,,,,,,,,,,,0
인천진산초등학교,인천,초,공립,,인천광역시 부평구 굴포로 194-10 (삼산동. 인천진산초등학교),0,,,0,,,,,,,,,,,,,,,,,,,,,0
인천영선초등학교,인천,초,공립,,인천광역시 부평구 충선로 293 (삼산동.영선초등학교),0,,,1,2020.0,,,,,,,,,,,,,,,,,,,,0
인천금마초등학교,인천,초,공립,,인천광역시 부평구 일신로 88 (구산동. 금마초등학교),1,2023.0,교육활동 모델교,0,,,,,,,,,,,,,,,,,,,,,0
한일초등학교,인천,초,사립,,인천광역시 부평구 원적로 247 (산곡동),0,,,0,,,,,,,,,,,,,,,,,,,,,0
구산중학교,인천,중,공립,남여공학,인천광역시 부평구 수변로 199 (부개동. 구산중학교),0,,,0,,,,,,,,,,,,,,,,,,,,,0
인천상정중학교,인천,중,공립,남여공학,인천광역시 부평구 경원대로 1083 (십정동. 상정중학교),0,,,1,2020.0,,,,,,,,,,,,,,,,,,,,0
갈산중학교,인천,중,공립,남여공학,인천광역시 부평구 주부토로 166 . 갈산중학교 (갈산동),0,,,0,,,,,,,,,,,,,,,,,,,,,0
동암중학교,인천,중,공립,남자,인천광역시 부평구 동암산로 43번길 12 (십정동),0,,,1,2019.0,,,,,,,,,,,,,,,,,,,,0
부광중학교,인천,중,공립,남여공학,인천광역시 부평구 충선로 140 . 부광중학교 (부개동),0,,,0,,,,,,,,,,,,,,,,,,,,,0
부원중학교,인천,중,공립,남자,인천광역시 부평구 경원대로 1339 (부평동. 인천 부원중학교),0,,,0,,,,,,,,,,,,,,,,,,,,,0
부원여자중학교,인천,중,공립,여자,인천광역시 부평구 부영로 88 (부평동. 부원여자중학교),0,,,1,2015.0,,,,,,,,,,,,,,,,,,,,0
부일중학교,인천,중,공립,남여공학,인천광역시 부평구 영성로 3 . 부일중학교 (삼산동),1,2023.0,교육활동 모델교,0,,,,,,,,,,,,,,,,,,,,,0
부일여자중학교,인천,중,공립,여자,인천광역시 부평구 동수로 8 (부평동. 부일여자중학교),0,,,0,,,,,,,,,,,,,,,,,,,,,0
부평중학교,인천,중,공립,남자,인천광역시 부평구 부흥북로57번길 10 (부평동. 부평중학교),1,2023.0,교육활동 모델교,0,,,,,,,,,,,,,,,,,,,,,0
부평서중학교,인천,중,공립,남자,인천광역시 부평구 화랑로 29 (십정동. 부평서중학교),0,,,0,,,,,,,,,,,,,,,,,,,,,0
부평서여자중학교,인천,중,공립,여자,인천광역시 부평구 경원대로 1213 (십정동. 부평서여자중학교),0,,,0,,,,,,,,,,,,,,,,,,,,,0
부평여자중학교,인천,중,공립,여자,인천광역시 부평구 부평문화로 193-1 (부개동. 부평여자중학교),0,,,0,,,,,,,,,,,,,,,,,,,,,0
부흥중학교,인천,중,공립,남여공학,인천광역시 부평구 충선로 152 (부개동. 부흥중학교),0,,,0,,,,,,,,,,,,,,,,,,,,,0
산곡중학교,인천,중,공립,남자,인천광역시 부평구 원적로300번길 14 (산곡동),0,,,0,,,,,,,,,,,,,,,,,,,,,0
산곡남중학교,인천,중,공립,남자,인천광역시 부평구 안남로 187 (산곡동. 산곡남중학교),0,,,1,2020.0,,,,,,,,,,,,,,,,,,,,0
산곡여자중학교,인천,중,공립,여자,인천광역시 부평구 마장로204번길 37 (산곡동. 산곡여자중학교),1,2023.0,교육활동 모델교,0,,,,,,,,,,,,,,,,,,,,,0
청천중학교,인천,중,공립,남여공학,인천광역시 부평구 마장로364번길 23 (청천동. 청천중학교),1,2023.0,교육활동 모델교,0,,,,,,,,,,,,,,,,,,,,,0
삼산중학교,인천,중,공립,남여공학,인천광역시 부평구 충선로 308 (삼산동. 삼산중학교),1,2023.0,교육활동 모델교,0,,,,,,,,,,,,,,,,,,,,,0
진산중학교,인천,중,공립,남여공학,인천광역시 부평구 충선로234번길 70 (삼산동. 진산중학교),0,,,0,,,,,,,,,,,,,,,,,,,,,0
부평동중학교,인천,중,공립,남자,인천광역시 부평구 수변로107번길 4 (부개동. 부평동중학교),0,,,0,,,,,,,,,,,,,,,,,,,,,0
인천첨단초등학교,인천,초,공립,,인천광역시 연수구 송도교육로 20 . 인천첨단초등학교 (송도동),0,,,0,,,,,,,,,,,,,,,,,,,,,0
인천예송초등학교,인천,초,공립,,인천광역시 연수구 컨벤시아대로252번길 75 (송도동. 인천예송초등학교),0,,,0,,,,,,,,,,,,,,,,,,,,,0
인천간석초등학교,인천,초,공립,,인천광역시 남동구 석산로208번길 37 (구월동),0,,,0,,,,,,,,,,,,,,,,,,,,,0
인천장서초등학교,인천,초,공립,,인천광역시 남동구 서창남순환로 109 (서창동. 인천장서초등학교),0,,,0,,,,,,,,,,,,,,,,,,,,,0
인천송일초등학교,인천,초,공립,,인천광역시 연수구 컨벤시아대로252번길 15 . 인천송일초등학교 (송도동),0,,,0,,,,,,,,,,,,,,,,,,,,,0
인천연송초등학교,인천,초,공립,,인천광역시 연수구 해돋이로 248 (송도동.인천연송초등학교),1,2023.0,교육활동 모델교,1,2018.0,,,,,,,,,,,,,,,,,,,,1
인천구월초등학교,인천,초,공립,,인천광역시 남동구 인주대로 721번길 49 (구월동.구월초등학교),0,,,0,,,,,,,,,,,,,,,,,,,,,0
인천구월서초등학교,인천,초,공립,,인천광역시 남동구 문화서로77번길 14 (구월동. 구월서초등학교),0,,,0,,,,,,,,,,,,,,,,,,,,,0
인천남동초등학교,인천,초,공립,,인천광역시 남동구 장승남로33번길 10 (만수동.남동초등학교),0,,,0,,,,,,,,,,,,,,,,,,,,,0
인천남촌초등학교,인천,초,공립,,인천광역시 남동구 남촌로 101 . 남촌초등학교 (남촌동),0,,,0,,,,,,,,,,,,,,,,,,,,,0
인천논곡초등학교,인천,초,공립,,인천광역시 남동구 함박뫼로 429 . 인천논곡초등학교 (논현동),0,,,0,,,,,,,,,,,,,,,,,,,,,0
인천능허대초등학교,인천,초,공립,,인천광역시 연수구 한진로 12 (옥련동. 인천능허대초등학교),0,,,0,,,,,,,,,,,,,,,,,,,,,0
인천담방초등학교,인천,초,공립,,인천광역시 남동구 매소홀로 1027 (만수동. 담방초등학교),0,,,0,,,,,,,,,,,,,,,,,,,,,0
인천도림초등학교,인천,초,공립,,인천광역시 남동구 논고개로334번길 21 (도림동.도림초등학교),0,,,0,,,,,,,,,,,,,,,,,,,,,0
인천동막초등학교,인천,초,공립,,인천광역시 연수구 원인재로 36 (동춘동.동막초등학교),0,,,0,,,,,,,,,,,,,,,,,,,,,0
인천명선초등학교,인천,초,공립,,인천광역시 연수구 컨벤시아대로42번길 64 . 인천명선초등학교 (송도동. 인천명선초등학교),1,2023.0,교육활동 모델교,0,,,,,,,,,,,,,,,,,,,,,0
인천송원초등학교,인천,초,공립,,인천광역시 연수구 송도과학로51번길 60 . 인천송원초등학교 (송도동),0,,,1,2019.0,,,,,,,,,,,,,,,,,,,,0
인천한빛초등학교,인천,초,공립,,인천광역시 남동구 서창남순환로 190-28 (서창동)인천한빛초등학교,0,,,0,,,,,,,,,,,,,,,,,,,,,0
인천동부초등학교,인천,초,공립,,인천광역시 남동구 만수서로33번길 25 (만수동. 동부초등학교),0,,,0,,,,,,,,,,,,,,,,,,,,,0
인천동춘초등학교,인천,초,공립,,인천광역시 연수구 앵고개로 224 (동춘동. 동춘초등학교),0,,,0,,,,,,,,,,,,,,,,,,,,,0
인천만수초등학교,인천,초,공립,,인천광역시 남동구 소래로 652 (만수동. 만수초등학교),0,,,0,,,,,,,,,,,,,,,,,,,,,0
인천만수북초등학교,인천,초,공립,,인천광역시 남동구 백범로180번길 25 (만수동. 만수북초등학교),1,2023.0,교육활동 모델교,0,,,,,,,,,,,,,,,,,,,,,0
인천사리울초등학교,인천,초,공립,,인천광역시 남동구 아암대로1437번길 50 . 1층 (논현동),0,,,0,,,,,,,,,,,,,,,,,,,,,0
인천송천초등학교,인천,초,공립,,인천광역시 남동구 앵고개로815번길 45 (논현동),0,,,0,,,,,,,,,,,,,,,,,,,,,0
인천신정초등학교,인천,초,공립,,인천광역시 연수구 아트센터대로97번길 72 (송도동.신정초등학교),0,,,0,,,,,,,,,,,,,,,,,,,,,0
인천원동초등학교,인천,초,공립,,인천광역시 남동구 논고개로 38 .인천원동초등학교 (논현동),0,,,0,,,,,,,,,,,,,,,,,,,,,0
인천만월초등학교,인천,초,공립,,인천광역시 남동구 선수촌로 28 (구월동),1,2023.0,교육활동 모델교,0,,,,,,,,,,,,,,,,,,,,,0
인천문남초등학교,인천,초,공립,,인천광역시 연수구 먼우금로 273 . 인천문남초등학교 (연수동),0,,,0,,,,,,,,,,,,,,,,,,,,,0
상인천초등학교,인천,초,공립,,인천광역시 남동구 석산로141번길 29 (간석동. 상인천초등학교),0,,,0,,,,,,,,,,,,,,,,,,,,,0
인천서면초등학교,인천,초,공립,,인천광역시 연수구 먼우금로 54 (동춘동. 인천서면초등학교),0,,,0,,,,,,,,,,,,,,,,,,,,,0
인천석정초등학교,인천,초,공립,,인천광역시 남동구 석정로539번길 32 (간석동.석정초등학교),0,,,0,,,,,,,,,,,,,,,,,,,,,0
인천석천초등학교,인천,초,공립,,인천광역시 남동구 남동대로 828 . 인천석천초등학교 (구월동),1,2023.0,교육활동 모델교,0,,,,,,,,,,,,,,,,,,,,,0
인천선학초등학교,인천,초,공립,,인천광역시 연수구 선학로 67 (선학동),0,,,0,,,,,,,,,,,,,,,,,,,,,0
인천성리초등학교,인천,초,공립,,인천광역시 남동구 성리로 32-2 인천성리초등학교 (구월동. 성리초등학교),0,,,0,,,,,,,,,,,,,,,,,,,,,0
인천소래초등학교,인천,초,공립,,인천광역시 남동구 장도로 2 (논현동. 소래초등학교),0,,,1,2020.0,,,,,,,,,,,,,,,,,,,,0
인천송도초등학교,인천,초,공립,,인천광역시 연수구 비류대로214번길 21 (옥련동.송도초등학교),0,,,0,,,,,,,,,,,,,,,,,,,,,0
인천약산초등학교,인천,초,공립,,인천광역시 남동구 간석로26번길 10 (간석동. 약산초등학교),0,,,0,,,,,,,,,,,,,,,,,,,,,0
인천연성초등학교,인천,초,공립,,인천광역시 연수구 원인재로 116 (동춘동),0,,,0,,,,,,,,,,,,,,,,,,,,,0
인천연수초등학교,인천,초,공립,,인천광역시 연수구 원인재로 324 . 인천연수초등학교 (연수동. 연수초등학교),0,,,1,2020.0,,,,,,,,,,,,,,,,,,,,0
인천연화초등학교,인천,초,공립,,인천광역시 연수구 원인재로 150 (연수동),0,,,0,,,,,,,,,,,,,,,,,,,,,0
인천옥련초등학교,인천,초,공립,,인천광역시 연수구 한진로 30 (옥련동. 옥련초등학교),0,,,0,,,,,,,,,,,,,,,,,,,,,0
인천인동초등학교,인천,초,공립,,인천광역시 남동구 백범로248번길 38 . 인천인동초등학교 (만수동),0,,,0,,,,,,,,,,,,,,,,,,,,,0
인천인수초등학교,인천,초,공립,,인천광역시 남동구 인수로 3 (만수동. 인수초등학교),0,,,0,,,,,,,,,,,,,,,,,,,,,0
인천장수초등학교,인천,초,공립,,인천광역시 남동구 담방로 121 (만수동. 장수초등학교),0,,,0,,,,,,,,,,,,,,,,,,,,,0
인천조동초등학교,인천,초,공립,,인천광역시 남동구 백범로124번길 164 (만수동. 조동초등학교),0,,,0,,,,,,,,,,,,,,,,,,,,,0
인천주원초등학교,인천,초,공립,,인천광역시 남동구 주안로259번길 28 (간석동),0,,,0,,,,,,,,,,,,,,,,,,,,,0
인천먼우금초등학교,인천,초,공립,,인천광역시 연수구 해돋이로84번길 33 . 인천먼우금초등학교 (송도동. 인천먼우금초등학교),1,2023.0,교육활동 모델교,1,2018.0,,,,,,,,,,,,,,,,,,,,1
인천중앙초등학교,인천,초,공립,,인천광역시 연수구 새말로 153 (연수동. 중앙초등학교),1,2023.0,교육활동 모델교,0,,,,,,,,,,,,,,,,,,,,,0
인천청량초등학교,인천,초,공립,,인천광역시 연수구 먼우금로 158 (동춘동. 청량초등학교),0,,,0,,,,,,,,,,,,,,,,,,,,,0
인천청학초등학교,인천,초,공립,,인천광역시 연수구 함박뫼로 25 (청학동. 청학초등학교),0,,,0,,,,,,,,,,,,,,,,,,,,,0
인천고잔초등학교,인천,초,공립,,인천광역시 남동구 아암대로1503번길 48 . 인천고잔초등학교 (논현동.인천고잔초등학교),0,,,0,,,,,,,,,,,,,,,,,,,,,0
인천축현초등학교,인천,초,공립,,인천광역시 연수구 청량로 176 . (옥련동. 축현초등학교),0,,,0,,,,,,,,,,,,,,,,,,,,,0
인천신송초등학교,인천,초,공립,,인천광역시 연수구 해돋이로56번길 28 . 인천신송초등학교 (송도동),0,,,0,,,,,,,,,,,,,,,,,,,,,0
인천함박초등학교,인천,초,공립,,인천광역시 연수구 함박뫼로 87 (연수동. 함박초등학교),0,,,0,,,,,,,,,,,,,,,,,,,,,0
인천신월초등학교,인천,초,공립,,인천광역시 남동구 인주대로776번길 14 . 인천신월초등학교 (구월동. 신월초등학교),0,,,0,,,,,,,,,,,,,,,,,,,,,0
인천새말초등학교,인천,초,공립,,인천광역시 남동구 만수로50번길 12 (만수동. 새말초등학교),0,,,0,,,,,,,,,,,,,,,,,,,,,0
인천서창초등학교,인천,초,공립,,인천광역시 남동구 장아산로174번길 8 (서창동.서창초등학교),1,2023.0,교육활동 모델교,0,,,,,,,,,,,,,,,,,,,,,0
인천장도초등학교,인천,초,공립,,인천광역시 남동구 포구로 112 (논현동. 인천장도초등학교),0,,,1,2020.0,,,,,,,,,,,,,,,,,,,,0
인천동방초등학교,인천,초,공립,,인천광역시 남동구 논현역로 31 . 인천동방초등학교 (논현동),0,,,0,,,,,,,,,,,,,,,,,,,,,0
인천논현초등학교,인천,초,공립,,인천광역시 남동구 소래역로 102 (논현동. 논현초등학교),0,,,0,,,,,,,,,,,,,,,,,,,,,0
인천은봉초등학교,인천,초,공립,,인천광역시 남동구 은봉로312번길 11 . 은봉초등학교 (논현동),0,,,0,,,,,,,,,,,,,,,,,,,,,0
인천정각초등학교,인천,초,공립,,인천광역시 남동구 구월로 228 (구월동),0,,,0,,,,,,,,,,,,,,,,,,,,,0
인천해송초등학교,인천,초,공립,,인천광역시 연수구 인천타워대로54번길 46 . 인천해송초등학교 (송도동),1,2023.0,교육활동 모델교,0,,,,,,,,,,,,,,,,,,,,,0
인천상아초등학교,인천,초,공립,,인천광역시 남동구 석산로184번길 66 (간석동.상아초등학교),1,2023.0,교육활동 모델교,0,,,,,,,,,,,,,,,,,,,,,0
인천송명초등학교,인천,초,공립,,인천광역시 연수구 송도교육로 19 (송도동),0,,,0,,,,,,,,,,,,,,,,,,,,,0
인천박문초등학교,인천,초,사립,,인천광역시 연수구 봉재산로 138-22 인천박문초등학교 (동춘동. 박문초등학교),1,2023.0,교육활동 모델교,1,2018.0,,,,,,,,,,,,,,,,,,,,1
간석여자중학교,인천,중,공립,여자,인천광역시 남동구 간석로 25번길 13 간석여자중학교,0,,,0,,,,,,,,,,,,,,,,,,,,,0
구월중학교,인천,중,공립,남자,인천광역시 남동구 남동대로 814 (구월동),0,,,0,,,,,,,,,,,,,,,,,,,,,0
구월여자중학교,인천,중,공립,여자,인천 남동구 성말로13번길 78 . 구월여자중학교  (구월동.구월여자중학교),0,,,1,2018.0,,,,,,,,,,,,,,,,,,,,0
남동중학교,인천,중,공립,남여공학,인천광역시 남동구 담방로 7 (만수동. 남동중학교),0,,,0,,,,,,,,,,,,,,,,,,,,,0
논곡중학교,인천,중,공립,남여공학,인천광역시 남동구 논곡로 84 (논현동. 논곡중학교),0,,,1,2020.0,,,,,,,,,,,,,,,,,,,,0
동인천중학교,인천,중,공립,남자,인천광역시 남동구 구월남로57번길 12 (구월동. 동인천중학교),0,,,0,,,,,,,,,,,,,,,,,,,,,0
연성중학교,인천,중,공립,남여공학,인천광역시 연수구 원인재로 105 (동춘동.연성중학교),0,,,0,,,,,,,,,,,,,,,,,,,,,0
만성중학교,인천,중,공립,남여공학,인천광역시 남동구 인주대로 899 (만수동),0,,,0,,,,,,,,,,,,,,,,,,,,,0
만수중학교,인천,중,공립,남자,인천광역시 남동구 인수로 13 (만수동.만수중학교),0,,,0,,,,,,,,,,,,,,,,,,,,,0
인천사리울중학교,인천,중,공립,남여공학,인천광역시 남동구 에코중앙로 84번길 12 (논현동),0,,,1,2019.0,,,,,,,,,,,,,,,,,,,,0
인천신정중학교,인천,중,공립,남여공학,인천광역시 연수구 컨벤시아대로42번길 80 (송도동. 신정중학교),0,,,0,,,,,,,,,,,,,,,,,,,,,0
만수북중학교,인천,중,공립,남자,인천광역시 남동구 만수서로 117 . 만수북중학교 (만수동),0,,,0,,,,,,,,,,,,,,,,,,,,,0
인천예송중학교,인천,중,공립,남여공학,인천광역시 연수구 아카데미로 212 (송도동. 예송중학교),0,,,0,,,,,,,,,,,,,,,,,,,,,0
만수여자중학교,인천,중,공립,여자,인천광역시 남동구 만수로50번길 22-36 (만수동. 만수여자중학교),0,,,1,2020.0,,,,,,,,,,,,,,,,,,,,0
만월중학교,인천,중,공립,남여공학,인천광역시 남동구 서창남순환로 22 (서창동. 만월중학교),0,,,1,2019.0,,,,,,,,,,,,,,,,,,,,0
상인천중학교,인천,중,공립,남자,인천광역시 남동구 백범로297번길 21 (간석동. 상인천중학교),0,,,0,,,,,,,,,,,,,,,,,,,,,0
상인천여자중학교,인천,중,공립,여자,인천광역시 남동구 문화로169번길 30 (간석동. 상인천여자중학교),0,,,0,,,,,,,,,,,,,,,,,,,,,0
선학중학교,인천,중,공립,남여공학,인천광역시 연수구 선학로 19 . 선학중학교 (선학동),0,,,0,,,,,,,,,,,,,,,,,,,,,0
연수중학교,인천,중,공립,남여공학,인천광역시 연수구 원인재로 231 (연수동. 연수중학교),0,,,0,,,,,,,,,,,,,,,,,,,,,0
연화중학교,인천,중,공립,남여공학,인천광역시 연수구 용담로 156 (연수동. 연화중학교),0,,,0,,,,,,,,,,,,,,,,,,,,,0
옥련중학교,인천,중,공립,남여공학,인천광역시 연수구 청량로 222 (옥련동),0,,,1,2020.0,,,,,,,,,,,,,,,,,,,,0
인송중학교,인천,중,공립,남여공학,인천광역시 연수구 능허대로79번길 55 (옥련동. 인송중학교),1,2023.0,교육활동 모델교,0,,,,,,,,,,,,,,,,,,,,,0
인천여자중학교,인천,중,공립,여자,인천광역시 연수구 원인재로 47 . 인천여자중학교 (동춘동),0,,,0,,,,,,,,,,,,,,,,,,,,,0
인천중학교,인천,중,공립,남자,인천광역시 연수구 함박뫼로 203 (연수동. 인천중학교),0,,,0,,,,,,,,,,,,,,,,,,,,,0
청량중학교,인천,중,공립,남여공학,인천광역시 연수구 먼우금로 138 . 청량중학교 (동춘동. 청량중학교),0,,,0,,,,,,,,,,,,,,,,,,,,,0
청학중학교,인천,중,공립,남여공학,인천광역시 연수구 함박뫼로 5 (청학동. 청학중학교),0,,,0,,,,,,,,,,,,,,,,,,,,,0
인천고잔중학교,인천,중,공립,남여공학,인천광역시 남동구 논고개로 20 . 인천고잔중학교 (논현동),0,,,0,,,,,,,,,,,,,,,,,,,,,0
함박중학교,인천,중,공립,남여공학,인천광역시 연수구 솔샘로 143 (청학동 109-1),0,,,0,,,,,,,,,,,,,,,,,,,,,0
석정중학교,인천,중,공립,남여공학,인천광역시 남동구 방축로469번길 1 (간석동.석정중학교),0,,,0,,,,,,,,,,,,,,,,,,,,,0
능허대중학교,인천,중,공립,남여공학,인천광역시 연수구 옥골로 69 . 능허대중학교 (옥련동),0,,,0,,,,,,,,,,,,,,,,,,,,,0
신송중학교,인천,중,공립,남여공학,인천광역시 연수구 해돋이로56번길 12 신송중학교 (송도동),0,,,0,,,,,,,,,,,,,,,,,,,,,0
박문중학교,인천,중,사립,남여공학,인천광역시 연수구 송도과학로51번길 102 (송도동),1,2023.0,교육활동 모델교,0,,,,,,,,,,,,,,,,,,,,,0
인천논현중학교,인천,중,공립,남여공학,인천광역시 남동구 포구로 118 (논현동. 논현중학교),0,,,1,2019.0,,,,,,,,,,,,,,,,,,,,0
인천성리중학교,인천,중,공립,남여공학,인천광역시 남동구 성리로 26 (구월동. 성리중학교),1,2023.0,교육활동 모델교,1,2019.0,,,,,,,,,,,,,,,,,,,,1
인천동방중학교,인천,중,공립,남여공학,인천광역시 남동구 논현역로 41 (논현동. 동방중학교),0,,,0,,,,,,,,,,,,,,,,,,,,,0
인천정각중학교,인천,중,공립,남여공학,인천광역시 남동구 구월로 240 (구월동. 정각중학교),0,,,0,,,,,,,,,,,,,,,,,,,,,0
인천서창중학교,인천,중,공립,남여공학,인천광역시 남동구 독곡로60번길 16 (서창동. 서창중학교),0,,,0,,,,,,,,,,,,,,,,,,,,,0
인천해송중학교,인천,중,공립,남여공학,인천광역시 연수구 해송로 148 (송도동. 인천해송중학교),0,,,0,,,,,,,,,,,,,,,,,,,,,0
숭덕여자중학교,인천,중,사립,여자,인천광역시 남동구 만수로73번길 20-23 (만수동) 숭덕여자중고등학교,0,,,0,,,,,,,,,,,,,,,,,,,,,0
인천효성동초등학교,인천,초,공립,,인천광역시 계양구 새벌로171번길 4 (효성동. 인천효성동초등학교),0,,,0,,,,,,,,,,,,,,,,,,,,,0
인천단봉초등학교,인천,초,공립,,인천광역시 서구 단봉로 122 (오류동. 인천단봉초등학교),1,2023.0,교육활동 모델교,1,2020.0,,,,,,,,,,,,,,,,,,,,1
인천부현동초등학교,인천,초,공립,,인천광역시 계양구 용종로 5 (계산동.부현동초등학교),0,,,0,,,,,,,,,,,,,,,,,,,,,0
경인교육대학교부설초등학교,인천,초,국립,,인천광역시 계양구 안남로 612 (효성동. 경인교육대학교 부설초등학교),0,,,0,,,,,,,,,,,,,,,,,,,,,0
인천도담초등학교,인천,초,공립,,인천광역시 서구 청라커낼로 217 (청라동. 도담초등학교),0,,,0,,,,,,,,,,,,,,,,,,,,,0
인천가원초등학교,인천,초,공립,,인천광역시 서구 청중로478번길 6 . 인천가원초등학교 (가정동),0,,,0,,,,,,,,,,,,,,,,,,,,,0
인천가석초등학교,인천,초,공립,,인천광역시 서구 서달로 174 (가정동. 인천가석초등학교),0,,,0,,,,,,,,,,,,,,,,,,,,,0
인천가현초등학교,인천,초,공립,,인천광역시 서구 염곡로 417 . 신현동2-103번지 (신현동. 가현초등학교),0,,,0,,,,,,,,,,,,,,,,,,,,,0
인천가정초등학교,인천,초,공립,,인천광역시 서구 장고개로 336-1 (가좌동.가정초등학교),0,,,0,,,,,,,,,,,,,,,,,,,,,0
인천가좌초등학교,인천,초,공립,,인천광역시 서구 장고개로309번길 5 (가좌동. 가좌초등학교),0,,,0,,,,,,,,,,,,,,,,,,,,,0
인천경명초등학교,인천,초,공립,,인천광역시 서구 크리스탈로 130 . 139-2 (청라동. 인천경명초등학교),0,,,0,,,,,,,,,,,,,,,,,,,,,0
인천건지초등학교,인천,초,공립,,인천광역시 서구 건지로318번길 39 (가좌동. 인천건지초등학교),0,,,0,,,,,,,,,,,,,,,,,,,,,0
인천검단초등학교,인천,초,공립,,인천광역시 서구 마전로115번길 24 (마전동. 인천검단초등학교),0,,,0,,,,,,,,,,,,,,,,,,,,,0
인천공촌초등학교,인천,초,공립,,인천광역시 서구 심곡로188번길 21 (공촌동),0,,,0,,,,,,,,,,,,,,,,,,,,,0
인천계산초등학교,인천,초,공립,,인천광역시 계양구 경명대로 1005 (계산동. 계산초등학교),0,,,0,,,,,,,,,,,,,,,,,,,,,0
인천계양초등학교,인천,초,공립,,인천광역시 계양구 장제로 1288 (장기동. 인천계양초등학교),0,,,1,2019.0,,,,,,,,,,,,,,,,,,,,0
인천길주초등학교,인천,초,공립,,인천광역시 계양구 용종로 90 . 인천길주초등학교 (용종동),0,,,0,,,,,,,,,,,,,,,,,,,,,0
인천금곡초등학교,인천,초,공립,,인천광역시 서구 완정로228번길 19 (금곡동. 금곡초등학교),0,,,0,,,,,,,,,,,,,,,,,,,,,0
인천당하초등학교,인천,초,공립,,인천광역시 서구 청마로 144 (당하동. 인천당하초등학교),1,2023.0,교육활동 모델교,0,,,,,,,,,,,,,,,,,,,,,0
인천계양초등학교상야분교장,인천,초,공립,,인천광역시 계양구 벌말로 572-1 (상야동. 인천계양초등학교상야분교장),0,,,0,,,,,,,,,,,,,,,,,,,,,0
인천마전초등학교,인천,초,공립,,인천광역시 서구 완정로34번길 23 . 인천마전초등학교 (마전동. 인천마전초등학교),1,2023.0,교육활동 모델교,1,2017.0,,,,,,,,,,,,,,,,,,,,1
인천명현초등학교,인천,초,공립,,인천광역시 계양구 봉오대로569번길 10 (효성동. 명현초등학교),1,2023.0,교육활동 모델교,1,2020.0,,,,,,,,,,,,,,,,,,,,1
인천목향초등학교,인천,초,공립,,인천광역시 서구 고산후로 377 (불로동. 목향초등학교),0,,,0,,,,,,,,,,,,,,,,,,,,,0
인천백석초등학교,인천,초,공립,,인천광역시 서구 청마로 55 (당하동),0,,,0,,,,,,,,,,,,,,,,,,,,,0
인천병방초등학교,인천,초,공립,,인천광역시 계양구 병방로 2 (병방동. 인천병방초등학교),0,,,0,,,,,,,,,,,,,,,,,,,,,0
인천봉수초등학교,인천,초,공립,,인천광역시 서구 봉오대로267번길 11-4 (가정동. 봉수초등학교),0,,,0,,,,,,,,,,,,,,,,,,,,,0
인천안산초등학교,인천,초,공립,,인천광역시 계양구 임학서로 15 (계산동),0,,,1,2017.0,,,,,,,,,,,,,,,,,,,,0
인천부평초등학교,인천,초,공립,,인천광역시 계양구 어사대로 20 (계산동. 인천부평초등학교),0,,,0,,,,,,,,,,,,,,,,,,,,,0
인천청라초등학교,인천,초,공립,,인천광역시 서구 청라에메랄드로 139 (청라동. 인천청라초등학교),1,2023.0,교육활동 모델교,1,2018.0,,,,,,,,,,,,,,,,,,,,1
인천초은초등학교,인천,초,공립,,인천광역시 서구 청라에메랄드로 33 (청라동. 인천초은초등학교),0,,,0,,,,,,,,,,,,,,,,,,,,,0
인천불로초등학교,인천,초,공립,,인천광역시 서구 검단로744번1길 50 (불로동),1,2023.0,교육활동 모델교,1,2019.0,,,,,,,,,,,,,,,,,,,,1
인천부현초등학교,인천,초,공립,,인천광역시 계양구 장제로755번길 30 (계산동. 인천부현초등학교),0,,,0,,,,,,,,,,,,,,,,,,,,,0
인천서곶초등학교,인천,초,공립,,인천광역시 서구 대평로56번길 9 (연희동. 서곶초등학교),0,,,0,,,,,,,,,,,,,,,,,,,,,0
인천서운초등학교,인천,초,공립,,인천광역시 계양구 서운로 12 (서운동. 서운초등학교),0,,,0,,,,,,,,,,,,,,,,,,,,,0
인천석남초등학교,인천,초,공립,,인천광역시 서구 서달로130번길 4 (석남동. 석남초등학교),0,,,0,,,,,,,,,,,,,,,,,,,,,0
인천석남서초등학교,인천,초,공립,,인천광역시 서구 건지로249번길 6 (석남동. 석남서초등학교),0,,,0,,,,,,,,,,,,,,,,,,,,,0
인천성지초등학교,인천,초,공립,,인천광역시 계양구 아나지로247번길 8 (작전동.성지초등학교),0,,,0,,,,,,,,,,,,,,,,,,,,,0
인천소양초등학교,인천,초,공립,,인천광역시 계양구 박촌로 53 (박촌동. 인천소양초등학교),1,2023.0,교육활동 모델교,0,,,,,,,,,,,,,,,,,,,,,0
인천신대초등학교,인천,초,공립,,인천광역시 계양구 계산새로 133 . 신대초등학교 (용종동),0,,,0,,,,,,,,,,,,,,,,,,,,,0
인천신석초등학교,인천,초,공립,,인천광역시 서구 새오개로 9 (석남동. 신석초등학교),0,,,0,,,,,,,,,,,,,,,,,,,,,0
인천신현초등학교,인천,초,공립,,인천광역시 서구 율도로77번길 1 (신현동. 신현초등학교),0,,,0,,,,,,,,,,,,,,,,,,,,,0
인천신현북초등학교,인천,초,공립,,인천광역시 서구 원창로 147 . 신현북초등학교 (신현동),0,,,1,2019.0,,,,,,,,,,,,,,,,,,,,0
인천심곡초등학교,인천,초,공립,,인천광역시 서구 심곡로 114 (심곡동),0,,,0,,,,,,,,,,,,,,,,,,,,,0
인천안남초등학교,인천,초,공립,,인천광역시 계양구 경명대로1114번길 26 (계산동. 안남초등학교),0,,,0,,,,,,,,,,,,,,,,,,,,,0
인천양지초등학교,인천,초,공립,,인천광역시 서구 승학로 197번길 11 양지초등학교(심곡동),0,,,0,,,,,,,,,,,,,,,,,,,,,0
인천작동초등학교,인천,초,공립,,인천광역시 계양구 까치말로 35 (작전동. 인천작동초등학교),0,,,0,,,,,,,,,,,,,,,,,,,,,0
인천작전초등학교,인천,초,공립,,인천광역시 계양구 주부토로 456 (작전동. 인천작전초등학교),1,2023.0,교육활동 모델교,0,,,,,,,,,,,,,,,,,,,,,0
인천창신초등학교,인천,초,공립,,인천광역시 서구 고산후로161번길 6 . 인천창신초등학교 (원당동),0,,,0,,,,,,,,,,,,,,,,,,,,,0
인천천마초등학교,인천,초,공립,,인천광역시 서구 서달로 58-5 (석남동. 인천천마초등학교),1,2023.0,교육활동 모델교,0,,,,,,,,,,,,,,,,,,,,,0
인천화전초등학교,인천,초,공립,,인천광역시 계양구 효서로303번길 8 (작전동. 인천화전초등학교),0,,,0,,,,,,,,,,,,,,,,,,,,,0
인천효성초등학교,인천,초,공립,,인천광역시 계양구 안남로 601 . 인천효성초등학교 (효성동. 효성초등학교),0,,,0,,,,,,,,,,,,,,,,,,,,,0
인천효성남초등학교,인천,초,공립,,인천광역시 계양구 새벌로 125 (효성동. 효성남초등학교),0,,,0,,,,,,,,,,,,,,,,,,,,,0
인천해원초등학교,인천,초,공립,,인천광역시 서구 청라사파이어로140번길 5 . 인천해원초등학교 (경서동),0,,,0,,,,,,,,,,,,,,,,,,,,,0
인천효성서초등학교,인천,초,공립,,인천광역시 계양구 봉오대로 457 (효성동. 인천효성서초등학교),0,,,0,,,,,,,,,,,,,,,,,,,,,0
인천간재울초등학교,인천,초,공립,,인천광역시 서구 승학로 433 (검암동. 인천간재울초등학교),0,,,0,,,,,,,,,,,,,,,,,,,,,0
인천검암초등학교,인천,초,공립,,인천광역시 서구 승학로599번길 45 (검암동. 검암초등학교),0,,,0,,,,,,,,,,,,,,,,,,,,,0
인천발산초등학교,인천,초,공립,,인천광역시 서구 고산후로78번길 6 . 인천발산초등학교 (당하동),0,,,0,,,,,,,,,,,,,,,,,,,,,0
인천봉화초등학교,인천,초,공립,,인천광역시 서구 건지로250번길 43 (가좌동. 봉화초등학교),0,,,0,,,,,,,,,,,,,,,,,,,,,0
인천은지초등학교,인천,초,공립,,인천광역시 서구 승학로572번길 22 (검암동. 인천은지초등학교),0,,,0,,,,,,,,,,,,,,,,,,,,,0
인천귤현초등학교,인천,초,공립,,인천광역시 계양구 귤현길 15 (귤현동. 귤현초등학교),0,,,0,,,,,,,,,,,,,,,,,,,,,0
인천해서초등학교,인천,초,공립,,인천광역시 계양구 계산로 42-1 (계산동. 해서초등학교),0,,,1,2020.0,,,,,,,,,,,,,,,,,,,,0
인천가림초등학교,인천,초,공립,,인천광역시 서구 장고개로293번길 29 (가좌동. 인천가림초등학교),0,,,1,2019.0,,,,,,,,,,,,,,,,,,,,0
인천왕길초등학교,인천,초,공립,,인천광역시 서구 봉수대로1440번길 20 (왕길동. 왕길초등학교),0,,,1,2020.0,,,,,,,,,,,,,,,,,,,,0
인천경서초등학교,인천,초,공립,,인천광역시 서구 경서로31번길 31 (경서동),0,,,0,,,,,,,,,,,,,,,,,,,,,0
인천원당초등학교,인천,초,공립,,인천광역시 서구 원당대로820번길 16 . 원당초등학교 (당하동),0,,,0,,,,,,,,,,,,,,,,,,,,,0
인천능내초등학교,인천,초,공립,,인천광역시 서구 검단로540번길 23 . 능내초등학교 (마전동. 능내초등학교),0,,,0,,,,,,,,,,,,,,,,,,,,,0
인천당산초등학교,인천,초,공립,,인천광역시 계양구 동양로 122 (동양동),0,,,0,,,,,,,,,,,,,,,,,,,,,0
인천양촌초등학교,인천,초,공립,,인천광역시 계양구 장제로 954 (병방동. 양촌초등학교),0,,,0,,,,,,,,,,,,,,,,,,,,,0
인천완정초등학교,인천,초,공립,,인천광역시 서구 완정로 99 . 완정초등학교 (마전동),1,2023.0,교육활동 모델교,1,2019.0,,,,,,,,,,,,,,,,,,,,1
인천청일초등학교,인천,초,공립,,인천광역시 서구 크리스탈로 46 (청라동. 인천청일초등학교),0,,,0,,,,,,,,,,,,,,,,,,,,,0
인천청람초등학교,인천,초,공립,,인천광역시 서구 청라커낼로 336 (청라동. 인천청람초등학교),1,2023.0,교육활동 모델교,1,2020.0,,,,,,,,,,,,,,,,,,,,1
인천예일중학교,인천,중,공립,남여공학,인천광역시 계양구 장제로995번길 39 (방축동. 인천예일중학교),0,,,0,,,,,,,,,,,,,,,,,,,,,0
인천청람중학교,인천,중,공립,남여공학,인천광역시 서구 청라커낼로 335 (청라동. 인천청람중학교),0,,,0,,,,,,,,,,,,,,,,,,,,,0
가정여자중학교,인천,중,공립,여자,인천광역시 서구 고래울로28번길 13 (가좌동),0,,,0,,,,,,,,,,,,,,,,,,,,,0
가좌중학교,인천,중,공립,남자,인천광역시 서구 건지로334번길 31 (가좌동.가좌중학교),1,2023.0,교육활동 모델교,1,2016.0,,,,,,,,,,,,,,,,,,,,1
인천가좌여자중학교,인천,중,공립,여자,인천광역시 서구 서달로 110 (석남동) 가좌여중 행정실,1,2023.0,교육활동 모델교,0,,,,,,,,,,,,,,,,,,,,,0
검단중학교,인천,중,공립,남여공학,인천광역시 서구 완정로188번길 12 (마전동),0,,,0,,,,,,,,,,,,,,,,,,,,,0
검암중학교,인천,중,공립,남자,인천광역시 서구 검암로29번길 12 (검암동. 검암중학교),0,,,1,2015.0,,,,,,,,,,,,,,,,,,,,0
계산중학교,인천,중,공립,남자,인천광역시 계양구 도두리로 67-16 (계산동. 계산중학교),1,2023.0,교육활동 모델교,1,2020.0,,,,,,,,,,,,,,,,,,,,1
계산여자중학교,인천,중,공립,여자,인천광역시 계양구 장제로755번길 16 (계산동.계산여자중학교),0,,,0,,,,,,,,,,,,,,,,,,,,,0
계양중학교,인천,중,공립,남여공학,인천광역시 계양구 장제로1181번길 9 . 계양중학교 (귤현동),0,,,0,,,,,,,,,,,,,,,,,,,,,0
인천당하중학교,인천,중,공립,남여공학,인천광역시 서구 청마로 38 (당하동. 당하중학교),1,2023.0,교육활동 모델교,0,,,,,,,,,,,,,,,,,,,,,0
동인천여자중학교,인천,중,공립,여자,인천광역시 서구 여우재로112번길 13 (가좌동. 동인천여자중학교),0,,,1,2020.0,,,,,,,,,,,,,,,,,,,,0
명현중학교,인천,중,공립,남여공학,인천광역시 계양구 안남로554번길 26 . 명현중학교 (효성동),0,,,1,2017.0,,,,,,,,,,,,,,,,,,,,0
인천청라중학교,인천,중,공립,남여공학,인천광역시 서구 청라라임로 112 청라동. 청라중학교),0,,,0,,,,,,,,,,,,,,,,,,,,,0
북인천여자중학교,인천,중,공립,여자,인천광역시 계양구 아나지로85번길 12 (효성동),1,2023.0,교육활동 모델교,1,2016.0,,,,,,,,,,,,,,,,,,,,1
북인천중학교,인천,중,공립,남여공학,인천광역시 계양구 계산로22번길 6 (계산동. 북인천중학교),0,,,0,,,,,,,,,,,,,,,,,,,,,0
불로중학교,인천,중,공립,남여공학,인천광역시 서구 고산후로 363 (불로동. 불로중학교),0,,,0,,,,,,,,,,,,,,,,,,,,,0
백석중학교,인천,중,공립,남여공학,인천광역시 서구 서곶로 695 . (백석동) (백석동. 백석중학교),0,,,1,2020.0,,,,,,,,,,,,,,,,,,,,0
서곶중학교,인천,중,공립,남여공학,인천광역시 서구 대평로56번길 22 (연희동. 서곶중학교),1,2023.0,교육활동 모델교,0,,,,,,,,,,,,,,,,,,,,,0
서운중학교,인천,중,공립,남여공학,인천광역시 계양구 아나지로 467 (서운동. 서운중학교),0,,,0,,,,,,,,,,,,,,,,,,,,,0
신현중학교,인천,중,공립,남자,인천광역시 서구 원창로131번길 23 (신현동),0,,,1,2020.0,,,,,,,,,,,,,,,,,,,,0
신현여자중학교,인천,중,공립,여자,인천광역시 서구 새오개로111번길 15 (신현동. 신현여자중학교),0,,,0,,,,,,,,,,,,,,,,,,,,,0
인천안남중학교,인천,중,공립,남여공학,인천광역시 계양구 계산새로33번길 5 (계산동.인천안남중학교),0,,,0,,,,,,,,,,,,,,,,,,,,,0
인천초은중학교,인천,중,공립,남여공학,인천광역시 서구 청라라임로 10 (청라동. 초은중학교),1,2023.0,교육활동 모델교,0,,,,,,,,,,,,,,,,,,,,,0
임학중학교,인천,중,공립,남여공학,인천광역시 계양구 장제로 894 (병방동. 임학중학교),1,2023.0,교육활동 모델교,0,,,,,,,,,,,,,,,,,,,,,0
제물포중학교,인천,중,공립,남자,인천광역시 서구 여우재로112번길 7 . 제물포중학교 (가좌동),0,,,1,2015.0,,,,,,,,,,,,,,,,,,,,0
인천효성중학교,인천,중,공립,남자,인천광역시 계양구 안남로 607 (효성동. 인천효성중학교),0,,,0,,,,,,,,,,,,,,,,,,,,,0
작전중학교,인천,중,공립,남여공학,인천광역시 계양구 주부토로448번길 16 . 작전중학교 (작전동),0,,,1,2018.0,,,,,,,,,,,,,,,,,,,,0
간재울중학교,인천,중,공립,남여공학,인천광역시 서구 승학로512번길 34 (검암동. 간재울중학교),0,,,0,,,,,,,,,,,,,,,,,,,,,0
마전중학교,인천,중,공립,남여공학,인천광역시 서구 완정로 91 (마전동. 마전중학교),0,,,0,,,,,,,,,,,,,,,,,,,,,0
원당중학교,인천,중,공립,남여공학,인천광역시 서구 고산로40번길 22 (원당동. 원당중학교),0,,,0,,,,,,,,,,,,,,,,,,,,,0
인천동양중학교,인천,중,공립,남여공학,인천광역시 계양구 당미길 56 (동양동. 인천동양중학교),0,,,0,,,,,,,,,,,,,,,,,,,,,0
인천양촌중학교,인천,중,공립,남여공학,인천광역시 계양구 장제로948번길 13 (병방동),0,,,0,,,,,,,,,,,,,,,,,,,,,0
인천가현중학교,인천,중,공립,남여공학,인천광역시 서구 염곡로 409 (신현동. 가현중학교),0,,,0,,,,,,,,,,,,,,,,,,,,,0
인천석남중학교,인천,중,공립,남여공학,인천광역시 서구 건지로 333 (석남동. 인천석남중학교),0,,,1,2016.0,,,,,,,,,,,,,,,,,,,,0
인천계수중학교,인천,중,공립,남여공학,인천광역시 계양구 살라리로2번길 25 (서운동.인천계수중학교),0,,,0,,,,,,,,,,,,,,,,,,,,,0
인천해원중학교,인천,중,공립,남여공학,인천광역시 서구 청라한내로 21 (경서동. 인천해원중학교),1,2023.0,교육활동 모델교,0,,,,,,,,,,,,,,,,,,,,,0
갑룡초등학교,인천,초,공립,,인천광역시 강화군 강화읍 갑룡길 88 (강화읍. 갑룡초등학교),0,,,0,,,,,,,,,,,,,,,,,,,,,0
강화초등학교,인천,초,공립,,인천광역시 강화군 강화읍 북문길 36 . 강화초등학교 (강화읍. 강화초등학교),0,,,0,,,,,,,,,,,,,,,,,,,,,0
교동초등학교,인천,초,공립,,인천광역시 강화군 교동면 대룡안길 29 . 교동초등학교 (교동면. 교동초등학교),0,,,0,,,,,,,,,,,,,,,,,,,,,0
길상초등학교,인천,초,공립,,인천광역시 강화군 길상면 삼랑성길 22 (길상면. 길상초등학교),0,,,0,,,,,,,,,,,,,,,,,,,,,0
난정초등학교,인천,초,공립,,인천광역시 강화군 교동면 교동서로378번길 28 (교동면. 난정초등학교),0,,,0,,,,,,,,,,,,,,,,,,,,,0
내가초등학교,인천,초,공립,,인천광역시 강화군 내가면 강화서로 264 (내가면),0,,,0,,,,,,,,,,,,,,,,,,,,,0
대월초등학교,인천,초,공립,,인천광역시 강화군 강화읍 대월로 216 . 대월초등학교 (강화읍),0,,,0,,,,,,,,,,,,,,,,,,,,,0
명신초등학교,인천,초,공립,,인천광역시 강화군 하점면 강화서로560번길 22 (하점면),1,2023.0,교육활동 모델교,0,,,,,,,,,,,,,,,,,,,,,0
불은초등학교,인천,초,공립,,인천광역시 강화군 불은면 불은남로544번길 9 (불은면. 불은초등학교),0,,,0,,,,,,,,,,,,,,,,,,,,,0
삼산초등학교,인천,초,공립,,인천광역시 강화군 삼산면 삼산북로 451 . 삼산초등학교 (삼산면),0,,,0,,,,,,,,,,,,,,,,,,,,,0
삼성초등학교,인천,초,공립,,인천광역시 강화군 불은면 중앙로 609 (불은면. 삼성초등학교),0,,,0,,,,,,,,,,,,,,,,,,,,,0
서도초등학교,인천,초,공립,,인천광역시 강화군 서도면 주문도길 173 (서도면. 서도초.중.고등학교),0,,,0,,,,,,,,,,,,,,,,,,,,,0
서도초등학교볼음분교장,인천,초,공립,,인천광역시 강화군 서도면 볼음도길 248 (서도면),0,,,0,,,,,,,,,,,,,,,,,,,,,0
선원초등학교,인천,초,공립,,인천광역시 강화군 선원면 강화동로 924 (선원면.선원초등학교),0,,,0,,,,,,,,,,,,,,,,,,,,,0
송해초등학교,인천,초,공립,,인천광역시 강화군 송해면 전망대로 93-12 (송해면. 송해초등학교),0,,,0,,,,,,,,,,,,,,,,,,,,,0
양도초등학교,인천,초,공립,,인천광역시 강화군 양도면 강화남로 1036 (양도면. 양도초등학교),0,,,0,,,,,,,,,,,,,,,,,,,,,0
양사초등학교,인천,초,공립,,인천광역시 강화군 양사면 덕하로 145 (양사면. 양사초등학교),0,,,0,,,,,,,,,,,,,,,,,,,,,0
조산초등학교,인천,초,공립,,인천광역시 강화군 양도면 강화남로 510 (양도면. 조산초등학교),0,,,0,,,,,,,,,,,,,,,,,,,,,0
교동초등학교지석분교장,인천,초,공립,,인천광역시 강화군 교동면 교동북로 275-1 (교동면),0,,,0,,,,,,,,,,,,,,,,,,,,,0
하점초등학교,인천,초,공립,,인천광역시 강화군 하점면 강화대로 1190 (하점면.하점초등학교),0,,,0,,,,,,,,,,,,,,,,,,,,,0
합일초등학교,인천,초,공립,,인천광역시 강화군 강화읍 합일길 3 (강화읍.합일초등학교),0,,,0,,,,,,,,,,,,,,,,,,,,,0
해명초등학교,인천,초,공립,,인천광역시 강화군 삼산면 삼산남로 345 . 해명초등학교 (삼산면. 해명초등학교),0,,,0,,,,,,,,,,,,,,,,,,,,,0
화도초등학교,인천,초,공립,,인천광역시 강화군 화도면 마니산로 717 (화도면),0,,,0,,,,,,,,,,,,,,,,,,,,,0
강남중학교,인천,중,공립,남여공학,인천광역시 강화군 길상면 강화남로 62-2 (길상면. 강남중학교),0,,,0,,,,,,,,,,,,,,,,,,,,,0
강서중학교,인천,중,공립,남여공학,인천광역시 강화군 하점면 강화서로 909-19 (하점면. 강서중학교),0,,,0,,,,,,,,,,,,,,,,,,,,,0
강화중학교,인천,중,공립,남자,인천광역시 강화군 강화읍 동문로 53 . 강화중학교 (강화읍),0,,,1,2020.0,,,,,,,,,,,,,,,,,,,,0
강화여자중학교,인천,중,공립,여자,인천광역시 강화군 강화읍 향교길 62 (강화읍. 강화여자중학교),0,,,1,2020.0,,,,,,,,,,,,,,,,,,,,0
서도중학교볼음분교장,인천,중,공립,남여공학,인천광역시 강화군 서도면 볼음도길 256 (서도면),0,,,0,,,,,,,,,,,,,,,,,,,,,0
교동중학교,인천,중,공립,남여공학,인천광역시 강화군 교동면 교동남로 77 (교동면),0,,,0,,,,,,,,,,,,,,,,,,,,,0
서도중학교,인천,중,공립,남여공학,인천광역시 강화군 서도면 주문도길 173 (서도면. 서도초.중.고등학교),0,,,0,,,,,,,,,,,,,,,,,,,,,0
심도중학교,인천,중,공립,남여공학,인천광역시 강화군 화도면 마니산로 703-20 (화도면. 심도중학교),0,,,0,,,,,,,,,,,,,,,,,,,,,0
동광중학교,인천,중,사립,남여공학,인천광역시 강화군 양도면 강화남로 704 (양도면. 동광중학교),0,,,0,,,,,,,,,,,,,,,,,,,,,0
삼산승영중학교,인천,중,사립,남여공학,인천광역시 강화군 삼산면 삼산북로473번길 47 . 삼산승영중학교 (삼산면. 삼산승영중학교),0,,,0,,,,,,,,,,,,,,,,,,,,,0
상무고등학교,광주,고,공립,남여공학,광주광역시 서구 상무민주로32번길 28 (쌍촌동),0,,,0,,,,,,,,,,,,,,,,,,,,,0
성덕고등학교,광주,고,공립,남여공학,광주광역시 광산구 장덕로 75 (장덕동),0,,,0,,,,,,,,,,,,,,,,,,,,,0
설월여자고등학교,광주,고,사립,여자,광주광역시 남구 천변좌로604번길 12 . 설월여자고등학교 (방림동),0,,,1,2019.0,,,,,,,,,,,,,,,,,,,,0
전남대학교사범대학부설고등학교,광주,고,국립,남여공학,광주광역시 북구 용봉로 45 . 용봉동 300번지 (용봉동),0,,,0,,,,,,,,,,,,,,,,,,,,,0
운남고등학교,광주,고,공립,남여공학,광주광역시 광산구 임방울대로165번길 17 . 운남고등학교 (운남동),1,2023.0,교육활동 모델교,1,2020.0,,,,,,,,,,,,,,,,,,,,1
풍암고등학교,광주,고,공립,남여공학,광주광역시 서구 풍암신흥로39번길 20 . 풍암고등학교 (풍암동),0,,,1,2020.0,,,,,,,,,,,,,,,,,,,,0
첨단고등학교,광주,고,공립,남여공학,광주광역시 광산구 산월로 12-17 (월계동. 첨단고등학교),1,2023.0,교육활동 모델교,1,2016.0,,,,,,,,,,,,,,,,,,,,1
광주여자고등학교,광주,고,공립,여자,광주광역시 서구 상무대로1014번길 43 . 광주여자고등학교 (화정동),0,,,0,,,,,,,,,,,,,,,,,,,,,0
광주고등학교,광주,고,공립,남자,광주광역시 동구 중앙로 302 (계림동),0,,,1,2017.0,,,,,,,,,,,,,,,,,,,,0
광주제일고등학교,광주,고,공립,남자,광주광역시 북구 독립로237번길 33 . 144 (누문동),1,2023.0,교육활동 모델교,0,,,,,,,,,,,,,,,,,,,,,0
전남고등학교,광주,고,공립,남자,광주광역시 서구 상무공원로 32 (치평동),0,,,0,,,,,,,,,,,,,,,,,,,,,0
전남여자고등학교,광주,고,공립,여자,광주광역시 동구 제봉로158번길 8 (장동39-12),1,2023.0,교육활동 모델교,0,,,,,,,,,,,,,,,,,,,,,0
동명고등학교,광주,고,사립,남여공학,광주광역시 광산구 사이동길 16 (서봉동),0,,,0,,,,,,,,,,,,,,,,,,,,,0
고려고등학교,광주,고,사립,남자,광주광역시 북구 설죽로 369 (삼각동) 고려고등학교,0,,,0,,,,,,,,,,,,,,,,,,,,,0
광덕고등학교,광주,고,사립,남자,광주광역시 서구 화정로 202 (화정동),1,2023.0,교육활동 모델교,1,2015.0,,,,,,,,,,,,,,,,,,,,1
보문고등학교,광주,고,사립,남여공학,광주광역시 광산구 어등대로529번길 37 (운수동),0,,,0,,,,,,,,,,,,,,,,,,,,,0
명진고등학교,광주,고,사립,여자,광주광역시 광산구 수완로12번길 21 (수완동),1,2023.0,교육활동 모델교,0,,,,,,,,,,,,,,,,,,,,,0
광일고등학교,광주,고,사립,남여공학,광주광역시 광산구 고봉로 812 (임곡동),0,,,0,,,,,,,,,,,,,,,,,,,,,0
광주경신여자고등학교,광주,고,사립,여자,광주광역시 북구 금호로 40번길 40 (용봉동),1,2023.0,교육활동 모델교,0,,,,,,,,,,,,,,,,,,,,,0
광주대동고등학교,광주,고,사립,남자,광주광역시 서구 전평길 50 . 광주대동고등학교 (매월동),0,,,0,,,,,,,,,,,,,,,,,,,,,0
광주동성고등학교,광주,고,사립,남자,광주광역시 남구 서문대로627번길 20 . 광주동성고등학교 (진월동),0,,,1,2020.0,,,,,,,,,,,,,,,,,,,,0
광주동신고등학교,광주,고,사립,남자,광주광역시 북구 동문대로 50 (풍향동),0,,,0,,,,,,,,,,,,,,,,,,,,,0
광주동신여자고등학교,광주,고,사립,여자,광주광역시 북구 동문대로50 (풍향동),1,2023.0,교육활동 모델교,1,2017.0,,,,,,,,,,,,,,,,,,,,1
광주서석고등학교,광주,고,사립,남자,광주광역시 서구 화정로 253번길 27 (화정동),0,,,0,,,,,,,,,,,,,,,,,,,,,0
광주석산고등학교,광주,고,사립,남자,광주광역시 남구 백운로26번길 20 (백운동.석산고등학교),0,,,0,,,,,,,,,,,,,,,,,,,,,0
광주수피아여자고등학교,광주,고,사립,여자,광주광역시 남구 백서로 13 . (양림동. 광주수피아여고),0,,,0,,,,,,,,,,,,,,,,,,,,,0
광주숭일고등학교,광주,고,사립,남여공학,광주광역시 북구 모룡대길 40 (일곡동),0,,,0,,,,,,,,,,,,,,,,,,,,,0
광주인성고등학교,광주,고,사립,남자,광주광역시 남구 서문대로 390 . 광주인성고등학교 (송하동 4-15),1,2023.0,교육활동 모델교,1,2019.0,,,,,,,,,,,,,,,,,,,,1
금호중앙여자고등학교,광주,고,사립,여자,광주광역시 북구 금호로 100 (운암동. 금호중앙여자고등학교),1,2023.0,교육활동 모델교,0,,,,,,,,,,,,,,,,,,,,,0
광주진흥고등학교,광주,고,사립,남자,광주광역시 광산구 왕버들로 307 . 광주진흥고등학교(신창동),0,,,0,,,,,,,,,,,,,,,,,,,,,0
동아여자고등학교,광주,고,사립,여자,광주광역시 남구 오방로 16-10 (봉선동.동아여자고등학교),1,2023.0,교육활동 모델교,0,,,,,,,,,,,,,,,,,,,,,0
국제고등학교,광주,고,사립,남여공학,광주광역시 북구 설죽로 433 (삼각동.학교법인춘태학원),0,,,0,,,,,,,,,,,,,,,,,,,,,0
금호고등학교,광주,고,사립,남자,광주광역시 북구 금호로 100 . 금호고등학교 (운암동),0,,,0,,,,,,,,,,,,,,,,,,,,,0
대광여자고등학교,광주,고,사립,여자,광주광역시 남구 서문대로 742번길 13 . (주월동. 대광여고),0,,,1,2020.0,,,,,,,,,,,,,,,,,,,,0
대성여자고등학교,광주,고,사립,여자,광주광역시 남구 서문대로663번길 37 (진월동),0,,,0,,,,,,,,,,,,,,,,,,,,,0
문성고등학교,광주,고,사립,남자,광주광역시 남구 제석로 73 (봉선동.문성고등학교),0,,,0,,,,,,,,,,,,,,,,,,,,,0
살레시오고등학교,광주,고,사립,남자,광주광역시 북구 모룡대길 67 . 살레시오고등학교 (일곡동),0,,,0,,,,,,,,,,,,,,,,,,,,,0
살레시오여자고등학교,광주,고,사립,여자,광주광역시 동구 필문대로273번길 21 (지산동.살레시오),1,2023.0,교육활동 모델교,0,,,,,,,,,,,,,,,,,,,,,0
서강고등학교,광주,고,사립,남여공학,광주광역시 북구 서강로 1 . 서강고등학교 (운암동),0,,,0,,,,,,,,,,,,,,,,,,,,,0
송원고등학교,광주,고,사립,남여공학,광주광역시 남구 송암로 73 . 송원고등학교 (송하동),0,,,1,2019.0,,,,,,,,,,,,,,,,,,,,0
송원여자고등학교,광주,고,사립,여자,광주광역시 남구 송암로 73 . (송하동. 송원여자고등학교) (송하동),0,,,1,2018.0,,,,,,,,,,,,,,,,,,,,0
숭덕고등학교,광주,고,사립,남여공학,광주 광산구 월계로 117-8 (월계동),0,,,0,,,,,,,,,,,,,,,,,,,,,0
정광고등학교,광주,고,사립,남여공학,광주광역시 광산구 소촌로 90-36 . 정광고등학교 (소촌동),0,,,0,,,,,,,,,,,,,,,,,,,,,0
조선대학교부속고등학교,광주,고,사립,남자,광주광역시 동구 의재로33번길 33 . (학동. 조선대학교부속고등학교) (학동),0,,,0,,,,,,,,,,,,,,,,,,,,,0
조선대학교여자고등학교,광주,고,사립,여자,광주광역시 동구 지산로 36 (지산동),0,,,0,,,,,,,,,,,,,,,,,,,,,0
호남삼육고등학교,광주,고,사립,남여공학,광주광역시 남구 회서로 30 (주월동) 호남삼육고등학교,0,,,0,,,,,,,,,,,,,,,,,,,,,0
상일여자고등학교,광주,고,공립,여자,광주광역시 서구 내방로 217 (쌍촌동),0,,,0,,,,,,,,,,,,,,,,,,,,,0
문정여자고등학교,광주,고,공립,여자,광주광역시 북구 능안로30번길 33 . 문정여자고등학교 (오치동. 5-12),1,2023.0,교육활동 모델교,1,2020.0,,,,,,,,,,,,,,,,,,,,1
장덕고등학교,광주,고,공립,남여공학,광주광역시 광산구 수등로 45 (장덕동),0,,,0,,,,,,,,,,,,,,,,,,,,,0
수완고등학교,광주,고,공립,남여공학,광주광역시 광산구 장덕로 155 . 수완고등학교 (수완동),0,,,0,,,,,,,,,,,,,,,,,,,,,0
빛고을고등학교,광주,고,공립,남여공학,광주광역시 북구 첨단연신로133번길 19 . (신용동. 빛고을고등학교) (신용동),0,,,0,,,,,,,,,,,,,,,,,,,,,0
광주체육고등학교,광주,고,공립,남여공학,광주광역시 북구 하서로 55 (운암동184번지),0,,,0,,,,,,,,,,,,,,,,,,,,,0
광주과학고등학교,광주,고,공립,남여공학,광주광역시 북구 첨단과기로 215 (오룡동),0,,,0,,,,,,,,,,,,,,,,,,,,,0
광주예술고등학교,광주,고,공립,남여공학,광주광역시 북구 서강로 133 . 광주예술고등학교 (운암동),0,,,0,,,,,,,,,,,,,,,,,,,,,0
광주자연과학고등학교,광주,고,공립,남여공학,광주광역시 북구 능안로 30 (오치동.광주자연과학고등학교),0,,,0,,,,,,,,,,,,,,,,,,,,,0
광주공업고등학교,광주,고,공립,남여공학,광주광역시 북구 설죽로315번길 14 . 광주공업고등학교 (매곡동),0,,,0,,,,,,,,,,,,,,,,,,,,,0
광주소프트웨어마이스터고등학교,광주,고,공립,남여공학,광주광역시 광산구 상무대로 312 (송정동),0,,,0,,,,,,,,,,,,,,,,,,,,,0
광주전자공업고등학교,광주,고,공립,남여공학,광주광역시 광산구 첨단중앙로 7 (월계동. 광주전자공업고등학교),0,,,0,,,,,,,,,,,,,,,,,,,,,0
전남공업고등학교,광주,고,공립,남여공학,광주광역시 광산구 왕버들로322번길 26 (신창동),0,,,0,,,,,,,,,,,,,,,,,,,,,0
동일미래과학고등학교,광주,고,사립,남여공학,광주광역시 남구 천변좌로 604 . 번길 12 (방림동),0,,,0,,,,,,,,,,,,,,,,,,,,,0
금파공업고등학교,광주,고,사립,남여공학,광주광역시 북구 금호로 80 (운암동),0,,,0,,,,,,,,,,,,,,,,,,,,,0
숭의고등학교,광주,고,사립,남여공학,광주광역시 남구 오방로 34-13 (방림동),0,,,0,,,,,,,,,,,,,,,,,,,,,0
광주여자상업고등학교,광주,고,사립,여자,광주광역시 남구 서문대로627번길 20 . 광주여자상업고등학교 (진월동),0,,,0,,,,,,,,,,,,,,,,,,,,,0
송원여자상업고등학교,광주,고,사립,여자,광주광역시 남구 송암로 73 . 송원여자상업고등학교 (송하동),0,,,0,,,,,,,,,,,,,,,,,,,,,0
전남여자상업고등학교,광주,고,사립,여자,광주광역시 북구 설죽로 433 . 전남여자상업고등학교 (삼각동),0,,,0,,,,,,,,,,,,,,,,,,,,,0
광주자동화설비공업고등학교,광주,고,공립,남여공학,광주광역시 광산구 금봉로 138-1 (우산동),0,,,0,,,,,,,,,,,,,,,,,,,,,0
서진여자고등학교,광주,고,사립,여자,광주광역시 남구 서문대로742번길 20 (주월동),0,,,0,,,,,,,,,,,,,,,,,,,,,0
광주교육대학교광주부설초등학교,광주,초,국립,,광주광역시 북구 필문대로 55 (풍향동),0,,,0,,,,,,,,,,,,,,,,,,,,,0
용두초등학교,광주,초,공립,,광주광역시 북구 임방울대로1041번길 25 . 용두초등학교 (신용동),0,,,0,,,,,,,,,,,,,,,,,,,,,0
건국초등학교,광주,초,공립,,광주광역시 북구 첨단연신로108번길 86 . 건국초등학교 (신용동),0,,,0,,,,,,,,,,,,,,,,,,,,,0
각화초등학교,광주,초,공립,,광주광역시 북구 각화대로39번길 10 . (각화동. 각화초등학교) (각화동),0,,,0,,,,,,,,,,,,,,,,,,,,,0
경양초등학교,광주,초,공립,,광주광역시 북구 북문대로98번길 20 . 경양초등학교 (운암동),0,,,0,,,,,,,,,,,,,,,,,,,,,0
광주계림초등학교,광주,초,공립,,광주광역시 동구 중앙로 320 (계림동),0,,,0,,,,,,,,,,,,,,,,,,,,,0
광주남초등학교,광주,초,공립,,광주광역시 동구 지원로5번길 20 .광주남초등학교 (소태동),0,,,0,,,,,,,,,,,,,,,,,,,,,0
광주동초등학교,광주,초,공립,,광주광역시 북구 석곡로 527 (망월동.광주동초등학교),1,2023.0,정보교육실 구축교,0,,,,,,,,,,,,,,,,,,,,,0
광주동산초등학교,광주,초,공립,,광주광역시 동구 준법로 16 . 광주동산초등학교 (지산동),0,,,0,,,,,,,,,,,,,,,,,,,,,0
광주동운초등학교,광주,초,공립,,광주광역시 북구 북문대로8번길 21 (운암동.동운초등학교),0,,,0,,,,,,,,,,,,,,,,,,,,,0
광주문화초등학교,광주,초,공립,,광주광역시 북구 군왕로 135 . 광주문화초등학교 (두암동),0,,,0,,,,,,,,,,,,,,,,,,,,,0
광주북초등학교,광주,초,공립,,광주광역시 북구 하서로 985 . 광주북초등학교 (효령동),0,,,0,,,,,,,,,,,,,,,,,,,,,0
광주산수초등학교,광주,초,공립,,광주광역시 동구 산수길 28 (산수동),0,,,0,,,,,,,,,,,,,,,,,,,,,0
광주서림초등학교,광주,초,공립,,광주광역시 북구 서림로 113 . 광주서림초등학교 (임동),0,,,0,,,,,,,,,,,,,,,,,,,,,0
문흥중앙초등학교,광주,초,공립,,광주광역시 북구 문산로 17 . 문흥중앙초등학교 (문흥동),0,,,0,,,,,,,,,,,,,,,,,,,,,0
광주서산초등학교,광주,초,공립,,광주광역시 북구 우치로 263 (오치동),0,,,0,,,,,,,,,,,,,,,,,,,,,0
광주서석초등학교,광주,초,공립,,광주광역시 동구 제봉로82번길 26 (서석동),0,,,0,,,,,,,,,,,,,,,,,,,,,0
광주수창초등학교,광주,초,공립,,광주광역시 북구 금남로 99 (북동),0,,,0,,,,,,,,,,,,,,,,,,,,,0
광주양산초등학교,광주,초,공립,,광주광역시 북구 연양로 33 (양산동)양산초등학교,0,,,0,,,,,,,,,,,,,,,,,,,,,0
광주용봉초등학교,광주,초,공립,,광주광역시 북구 서암대로144번길 11 (신안동),1,2023.0,교육활동 모델교,1,2020.0,,,,,,,,,,,,,,,,,,,,1
광주용산초등학교,광주,초,공립,,광주광역시 동구 화산로 334 (용산동),0,,,0,,,,,,,,,,,,,,,,,,,,,0
광주우산초등학교,광주,초,공립,,광주광역시 북구 서방로63번길 67 (우산동),0,,,0,,,,,,,,,,,,,,,,,,,,,0
지한초등학교,광주,초,공립,,광주광역시 동구 남계길 37 (내남동),0,,,0,,,,,,,,,,,,,,,,,,,,,0
광주운암초등학교,광주,초,공립,,광주광역시 북구 서강로 79-14 (운암동),0,,,0,,,,,,,,,,,,,,,,,,,,,0
광주장원초등학교,광주,초,공립,,광주광역시 동구 무등로 533 광주장원초등학교 (산수동),0,,,0,,,,,,,,,,,,,,,,,,,,,0
광주동초등학교충효분교장,광주,초,공립,,광주광역시 북구 충효샘길 14-30 (충효동),0,,,0,,,,,,,,,,,,,,,,,,,,,0
광주중앙초등학교,광주,초,공립,,광주광역시 동구 제봉로 167 (궁동),0,,,0,,,,,,,,,,,,,,,,,,,,,0
광주중흥초등학교,광주,초,공립,,광주광역시 북구 경양로197번길 25 (중흥동),0,,,0,,,,,,,,,,,,,,,,,,,,,0
광주지산초등학교,광주,초,공립,,광주광역시 북구 하서로 637 (지야동),0,,,0,,,,,,,,,,,,,,,,,,,,,0
광주풍향초등학교,광주,초,공립,,광주광역시 북구 군왕로 51번길. 77 광주풍향초등학교,0,,,0,,,,,,,,,,,,,,,,,,,,,0
광주학운초등학교,광주,초,공립,,광주광역시 동구 의재로 181 . 광주학운초등학교 (운림동),0,,,0,,,,,,,,,,,,,,,,,,,,,0
광주효동초등학교,광주,초,공립,,광주광역시 북구 서양로 99 . 광주효동초등학교 (중흥동),0,,,0,,,,,,,,,,,,,,,,,,,,,0
대자초등학교,광주,초,공립,,광주광역시 북구 대자로 5 . 대자초등학교 (운암동),0,,,0,,,,,,,,,,,,,,,,,,,,,0
두암초등학교,광주,초,공립,,광주광역시 북구 참판로 130 (두암동. 두암초등학교),0,,,0,,,,,,,,,,,,,,,,,,,,,0
매곡초등학교,광주,초,공립,,광주광역시 북구 초당로 25 . 매곡초등학교 (매곡동),0,,,0,,,,,,,,,,,,,,,,,,,,,0
무등초등학교,광주,초,공립,,광주광역시 북구 면앙로 99 (우산동),1,2023.0,교육활동 모델교,1,2018.0,,,,,,,,,,,,,,,,,,,,1
문산초등학교,광주,초,공립,,광주광역시 북구 문산로 66 (문흥동),0,,,0,,,,,,,,,,,,,,,,,,,,,0
문흥초등학교,광주,초,공립,,광주광역시 북구 면앙로 19 . 문흥초등학교 (문흥동),0,,,0,,,,,,,,,,,,,,,,,,,,,0
문우초등학교,광주,초,공립,,광주광역시 북구 능안로 7 . 문우초등학교 (오치동),0,,,0,,,,,,,,,,,,,,,,,,,,,0
본촌초등학교,광주,초,공립,,광주광역시 북구 본촌택지로30번길 22 . 본촌초등학교 (본촌동),0,,,0,,,,,,,,,,,,,,,,,,,,,0
연제초등학교,광주,초,공립,,광주광역시 북구 하서로229번길 47 (양산동),0,,,0,,,,,,,,,,,,,,,,,,,,,0
양지초등학교,광주,초,공립,,광주광역시 북구 자라봉로63번길 16 . 양지초등학교 (양산동),1,2023.0,정보교육실 구축교,1,2020.0,,,,,,,,,,,,,,,,,,,,1
삼정초등학교,광주,초,공립,,광주광역시 북구 밤실로208번길 55 (두암동.삼정초등학교),0,,,0,,,,,,,,,,,,,,,,,,,,,0
오정초등학교,광주,초,공립,,광주광역시 북구 대천로 55 . 오정초등학교 (오치동),0,,,1,2019.0,,,,,,,,,,,,,,,,,,,,0
오치초등학교,광주,초,공립,,광주광역시 북구 설죽로 290 . 오치초등학교 (오치동),0,,,0,,,,,,,,,,,,,,,,,,,,,0
문정초등학교,광주,초,공립,,광주광역시 북구 대천로169번길 7 . 문정초등학교 (문흥동),1,2023.0,교육활동 모델교,0,,,,,,,,,,,,,,,,,,,,,0
삼각초등학교,광주,초,공립,,광주광역시 북구 송해로 21 . 삼각초등학교 (삼각동),0,,,0,,,,,,,,,,,,,,,,,,,,,0
율곡초등학교,광주,초,공립,,광주광역시 동구 밤실로 142 . 율곡초등학교 (산수동),0,,,0,,,,,,,,,,,,,,,,,,,,,0
일곡초등학교,광주,초,공립,,광주광역시 북구 설죽로 530 (일곡동. 광주일곡초등학교),0,,,0,,,,,,,,,,,,,,,,,,,,,0
동림초등학교,광주,초,공립,,광주광역시 북구 동림용산로 7 . (동림동. 동림초등학교) (동림동),0,,,0,,,,,,,,,,,,,,,,,,,,,0
태봉초등학교,광주,초,공립,,광주광역시 북구 청계로 33 . 태봉초등학교 (용봉동),0,,,0,,,,,,,,,,,,,,,,,,,,,0
서일초등학교,광주,초,공립,,광주광역시 북구 설죽로 590 (일곡동),0,,,0,,,,,,,,,,,,,,,,,,,,,0
일동초등학교,광주,초,공립,,광주광역시 북구 일곡택지로 45 . 일동초등학교 (일곡동),0,,,0,,,,,,,,,,,,,,,,,,,,,0
용주초등학교,광주,초,공립,,광주광역시 북구 용주로 15 . 용주초등학교 (용봉동),0,,,0,,,,,,,,,,,,,,,,,,,,,0
일신초등학교,광주,초,공립,,광주광역시 북구 일곡마을로 187 . 일신초등학교 (일곡동),0,,,0,,,,,,,,,,,,,,,,,,,,,0
하백초등학교,광주,초,공립,,광주광역시 북구 하백로5번길 10 . 하백초등학교 (매곡동),0,,,0,,,,,,,,,,,,,,,,,,,,,0
한울초등학교,광주,초,공립,,광주광역시 북구 유림로160번길 15 (동림동. 한울초등학교),0,,,0,,,,,,,,,,,,,,,,,,,,,0
신용초등학교,광주,초,공립,,광주광역시 북구 첨단연신로 232-10 (신용동),0,,,0,,,,,,,,,,,,,,,,,,,,,0
전남대학교사범대학부설중학교,광주,중,국립,남여공학,광주광역시 북구 용봉로 45 (용봉동. 전남대학교),0,,,0,,,,,,,,,,,,,,,,,,,,,0
신용중학교,광주,중,공립,남여공학,광주광역시 북구 첨단연신로133번길 32 (신용동),0,,,0,,,,,,,,,,,,,,,,,,,,,0
각화중학교,광주,중,공립,남여공학,광주광역시 북구 군왕로 234 (각화동),0,,,0,,,,,,,,,,,,,,,,,,,,,0
일동중학교,광주,중,공립,남여공학,광주광역시 북구 일곡택지로 10. 일동중학교 (일곡동. 일동중학교),0,,,0,,,,,,,,,,,,,,,,,,,,,0
지산중학교,광주,중,공립,남여공학,광주광역시 북구 양산택지로 130 (본촌동),1,2023.0,교육활동 모델교,1,2019.0,,,,,,,,,,,,,,,,,,,,1
일신중학교,광주,중,공립,남여공학,광주광역시 북구 일곡택지로 107 . 일신중학교 (일곡동),0,,,0,,,,,,,,,,,,,,,,,,,,,0
무등중학교,광주,중,공립,남여공학,광주광역시 동구 지원로5번길 12 . 무등중학교 (소태동),0,,,0,,,,,,,,,,,,,,,,,,,,,0
광주북성중학교,광주,중,공립,남여공학,광주광역시 북구 금남로 61 . 광주북성중학교 (유동),0,,,0,,,,,,,,,,,,,,,,,,,,,0
광주충장중학교,광주,중,공립,남여공학,광주광역시 동구 경양로379번길 19 (산수동.충장중학교),0,,,0,,,,,,,,,,,,,,,,,,,,,0
운림중학교,광주,중,공립,남여공학,광주광역시 동구 의재로 137 . (운림동. 운림중학교) (운림동),0,,,0,,,,,,,,,,,,,,,,,,,,,0
두암중학교,광주,중,공립,남여공학,광주광역시 북구 밤실로208번길 23 (두암동.두암중학교),0,,,0,,,,,,,,,,,,,,,,,,,,,0
문산중학교,광주,중,공립,남여공학,광주광역시 북구 대천로 174 (문흥동. 문산중학교),0,,,0,,,,,,,,,,,,,,,,,,,,,0
문화중학교,광주,중,공립,남여공학,광주광역시 북구 면앙로 111 (우산동.문화중학교),0,,,0,,,,,,,,,,,,,,,,,,,,,0
문흥중학교,광주,중,공립,남여공학,광주광역시 북구 능안로 2 (문흥동),0,,,1,2020.0,,,,,,,,,,,,,,,,,,,,0
신광중학교,광주,중,공립,남여공학,광주광역시 북구 면앙로165번길 80 (두암동.신광중학교),0,,,0,,,,,,,,,,,,,,,,,,,,,0
양산중학교,광주,중,공립,남여공학,광주광역시 북구 하서로229번길 30 . 양산중학교 (양산동),1,2023.0,교육활동 모델교,1,2018.0,,,,,,,,,,,,,,,,,,,,1
용봉중학교,광주,중,공립,남여공학,광주광역시 북구 서하로274번길 33 (오치동.용봉중학교),0,,,0,,,,,,,,,,,,,,,,,,,,,0
우산중학교,광주,중,공립,남여공학,광주광역시 북구 신촌로 22 (오치동),0,,,0,,,,,,,,,,,,,,,,,,,,,0
운암중학교,광주,중,공립,남여공학,광주광역시 북구 서강로131번길 24 . 운암중학교 (운암동),0,,,0,,,,,,,,,,,,,,,,,,,,,0
일곡중학교,광주,중,공립,남여공학,광주광역시 북구 설죽로 570 (일곡동. 일곡중학교),0,,,0,,,,,,,,,,,,,,,,,,,,,0
광주경신중학교,광주,중,사립,남여공학,광주광역시 북구 금호로40번길 40 . 광주경신중학교 (용봉동),0,,,0,,,,,,,,,,,,,,,,,,,,,0
고려중학교,광주,중,사립,남자,광주광역시 북구 설죽로 369 . 고려중학교 (삼각동),0,,,0,,,,,,,,,,,,,,,,,,,,,0
광주동신여자중학교,광주,중,사립,여자,광주광역시 북구 동문대로 50 (풍향동),1,2023.0,정보교육실 구축교,1,2017.0,,,,,,,,,,,,,,,,,,,,1
광주동신중학교,광주,중,사립,남자,광주광역시 북구 동문대로 50 . 광주동신중학교 (풍향동),1,2023.0,교육활동 모델교,1,2016.0,,,,,,,,,,,,,,,,,,,,1
광주숭일중학교,광주,중,사립,남여공학,광주광역시 북구 모룡대길 40 (일곡동. 광주숭일중고등학교),1,2023.0,교육활동 모델교,0,,,,,,,,,,,,,,,,,,,,,0
금호중앙중학교,광주,중,사립,남여공학,광주광역시 북구 금호로 100 . 금호중앙중학교 (운암동),0,,,0,,,,,,,,,,,,,,,,,,,,,0
살레시오중학교,광주,중,사립,남자,광주광역시 북구 모룡대길 67 (일곡동),0,,,0,,,,,,,,,,,,,,,,,,,,,0
살레시오여자중학교,광주,중,사립,여자,광주광역시 동구 필문대로273번길 21 (지산동),0,,,1,2020.0,,,,,,,,,,,,,,,,,,,,0
서강중학교,광주,중,사립,남여공학,광주광역시 북구 서강로 1 서강중학교 (운암동),0,,,0,,,,,,,,,,,,,,,,,,,,,0
조선대학교부속중학교,광주,중,사립,남자,광주광역시 동구 필문대로 309-3 (서석동),1,2023.0,정보교육실 구축교,0,,,,,,,,,,,,,,,,,,,,,0
조선대학교여자중학교,광주,중,사립,여자,광주광역시 동구 지산로 16 . 조선대학교여자중학교 (지산동),0,,,0,,,,,,,,,,,,,,,,,,,,,0
용두중학교,광주,중,공립,남여공학,광주광역시 북구 하서로483번길 48 . 용두중학교 (용두동),0,,,0,,,,,,,,,,,,,,,,,,,,,0
광주체육중학교,광주,중,공립,남여공학,광주광역시 북구 하서로 55 (운암동. 광주체육중학교),0,,,0,,,,,,,,,,,,,,,,,,,,,0
선운초등학교,광주,초,공립,,광주광역시 광산구 선운중앙로 11 . 선운초등학교 (선암동),0,,,0,,,,,,,,,,,,,,,,,,,,,0
선창초등학교,광주,초,공립,,광주광역시 광산구 신창로35번길 67 (신가동),0,,,0,,,,,,,,,,,,,,,,,,,,,0
금부초등학교,광주,초,공립,,광주광역시 서구 금화로115번길 22 (금호동),1,2023.0,교육활동 모델교,1,2019.0,,,,,,,,,,,,,,,,,,,,1
풍암초등학교,광주,초,공립,,광주광역시 서구 풍암중앙로 8 . 풍암초등학교 (풍암동),0,,,0,,,,,,,,,,,,,,,,,,,,,0
새별초등학교,광주,초,공립,,광주광역시 광산구 풍영로 125 (흑석동),0,,,0,,,,,,,,,,,,,,,,,,,,,0
광주광천초등학교,광주,초,공립,,광주광역시 서구 월산로 266 (농성동),0,,,0,,,,,,,,,,,,,,,,,,,,,0
빛고을초등학교,광주,초,공립,,광주광역시 서구 동천로 7 (동천동),0,,,0,,,,,,,,,,,,,,,,,,,,,0
광주극락초등학교,광주,초,공립,,광주광역시 서구 상무버들로54번길 5 . (유촌동. 광주극락초등학교) (유촌동),0,,,0,,,,,,,,,,,,,,,,,,,,,0
광림초등학교,광주,초,공립,,광주광역시 서구 하남대로710번길 19 . 광림초등학교 (동천동),0,,,0,,,,,,,,,,,,,,,,,,,,,0
광주농성초등학교,광주,초,공립,,광주광역시 남구 금화로481번길 7 (월산동.농성초등학교),0,,,0,,,,,,,,,,,,,,,,,,,,,0
광주대성초등학교,광주,초,공립,,광주광역시 남구 서동로2번길 8 . 광주대성초등학교 (서동),0,,,0,,,,,,,,,,,,,,,,,,,,,0
광주방림초등학교,광주,초,공립,,광주광역시 남구 큰방림길 20 . 광주방림초등학교 (방림동),0,,,0,,,,,,,,,,,,,,,,,,,,,0
광주백운초등학교,광주,초,공립,,광주광역시 남구 독립로 51 (백운동),0,,,0,,,,,,,,,,,,,,,,,,,,,0
광주봉주초등학교,광주,초,공립,,광주광역시 남구 봉주길 32 . 광주봉주초등학교 (주월동),0,,,0,,,,,,,,,,,,,,,,,,,,,0
광주상무초등학교,광주,초,공립,,광주광역시 서구 금호운천길 67 (금호동),0,,,0,,,,,,,,,,,,,,,,,,,,,0
광주서초등학교,광주,초,공립,,광주광역시 서구 화운로194번길 6 (화정동),0,,,0,,,,,,,,,,,,,,,,,,,,,0
광주양동초등학교,광주,초,공립,,광주광역시 서구 경열로121번길 5 (양동),0,,,0,,,,,,,,,,,,,,,,,,,,,0
광주월산초등학교,광주,초,공립,,광주광역시 남구 월산로116번길 6 (월산동),0,,,0,,,,,,,,,,,,,,,,,,,,,0
광주제석초등학교,광주,초,공립,,광주광역시 남구 봉선로51번길 14 . 광주제석초등학교 (주월동),0,,,0,,,,,,,,,,,,,,,,,,,,,0
광주학강초등학교,광주,초,공립,,광주광역시 남구 양림로 92 (양림동.학강초등학교),0,,,0,,,,,,,,,,,,,,,,,,,,,0
광주화정초등학교,광주,초,공립,,광주광역시 서구 월드컵4강로146번길 10 . 광주화정초등학교 (화정동),0,,,0,,,,,,,,,,,,,,,,,,,,,0
광주효덕초등학교,광주,초,공립,,광주광역시 남구 화산로 7 . 광주효덕초등학교 (진월동),0,,,0,,,,,,,,,,,,,,,,,,,,,0
금호초등학교,광주,초,공립,,광주광역시 서구 금부로95번길 26-11 . 금호초등학교 (쌍촌동),1,2023.0,정보교육실 구축교,0,,,,,,,,,,,,,,,,,,,,,0
대촌중앙초등학교,광주,초,공립,,광주광역시 남구 고싸움로152번길 1 (지석동),0,,,1,2016.0,,,,,,,,,,,,,,,,,,,,0
은빛초등학교,광주,초,공립,,광주광역시 광산구 수완로33번길 11 (수완동),0,,,0,,,,,,,,,,,,,,,,,,,,,0
동곡초등학교,광주,초,공립,,광주광역시 광산구 동곡로 151-17 . 동곡초등학교 (하산동),0,,,0,,,,,,,,,,,,,,,,,,,,,0
무학초등학교,광주,초,공립,,광주광역시 남구 월지길 7 (월성동),0,,,1,2018.0,,,,,,,,,,,,,,,,,,,,0
성진초등학교,광주,초,공립,,광주광역시 서구 학생독립로 16 (화정동),0,,,0,,,,,,,,,,,,,,,,,,,,,0
본량초등학교,광주,초,공립,,광주광역시 광산구 용진로 323 . 본량초등학교 (남산동),0,,,0,,,,,,,,,,,,,,,,,,,,,0
봉선초등학교,광주,초,공립,,광주광역시 남구 봉선중앙로118번길 4 (봉선동),0,,,0,,,,,,,,,,,,,,,,,,,,,0
효천초등학교,광주,초,공립,,광주광역시 남구 효우2로 70 (행암동),0,,,0,,,,,,,,,,,,,,,,,,,,,0
비아초등학교,광주,초,공립,,광주광역시 광산구 비아동원촌길 19-20 (비아동),0,,,0,,,,,,,,,,,,,,,,,,,,,0
삼도초등학교,광주,초,공립,,광주광역시 광산구 용진로 9 (도덕동),1,2023.0,정보교육실 구축교,0,,,,,,,,,,,,,,,,,,,,,0
서광초등학교,광주,초,공립,,광주광역시 서구 상무오월로38번길 36 . (쌍촌동. 서광초등학교) (쌍촌동),0,,,0,,,,,,,,,,,,,,,,,,,,,0
송정초등학교,광주,초,공립,,광주광역시 광산구 송도로 208 . 25 (도산동),1,2023.0,정보교육실 구축교,1,2018.0,,,,,,,,,,,,,,,,,,,,1
송정동초등학교,광주,초,공립,,광주 광산구 사암로27번길 58 (신촌동),1,2023.0,정보교육실 구축교,1,2017.0,,,,,,,,,,,,,,,,,,,,1
송정서초등학교,광주,초,공립,,광주광역시 광산구 상무대로 114 (도산동),1,2023.0,교육활동 모델교,1,2020.0,,,,,,,,,,,,,,,,,,,,1
송우초등학교,광주,초,공립,,광주광역시 광산구 사암로158번길 49 (우산동.송우초등학교),1,2023.0,정보교육실 구축교,0,,,,,,,,,,,,,,,,,,,,,0
송정중앙초등학교,광주,초,공립,,광주광역시 광산구 어등대로653번길 90 . 송정중앙초등학교 (소촌동),1,2023.0,정보교육실 구축교,1,2020.0,,,,,,,,,,,,,,,,,,,,1
송학초등학교,광주,초,공립,,광주광역시 서구 눌재로 408 . 송학초등학교 (세하동),0,,,0,,,,,,,,,,,,,,,,,,,,,0
염주초등학교,광주,초,공립,,광주광역시 서구 염화로134번길 28 . 염주초등학교 (화정동),0,,,0,,,,,,,,,,,,,,,,,,,,,0
운남초등학교,광주,초,공립,,광주광역시 광산구 하남대로 248-22 (운남동. 운남초등학교),0,,,0,,,,,,,,,,,,,,,,,,,,,0
월계초등학교,광주,초,공립,,광주광역시 광산구 첨단내촌로 83 (월계동),0,,,0,,,,,,,,,,,,,,,,,,,,,0
정암초등학교,광주,초,공립,,광주광역시 광산구 첨단과기로 104 (월계동),0,,,0,,,,,,,,,,,,,,,,,,,,,0
유안초등학교,광주,초,공립,,광주광역시 남구 봉선로175번길 16 (봉선동.유안초등학교),0,,,0,,,,,,,,,,,,,,,,,,,,,0
운천초등학교,광주,초,공립,,광주광역시 서구 치평로 59 (치평동. 운천초등학교),0,,,0,,,,,,,,,,,,,,,,,,,,,0
임곡초등학교,광주,초,공립,,광주광역시 광산구 하림길 26 . 임곡초등학교 (임곡동),0,,,0,,,,,,,,,,,,,,,,,,,,,0
장산초등학교,광주,초,공립,,광주광역시 남구 회서로 27 . 장산초등학교 (주월동),0,,,0,,,,,,,,,,,,,,,,,,,,,0
조봉초등학교,광주,초,공립,,광주광역시 남구 봉선로144번길 8 (봉선동.조봉초등학교),1,2023.0,교육활동 모델교,0,,,,,,,,,,,,,,,,,,,,,0
미산초등학교,광주,초,공립,,광주광역시 광산구 첨단중앙로181번길 70 (월계동),0,,,0,,,,,,,,,,,,,,,,,,,,,0
주월초등학교,광주,초,공립,,광주광역시 서구 화운로 36 (화정동),0,,,1,2019.0,,,,,,,,,,,,,,,,,,,,0
신가초등학교,광주,초,공립,,광주광역시 광산구 신가로40번길 21 (신가동),0,,,0,,,,,,,,,,,,,,,,,,,,,0
진월초등학교,광주,초,공립,,광주광역시 남구 광복마을4길 40 . 진월초등학교 (진월동),1,2023.0,정보교육실 구축교,0,,,,,,,,,,,,,,,,,,,,,0
평동초등학교,광주,초,공립,,광주광역시 광산구 평동로 741 (옥동.평동초등학교),0,,,0,,,,,,,,,,,,,,,,,,,,,0
하남초등학교,광주,초,공립,,광주광역시 광산구 하남대로54번길 10 (하남동),0,,,0,,,,,,,,,,,,,,,,,,,,,0
어등초등학교,광주,초,공립,,광주광역시 광산구 월곡산정로 50 . 어등초등학교 (우산동),1,2023.0,정보교육실 구축교,0,,,,,,,,,,,,,,,,,,,,,0
월곡초등학교,광주,초,공립,,광주광역시 광산구 월곡산정로 107 . 월곡초등학교 (월곡동),1,2023.0,교육활동 모델교,0,,,,,,,,,,,,,,,,,,,,,0
하남중앙초등학교,광주,초,공립,,광주광역시 광산구 산정로6번길 21-20 (월곡동.하남중앙초등학교),1,2023.0,정보교육실 구축교,0,,,,,,,,,,,,,,,,,,,,,0
화개초등학교,광주,초,공립,,광주광역시 서구 화개중앙로 48 (금호동),0,,,0,,,,,,,,,,,,,,,,,,,,,0
유덕초등학교,광주,초,공립,,광주광역시 서구 상무버들로16번길 6-10 . 유덕초등학교 (유촌동),0,,,0,,,,,,,,,,,,,,,,,,,,,0
화정남초등학교,광주,초,공립,,광주광역시 서구 염화로 37 . 화정남초등학교 (화정동),0,,,0,,,,,,,,,,,,,,,,,,,,,0
금구초등학교,광주,초,공립,,광주광역시 광산구 임방울대로165번길 60 (운남동),0,,,0,,,,,,,,,,,,,,,,,,,,,0
효광초등학교,광주,초,공립,,광주광역시 서구 광천2길 33 . 효광초등학교 (광천동),0,,,0,,,,,,,,,,,,,,,,,,,,,0
산월초등학교,광주,초,공립,,광주광역시 광산구 산월로9번길 36 (월계동),0,,,0,,,,,,,,,,,,,,,,,,,,,0
유촌초등학교,광주,초,공립,,광주광역시 서구 내방로 153 . 153 (쌍촌동),1,2023.0,교육활동 모델교,1,2019.0,,,,,,,,,,,,,,,,,,,,1
금당초등학교,광주,초,공립,,광주광역시 서구 풍암중앙로 83 . 금당초등학교 (풍암동),0,,,0,,,,,,,,,,,,,,,,,,,,,0
신암초등학교,광주,초,공립,,광주광역시 서구 풍암2로 56 . 신암초등학교(풍암동),0,,,0,,,,,,,,,,,,,,,,,,,,,0
치평초등학교,광주,초,공립,,광주광역시 서구 상무평화로 43 . 치평초등학교 (치평동),0,,,0,,,,,,,,,,,,,,,,,,,,,0
마지초등학교,광주,초,공립,,광주광역시 광산구 목련로219번길 104 (운남동.마지초등학교),0,,,0,,,,,,,,,,,,,,,,,,,,,0
마재초등학교,광주,초,공립,,광주광역시 서구 마재로 27 . 마재초등학교 (금호동),0,,,0,,,,,,,,,,,,,,,,,,,,,0
풍영초등학교,광주,초,공립,,광주광역시 광산구 수등로258번길 53 (신가동),0,,,0,,,,,,,,,,,,,,,,,,,,,0
진만초등학교,광주,초,공립,,광주광역시 광산구 목련로394번길 40-10 . 진만초등학교 (신가동),1,2023.0,정보교육실 구축교,0,,,,,,,,,,,,,,,,,,,,,0
목련초등학교,광주,초,공립,,광주광역시 광산구 목련로153번길 20 (운남동),0,,,0,,,,,,,,,,,,,,,,,,,,,0
계수초등학교,광주,초,공립,,광주광역시 서구 상무시민로 51 . (치평동. 계수초등학교) (치평동),1,2023.0,정보교육실 구축교,0,,,,,,,,,,,,,,,,,,,,,0
운리초등학교,광주,초,공립,,광주광역시 서구 풍암운리로23번길 5 (풍암동),0,,,0,,,,,,,,,,,,,,,,,,,,,0
대반초등학교,광주,초,공립,,광주광역시 광산구 사암로340번길 19 (월곡동),0,,,0,,,,,,,,,,,,,,,,,,,,,0
첨단초등학교,광주,초,공립,,광주광역시 광산구 임방울대로 727-20 (월계동),0,,,0,,,,,,,,,,,,,,,,,,,,,0
어룡초등학교,광주,초,공립,,광주광역시 광산구 소촌로 122 (소촌동. 어룡초등학교),0,,,0,,,,,,,,,,,,,,,,,,,,,0
봉산초등학교,광주,초,공립,,광주광역시 광산구 산월로 57 . 봉산초등학교 (산월동),0,,,0,,,,,,,,,,,,,,,,,,,,,0
영천초등학교,광주,초,공립,,광주광역시 광산구 목련로 123 . 영천초등학교 (월곡동),0,,,0,,,,,,,,,,,,,,,,,,,,,0
월봉초등학교,광주,초,공립,,광주광역시 광산구 산월로 101 (산월동.월봉초등학교),0,,,0,,,,,,,,,,,,,,,,,,,,,0
신창초등학교,광주,초,공립,,광주광역시 광산구 신창로162번길 10 (신창동),0,,,0,,,,,,,,,,,,,,,,,,,,,0
불로초등학교,광주,초,공립,,광주광역시 남구 제석로80번길 58-5 . 불로초등학교 (봉선동),0,,,0,,,,,,,,,,,,,,,,,,,,,0
만호초등학교,광주,초,공립,,광주광역시 서구 금화로 53 (금호동),0,,,0,,,,,,,,,,,,,,,,,,,,,0
수문초등학교,광주,초,공립,,광주광역시 광산구 신창로105번길 9 (신창동),0,,,0,,,,,,,,,,,,,,,,,,,,,0
도산초등학교,광주,초,공립,,광주광역시 광산구 송정외로 6 (도산동),0,,,0,,,,,,,,,,,,,,,,,,,,,0
진남초등학교,광주,초,공립,,광주광역시 남구 효우로60번길 12 . 광주진남초등학교  (노대동),0,,,1,2017.0,,,,,,,,,,,,,,,,,,,,0
수완초등학교,광주,초,공립,,광주광역시 광산구 장덕로 143 (수완동. 수완초등학교),0,,,0,,,,,,,,,,,,,,,,,,,,,0
광주삼육초등학교,광주,초,사립,,광주광역시 남구 회서로 30 . 광주삼육초등학교 (주월동),0,,,0,,,,,,,,,,,,,,,,,,,,,0
살레시오초등학교,광주,초,사립,,광주광역시 서구 전평길 40-1 . 살레시오초등학교 (매월동),0,,,0,,,,,,,,,,,,,,,,,,,,,0
광주송원초등학교,광주,초,사립,,광주광역시 남구 송암로 73 . (송하동. 송원초등학교) (송하동),0,,,1,2020.0,,,,,,,,,,,,,,,,,,,,0
진제초등학교,광주,초,공립,,광주광역시 남구 서문대로 654 . 45 (진월동),0,,,0,,,,,,,,,,,,,,,,,,,,,0
고실초등학교,광주,초,공립,,광주광역시 광산구 풍영로 300 (장덕동),0,,,0,,,,,,,,,,,,,,,,,,,,,0
장덕초등학교,광주,초,공립,,광주광역시 광산구 수등로 27 . 장덕초등학교 (장덕동),0,,,0,,,,,,,,,,,,,,,,,,,,,0
큰별초등학교,광주,초,공립,,광주광역시 광산구 수등로 115 (신가동. 큰별초등학교),0,,,0,,,,,,,,,,,,,,,,,,,,,0
산정초등학교,광주,초,공립,,광주 광산구 목련로22번길 11 (산정동.산정초등학교),1,2023.0,교육활동 모델교,1,2017.0,,,,,,,,,,,,,,,,,,,,1
성덕초등학교,광주,초,공립,,광주광역시 광산구 풍영로 313 . 성덕초등학교 (장덕동),1,2023.0,교육활동 모델교,1,2017.0,,,,,,,,,,,,,,,,,,,,1
상일중학교,광주,중,공립,남여공학,광주광역시 서구 내방로 229 . 상일중학교 (쌍촌동),0,,,0,,,,,,,,,,,,,,,,,,,,,0
수완하나중학교,광주,중,공립,남여공학,광주광역시 광산구 수완로105번길 47 (수완동),1,2023.0,교육활동 모델교,1,2016.0,,,,,,,,,,,,,,,,,,,,1
광산중학교,광주,중,공립,남여공학,광주광역시 광산구 사암로158번길 23 (우산동),0,,,0,,,,,,,,,,,,,,,,,,,,,0
평동중학교,광주,중,공립,남여공학,광주광역시 광산구 평동로735번길 70 (용동),0,,,0,,,,,,,,,,,,,,,,,,,,,0
광주무진중학교,광주,중,공립,남여공학,광주광역시 남구 중앙로 7 . 광주무진중학교 (월산동),0,,,0,,,,,,,,,,,,,,,,,,,,,0
광주서광중학교,광주,중,공립,남여공학,광주광역시 남구 진다리로24번길 13 (백운동. 광주서광중학교),0,,,0,,,,,,,,,,,,,,,,,,,,,0
선운중학교,광주,중,공립,남여공학,광주광역시 광산구 선운로20번길 20 . 37번지 선운중학교 (선암동),0,,,0,,,,,,,,,,,,,,,,,,,,,0
광주중학교,광주,중,공립,남여공학,광주광역시 서구 화개중앙로 60 . 광주중학교 (금호동),0,,,0,,,,,,,,,,,,,,,,,,,,,0
광주화정중학교,광주,중,공립,남여공학,광주광역시 서구 화운로 53 (화정동.광주화정중학교),0,,,0,,,,,,,,,,,,,,,,,,,,,0
광주효광중학교,광주,중,공립,남여공학,광주광역시 서구 쌍촌로15번길 8 . (쌍촌동.광주효광중학교) (쌍촌동),0,,,0,,,,,,,,,,,,,,,,,,,,,0
금당중학교,광주,중,공립,남여공학,광주광역시 남구 회재로1156번길 9 (주월동. 금당중학교),0,,,0,,,,,,,,,,,,,,,,,,,,,0
금호중학교,광주,중,공립,남여공학,광주광역시 서구 금화로115번길 72 (금호동),0,,,0,,,,,,,,,,,,,,,,,,,,,0
대촌중학교,광주,중,공립,남여공학,광주광역시 남구 고싸움로164번길 28 (지석동),0,,,0,,,,,,,,,,,,,,,,,,,,,0
봉선중학교,광주,중,공립,남여공학,광주광역시 남구 봉선중길 14 . 봉선중학교 (봉선동),0,,,0,,,,,,,,,,,,,,,,,,,,,0
상무중학교,광주,중,공립,남여공학,광주광역시 서구 운천로 142 . 상무중학교 (쌍촌동),0,,,0,,,,,,,,,,,,,,,,,,,,,0
송정중학교,광주,중,공립,남여공학,광주광역시 광산구 내상로15번길 23 (송정동),0,,,0,,,,,,,,,,,,,,,,,,,,,0
월계중학교,광주,중,공립,남여공학,광주광역시 광산구 첨단중앙로181번길 82 . 월계중학교 (월계동),0,,,0,,,,,,,,,,,,,,,,,,,,,0
운남중학교,광주,중,공립,남여공학,광주광역시 광산구 목련로 307-10 . 운남중학교 (운남동),0,,,0,,,,,,,,,,,,,,,,,,,,,0
주월중학교,광주,중,공립,남여공학,광주광역시 남구 옹정길 9 . 주월중학교 (주월동),0,,,0,,,,,,,,,,,,,,,,,,,,,0
전남중학교,광주,중,공립,남여공학,광주광역시 서구 상무공원로 70 (치평동),0,,,1,2015.0,,,,,,,,,,,,,,,,,,,,0
치평중학교,광주,중,공립,남여공학,광주광역시 서구 화정로21번길5. 치평중학교 (쌍촌동),0,,,0,,,,,,,,,,,,,,,,,,,,,0
월곡중학교,광주,중,공립,남여공학,광주광역시 광산구 월곡산정로 95 (월곡동),0,,,0,,,,,,,,,,,,,,,,,,,,,0
대자중학교,광주,중,공립,남여공학,광주광역시 서구 하남대로680번길 27 . 대자중학교 (동천동),0,,,0,,,,,,,,,,,,,,,,,,,,,0
하남중학교,광주,중,공립,남여공학,광주광역시 광산구 산정로6번길 21-2 (월곡동),0,,,0,,,,,,,,,,,,,,,,,,,,,0
광주동명중학교,광주,중,공립,남여공학,광주광역시 서구 운천로 306 (쌍촌동),0,,,0,,,,,,,,,,,,,,,,,,,,,0
풍암중학교,광주,중,공립,남여공학,광주광역시 서구 풍암순환로 51 (풍암동.풍암중학교),1,2023.0,교육활동 모델교,0,,,,,,,,,,,,,,,,,,,,,0
금구중학교,광주,중,공립,남여공학,광주광역시 광산구 목련로153번길 76 (운남동),0,,,0,,,,,,,,,,,,,,,,,,,,,0
천곡중학교,광주,중,공립,남여공학,광주광역시 광산구 월계로16번길 78 (월계동),0,,,0,,,,,,,,,,,,,,,,,,,,,0
첨단중학교,광주,중,공립,남여공학,광주광역시 광산구 첨단내촌로 16 . 첨단중학교 (월계동),0,,,0,,,,,,,,,,,,,,,,,,,,,0
송광중학교,광주,중,공립,남여공학,광주광역시 광산구 송정로 74 . 송광중학교 (송정동),0,,,0,,,,,,,,,,,,,,,,,,,,,0
영천중학교,광주,중,공립,남여공학,광주광역시 광산구 사암로340번안길 21 . 영천중학교 (월곡동),0,,,0,,,,,,,,,,,,,,,,,,,,,0
신가중학교,광주,중,공립,남여공학,광주광역시 광산구 신창로 26 . 신가중학교 (신창동),0,,,0,,,,,,,,,,,,,,,,,,,,,0
봉산중학교,광주,중,공립,남여공학,광주광역시 광산구 산월로 67 . 봉산중학교 (산월동),0,,,0,,,,,,,,,,,,,,,,,,,,,0
운리중학교,광주,중,공립,남여공학,광주광역시 서구 풍암신흥로11번길 28 . 운리중학교 (풍암동),0,,,0,,,,,,,,,,,,,,,,,,,,,0
신창중학교,광주,중,공립,남여공학,광주광역시 광산구 왕버들로290번길 40 (신창동),0,,,0,,,,,,,,,,,,,,,,,,,,,0
유덕중학교,광주,중,공립,남여공학,광주광역시 서구 상무버들로 29 (유촌동.유덕중학교),0,,,0,,,,,,,,,,,,,,,,,,,,,0
월봉중학교,광주,중,공립,남여공학,광주광역시 광산구 산월로 107 (산월동),0,,,0,,,,,,,,,,,,,,,,,,,,,0
광덕중학교,광주,중,사립,남자,광주광역시 서구 화정로 202 . 광덕중학교 (화정동),1,2023.0,교육활동 모델교,1,2017.0,,,,,,,,,,,,,,,,,,,,1
광주동성여자중학교,광주,중,사립,여자,광주광역시 남구 서문대로627번길 20 . 광주동성여자중학교 (진월동),0,,,0,,,,,,,,,,,,,,,,,,,,,0
광주동성중학교,광주,중,사립,남자,광주광역시 남구 서문대로 627번길 20 (진월동.광주동성중학교),1,2023.0,교육활동 모델교,0,,,,,,,,,,,,,,,,,,,,,0
성덕중학교,광주,중,공립,남여공학,광주광역시 광산구 장덕로 65 (장덕동),0,,,1,2018.0,,,,,,,,,,,,,,,,,,,,0
광주서석중학교,광주,중,사립,남자,광주광역시 서구 화정로253번길 27 . 광주서석중학교 (화정동.광주서석중학교),0,,,0,,,,,,,,,,,,,,,,,,,,,0
광주송원중학교,광주,중,사립,남여공학,광주광역시 남구 송암로 73 광주송원중학교 (송하동),0,,,0,,,,,,,,,,,,,,,,,,,,,0
광주수피아여자중학교,광주,중,사립,여자,광주광역시 남구 백서로 13 . 광주수피아여자중학교 (양림동),0,,,0,,,,,,,,,,,,,,,,,,,,,0
대성여자중학교,광주,중,사립,여자,광주광역시 남구 서문대로663번길 37 (진월동.대성여자중학교),0,,,1,2019.0,,,,,,,,,,,,,,,,,,,,0
동아여자중학교,광주,중,사립,여자,광주광역시 남구 오방로 16-10 . (봉선동. 동아여자중학교) (봉선동),0,,,0,,,,,,,,,,,,,,,,,,,,,0
문성중학교,광주,중,사립,남자,광주광역시 남구 제석로 73 . 문성중고등학교 (봉선동),0,,,0,,,,,,,,,,,,,,,,,,,,,0
광주진흥중학교,광주,중,사립,남여공학,광주광역시 광산구 왕버들로 307 (신창동),0,,,0,,,,,,,,,,,,,,,,,,,,,0
비아중학교,광주,중,사립,남여공학,광주광역시 광산구 첨단중앙로181번길 42-26 . 비아중학교 (월계동),0,,,0,,,,,,,,,,,,,,,,,,,,,0
숭의중학교,광주,중,사립,남여공학,광주광역시 남구 오방로 34-13 . 숭의중학교 (방림동),0,,,0,,,,,,,,,,,,,,,,,,,,,0
임곡중학교,광주,중,사립,남여공학,광주광역시 광산구 고봉로 812 임곡중학교. 광일고등학교 (임곡동),0,,,0,,,,,,,,,,,,,,,,,,,,,0
정광중학교,광주,중,사립,남여공학,광주광역시 광산구 소촌로 90-36 (소촌동),0,,,0,,,,,,,,,,,,,,,,,,,,,0
진남중학교,광주,중,공립,남여공학,광주광역시 남구 노대실로41번길 21 (노대동),0,,,1,2018.0,,,,,,,,,,,,,,,,,,,,0
수완중학교,광주,중,공립,남여공학,광주광역시 광산구 수완로 19 (수완동),0,,,0,,,,,,,,,,,,,,,,,,,,,0
산정중학교,광주,중,공립,남여공학,광주광역시 광산구 목련로22번길 31 (산정동),0,,,0,,,,,,,,,,,,,,,,,,,,,0
장덕중학교,광주,중,공립,남여공학,광주광역시 광산구 수등로 11 . 장덕중학교 (장덕동),0,,,1,2016.0,,,,,,,,,,,,,,,,,,,,0
효천중학교,광주,중,공립,남여공학,광주광역시 남구 서문대로 402번길 50 (행암동),0,,,0,,,,,,,,,,,,,,,,,,,,,0
대전반석고등학교,대전,고,공립,남여공학,대전광역시 유성구 지족로 332 . 대전반석고등학교 (지족동),0,,,0,,,,,,,,,,,,,,,,,,,,,0
대덕고등학교,대전,고,공립,남여공학,대전광역시 유성구 대덕대로556번길. 158 (도룡동),0,,,0,,,,,,,,,,,,,,,,,,,,,0
대전고등학교,대전,고,공립,남자,대전광역시 중구 대흥로 110 (대흥동. 대전고등학교),0,,,0,,,,,,,,,,,,,,,,,,,,,0
대전관저고등학교,대전,고,공립,남여공학,대전광역시 서구 관저북로 94 (관저동),0,,,0,,,,,,,,,,,,,,,,,,,,,0
대전둔산여자고등학교,대전,고,공립,여자,대전광역시 서구 갈마역로 33 (갈마동. 대전둔산여자고등학교),0,,,0,,,,,,,,,,,,,,,,,,,,,0
대전만년고등학교,대전,고,공립,남여공학,대전광역시 서구 만년로 6 (만년동),0,,,0,,,,,,,,,,,,,,,,,,,,,0
대전송촌고등학교,대전,고,공립,남여공학,대전광역시 대덕구 선비마을로23번길 11 (송촌동. 대전송촌고등학교),0,,,0,,,,,,,,,,,,,,,,,,,,,0
대전여자고등학교,대전,고,공립,여자,대전광역시 동구 용운로1번길 28-37 . 대전여자고등학교 (대동),0,,,0,,,,,,,,,,,,,,,,,,,,,0
대전전민고등학교,대전,고,공립,남여공학,대전광역시 유성구 전민로 63 (전민동. 대전전민고등학교),0,,,1,2020.0,,,,,,,,,,,,,,,,,,,,0
대전둔원고등학교,대전,고,공립,남여공학,대전광역시 서구 대덕대로 101 (갈마동),0,,,0,,,,,,,,,,,,,,,,,,,,,0
대전지족고등학교,대전,고,공립,남여공학,대전광역시 유성구 노은서로 202 (지족동. 지족고등학교),0,,,0,,,,,,,,,,,,,,,,,,,,,0
대전구봉고등학교,대전,고,공립,남여공학,대전광역시 서구 관저서로 36 . 대전구봉고등학교 (관저동),0,,,1,2019.0,,,,,,,,,,,,,,,,,,,,0
대전노은고등학교,대전,고,공립,남여공학,대전광역시 유성구 노은동로 99 . 55 (노은동),0,,,0,,,,,,,,,,,,,,,,,,,,,0
동대전고등학교,대전,고,공립,남여공학,대전광역시 대덕구 청림길 33 (중리동. 동대전고등학교),0,,,0,,,,,,,,,,,,,,,,,,,,,0
신탄진고등학교,대전,고,공립,남여공학,대전광역시 대덕구 신탄진북로 14 (신탄진동),0,,,0,,,,,,,,,,,,,,,,,,,,,0
유성고등학교,대전,고,공립,남자,대전광역시 유성구 유성대로654번길 130 (구암동.유성고등학교),0,,,1,2019.0,,,,,,,,,,,,,,,,,,,,0
충남고등학교,대전,고,공립,남자,대전광역시 서구 문정로 171 (둔산동. 충남고등학교),0,,,0,,,,,,,,,,,,,,,,,,,,,0
충남여자고등학교,대전,고,공립,여자,대전광역시 중구 선화로43번길 77 (목동.충남여자고등학교),1,2023.0,교육활동 모델교,0,,,,,,,,,,,,,,,,,,,,,0
한밭고등학교,대전,고,공립,남여공학,대전광역시 서구 신갈마로141번길 58 (갈마동. 한밭고등학교),0,,,0,,,,,,,,,,,,,,,,,,,,,0
남대전고등학교,대전,고,사립,남자,대전광역시 중구 보문로 111번길 63 (부사동),0,,,0,,,,,,,,,,,,,,,,,,,,,0
대전대성고등학교,대전,고,사립,남자,대전광역시 중구 목동로 23 (목동),0,,,0,,,,,,,,,,,,,,,,,,,,,0
대전대신고등학교,대전,고,사립,남자,대전광역시 서구 오량1길 98 (복수동. 대전대신중·고등학교),1,2023.0,정보교육실 구축교,0,,,,,,,,,,,,,,,,,,,,,0
대전동산고등학교,대전,고,사립,남자,대전광역시 중구 문화로 183 . 대전동산고등학교 (문화동),0,,,0,,,,,,,,,,,,,,,,,,,,,0
대전제일고등학교,대전,고,사립,남여공학,대전광역시 서구 배재로46번길 77 (도마동),0,,,0,,,,,,,,,,,,,,,,,,,,,0
대전성모여자고등학교,대전,고,사립,여자,대전광역시 중구 대흥로 62 (대흥동),0,,,0,,,,,,,,,,,,,,,,,,,,,0
대전괴정고등학교,대전,고,공립,남여공학,대전광역시 서구 가장로 15 (괴정동),0,,,0,,,,,,,,,,,,,,,,,,,,,0
대전용산고등학교,대전,고,공립,남여공학,대전광역시 유성구 용산2로 2-16 (용산동. 대전용산고등학교),0,,,0,,,,,,,,,,,,,,,,,,,,,0
대전중앙고등학교,대전,고,사립,남자,대전광역시 중구 대종로 634 (중촌동. 대전중앙중.고등학교),1,2023.0,교육활동 모델교,1,2020.0,,,,,,,,,,,,,,,,,,,,1
동방고등학교,대전,고,사립,남여공학,대전광역시 서구 계백로 1106 (관저동. 동방고등학교),0,,,0,,,,,,,,,,,,,,,,,,,,,0
명석고등학교,대전,고,사립,남자,대전광역시 동구 우암로 380 . 명석고등학교 (가양동),1,2023.0,교육활동 모델교,0,,,,,,,,,,,,,,,,,,,,,0
보문고등학교,대전,고,사립,남자,대전광역시 동구 우암로 57 . 보문고등학교 (삼성동. 보문고등학교.보문중학교),0,,,0,,,,,,,,,,,,,,,,,,,,,0
우송고등학교,대전,고,사립,남여공학,대전광역시 동구 동대전로131번길 53 . 우송고등학교 (자양동),0,,,0,,,,,,,,,,,,,,,,,,,,,0
대전이문고등학교,대전,고,사립,남여공학,대전광역시 대덕구 석봉로 15 (석봉동.대전이문고등학교),0,,,0,,,,,,,,,,,,,,,,,,,,,0
서대전고등학교,대전,고,사립,남자,대전광역시 서구 월평동로 60 (월평동.서대전고등학교),0,,,0,,,,,,,,,,,,,,,,,,,,,0
서대전여자고등학교,대전,고,사립,여자,대전광역시 서구 배재로197번길 20 . 서대전여자고등학교 (도마동. 서대전여자고등학교),0,,,0,,,,,,,,,,,,,,,,,,,,,0
서일고등학교,대전,고,사립,남자,대전광역시 서구 계백로828번길 30 (관저동),0,,,0,,,,,,,,,,,,,,,,,,,,,0
서일여자고등학교,대전,고,사립,여자,대전광역시 서구 구봉산북로 22 (관저동. 서일여자고등학교),0,,,0,,,,,,,,,,,,,,,,,,,,,0
대전한빛고등학교,대전,고,사립,남여공학,대전광역시 중구 대둔산로 119-37 (안영동.대전한빛고등학교),0,,,0,,,,,,,,,,,,,,,,,,,,,0
유성여자고등학교,대전,고,사립,여자,대전광역시 유성구 은구비로138번길 70 . 유성여자고등학교 (죽동),0,,,0,,,,,,,,,,,,,,,,,,,,,0
중일고등학교,대전,고,사립,남여공학,대전 유성구 배울2로 68 (관평동.중일고등학교),0,,,1,2019.0,,,,,,,,,,,,,,,,,,,,0
청란여자고등학교,대전,고,사립,여자,대전광역시 중구 보문로95번길 40 . 청란여자고등학교 (부사동),0,,,0,,,,,,,,,,,,,,,,,,,,,0
호수돈여자고등학교,대전,고,사립,여자,대전광역시 중구 선화로 50 (용두동.호수돈여자중.고등학교),0,,,1,2020.0,,,,,,,,,,,,,,,,,,,,0
대전가오고등학교,대전,고,공립,남여공학,대전광역시 동구 신기로 71 (가오동),0,,,1,2019.0,,,,,,,,,,,,,,,,,,,,0
대전복수고등학교,대전,고,공립,남여공학,대전광역시 서구 혜천로 66 (복수동. 대전복수고등학교),0,,,0,,,,,,,,,,,,,,,,,,,,,0
대전도안고등학교,대전,고,공립,남여공학,대전광역시 유성구 원신흥남로 51 (원신흥동),0,,,0,,,,,,,,,,,,,,,,,,,,,0
대전체육고등학교,대전,고,공립,남여공학,대전광역시 유성구 원신흥로40번길 6 . 대전체육중고등학교 (원신흥동),0,,,0,,,,,,,,,,,,,,,,,,,,,0
대전과학고등학교,대전,고,공립,남여공학,대전광역시 유성구 과학로 46 (구성동.대전과학고등학교),0,,,0,,,,,,,,,,,,,,,,,,,,,0
대전동신과학고등학교,대전,고,공립,남여공학,대전광역시 동구 옥천로 423 (비룡동. 대전동신과학고등학교),0,,,0,,,,,,,,,,,,,,,,,,,,,0
대전예술고등학교,대전,고,사립,남여공학,대전광역시 유성구 월드컵대로308번길 33 (상대동),0,,,0,,,,,,,,,,,,,,,,,,,,,0
대전외국어고등학교,대전,고,공립,남여공학,대전광역시 서구 신갈마로 19 (내동),0,,,0,,,,,,,,,,,,,,,,,,,,,0
유성생명과학고등학교,대전,고,공립,남여공학,대전광역시 유성구 월드컵대로 270 (구암동. 유성생명과학고등학교),0,,,0,,,,,,,,,,,,,,,,,,,,,0
대덕소프트웨어마이스터고등학교,대전,고,공립,남여공학,대전광역시 유성구 가정북로 76 (장동. 대덕소프트웨어마이스터고등학교),0,,,0,,,,,,,,,,,,,,,,,,,,,0
대전전자디자인고등학교,대전,고,공립,남여공학,대전광역시 유성구 대덕대로 939 . 대전전자디자인고등학교(화암동. 대전전자디자인고등학교),0,,,0,,,,,,,,,,,,,,,,,,,,,0
대전공업고등학교,대전,고,공립,남여공학,대전광역시 유성구 진잠로42번길 35 . 대전공업고등학교 (원내동),0,,,0,,,,,,,,,,,,,,,,,,,,,0
충남기계공업고등학교,대전,고,공립,남자,대전광역시 중구 산성로 154 (문화동),0,,,0,,,,,,,,,,,,,,,,,,,,,0
대전생활과학고등학교,대전,고,사립,남여공학,대전광역시 대덕구 동산초교로63번길 12 . 대전생활과학고등학교 (오정동. 경덕중학교),0,,,0,,,,,,,,,,,,,,,,,,,,,0
계룡디지텍고등학교,대전,고,사립,남자,대전광역시 동구 소랑길 64 (삼성동),0,,,0,,,,,,,,,,,,,,,,,,,,,0
동아마이스터고등학교,대전,고,사립,남자,대전광역시 동구 충정로 97 (자양동.동아마이스터고등학교),0,,,0,,,,,,,,,,,,,,,,,,,,,0
대전국제통상고등학교,대전,고,공립,남여공학,대전광역시 중구 서문로 47 (문화동. 대전국제통상고등학교),0,,,0,,,,,,,,,,,,,,,,,,,,,0
대전대성여자고등학교,대전,고,사립,여자,대전광역시 동구 대성2길 20 대전대성여자고등학교(가양동),0,,,0,,,,,,,,,,,,,,,,,,,,,0
대전여자상업고등학교,대전,고,사립,여자,대전광역시 중구 대종로550번길 31 (선화동),0,,,0,,,,,,,,,,,,,,,,,,,,,0
대전신일여자고등학교,대전,고,사립,여자,대전광역시 중구 부사로 48 (부사동. 대전신일여자고등학교),0,,,0,,,,,,,,,,,,,,,,,,,,,0
대전석교초등학교,대전,초,공립,,대전광역시 중구 대종로204번길 12 (석교동.대전석교초등학교),1,2023.0,교육활동 모델교,1,2018.0,,,,,,,,,,,,,,,,,,,,1
대전판암초등학교,대전,초,공립,,대전광역시 동구 옥천로180번길 32 . 판암초등학교 (판암동),1,2023.0,교육활동 모델교,1,2020.0,,,,,,,,,,,,,,,,,,,,1
대전은어송초등학교,대전,초,공립,,대전광역시 동구 대전로 396 . 대전은어송초등학교 (대성동),0,,,0,,,,,,,,,,,,,,,,,,,,,0
대전가양초등학교,대전,초,공립,,대전광역시 동구 가양로 61 (가양동. 대전가양초등학교),0,,,0,,,,,,,,,,,,,,,,,,,,,0
대전가오초등학교,대전,초,공립,,대전광역시 동구 신기로 112 . 대전가오초등학교 (가오동),0,,,0,,,,,,,,,,,,,,,,,,,,,0
대전글꽃초등학교,대전,초,공립,,대전광역시 중구 계룡로918번길 97 (문화동. 대전글꽃초등학교),0,,,1,2020.0,,,,,,,,,,,,,,,,,,,,0
대전대동초등학교,대전,초,공립,,대전광역시 동구 대동초등3길 21 . 대동초등학교 (대동),0,,,0,,,,,,,,,,,,,,,,,,,,,0
대전대룡초등학교,대전,초,공립,,대전광역시 동구 백룡로 123 (용운동. 대전대룡초등학교),0,,,0,,,,,,,,,,,,,,,,,,,,,0
대전대문초등학교,대전,초,공립,,대전광역시 중구 송리로 11 (문화동. 대전대문초등학교),0,,,0,,,,,,,,,,,,,,,,,,,,,0
대전대신초등학교,대전,초,공립,,대전광역시 중구 솔밭로 16 . 17 (대사동),0,,,0,,,,,,,,,,,,,,,,,,,,,0
대전대암초등학교,대전,초,공립,,대전광역시 동구 동부로 55-61 (판암동. 대전대암초등학교),0,,,1,2018.0,,,,,,,,,,,,,,,,,,,,0
대전대양초등학교,대전,초,공립,,대전광역시 대덕구 송촌로 67 (송촌동. 대전대양초등학교),0,,,0,,,,,,,,,,,,,,,,,,,,,0
대전대화초등학교,대전,초,공립,,대전광역시 대덕구 대화로 242-36 . 대전대화초등학교 (대화동),0,,,0,,,,,,,,,,,,,,,,,,,,,0
대전대흥초등학교,대전,초,공립,,대전광역시 중구 수도산로 12 (대흥동. 대흥초등학교),0,,,1,2019.0,,,,,,,,,,,,,,,,,,,,0
대전동도초등학교,대전,초,공립,,대전광역시 대덕구 한남로150번길 27 (오정동. 동도초등학교),0,,,1,2018.0,,,,,,,,,,,,,,,,,,,,0
대전동광초등학교,대전,초,공립,,대전광역시 동구 백룡로11번길 20 . 대전동광초등학교 (자양동. 대전동광초등학교),0,,,0,,,,,,,,,,,,,,,,,,,,,0
대전목양초등학교,대전,초,공립,,대전광역시 중구 목동로 69 (목동. 목양초등학교),0,,,0,,,,,,,,,,,,,,,,,,,,,0
대전동산초등학교,대전,초,공립,,대전광역시 대덕구 동산초교로63번길 50 . 대전동산초등학교 (오정동),0,,,1,2020.0,,,,,,,,,,,,,,,,,,,,0
대전동서초등학교,대전,초,공립,,대전광역시 동구 동서대로 1522 (삼성동. 대전동서초등학교),0,,,0,,,,,,,,,,,,,,,,,,,,,0
대전동문초등학교,대전,초,공립,,대전광역시 중구 문화로 200 (문화동. 대전동문초등학교),0,,,0,,,,,,,,,,,,,,,,,,,,,0
대전매봉초등학교,대전,초,공립,,대전광역시 대덕구 선비마을로 155 (송촌동. 대전매봉초등학교),0,,,0,,,,,,,,,,,,,,,,,,,,,0
대전목동초등학교,대전,초,공립,,대전광역시 중구 목중로19번길 70 (목동. 대전목동초등학교),0,,,0,,,,,,,,,,,,,,,,,,,,,0
대전문성초등학교,대전,초,공립,,대전광역시 중구 유등천동로292번길 89-14 . 대전문성초등학교 (산성동),0,,,0,,,,,,,,,,,,,,,,,,,,,0
대전문창초등학교,대전,초,공립,,대전광역시 중구 문창로 55 (부사동. 대전문창초등학교),0,,,0,,,,,,,,,,,,,,,,,,,,,0
대전문화초등학교,대전,초,공립,,대전광역시 중구 문화로78번안길 70 (문화동. 대전문화초등학교),0,,,0,,,,,,,,,,,,,,,,,,,,,0
대전법동초등학교,대전,초,공립,,대전광역시 대덕구 계족로664번길 74 (법동.대전법동초등학교),0,,,0,,,,,,,,,,,,,,,,,,,,,0
대전보성초등학교,대전,초,공립,,대전광역시 중구 보문산로141번길 34 (문화동. 대전보성초등학교),0,,,0,,,,,,,,,,,,,,,,,,,,,0
대전보운초등학교,대전,초,공립,,대전광역시 중구 대종로 315번길 42 . 대전보운초등학교 (부사동),1,2023.0,교육활동 모델교,1,2019.0,,,,,,,,,,,,,,,,,,,,1
대전산성초등학교,대전,초,공립,,대전광역시 중구 대둔산로 332 (사정동.산성초등학교),0,,,1,2019.0,,,,,,,,,,,,,,,,,,,,0
대전삼성초등학교,대전,초,공립,,대전광역시 동구 대전로867번길 12 (삼성동),0,,,0,,,,,,,,,,,,,,,,,,,,,0
대전석봉초등학교,대전,초,공립,,대전광역시 대덕구 신탄진남로 20 . 대전석봉초등학교 (신탄진동),0,,,0,,,,,,,,,,,,,,,,,,,,,0
대전선화초등학교,대전,초,공립,,대전광역시 중구 선화로 159 (선화동. 대전선화초등학교),0,,,0,,,,,,,,,,,,,,,,,,,,,0
대전성남초등학교,대전,초,공립,,대전광역시 동구 성남로32번길 5 . 대전성남초등학교 (성남동. 대전성남초등학교),0,,,0,,,,,,,,,,,,,,,,,,,,,0
대전송촌초등학교,대전,초,공립,,대전광역시 대덕구 동춘당로54번길 35 . 대전송촌초등학교 (송촌동. 대전송촌초등학교),0,,,0,,,,,,,,,,,,,,,,,,,,,0
대전신평초등학교,대전,초,공립,,대전광역시 중구 유등천동로 478 . 대전신평초등학교 (태평동.대전신평초등학교),0,,,0,,,,,,,,,,,,,,,,,,,,,0
대전신흥초등학교,대전,초,공립,,대전광역시 동구 신흥초등길 21 . 신흥초등학교 (신흥동. 대전신흥초등학교),0,,,0,,,,,,,,,,,,,,,,,,,,,0
대전양지초등학교,대전,초,공립,,대전광역시 대덕구 쌍청당로 45 (법동),0,,,1,2019.0,,,,,,,,,,,,,,,,,,,,0
대전오류초등학교,대전,초,공립,,대전광역시 중구 오류로 46 (오류동),1,2023.0,교육활동 모델교,0,,,,,,,,,,,,,,,,,,,,,0
대전옥계초등학교,대전,초,공립,,대전광역시 중구 모암로 35 (옥계동. 대전옥계초등학교),0,,,0,,,,,,,,,,,,,,,,,,,,,0
대전용운초등학교,대전,초,공립,,대전광역시 동구 용운로 204 (용운동.대전용운초등학교),0,,,0,,,,,,,,,,,,,,,,,,,,,0
대전용전초등학교,대전,초,공립,,대전광역시 동구 계족로505번길 49 . 대전용전초등학교 (용전동. 대전용전초등학교),0,,,1,2020.0,,,,,,,,,,,,,,,,,,,,0
대전원평초등학교,대전,초,공립,,대전광역시 중구 계백로1615번길 46 . 대전원평초등학교 (유천동),0,,,1,2019.0,,,,,,,,,,,,,,,,,,,,0
대전자양초등학교,대전,초,공립,,대전광역시 동구 계족로 184-55 (자양동. 대전자양초등학교),0,,,1,2017.0,,,,,,,,,,,,,,,,,,,,0
대전중리초등학교,대전,초,공립,,대전광역시 대덕구 중리북로 20 (법동),0,,,0,,,,,,,,,,,,,,,,,,,,,0
대전중앙초등학교,대전,초,공립,,대전광역시 중구 선화로43번길 99 . 대전중앙초등학교 (선화동),0,,,1,2018.0,,,,,,,,,,,,,,,,,,,,0
대전중원초등학교,대전,초,공립,,대전광역시 대덕구 중리로64번길 45 (중리동),0,,,0,,,,,,,,,,,,,,,,,,,,,0
대전중촌초등학교,대전,초,공립,,대전광역시 중구 대종로 684 (중촌동.대전중촌초등학교),1,2023.0,정보교육실 구축교,0,,,,,,,,,,,,,,,,,,,,,0
대전천동초등학교,대전,초,공립,,대전광역시 동구 천동초등동길 60 . 214-1 (천동.대전천동초등학교),0,,,1,2020.0,,,,,,,,,,,,,,,,,,,,0
대전태평초등학교,대전,초,공립,,대전광역시 중구 유천로 117 (태평동. 대전태평초등학교),0,,,0,,,,,,,,,,,,,,,,,,,,,0
대전화정초등학교,대전,초,공립,,대전광역시 대덕구 한밭대로 1024 . 20 (오정동),0,,,0,,,,,,,,,,,,,,,,,,,,,0
대전현암초등학교,대전,초,공립,,대전광역시 동구 현암로 19 . 대전현암초등학교 (삼성동),0,,,0,,,,,,,,,,,,,,,,,,,,,0
대전흥룡초등학교,대전,초,공립,,대전광역시 동구 동대전로256번길 21 (가양동. 대전흥룡초등학교),0,,,0,,,,,,,,,,,,,,,,,,,,,0
동대전초등학교,대전,초,공립,,대전광역시 동구 비래서로62번길 60 (가양동. 동대전초등학교),0,,,0,,,,,,,,,,,,,,,,,,,,,0
동명초등학교,대전,초,공립,,대전광역시 동구 천개동로 16 . 동명초등학교 (추동),0,,,0,,,,,,,,,,,,,,,,,,,,,0
산내초등학교,대전,초,공립,,대전광역시 동구 산내로 1292 (낭월동.산내초등학교),0,,,0,,,,,,,,,,,,,,,,,,,,,0
산서초등학교,대전,초,공립,,대전광역시 중구 남달미로 87 (목달동. 산서초등학교),0,,,0,,,,,,,,,,,,,,,,,,,,,0
산흥초등학교,대전,초,공립,,대전광역시 동구 산내로 509 (상소동. 산흥초등학교),0,,,0,,,,,,,,,,,,,,,,,,,,,0
서대전초등학교,대전,초,공립,,대전광역시 중구 선화로 17 (용두동.서대전초등학교),0,,,0,,,,,,,,,,,,,,,,,,,,,0
새일초등학교,대전,초,공립,,대전광역시 대덕구 덕암로125번길 15 (덕암동. 새일초등학교),0,,,0,,,,,,,,,,,,,,,,,,,,,0
신탄진초등학교,대전,초,공립,,대전광역시 대덕구 석봉로3번길 50 . 신탄진초등학교 (석봉동),0,,,1,2019.0,,,,,,,,,,,,,,,,,,,,0
신탄진용정초등학교,대전,초,공립,,대전광역시 대덕구 대청로 65 . 신탄진용정초등학교 (신탄진동),0,,,0,,,,,,,,,,,,,,,,,,,,,0
세천초등학교,대전,초,공립,,대전광역시 동구 옥천로 610-12 (세천동.세천초등학교),0,,,1,2019.0,,,,,,,,,,,,,,,,,,,,0
대전유평초등학교,대전,초,공립,,대전광역시 중구 수침로 123 (태평동),0,,,0,,,,,,,,,,,,,,,,,,,,,0
와동초등학교,대전,초,공립,,대전광역시 대덕구 신탄진로 189 (신대동. 와동초등학교),0,,,1,2019.0,,,,,,,,,,,,,,,,,,,,0
장동초등학교,대전,초,공립,,대전광역시 대덕구 장동로 223-37 (장동.대전장동초등학교),0,,,0,,,,,,,,,,,,,,,,,,,,,0
회덕초등학교,대전,초,공립,,대전광역시 대덕구 대전로 1350 (읍내동),0,,,0,,,,,,,,,,,,,,,,,,,,,0
대전목상초등학교,대전,초,공립,,대전광역시 대덕구 대덕대로1486번길 117 (목상동. 대전목상초등학교),0,,,0,,,,,,,,,,,,,,,,,,,,,0
대전버드내초등학교,대전,초,공립,,대전광역시 중구 태평로 21 . 대전버드내초등학교 (태평동),0,,,0,,,,,,,,,,,,,,,,,,,,,0
대전비래초등학교,대전,초,공립,,대전광역시 대덕구 우암로492번안길 65 (비래동),0,,,0,,,,,,,,,,,,,,,,,,,,,0
대전성모초등학교,대전,초,사립,,대전광역시 중구 대흥로 62 (대흥동. 대전성모초등학교),0,,,0,,,,,,,,,,,,,,,,,,,,,0
대전새여울초등학교,대전,초,공립,,대전광역시 대덕구 대덕대로 1585 . 대전새여울초등학교,0,,,1,2017.0,,,,,,,,,,,,,,,,,,,,0
대전가양중학교,대전,중,공립,남여공학,대전광역시 동구 비래서로62번길 100 . 대전가양중학교 (가양동),0,,,0,,,,,,,,,,,,,,,,,,,,,0
대전가오중학교,대전,중,공립,남여공학,대전광역시 동구 은어송로 79 (가오동. 대전가오중학교),0,,,1,2018.0,,,,,,,,,,,,,,,,,,,,0
대전글꽃중학교,대전,중,공립,남여공학,대전광역시 중구 계룡로918번길 103 (문화동. 대전글꽃중학교),0,,,0,,,,,,,,,,,,,,,,,,,,,0
대전대문중학교,대전,중,공립,남여공학,대전광역시 중구 송리로 33 (문화동. 대전대문중학교),0,,,0,,,,,,,,,,,,,,,,,,,,,0
대전태평중학교,대전,중,공립,남여공학,대전광역시 중구 수침로111번길 12 (태평동),0,,,0,,,,,,,,,,,,,,,,,,,,,0
대전대화중학교,대전,중,공립,남여공학,대전광역시 대덕구 대오길 9 (오정동. 대화중학교),0,,,0,,,,,,,,,,,,,,,,,,,,,0
대전매봉중학교,대전,중,공립,남여공학,대전광역시 대덕구 선비마을로 165 (송촌동.대전매봉중학교),0,,,0,,,,,,,,,,,,,,,,,,,,,0
대전문화여자중학교,대전,중,공립,여자,대전광역시 중구 문화로218번길 63 . 대전문화여자중학교 (문화동),0,,,0,,,,,,,,,,,,,,,,,,,,,0
대전법동중학교,대전,중,공립,남여공학,대전광역시 대덕구 쌍청당로 55 (법동),0,,,0,,,,,,,,,,,,,,,,,,,,,0
대전송촌중학교,대전,중,공립,남여공학,대전광역시 대덕구 계족산로 110 (송촌동),1,2023.0,과기정통부 국고/교육부 특교,1,2019.0,,,,,,,,,,,,,,,,,,,,1
대전여자중학교,대전,중,공립,여자,대전광역시 중구 보문로230번길 69 . 대전여자중학교 (대흥동),0,,,0,,,,,,,,,,,,,,,,,,,,,0
오정중학교,대전,중,공립,남여공학,대전광역시 대덕구 한남로150번길 135 (오정동. 오정중학교),0,,,0,,,,,,,,,,,,,,,,,,,,,0
대전용운중학교,대전,중,공립,남여공학,대전광역시 동구 용운로 208 (용운동. 용운중학교),0,,,0,,,,,,,,,,,,,,,,,,,,,0
대전용전중학교,대전,중,공립,남여공학,대전광역시 대덕구 한밭대로1146번길 46 . 대전용전중학교 (중리동),0,,,0,,,,,,,,,,,,,,,,,,,,,0
대전은어송중학교,대전,중,공립,남여공학,대전광역시 동구 동구청로 26 (대성동. 대전은어송중학교),0,,,0,,,,,,,,,,,,,,,,,,,,,0
중리중학교,대전,중,공립,남여공학,대전광역시 대덕구 중리동로85 (중리동),0,,,0,,,,,,,,,,,,,,,,,,,,,0
대전중학교,대전,중,공립,남자,대전광역시 중구 수도산로 9 (대흥동. 대전중학교),0,,,0,,,,,,,,,,,,,,,,,,,,,0
동대전중학교,대전,중,공립,남여공학,대전광역시 동구 충정로 73-6 . 동대전중학교 (가양동. 동대전중학교),0,,,0,,,,,,,,,,,,,,,,,,,,,0
동신중학교,대전,중,공립,남여공학,대전광역시 동구 동부로 56-22 (판암동. 동신중학교),0,,,0,,,,,,,,,,,,,,,,,,,,,0
신탄중앙중학교,대전,중,공립,남여공학,대전광역시 대덕구 덕암로 233 . 24 (덕암동),0,,,0,,,,,,,,,,,,,,,,,,,,,0
회덕중학교,대전,중,공립,남여공학,대전광역시 대덕구 신탄진로218번길 22 . 회덕중학교  (와동)55번지,0,,,0,,,,,,,,,,,,,,,,,,,,,0
충남여자중학교,대전,중,공립,여자,대전광역시 중구 동서대로 1368 (목동.충남여자중학교),0,,,0,,,,,,,,,,,,,,,,,,,,,0
충남중학교,대전,중,공립,남자,대전광역시 동구 계족로 123 . 충남중학교 (신흥동. 충남중학교),1,2023.0,과기정통부 국고/교육부 특교,1,2019.0,,,,,,,,,,,,,,,,,,,,1
한밭여자중학교,대전,중,공립,여자,대전광역시 동구 동대전로110번길 74-57 . 한밭여자중학교 (대동),0,,,1,2019.0,,,,,,,,,,,,,,,,,,,,0
한밭중학교,대전,중,공립,남자,대전광역시 동구 태전로 67 . 한밭중학교 (삼성동),1,2023.0,과기정통부 국고/교육부 특교,0,,,,,,,,,,,,,,,,,,,,,0
대전대청중학교,대전,중,공립,남여공학,대전광역시 대덕구 신탄진동로 81 (신탄진동. 대청중학교),0,,,0,,,,,,,,,,,,,,,,,,,,,0
대전경덕중학교,대전,중,사립,남자,대전광역시 대덕구 동산초교로63번길 12 (오정동),1,2023.0,과기정통부 국고/교육부 특교,0,,,,,,,,,,,,,,,,,,,,,0
대전대성여자중학교,대전,중,사립,여자,대전광역시 동구 대성2길 20 (가양1동 309-7),0,,,0,,,,,,,,,,,,,,,,,,,,,0
대전대성중학교,대전,중,사립,남자,대전광역시 중구 목동로 23 . (목동.대성중학교),0,,,1,2020.0,,,,,,,,,,,,,,,,,,,,0
대전동산중학교,대전,중,사립,남자,대전광역시 중구 문화로 183 (문화동),0,,,0,,,,,,,,,,,,,,,,,,,,,0
우송중학교,대전,중,사립,남자,대전광역시 동구 동대전로131번길 53 . 우송중학교 (자양동. 우송고등학교.우송중학교),0,,,0,,,,,,,,,,,,,,,,,,,,,0
대전중앙중학교,대전,중,사립,남자,대전광역시 중구 대종로 634 (중촌동),1,2023.0,과기정통부 국고/교육부 특교,0,,,,,,,,,,,,,,,,,,,,,0
동명중학교,대전,중,사립,남자,대전광역시 중구 사득로54번길 29 . 동명중학교 (석교동),0,,,0,,,,,,,,,,,,,,,,,,,,,0
보문중학교,대전,중,사립,남자,대전광역시 동구 우암로 57 (삼성동. 보문중학교),0,,,0,,,,,,,,,,,,,,,,,,,,,0
대전신일여자중학교,대전,중,사립,여자,대전광역시 중구 부사로32번길 27 . (부사동. 대전신일여자중학교),0,,,0,,,,,,,,,,,,,,,,,,,,,0
신탄진중학교,대전,중,사립,남여공학,대전광역시 대덕구 석봉로 15 . 신탄진중학교 (석봉동),1,2023.0,과기정통부 국고/교육부 특교,0,,,,,,,,,,,,,,,,,,,,,0
청란여자중학교,대전,중,사립,여자,대전광역시 중구 보문로95번길 40 . 청란여자중학교 (부사동),0,,,0,,,,,,,,,,,,,,,,,,,,,0
호수돈여자중학교,대전,중,사립,여자,대전광역시 중구 선화로 50(선화동) (호수돈여자중.고등학교),0,,,0,,,,,,,,,,,,,,,,,,,,,0
대전자운초등학교,대전,초,공립,,대전광역시 유성구 자운로97번길 380 (신봉동. 자운초등학교),0,,,0,,,,,,,,,,,,,,,,,,,,,0
대전선유초등학교,대전,초,공립,,대전광역시 서구 관저남로 60 (관저동),0,,,0,,,,,,,,,,,,,,,,,,,,,0
가수원초등학교,대전,초,공립,,대전광역시 서구 벌곡로 1359 (가수원동. 가수원초등학교),0,,,0,,,,,,,,,,,,,,,,,,,,,0
구즉초등학교,대전,초,공립,,대전광역시 유성구 구룡달전로 34 (봉산동),0,,,0,,,,,,,,,,,,,,,,,,,,,0
금성초등학교,대전,초,공립,,대전광역시 유성구 신성로72번길 5 (신성동. 금성초등학교),0,,,0,,,,,,,,,,,,,,,,,,,,,0
기성초등학교,대전,초,공립,,대전광역시 서구 기성초교길 42 (매노동),0,,,1,2018.0,,,,,,,,,,,,,,,,,,,,0
기성초등학교길헌분교장,대전,초,공립,,대전광역시 서구 당고개길 48 (평촌동),0,,,0,,,,,,,,,,,,,,,,,,,,,0
남선초등학교,대전,초,공립,,대전광역시 유성구 계백로93번길 277-29 (송정동),1,2023.0,교육활동 모델교,1,2018.0,,,,,,,,,,,,,,,,,,,,1
대덕초등학교,대전,초,공립,,대전광역시 유성구 대덕대로556번길 102 (도룡동),0,,,0,,,,,,,,,,,,,,,,,,,,,0
대덕초등학교도룡분교장,대전,초,공립,,대전광역시 유성구 엑스포로97번길 100 (도룡동),0,,,0,,,,,,,,,,,,,,,,,,,,,0
대전가장초등학교,대전,초,공립,,대전광역시 서구 가장로 150 (가장동),0,,,0,,,,,,,,,,,,,,,,,,,,,0
대전갈마초등학교,대전,초,공립,,대전광역시 서구 월평동로 2 (갈마동. 갈마초등학교),0,,,0,,,,,,,,,,,,,,,,,,,,,0
대전갑천초등학교,대전,초,공립,,대전광역시 서구 월평동로 61 . 대전갑천초등학교 (월평동),0,,,0,,,,,,,,,,,,,,,,,,,,,0
대전관저초등학교,대전,초,공립,,대전광역시 서구 관저동로 161 (관저동. 관저초등학교),0,,,0,,,,,,,,,,,,,,,,,,,,,0
대전구봉초등학교,대전,초,공립,,대전광역시 서구 관저로 75 대전구봉초등학교,0,,,0,,,,,,,,,,,,,,,,,,,,,0
대전금동초등학교,대전,초,공립,,대전광역시 서구 관저로 45 (관저동.대전금동초등학교),0,,,0,,,,,,,,,,,,,,,,,,,,,0
대전내동초등학교,대전,초,공립,,대전광역시 서구 동서대로1063번길 13 (내동.내동초등학교),0,,,1,2020.0,,,,,,,,,,,,,,,,,,,,0
대전교촌초등학교,대전,초,공립,,대전광역시 유성구 진잠로149번길 42 (교촌동.대전교촌초등학교),0,,,0,,,,,,,,,,,,,,,,,,,,,0
대전도마초등학교,대전,초,공립,,대전광역시 서구 배재로172번길 23 (도마동. 도마초등학교),0,,,0,,,,,,,,,,,,,,,,,,,,,0
대전둔산초등학교,대전,초,공립,,대전광역시 서구 둔산로74번길 20 (둔산동.둔산초등학교),0,,,0,,,,,,,,,,,,,,,,,,,,,0
대전둔원초등학교,대전,초,공립,,대전광역시 서구 대덕대로112번길 10 . 대전둔원초등학교 (갈마동. 둔원초등학교),0,,,1,2018.0,,,,,,,,,,,,,,,,,,,,0
대전둔천초등학교,대전,초,공립,,대전광역시 서구 만년로 3 . 대전둔천초등학교 (만년동),0,,,0,,,,,,,,,,,,,,,,,,,,,0
대전만년초등학교,대전,초,공립,,대전광역시 서구 만년남로 14 (만년동 280번지),0,,,0,,,,,,,,,,,,,,,,,,,,,0
대전문정초등학교,대전,초,공립,,대전광역시 서구 문정로 180 . 문정초등학교 (둔산동),0,,,0,,,,,,,,,,,,,,,,,,,,,0
대전백운초등학교,대전,초,공립,,대전광역시 서구 계룡로576번길 56 (괴정동. 백운초등학교),0,,,0,,,,,,,,,,,,,,,,,,,,,0
대전변동초등학교,대전,초,공립,,대전광역시 서구 유등로 373 . 대전변동초등학교  (변동),1,2023.0,교육활동 모델교,1,2020.0,,,,,,,,,,,,,,,,,,,,1
대전복수초등학교,대전,초,공립,,대전광역시 서구 복수중로34번길 29 (복수동.대전복수초등학교),0,,,0,,,,,,,,,,,,,,,,,,,,,0
대전봉산초등학교,대전,초,공립,,대전광역시 서구 신갈마로141번길 45 . 대전봉산초등학교 (갈마동),0,,,0,,,,,,,,,,,,,,,,,,,,,0
대전삼천초등학교,대전,초,공립,,대전광역시 서구 둔산북로 232-33 . 대전삼천초등학교 (둔산동),1,2023.0,교육활동 모델교,1,2019.0,,,,,,,,,,,,,,,,,,,,1
대전샘머리초등학교,대전,초,공립,,대전광역시 서구 유등로 879 (둔산동),0,,,0,,,,,,,,,,,,,,,,,,,,,0
대전서부초등학교,대전,초,공립,,대전광역시 서구 동서대로 968 (변동),0,,,0,,,,,,,,,,,,,,,,,,,,,0
대전서원초등학교,대전,초,공립,,대전광역시 서구 문정로 279 (둔산동. 서원초등학교),0,,,0,,,,,,,,,,,,,,,,,,,,,0
대전선암초등학교,대전,초,공립,,대전광역시 서구 관저중로 61 (관저동),0,,,0,,,,,,,,,,,,,,,,,,,,,0
대전성룡초등학교,대전,초,공립,,대전광역시 서구 갈마역로 125 (월평동. 성룡초등학교),0,,,0,,,,,,,,,,,,,,,,,,,,,0
대전수미초등학교,대전,초,공립,,대전광역시 서구 괴곡길 42 . 대전수미초등학교 (괴곡동. 대전수미초등학교),0,,,0,,,,,,,,,,,,,,,,,,,,,0
대전수정초등학교,대전,초,공립,,대전광역시 유성구 노은서로 62 (노은동. 대전수정초등학교),0,,,0,,,,,,,,,,,,,,,,,,,,,0
대전송림초등학교,대전,초,공립,,대전광역시 유성구 노은로410번길 123-14 대전송림초등학교,0,,,0,,,,,,,,,,,,,,,,,,,,,0
대전성천초등학교,대전,초,공립,,대전광역시 서구 갈마역로 139 (월평동. 성천초등학교),0,,,0,,,,,,,,,,,,,,,,,,,,,0
대전송강초등학교,대전,초,공립,,대전광역시 유성구 송강로42번길 6 . 대전송강초등학교 (송강동),0,,,1,2019.0,,,,,,,,,,,,,,,,,,,,0
대전월평초등학교,대전,초,공립,,대전광역시 서구 월평서로 22 . 대전월평초등학교 (월평동. 월평초등학교),0,,,0,,,,,,,,,,,,,,,,,,,,,0
대전어은초등학교,대전,초,공립,,대전광역시 유성구 농대로 46 (어은동) 대전어은초등학교,1,2023.0,교육활동 모델교,1,2018.0,,,,,,,,,,,,,,,,,,,,1
대전느리울초등학교,대전,초,공립,,대전광역시 서구 관저로 196 (관저동. 대전느리울초등학교),0,,,0,,,,,,,,,,,,,,,,,,,,,0
대전유천초등학교,대전,초,공립,,대전광역시 서구 제비네6길 69 (도마동),0,,,0,,,,,,,,,,,,,,,,,,,,,0
대전전민초등학교,대전,초,공립,,대전광역시 유성구 엑스포로466번길 42 (전민동.전민초등학교),0,,,0,,,,,,,,,,,,,,,,,,,,,0
대전정림초등학교,대전,초,공립,,대전광역시 서구 정림로 32 (정림동.대전정림초등학교),0,,,0,,,,,,,,,,,,,,,,,,,,,0
대전죽동초등학교,대전,초,공립,,대전광역시 유성구 죽동로 52 (죽동) 죽동초등학교,0,,,0,,,,,,,,,,,,,,,,,,,,,0
대전탄방초등학교,대전,초,공립,,대전광역시 서구 탄방로 15 (탄방동. 대전탄방초등학교),0,,,0,,,,,,,,,,,,,,,,,,,,,0
덕송초등학교,대전,초,공립,,대전광역시 유성구 현충원로 265 (덕명동),0,,,0,,,,,,,,,,,,,,,,,,,,,0
문지초등학교,대전,초,공립,,대전광역시 유성구 전민로 41 (문지동),0,,,0,,,,,,,,,,,,,,,,,,,,,0
봉암초등학교,대전,초,공립,,대전광역시 유성구 궁동로 21 (궁동. 봉암초등학교),0,,,0,,,,,,,,,,,,,,,,,,,,,0
외삼초등학교,대전,초,공립,,대전광역시 유성구 반석동로 63 (반석동. 외삼초등학교),0,,,1,2019.0,,,,,,,,,,,,,,,,,,,,0
유성초등학교,대전,초,공립,,대전광역시 유성구 장대로 71번길 12 (장대동. 유성초등학교),0,,,0,,,,,,,,,,,,,,,,,,,,,0
진잠초등학교,대전,초,공립,,대전광역시 유성구 진잠로59번길 53 . 진잠초등학교 (원내동. 진잠초등학교),0,,,0,,,,,,,,,,,,,,,,,,,,,0
학하초등학교,대전,초,공립,,대전광역시 유성구 진잠옛로 165 (학하동),0,,,1,2018.0,,,,,,,,,,,,,,,,,,,,0
한밭초등학교,대전,초,공립,,대전광역시 서구 문정로 221 (둔산동),0,,,0,,,,,,,,,,,,,,,,,,,,,0
흥도초등학교,대전,초,공립,,대전광역시 유성구 원신흥남로 20 (원신흥동. 흥도초등학교),0,,,0,,,,,,,,,,,,,,,,,,,,,0
대전상지초등학교,대전,초,공립,,대전광역시 유성구 노은동로 165 (지족동.대전상지초등학교),0,,,0,,,,,,,,,,,,,,,,,,,,,0
대전지족초등학교,대전,초,공립,,대전광역시 유성구 노은서로 238 (지족동),0,,,0,,,,,,,,,,,,,,,,,,,,,0
대전장대초등학교,대전,초,공립,,대전광역시 유성구 문화원로19번길 16 (장대동),0,,,0,,,,,,,,,,,,,,,,,,,,,0
대전노은초등학교,대전,초,공립,,대전광역시 유성구 노은동로99번길 35 . 대전노은초등학교 (노은동.노은초등학교),0,,,0,,,,,,,,,,,,,,,,,,,,,0
대전대정초등학교,대전,초,공립,,대전광역시 유성구 대정로28번길 55 . 대전대정초등학교 (대정동),0,,,0,,,,,,,,,,,,,,,,,,,,,0
대전하기초등학교,대전,초,공립,,대전광역시 유성구 송림로19번길 32 (하기동)대전하기초등학교,0,,,0,,,,,,,,,,,,,,,,,,,,,0
대전원앙초등학교,대전,초,공립,,대전광역시 서구 관저북로 97 . 대전원앙초등학교 (관저동),1,2023.0,교육활동 모델교,0,,,,,,,,,,,,,,,,,,,,,0
대전두리초등학교,대전,초,공립,,대전광역시 유성구 와룡로 37 (송강동),0,,,0,,,,,,,,,,,,,,,,,,,,,0
대전신계초등학교,대전,초,공립,,대전광역시 서구 복수동로 26 (복수동. 신계초등학교),0,,,0,,,,,,,,,,,,,,,,,,,,,0
대전동화초등학교,대전,초,공립,,대전광역시 유성구 관평2로 43 대전동화초등학교 (관평동. 대전동화초중학교),0,,,0,,,,,,,,,,,,,,,,,,,,,0
대전반석초등학교,대전,초,공립,,대전광역시 유성구 반석동로 30 (반석동.대전반석초등학교),0,,,0,,,,,,,,,,,,,,,,,,,,,0
대전배울초등학교,대전,초,공립,,대전광역시 유성구 배울2로 8 (관평동. 대전배울초등학교),0,,,0,,,,,,,,,,,,,,,,,,,,,0
대전용산초등학교,대전,초,공립,,대전광역시 유성구 배울2로 101 (용산동),0,,,0,,,,,,,,,,,,,,,,,,,,,0
대전관평초등학교,대전,초,공립,,대전광역시 유성구 테크노4로 132 . 대전관평초등학교 (관평동),0,,,0,,,,,,,,,,,,,,,,,,,,,0
대전상대초등학교,대전,초,공립,,대전광역시 유성구 월드컵대로 322 . 대전상대초등학교 (상대동.상대초등학교),0,,,0,,,,,,,,,,,,,,,,,,,,,0
대전봉명초등학교,대전,초,공립,,대전광역시 유성구 계룡로132번길 62 (봉명동),0,,,0,,,,,,,,,,,,,,,,,,,,,0
대전도안초등학교,대전,초,공립,,대전광역시 서구 원도안로 200 (도안동. 도안초등학교),0,,,0,,,,,,,,,,,,,,,,,,,,,0
대전삼육초등학교,대전,초,사립,,대전광역시 서구 도림1길 15 . 대전삼육초등학교 (도마동),0,,,0,,,,,,,,,,,,,,,,,,,,,0
대전원신흥초등학교,대전,초,공립,,대전광역시 유성구 원신흥로55번길 37 (원신흥동. 대전원신흥초등학교),0,,,0,,,,,,,,,,,,,,,,,,,,,0
대전계산초등학교,대전,초,공립,,대전광역시 유성구 학하서로 74 (계산동),0,,,0,,,,,,,,,,,,,,,,,,,,,0
대전상원초등학교,대전,초,공립,,대전광역시 유성구 상대서로 46 . 대전상원초등학교 (상대동),0,,,0,,,,,,,,,,,,,,,,,,,,,0
대전새미래초등학교,대전,초,공립,,대전광역시 유성구 지족로 168 . 대전새미래초등학교 (지족동),0,,,0,,,,,,,,,,,,,,,,,,,,,0
대전도솔초등학교,대전,초,공립,,대전광역시 서구 원도안로 80 . 대전도솔초등학교 (도안동),1,2023.0,교육활동 모델교,1,2020.0,,,,,,,,,,,,,,,,,,,,1
대전봉우중학교,대전,중,공립,남여공학,대전광역시 서구 관저로 102 (관저동. 대전봉우중학교),0,,,0,,,,,,,,,,,,,,,,,,,,,0
대전장대중학교,대전,중,공립,남여공학,대전광역시 유성구 문화원로 26 (장대동.대전장대중학교),0,,,0,,,,,,,,,,,,,,,,,,,,,0
가수원중학교,대전,중,공립,남여공학,대전광역시 서구 가수원로 26 (가수원동. 가수원중학교),0,,,0,,,,,,,,,,,,,,,,,,,,,0
갈마중학교,대전,중,공립,남여공학,대전광역시 서구 계룡로326번길 138 (갈마동.갈마중학교),0,,,0,,,,,,,,,,,,,,,,,,,,,0
대덕중학교,대전,중,공립,남여공학,대전광역시 유성구 대덕대로 515 (가정동),0,,,1,2019.0,,,,,,,,,,,,,,,,,,,,0
대전갑천중학교,대전,중,공립,남여공학,대전광역시 서구 월평동로 80 (월평동. 갑천중학교),0,,,0,,,,,,,,,,,,,,,,,,,,,0
대전관저중학교,대전,중,공립,남여공학,대전광역시 서구 관저동로 143 . 대전관저중학교 (관저동. 관저중학교),0,,,0,,,,,,,,,,,,,,,,,,,,,0
대전남선중학교,대전,중,공립,남여공학,대전광역시 서구 월평북로 41 (월평동. 남선중학교),0,,,0,,,,,,,,,,,,,,,,,,,,,0
대전내동중학교,대전,중,공립,남여공학,대전광역시 서구 배재로 263 (변동),0,,,1,2019.0,,,,,,,,,,,,,,,,,,,,0
대전도마중학교,대전,중,공립,남여공학,대전광역시 서구 도솔2길 22 (도마동. 대전도마중학교),0,,,0,,,,,,,,,,,,,,,,,,,,,0
대전둔산중학교,대전,중,공립,남여공학,대전광역시 서구 갈마역로25번길 70 . 대전둔산중학교 (갈마동),1,2023.0,과기정통부 국고/교육부 특교,0,,,,,,,,,,,,,,,,,,,,,0
대전둔원중학교,대전,중,공립,남여공학,대전광역시 서구 괴정로11번길 73 (갈마동. 둔원중학교),0,,,0,,,,,,,,,,,,,,,,,,,,,0
대전만년중학교,대전,중,공립,남여공학,대전광역시 서구 만년남로 17 . 대전만년중학교 (만년동. 대전만년중학교),0,,,0,,,,,,,,,,,,,,,,,,,,,0
대전문지중학교,대전,중,공립,남여공학,대전광역시 유성구 전민로 53 (전민동.문지중학교),0,,,0,,,,,,,,,,,,,,,,,,,,,0
대전문정중학교,대전,중,공립,남여공학,대전광역시 서구 둔산북로 232-11 . 대전문정중학교 (둔산동),0,,,1,2020.0,,,,,,,,,,,,,,,,,,,,0
대전버드내중학교,대전,중,공립,남여공학,대전광역시 서구 유등로 285 (도마동),0,,,1,2019.0,,,,,,,,,,,,,,,,,,,,0
대전변동중학교,대전,중,공립,남여공학,대전광역시 서구 도산로181번길 39 (변동),0,,,0,,,,,,,,,,,,,,,,,,,,,0
대전봉산중학교,대전,중,공립,남여공학,대전광역시 서구 배재로262번길 60 (변동),0,,,0,,,,,,,,,,,,,,,,,,,,,0
대전삼천중학교,대전,중,공립,남여공학,대전광역시 서구 문정로 271 (둔산동. 대전삼천중학교),1,2023.0,과기정통부 국고/교육부 특교,0,,,,,,,,,,,,,,,,,,,,,0
대전서중학교,대전,중,공립,남여공학,대전광역시 서구 동서대로997번길 57 (괴정동. 대전서중학교),0,,,0,,,,,,,,,,,,,,,,,,,,,0
대전송강중학교,대전,중,공립,남여공학,대전광역시 유성구 와룡로 122 (송강동. 송강중학교),0,,,0,,,,,,,,,,,,,,,,,,,,,0
대전어은중학교,대전,중,공립,남여공학,대전광역시 유성구 농대로 56 (어은동. 대전어은중학교),0,,,0,,,,,,,,,,,,,,,,,,,,,0
대전느리울중학교,대전,중,공립,남여공학,대전광역시 서구 관저중로64번길 84 (관저동),0,,,0,,,,,,,,,,,,,,,,,,,,,0
대전월평중학교,대전,중,공립,남여공학,대전광역시 서구 월평동로 21 (월평동. 월평중학교),0,,,0,,,,,,,,,,,,,,,,,,,,,0
대전전민중학교,대전,중,공립,남여공학,대전광역시 유성구 엑스포로466번길 97 (전민동.전민중학교),0,,,0,,,,,,,,,,,,,,,,,,,,,0
대전탄방중학교,대전,중,공립,남여공학,대전광역시 서구 문정로 181 (둔산동. 탄방중학교),0,,,0,,,,,,,,,,,,,,,,,,,,,0
대전정림중학교,대전,중,공립,남여공학,대전광역시 서구 괴곡길 70 (괴곡동),0,,,0,,,,,,,,,,,,,,,,,,,,,0
기성중학교,대전,중,공립,남여공학,대전광역시 서구 장안로 54 .(흑석동),0,,,0,,,,,,,,,,,,,,,,,,,,,0
유성중학교,대전,중,공립,남여공학,대전광역시 유성구 상대로 33 (상대동.유성중학교),0,,,0,,,,,,,,,,,,,,,,,,,,,0
진잠중학교,대전,중,공립,남여공학,대전광역시 유성구 진잠로 60-23 (원내동. 진잠중학교),0,,,0,,,,,,,,,,,,,,,,,,,,,0
대전지족중학교,대전,중,공립,남여공학,대전광역시 유성구 노은동로 193 (지족동),0,,,0,,,,,,,,,,,,,,,,,,,,,0
대전노은중학교,대전,중,공립,남여공학,대전광역시 유성구 노은동로 104 (노은동),0,,,0,,,,,,,,,,,,,,,,,,,,,0
대전외삼중학교,대전,중,공립,남여공학,대전광역시 유성구 반석동로 75 (반석동. 외삼중학교),1,2023.0,과기정통부 국고/교육부 특교,1,2020.0,,,,,,,,,,,,,,,,,,,,1
대전대신중학교,대전,중,사립,남자,대전광역시 서구 오량1길 98 . 대전대신중학교 (복수동. 대전대신중·고등학교),0,,,0,,,,,,,,,,,,,,,,,,,,,0
대전봉명중학교,대전,중,공립,남여공학,대전광역시 유성구 계룡로132번길 71 (봉명동. 대전봉명중학교),0,,,0,,,,,,,,,,,,,,,,,,,,,0
동방여자중학교,대전,중,사립,여자,대전광역시 서구 복수중로 27 (복수동),0,,,0,,,,,,,,,,,,,,,,,,,,,0
대전괴정중학교,대전,중,공립,남여공학,대전광역시 서구 가장로 15 (괴정동.대전괴정중학교),0,,,0,,,,,,,,,,,,,,,,,,,,,0
대전구봉중학교,대전,중,공립,남여공학,대전광역시 서구 관저서로 86 (관저동. 대전구봉중학교),0,,,1,2017.0,,,,,,,,,,,,,,,,,,,,0
대전신계중학교,대전,중,공립,남여공학,대전광역시 서구 복수동로 40-30 (복수동),0,,,0,,,,,,,,,,,,,,,,,,,,,0
대전동화중학교,대전,중,공립,남여공학,대전광역시 유성구 관평2로 43 (관평동),1,2023.0,과기정통부 국고/교육부 특교,0,,,,,,,,,,,,,,,,,,,,,0
대전하기중학교,대전,중,공립,남여공학,대전광역시 유성구 송림로48번길 6-30 . 대전하기중학교 (하기동. 대전하기중학교),0,,,0,,,,,,,,,,,,,,,,,,,,,0
대전두리중학교,대전,중,공립,남여공학,대전광역시 유성구 와룡로 37 (송강동),0,,,0,,,,,,,,,,,,,,,,,,,,,0
대전자운중학교,대전,중,공립,남여공학,대전광역시 유성구 자운로97번길 356 (신봉동. 자운중학교),0,,,0,,,,,,,,,,,,,,,,,,,,,0
대전삼육중학교,대전,중,사립,남여공학,대전광역시 서구 도림1길 15 (도마동),0,,,0,,,,,,,,,,,,,,,,,,,,,0
대전관평중학교,대전,중,공립,남여공학,대전광역시 유성구 테크노4로 132 . 대전 관평중학교 (관평동.관평중학교),0,,,0,,,,,,,,,,,,,,,,,,,,,0
성덕중학교,대전,중,사립,남여공학,대전광역시 유성구 신성로 19 (신성동. 성덕중학교),0,,,0,,,,,,,,,,,,,,,,,,,,,0
대전덕명중학교,대전,중,공립,남여공학,대전광역시 유성구 학하중앙로 61 (덕명동. 대전덕명중학교),0,,,0,,,,,,,,,,,,,,,,,,,,,0
대전도안중학교,대전,중,공립,남여공학,대전광역시 서구 원도안로 160 (도안동. 대전도안중학교),0,,,0,,,,,,,,,,,,,,,,,,,,,0
대전새미래중학교,대전,중,공립,남여공학,대전광역시 유성구 지족동로 55 (지족동),1,2023.0,과기정통부 국고/교육부 특교,0,,,,,,,,,,,,,,,,,,,,,0
대전체육중학교,대전,중,공립,남여공학,대전광역시 유성구 원신흥로40번길 6 . 대전체육중학교 (원신흥동),0,,,0,,,,,,,,,,,,,,,,,,,,,0
문수고등학교,울산,고,공립,남여공학,울산광역시 남구 울밀로 2905 (무거동. 문수고등학교),0,,,0,,,,,,,,,,,,,,,,,,,,,0
천상고등학교,울산,고,공립,남여공학,울산광역시 울주군 범서읍 당앞로 96 천상고등학교 (범서읍),0,,,0,,,,,,,,,,,,,,,,,,,,,0
남창고등학교,울산,고,공립,남여공학,울산광역시 울주군 온양읍 태화7길 43-16 . 남창고등학교 (온양읍),0,,,0,,,,,,,,,,,,,,,,,,,,,0
다운고등학교,울산,고,공립,남여공학,울산광역시 중구 다운로 180 (다운동. 다운고등학교),0,,,0,,,,,,,,,,,,,,,,,,,,,0
남목고등학교,울산,고,공립,남여공학,울산광역시 동구 방어진순환도로 1200 (서부동.남목고등학교),0,,,0,,,,,,,,,,,,,,,,,,,,,0
우신고등학교,울산,고,사립,남여공학,울산광역시 남구 대학로1번길 29 (무거동. 우신고등학교),1,2023.0,정보교육실구축교,0,,,,,,,,,,,,,,,,,,,,,0
범서고등학교,울산,고,공립,남여공학,울산광역시 울주군 범서읍 대리로 69 (범서읍. 범서고등학교),0,,,0,,,,,,,,,,,,,,,,,,,,,0
울산동천고등학교,울산,고,공립,남여공학,울산광역시 북구 고래로 54 (천곡동. 동천고등학교),0,,,0,,,,,,,,,,,,,,,,,,,,,0
달천고등학교,울산,고,공립,남여공학,울산광역시 북구 가재길 63-23 . 달천고등학교 (달천동. 달천고등학교),0,,,0,,,,,,,,,,,,,,,,,,,,,0
대송고등학교,울산,고,공립,남여공학,울산광역시 동구 봉수로 210 (화정동. 대송고등학교),0,,,0,,,,,,,,,,,,,,,,,,,,,0
무거고등학교,울산,고,공립,남여공학,울산광역시 남구 대학로1번길 17-28 (무거동. 무거고등학교),0,,,0,,,,,,,,,,,,,,,,,,,,,0
무룡고등학교,울산,고,공립,남여공학,울산광역시 북구 사청1길 30 (연암동. 무룡고등학교),0,,,0,,,,,,,,,,,,,,,,,,,,,0
문현고등학교,울산,고,공립,남여공학,울산광역시 동구 화잠7길 25 문현고등학교 (방어동),0,,,0,,,,,,,,,,,,,,,,,,,,,0
방어진고등학교,울산,고,공립,남여공학,울산광역시 동구 학문로 50 (화정동. 방어진고등학교),0,,,0,,,,,,,,,,,,,,,,,,,,,0
신정고등학교,울산,고,공립,남자,울산광역시 남구 문수로 458 (신정동. 신정고등학교),1,2023.0,정보교육실구축교,0,,,,,,,,,,,,,,,,,,,,,0
울산여자고등학교,울산,고,공립,여자,울산광역시 남구 삼산로9번길 16 . 울산여자고등학교 (신정동),1,2023.0,교육활동 모델교,0,,,,,,,,,,,,,,,,,,,,,0
온산고등학교,울산,고,공립,남여공학,울산광역시 울주군 온산읍 명봉거남로 76 (온산읍. 온산고등학교),0,,,0,,,,,,,,,,,,,,,,,,,,,0
울산중앙고등학교,울산,고,공립,남자,울산광역시 중구 난곡로 33 (태화동. 중앙고등학교),1,2023.0,교육활동 모델교,0,,,,,,,,,,,,,,,,,,,,,0
울산중앙여자고등학교,울산,고,공립,여자,울산광역시 중구 내황2길 33 (반구동.울산중앙여자고등학교),0,,,0,,,,,,,,,,,,,,,,,,,,,0
학성고등학교,울산,고,공립,남자,울산광역시 남구 문수로 436 (신정동. 학성고등학교),0,,,0,,,,,,,,,,,,,,,,,,,,,0
학성여자고등학교,울산,고,공립,여자,울산광역시 중구 화합로 466 (약사동. 학성여자고등학교),0,,,0,,,,,,,,,,,,,,,,,,,,,0
호계고등학교,울산,고,공립,남여공학,울산광역시 북구 동대11길 31 (호계동. 호계고등학교),0,,,0,,,,,,,,,,,,,,,,,,,,,0
화암고등학교,울산,고,공립,남여공학,울산광역시 동구 화암7길 55 (방어동 1053),0,,,0,,,,,,,,,,,,,,,,,,,,,0
울산강남고등학교,울산,고,공립,남여공학,울산광역시 남구 팔등로 115 . 22 (신정동),0,,,0,,,,,,,,,,,,,,,,,,,,,0
약사고등학교,울산,고,공립,남여공학,울산광역시 중구 종가로 560 (약사동. 약사고등학교),0,,,0,,,,,,,,,,,,,,,,,,,,,0
언양고등학교,울산,고,공립,남여공학,울산광역시 울주군 언양읍 언양로 53 (언양읍),0,,,1,2017.0,,,,,,,,,,,,,,,,,,,,0
효정고등학교,울산,고,공립,남여공학,울산광역시 북구 율동2길 41 (효문동. 효정고등학교),0,,,0,,,,,,,,,,,,,,,,,,,,,0
대현고등학교,울산,고,공립,남자,울산광역시 남구 수암로 164 . 대현고등학교 (야음동. 야음교육단지),1,2023.0,교육활동 모델교,0,,,,,,,,,,,,,,,,,,,,,0
함월고등학교,울산,고,공립,남여공학,울산광역시 중구 종가3길 25 (유곡동),0,,,0,,,,,,,,,,,,,,,,,,,,,0
신선여자고등학교,울산,고,공립,여자,울산광역시 남구 수암로178번길 14 . 신선여자고등학교 (야음동. 야음교육단지),0,,,0,,,,,,,,,,,,,,,,,,,,,0
삼산고등학교,울산,고,공립,남여공학,울산광역시 남구 돋질로339번길 13 (삼산동. 삼산고등학교),0,,,0,,,,,,,,,,,,,,,,,,,,,0
삼일여자고등학교,울산,고,사립,여자,울산광역시 남구 두왕로190번길 59 (선암동. 삼일여자고등학교),0,,,0,,,,,,,,,,,,,,,,,,,,,0
성광여자고등학교,울산,고,사립,여자,울산광역시 남구 남부순환도로 97 (옥동),0,,,0,,,,,,,,,,,,,,,,,,,,,0
성신고등학교,울산,고,사립,남여공학,울산광역시 중구 성신고교길 26.성신고등학교 (복산동.성신고등학교),0,,,0,,,,,,,,,,,,,,,,,,,,,0
울산경의고등학교,울산,고,사립,남여공학,울산광역시 울주군 상북면 상북로 248 (상북면. 상북중학교. 경의고등학교),0,,,0,,,,,,,,,,,,,,,,,,,,,0
울산고등학교,울산,고,사립,남자,울산광역시 중구 도화골15길 15 (복산동. 울산고등학교),0,,,0,,,,,,,,,,,,,,,,,,,,,0
울산제일고등학교,울산,고,사립,남자,울산광역시 남구 남부순환도로 107 (옥동. 울산제일고등학교),0,,,0,,,,,,,,,,,,,,,,,,,,,0
화봉고등학교,울산,고,공립,남여공학,울산광역시 북구 화동로 47 . 화봉고등학교 (화봉동),1,2023.0,교육활동 모델교,1,2017.0,,,,,,,,,,,,,,,,,,,,1
현대고등학교,울산,고,사립,남여공학,울산광역시 동구 봉수로 455 (서부동)238-17,0,,,0,,,,,,,,,,,,,,,,,,,,,0
매곡고등학교,울산,고,공립,남여공학,울산광역시 북구 매산로 45 . 매곡고등학교 (매곡동),0,,,0,,,,,,,,,,,,,,,,,,,,,0
현대청운고등학교,울산,고,사립,남여공학,울산광역시 동구 방어진순환도로 1077 (서부동),0,,,0,,,,,,,,,,,,,,,,,,,,,0
세인고등학교,울산,고,사립,남자,울산광역시 울주군 청량읍 온산로 360 (청량읍. 세인고등학교),0,,,0,,,,,,,,,,,,,,,,,,,,,0
울산스포츠과학고등학교,울산,고,공립,남여공학,울산광역시 북구 산음3길 16 . 울산스포츠과학고등학교 (산하동),0,,,0,,,,,,,,,,,,,,,,,,,,,0
울산과학고등학교,울산,고,공립,남여공학,울산광역시 울주군 상북면 도동신리로 117 (상북면. 울산과학고등학교),1,2023.0,교육활동 모델교,1,2016.0,,,,,,,,,,,,,,,,,,,,1
울산예술고등학교,울산,고,사립,남여공학,울산광역시 울주군 웅촌면 웅촌로 621-6 (웅촌면. 울산예술고등학교),0,,,0,,,,,,,,,,,,,,,,,,,,,0
울산외국어고등학교,울산,고,공립,남여공학,울산광역시 북구 중산동로 32-46 (중산동. 울산외국어고등학교),0,,,0,,,,,,,,,,,,,,,,,,,,,0
울산공업고등학교,울산,고,공립,남여공학,울산광역시 남구 중앙로204번길 49 . 울산공업고등학교 (신정동),0,,,0,,,,,,,,,,,,,,,,,,,,,0
울산애니원고등학교,울산,고,공립,남여공학,울산광역시 중구 성안11길 21 (성안동. 울산애니원고등학교),0,,,0,,,,,,,,,,,,,,,,,,,,,0
울산마이스터고등학교,울산,고,공립,남자,울산광역시 북구 율동6길 7 (효문동.울산마이스터고등학교),0,,,0,,,,,,,,,,,,,,,,,,,,,0
울산에너지고등학교,울산,고,공립,남여공학,울산광역시 북구 화동2길 28 울산에너지고등학교 (화봉동. 울산에너지고등학교),0,,,0,,,,,,,,,,,,,,,,,,,,,0
울산기술공업고등학교,울산,고,사립,남여공학,울산광역시 울주군 온산읍 덕망로 54 . 울산기술공업고등학교 (온산읍),0,,,0,,,,,,,,,,,,,,,,,,,,,0
현대공업고등학교,울산,고,사립,남여공학,울산광역시 동구 미포로 122 현대공업고등학교,0,,,0,,,,,,,,,,,,,,,,,,,,,0
울산상업고등학교,울산,고,공립,남자,울산광역시 울주군 범서읍 장검길 11 (범서읍),0,,,0,,,,,,,,,,,,,,,,,,,,,0
울산여자상업고등학교,울산,고,공립,여자,울산광역시 남구 두왕로 304 . 울산여자상업고등학교 (신정동. 울산여자상업고등학교),0,,,0,,,,,,,,,,,,,,,,,,,,,0
울산산업고등학교,울산,고,공립,남여공학,울산광역시 울주군 삼남면 반구대로 675 (삼남면),0,,,0,,,,,,,,,,,,,,,,,,,,,0
울산미용예술고등학교,울산,고,공립,남여공학,울산광역시 울주군 웅촌면 학교길 26 .울산미용예술고등학교 (웅촌면. 울산미용예술고등학교),0,,,0,,,,,,,,,,,,,,,,,,,,,0
울산생활과학고등학교,울산,고,공립,남여공학,울산광역시 동구 학문로 70 (화정동. 울산생활과학고등학교),0,,,0,,,,,,,,,,,,,,,,,,,,,0
강동초등학교,울산,초,공립,,울산광역시 북구 화암4길 5 (산하동. 강동초등학교),0,,,0,,,,,,,,,,,,,,,,,,,,,0
남목초등학교,울산,초,공립,,울산광역시 동구 옥류로 33 (서부동),0,,,0,,,,,,,,,,,,,,,,,,,,,0
남외초등학교,울산,초,공립,,울산광역시 중구 남외3길 40 (남외동. 남외초등학교),0,,,0,,,,,,,,,,,,,,,,,,,,,0
내황초등학교,울산,초,공립,,울산광역시 중구 내황13길 53 . 내황초등학교 (반구동),0,,,0,,,,,,,,,,,,,,,,,,,,,0
녹수초등학교,울산,초,공립,,울산광역시 동구 봉수로 545 . 녹수초등학교 (서부동. 녹수초등학교),0,,,0,,,,,,,,,,,,,,,,,,,,,0
중산초등학교,울산,초,공립,,울산광역시 북구 신천로 125-28 (중산동. 중산초등학교),0,,,1,2018.0,,,,,,,,,,,,,,,,,,,,0
농서초등학교,울산,초,공립,,울산광역시 북구 가재길 57 (달천동. 농서초등학교),0,,,0,,,,,,,,,,,,,,,,,,,,,0
농소초등학교,울산,초,공립,,울산광역시 북구 호계로 192 (호계동.농소초등학교),0,,,0,,,,,,,,,,,,,,,,,,,,,0
다운초등학교,울산,초,공립,,울산광역시 중구 다운8길 5 . 다운초등학교 (다운동),0,,,0,,,,,,,,,,,,,,,,,,,,,0
다전초등학교,울산,초,공립,,울산광역시 중구 다운로 176 (다운동. 다전초등학교),0,,,0,,,,,,,,,,,,,,,,,,,,,0
동부초등학교,울산,초,공립,,울산광역시 동구 남목13길 23 (동부동. 동부초등학교),0,,,0,,,,,,,,,,,,,,,,,,,,,0
동천초등학교,울산,초,공립,,울산광역시 북구 고래로 26 (천곡동. 동천초등학교),0,,,0,,,,,,,,,,,,,,,,,,,,,0
매곡초등학교,울산,초,공립,,울산광역시 북구 매곡1로 49 (매곡동. 매곡초등학교),0,,,1,2020.0,,,,,,,,,,,,,,,,,,,,0
명덕초등학교,울산,초,공립,,울산광역시 동구 진성14길 15 . 명덕초등학교 (일산동),0,,,1,2020.0,,,,,,,,,,,,,,,,,,,,0
명정초등학교,울산,초,공립,,울산광역시 중구 명난로 115 . 명정초등학교 (태화동),0,,,0,,,,,,,,,,,,,,,,,,,,,0
명촌초등학교,울산,초,공립,,울산광역시 북구 명촌10길 11 . 명촌초등학교 (명촌동. 명촌초등학교),1,2023.0,교육활동 모델교,0,,,,,,,,,,,,,,,,,,,,,0
문현초등학교,울산,초,공립,,울산광역시 동구 꽃바위6길 25 (방어동. 문현초등학교),0,,,0,,,,,,,,,,,,,,,,,,,,,0
무룡초등학교,울산,초,공립,,울산광역시 중구 약사로 50 (약사동. 무룡초등학교),0,,,0,,,,,,,,,,,,,,,,,,,,,0
미포초등학교,울산,초,공립,,울산광역시 동구 진성15길 35 (일산동),0,,,0,,,,,,,,,,,,,,,,,,,,,0
방어진초등학교,울산,초,공립,,울산광역시 동구 꽃바위로 341 . 방어진초등학교 (방어동),0,,,0,,,,,,,,,,,,,,,,,,,,,0
백양초등학교,울산,초,공립,,울산광역시 중구 성안8길 10-5 (성안동),0,,,0,,,,,,,,,,,,,,,,,,,,,0
병영초등학교,울산,초,공립,,울산광역시 중구 병영성13길 2 (서동.병영초등학교),0,,,0,,,,,,,,,,,,,,,,,,,,,0
복산초등학교,울산,초,공립,,울산광역시 중구 장춘로 151-5 . 복산초등학교 (복산동. 복산초등학교),0,,,0,,,,,,,,,,,,,,,,,,,,,0
삼일초등학교,울산,초,공립,,울산광역시 중구 동천5길 18-9 (서동),0,,,1,2018.0,,,,,,,,,,,,,,,,,,,,0
상안초등학교,울산,초,공립,,울산광역시 북구 천곡남로 59 (천곡동. 상안초등학교),0,,,0,,,,,,,,,,,,,,,,,,,,,0
상진초등학교,울산,초,공립,,울산광역시 동구 봉수로 50 (화정동.상진초등학교),0,,,0,,,,,,,,,,,,,,,,,,,,,0
서부초등학교,울산,초,공립,,울산광역시 동구 봉수로 457 (서부동. 서부초등학교),0,,,0,,,,,,,,,,,,,,,,,,,,,0
성안초등학교,울산,초,공립,,울산광역시 중구 함월14길 19 (성안동. 성안초등학교),0,,,0,,,,,,,,,,,,,,,,,,,,,0
송정초등학교,울산,초,공립,,울산광역시 북구 상방로 75 (화봉동. 송정초등학교),0,,,0,,,,,,,,,,,,,,,,,,,,,0
화봉초등학교,울산,초,공립,,울산광역시 북구 화산로 42 (화봉동.화봉초등학교),1,2023.0,교육활동 모델교,0,,,,,,,,,,,,,,,,,,,,,0
신천초등학교,울산,초,공립,,울산광역시 북구 호계로 349-7 (신천동),0,,,0,,,,,,,,,,,,,,,,,,,,,0
약사초등학교,울산,초,공립,,울산광역시 중구 화합로 478 (약사동. 약사초등학교),0,,,0,,,,,,,,,,,,,,,,,,,,,0
약수초등학교,울산,초,공립,,울산광역시 북구 약수8길 50 (중산동. 약수초등학교),0,,,0,,,,,,,,,,,,,,,,,,,,,0
양사초등학교,울산,초,공립,,울산광역시 중구 장춘로 95 (교동. 양사초등학교),0,,,0,,,,,,,,,,,,,,,,,,,,,0
연암초등학교,울산,초,공립,,울산광역시 북구 두부곡4길 35 (연암동),0,,,0,,,,,,,,,,,,,,,,,,,,,0
염포초등학교,울산,초,공립,,울산광역시 북구 염포로 667 (염포동.염포초등학교),1,2023.0,교육활동 모델교,1,2017.0,,,,,,,,,,,,,,,,,,,,1
옥성초등학교,울산,초,공립,,울산광역시 중구 옥교11길 50 (학성동.옥성초등학교),0,,,0,,,,,,,,,,,,,,,,,,,,,0
우정초등학교,울산,초,공립,,울산광역시 중구 평동길 40 (우정동. 우정초등학교),0,,,0,,,,,,,,,,,,,,,,,,,,,0
울산초등학교,울산,초,공립,,울산광역시 중구 종가5길 30 (유곡동),0,,,0,,,,,,,,,,,,,,,,,,,,,0
울산양정초등학교,울산,초,공립,,울산광역시 북구 양정2길 11 . 울산양정초등학교 (양정동. 양정초등학교),0,,,0,,,,,,,,,,,,,,,,,,,,,0
이화초등학교,울산,초,공립,,울산광역시 북구 화정4길 40 (중산동.이화초등학교),0,,,0,,,,,,,,,,,,,,,,,,,,,0
일산초등학교,울산,초,공립,,울산광역시 동구 진성12길 11 (일산동. 일산초등학교),0,,,1,2018.0,,,,,,,,,,,,,,,,,,,,0
전하초등학교,울산,초,공립,,울산광역시 동구 바드래길 55 (전하동.전하초등학교),1,2023.0,교육활동 모델교,1,2020.0,,,,,,,,,,,,,,,,,,,,1
주전초등학교,울산,초,공립,,울산광역시 동구 동해안로 575 (주전동. 주전초등학교),0,,,0,,,,,,,,,,,,,,,,,,,,,0
천곡초등학교,울산,초,공립,,울산광역시 북구 천곡길 138 천곡초등학교 (천곡동),0,,,0,,,,,,,,,,,,,,,,,,,,,0
태화초등학교,울산,초,공립,,울산광역시 중구 평동길 25 (유곡동. 태화초등학교),0,,,1,2020.0,,,,,,,,,,,,,,,,,,,,0
평산초등학교,울산,초,공립,,울산광역시 중구 평산로 25 (약사동),1,2023.0,교육활동 모델교,1,2018.0,,,,,,,,,,,,,,,,,,,,1
학성초등학교,울산,초,공립,,울산광역시 중구 해오름1길 15 . 학성초등학교 (반구동),0,,,0,,,,,,,,,,,,,,,,,,,,,0
함월초등학교,울산,초,공립,,울산광역시 중구 학성1길 25 (복산동. 함월초등학교),0,,,1,2017.0,,,,,,,,,,,,,,,,,,,,0
호계초등학교,울산,초,공립,,울산광역시 북구 동대13길 20 (호계동. 호계초등학교),1,2023.0,교육활동 모델교,0,,,,,,,,,,,,,,,,,,,,,0
화암초등학교,울산,초,공립,,울산광역시 동구 화문로 55 (방어동. 화암초등학교),0,,,0,,,,,,,,,,,,,,,,,,,,,0
화정초등학교,울산,초,공립,,울산광역시 동구 대송9길 55 . 화정초등학교 (화정동. 화정초등학교),0,,,0,,,,,,,,,,,,,,,,,,,,,0
화진초등학교,울산,초,공립,,울산광역시 동구 방어진순환도로 543 . 화진초등학교 (방어동),0,,,0,,,,,,,,,,,,,,,,,,,,,0
연암초등학교효문분교장,울산,초,공립,,울산광역시 북구 송도길 84 (효문동),0,,,0,,,,,,,,,,,,,,,,,,,,,0
양지초등학교,울산,초,공립,,울산광역시 동구 양지6길 33 (화정동),0,,,0,,,,,,,,,,,,,,,,,,,,,0
매산초등학교,울산,초,공립,,울산광역시 북구 매산로 53 (매곡동. 매산초등학교),0,,,0,,,,,,,,,,,,,,,,,,,,,0
동대초등학교,울산,초,공립,,울산광역시 북구 신천로 36 (신천동. 동대초등학교),0,,,0,,,,,,,,,,,,,,,,,,,,,0
외솔초등학교,울산,초,공립,,울산광역시 중구 종가로 700 . 외솔초등학교 (서동),0,,,0,,,,,,,,,,,,,,,,,,,,,0
강동중학교,울산,중,공립,남여공학,울산광역시 북구 산음12길 10 (산하동),0,,,0,,,,,,,,,,,,,,,,,,,,,0
상안중학교,울산,중,공립,남여공학,울산광역시 북구 양지길 5 (상안동. 상안중학교),0,,,0,,,,,,,,,,,,,,,,,,,,,0
남목중학교,울산,중,공립,남여공학,울산광역시 동구 방어진순환도로 1155 (서부동. 남목중학교),0,,,0,,,,,,,,,,,,,,,,,,,,,0
남외중학교,울산,중,공립,남여공학,울산광역시 중구 남외3길 50 (남외동.남외중학교),0,,,0,,,,,,,,,,,,,,,,,,,,,0
농소중학교,울산,중,공립,남여공학,울산광역시 북구 호계7길 13 (호계동. 농소중학교),0,,,0,,,,,,,,,,,,,,,,,,,,,0
다운중학교,울산,중,공립,남여공학,울산광역시 중구 다운로 178 (다운동. 다운중학교),0,,,0,,,,,,,,,,,,,,,,,,,,,0
달천중학교,울산,중,공립,남여공학,울산광역시 북구 가재길 51 (달천동. 달천중학교),0,,,1,2020.0,,,,,,,,,,,,,,,,,,,,0
대송중학교,울산,중,공립,남자,울산광역시 동구 학문로 90 (화정동),0,,,0,,,,,,,,,,,,,,,,,,,,,0
매곡중학교,울산,중,공립,남여공학,울산광역시 북구 매곡1로 59 (매곡동. 매곡중학교),0,,,1,2015.0,,,,,,,,,,,,,,,,,,,,0
명덕여자중학교,울산,중,공립,여자,울산광역시 동구 학문로 40 . 명덕여자중학교 (화정동. 명덕여자중학교),1,2023.0,교육활동 모델교,1,2017.0,,,,,,,,,,,,,,,,,,,,1
무룡중학교,울산,중,공립,남여공학,울산광역시 중구 화합로 456 무룡중학교 (약사동),0,,,0,,,,,,,,,,,,,,,,,,,,,0
방어진중학교,울산,중,공립,남여공학,울산광역시 동구 학문로 100 (화정동.방어진중학교),0,,,0,,,,,,,,,,,,,,,,,,,,,0
성안중학교,울산,중,공립,남여공학,울산광역시 중구 성안2길 30 (성안동. 성안중학교),0,,,0,,,,,,,,,,,,,,,,,,,,,0
연암중학교,울산,중,공립,남여공학,울산광역시 북구 사청1길 12. 연암중학교(연암동),0,,,0,,,,,,,,,,,,,,,,,,,,,0
약사중학교,울산,중,공립,남여공학,울산광역시 중구 평산4길 10 (약사동. 약사중학교),0,,,0,,,,,,,,,,,,,,,,,,,,,0
외솔중학교,울산,중,공립,남여공학,울산광역시 중구 종가로 710 (서동. 외솔중학교),0,,,0,,,,,,,,,,,,,,,,,,,,,0
울산여자중학교,울산,중,공립,여자,울산광역시 중구 구교10길 60 (반구동. 울산여자중학교),0,,,0,,,,,,,,,,,,,,,,,,,,,0
울산제일중학교,울산,중,공립,남자,울산광역시 중구 태화로 77 (태화동. 울산제일중학교),0,,,0,,,,,,,,,,,,,,,,,,,,,0
유곡중학교,울산,중,공립,남여공학,울산광역시 중구 유곡로 85 (태화동. 유곡중학교),0,,,0,,,,,,,,,,,,,,,,,,,,,0
이화중학교,울산,중,공립,남여공학,울산광역시 북구 산업로 1631 (중산동.이화중학교),0,,,0,,,,,,,,,,,,,,,,,,,,,0
일산중학교,울산,중,공립,남여공학,울산광역시 동구 진성15길 15 (일산동. 일산중학교),0,,,0,,,,,,,,,,,,,,,,,,,,,0
천곡중학교,울산,중,공립,남여공학,울산광역시 북구 고래로 38 (천곡동. 천곡중학교),0,,,1,2016.0,,,,,,,,,,,,,,,,,,,,0
학성여자중학교,울산,중,공립,여자,울산광역시 중구 명정3길 12 (태화동. 학성여자중학교),0,,,0,,,,,,,,,,,,,,,,,,,,,0
호계중학교,울산,중,공립,남여공학,울산광역시 북구 동대11길 39 (호계동. 호계중학교),1,2023.0,교육활동 모델교,1,2015.0,,,,,,,,,,,,,,,,,,,,1
화봉중학교,울산,중,공립,남여공학,울산광역시 북구 통샘1길 2 (화봉동. 화봉중학교),0,,,0,,,,,,,,,,,,,,,,,,,,,0
화암중학교,울산,중,공립,남여공학,울산광역시 동구 문현5길 35 (방어동. 화암중학교),0,,,0,,,,,,,,,,,,,,,,,,,,,0
화진중학교,울산,중,공립,남여공학,울산광역시 동구 양지1길 45 (화정동. 화진중학교),0,,,0,,,,,,,,,,,,,,,,,,,,,0
효정중학교,울산,중,공립,남여공학,울산광역시 북구 염포로 363 (양정동. 효정중학교),0,,,0,,,,,,,,,,,,,,,,,,,,,0
진장중학교,울산,중,공립,남여공학,울산광역시 북구 진장10길 24 . 진장중학교 (진장동),0,,,0,,,,,,,,,,,,,,,,,,,,,0
울산중학교,울산,중,공립,남자,울산광역시 중구 종가 7길 6 (복산동),0,,,0,,,,,,,,,,,,,,,,,,,,,0
현대청운중학교,울산,중,사립,남여공학,울산광역시 동구 방어진순환도로 1073 . 현대청운중학교 (서부동),0,,,0,,,,,,,,,,,,,,,,,,,,,0
현대중학교,울산,중,사립,남여공학,울산광역시 동구 봉수로 453 (서부동. 현대중학교),1,2023.0,교육활동 모델교,1,2020.0,,,,,,,,,,,,,,,,,,,,1
울산스포츠과학중학교,울산,중,공립,남여공학,울산광역시 북구 산음3길 16 . 울산스포츠과학중학교 (산하동),0,,,0,,,,,,,,,,,,,,,,,,,,,0
강남초등학교,울산,초,공립,,울산광역시 남구 중앙로166번길 51 (달동. 강남초등학교),0,,,1,2018.0,,,,,,,,,,,,,,,,,,,,0
개운초등학교,울산,초,공립,,울산광역시 남구 두왕로 106 . 28-6 (선암동),0,,,0,,,,,,,,,,,,,,,,,,,,,0
격동초등학교,울산,초,공립,,울산광역시 남구 문수로344번길 4 . 격동초등학교 (옥동),0,,,0,,,,,,,,,,,,,,,,,,,,,0
구영초등학교,울산,초,공립,,울산광역시 울주군 범서읍 점촌1길 10 . 구영초등학교 (범서읍. 구영초등학교),0,,,0,,,,,,,,,,,,,,,,,,,,,0
상북초등학교소호분교장,울산,초,공립,,울산광역시 울주군 상북면 소호당리길 1 . 소호분교장 (상북면),0,,,0,,,,,,,,,,,,,,,,,,,,,0
굴화초등학교,울산,초,공립,,울산광역시 울주군 범서읍 굴화3길 30 (범서읍),0,,,0,,,,,,,,,,,,,,,,,,,,,0
남산초등학교,울산,초,공립,,울산광역시 남구 거마로 17 (옥동),0,,,0,,,,,,,,,,,,,,,,,,,,,0
대현초등학교,울산,초,공립,,울산광역시 남구 수암로 165-3 (야음동. 대현초등학교),0,,,0,,,,,,,,,,,,,,,,,,,,,0
덕신초등학교,울산,초,공립,,울산광역시 울주군 온산읍 서영남1길 27 . 덕신초등학교 (온산읍),0,,,0,,,,,,,,,,,,,,,,,,,,,0
도산초등학교,울산,초,공립,,울산광역시 남구 번영로54번길 25 . 도산초등학교 (야음동),0,,,0,,,,,,,,,,,,,,,,,,,,,0
동백초등학교,울산,초,공립,,울산광역시 남구 신정로 6 동백초등학교 (달동. 동백초등학교),1,2023.0,교육활동 모델교,0,,,,,,,,,,,,,,,,,,,,,0
동평초등학교,울산,초,공립,,울산광역시 남구 도산로77번길 13-14 (달동. 동평초등학교),0,,,0,,,,,,,,,,,,,,,,,,,,,0
두동초등학교,울산,초,공립,,울산광역시 울주군 두동면 대밀길 29 . 두동초등학교 (두동면),0,,,1,2020.0,,,,,,,,,,,,,,,,,,,,0
두서초등학교,울산,초,공립,,울산광역시 울주군 두서면 인보로 87. 두서초등학교(두서면),0,,,0,,,,,,,,,,,,,,,,,,,,,0
명산초등학교,울산,초,공립,,울산광역시 울주군 서생면 화산발리로 60 (서생면. 명산초등학교),0,,,0,,,,,,,,,,,,,,,,,,,,,0
무거초등학교,울산,초,공립,,울산광역시 울주군 범서읍 장검1길 46 (범서읍),0,,,0,,,,,,,,,,,,,,,,,,,,,0
반곡초등학교,울산,초,공립,,울산광역시 울주군 언양읍 언동3길 42-3 . 반곡초등학교 (언양읍),0,,,0,,,,,,,,,,,,,,,,,,,,,0
반천초등학교,울산,초,공립,,울산광역시 울주군 언양읍 샘소3길 19 (언양읍. 반천초등학교),0,,,0,,,,,,,,,,,,,,,,,,,,,0
방기초등학교,울산,초,공립,,울산광역시 울주군 삼남면 하방로 56 방기초등학교,0,,,0,,,,,,,,,,,,,,,,,,,,,0
백합초등학교,울산,초,공립,,울산광역시 남구 돋질로339번길 16 (삼산동),0,,,0,,,,,,,,,,,,,,,,,,,,,0
범서초등학교,울산,초,공립,,울산광역시 울주군 범서읍 천상1길 7 (범서읍. 범서초등학교),0,,,0,,,,,,,,,,,,,,,,,,,,,0
삼동초등학교,울산,초,공립,,울산광역시 울주군 삼동면 삼동로 788 (삼동면),0,,,0,,,,,,,,,,,,,,,,,,,,,0
삼산초등학교,울산,초,공립,,울산광역시 남구 남중로108번길 19 (삼산동. 삼산초등학교),0,,,0,,,,,,,,,,,,,,,,,,,,,0
삼신초등학교,울산,초,공립,,울산광역시 남구 돋질로 251 (달동) 25,0,,,0,,,,,,,,,,,,,,,,,,,,,0
삼정초등학교,울산,초,공립,,울산광역시 울주군 청량읍 삼정로 36 . 삼정초등학교 (청량면),0,,,1,2018.0,,,,,,,,,,,,,,,,,,,,0
삼평초등학교,울산,초,공립,,울산광역시 울주군 온산읍 삼평길 200 (온산읍),0,,,0,,,,,,,,,,,,,,,,,,,,,0
삼호초등학교,울산,초,공립,,울산광역시 남구 북부순환도로19번길 8 . 삼호초등학교 (무거동),0,,,0,,,,,,,,,,,,,,,,,,,,,0
서생초등학교,울산,초,공립,,울산광역시 울주군 서생면 신암해안길 58 (서생면. 서생초등학교),0,,,0,,,,,,,,,,,,,,,,,,,,,0
선암초등학교,울산,초,공립,,울산광역시 남구 산업로325번길 4 (선암동.선암초등학교),0,,,0,,,,,,,,,,,,,,,,,,,,,0
성동초등학교,울산,초,공립,,울산광역시 울주군 서생면 깨목길 7 (서생면),0,,,0,,,,,,,,,,,,,,,,,,,,,0
수암초등학교,울산,초,공립,,울산광역시 남구 중앙로 47 . 신정동 (신정동. 수암초등학교),0,,,1,2020.0,,,,,,,,,,,,,,,,,,,,0
신복초등학교,울산,초,공립,,울산광역시 남구 신복로 74 (무거동. 신복초등학교),0,,,0,,,,,,,,,,,,,,,,,,,,,0
신정초등학교,울산,초,공립,,울산광역시 남구 봉월로67번길 16 .신정초등학교 (신정동. 신정초등학교),0,,,1,2020.0,,,,,,,,,,,,,,,,,,,,0
야음초등학교,울산,초,공립,,울산광역시 남구 산업로355번길 111 (야음동. 야음초등학교),0,,,0,,,,,,,,,,,,,,,,,,,,,0
언양초등학교,울산,초,공립,,울산광역시 울주군 언양읍 북문8길 49 (언양읍. 언양초등학교),0,,,0,,,,,,,,,,,,,,,,,,,,,0
여천초등학교,울산,초,공립,,울산광역시 남구 여천로 31 (야음동.여천초등학교),0,,,0,,,,,,,,,,,,,,,,,,,,,0
옥동초등학교,울산,초,공립,,울산광역시 남구 문수로 401 . 옥동초등학교 (옥동. 옥동초등학교),0,,,0,,,,,,,,,,,,,,,,,,,,,0
옥산초등학교,울산,초,공립,,울산광역시 남구 옥현로60번길 7 (무거동. 옥산초등학교),0,,,0,,,,,,,,,,,,,,,,,,,,,0
옥서초등학교,울산,초,공립,,울산광역시 남구 법대로14번길 19 (옥동. 옥서초등학교),1,2023.0,정보교육실구축교,0,,,,,,,,,,,,,,,,,,,,,0
옥현초등학교,울산,초,공립,,울산광역시 남구 눌재로 21 . 옥현초등학교 (무거동. 옥현초등학교),0,,,0,,,,,,,,,,,,,,,,,,,,,0
온남초등학교,울산,초,공립,,울산광역시 울주군 온양읍 화산발리로 734 (온양읍. 온남초등학교),0,,,0,,,,,,,,,,,,,,,,,,,,,0
온산초등학교,울산,초,공립,,울산광역시 울주군 온산읍 신온9길 16 . 온산초등학교 (온산읍. 온산초등학교),0,,,0,,,,,,,,,,,,,,,,,,,,,0
온양초등학교,울산,초,공립,,울산광역시 울주군 온양읍 남창1길 32 (온양읍. 온양초등학교),0,,,1,2020.0,,,,,,,,,,,,,,,,,,,,0
울산남부초등학교,울산,초,공립,,울산광역시 남구 야음로 11 (야음동. 울산남부초등학교),0,,,0,,,,,,,,,,,,,,,,,,,,,0
문수초등학교,울산,초,공립,,울산광역시 울주군 청량면 청송길 8 (청량면),0,,,0,,,,,,,,,,,,,,,,,,,,,0
울산중앙초등학교,울산,초,공립,,울산광역시 남구 돋질로 91 . 번길 34 (신정동),0,,,0,,,,,,,,,,,,,,,,,,,,,0
울주명지초등학교,울산,초,공립,,울산광역시 울주군 범서읍 점촌4길 17 (범서읍),0,,,0,,,,,,,,,,,,,,,,,,,,,0
웅촌초등학교,울산,초,공립,,울산광역시 울주군 웅촌면 곡천검단로 4 (웅촌면. 웅촌초등학교),0,,,0,,,,,,,,,,,,,,,,,,,,,0
월봉초등학교,울산,초,공립,,울산광역시 남구 팔등로 115 . 10 (신정동),0,,,0,,,,,,,,,,,,,,,,,,,,,0
월평초등학교,울산,초,공립,,울산광역시 남구 신남로95번길 15 (신정동. 월평초등학교),0,,,0,,,,,,,,,,,,,,,,,,,,,0
장생포초등학교,울산,초,공립,,울산광역시 남구 장생포고래로125번길 5 . 장생포초등학교 (장생포동),0,,,0,,,,,,,,,,,,,,,,,,,,,0
중남초등학교,울산,초,공립,,울산광역시 울주군 삼남면 사촌신복로 572 (삼남면. 중남초등학교),0,,,0,,,,,,,,,,,,,,,,,,,,,0
척과초등학교,울산,초,공립,,울산광역시 울주군 범서읍 갈매정길 16 . 척과초등학교 (척과리),0,,,0,,,,,,,,,,,,,,,,,,,,,0
천상초등학교,울산,초,공립,,울산광역시 울주군 범서읍 천상7길 28 (범서읍. 천상초등학교),0,,,0,,,,,,,,,,,,,,,,,,,,,0
청량초등학교,울산,초,공립,,울산광역시 울주군 청량읍 덕정5길 14 (청량읍. 청량초등학교),0,,,0,,,,,,,,,,,,,,,,,,,,,0
월계초등학교,울산,초,공립,,울산광역시 남구 옥현로 12 (무거동.월계초등학교),0,,,0,,,,,,,,,,,,,,,,,,,,,0
용연초등학교,울산,초,공립,,울산광역시 남구 야음로26번길 7 (야음동. 야음교육단지),0,,,0,,,,,,,,,,,,,,,,,,,,,0
영화초등학교,울산,초,공립,,울산광역시 울주군 언양읍 방천9길 33 (언양읍.영화초등학교),0,,,0,,,,,,,,,,,,,,,,,,,,,0
호연초등학교,울산,초,공립,,울산광역시 울주군 범서읍 대리로 75 (범서읍. 호연초등학교),0,,,0,,,,,,,,,,,,,,,,,,,,,0
청솔초등학교,울산,초,공립,,울산광역시 남구 삼산로94번길 20 (달동. 청솔초등학교),0,,,1,2019.0,,,,,,,,,,,,,,,,,,,,0
상북초등학교,울산,초,공립,,울산광역시 울주군 상북면 도동신리로 35 . 상북초등학교 (상북면),0,,,0,,,,,,,,,,,,,,,,,,,,,0
웅촌초등학교검단분교장,울산,초,공립,,울산광역시 울주군 웅촌면 은현작동로 58 (웅촌면),0,,,0,,,,,,,,,,,,,,,,,,,,,0
구영중학교,울산,중,공립,남여공학,울산광역시 울주군 범서읍 점촌3길 46 (범서읍. 구영중학교),0,,,1,2020.0,,,,,,,,,,,,,,,,,,,,0
남창중학교,울산,중,공립,남여공학,울산광역시 울주군 온양읍 동상로 66 . 남창중학교 (온양읍),0,,,0,,,,,,,,,,,,,,,,,,,,,0
대현중학교,울산,중,공립,남여공학,울산광역시 남구 왕생로86번길 33 . 대현중학교 (달동),0,,,1,2019.0,,,,,,,,,,,,,,,,,,,,0
온산중학교,울산,중,공립,남여공학,울산광역시 울주군 온산읍 명봉거남로 78 . 온산중학교 (온산읍. 온산중학교),0,,,0,,,,,,,,,,,,,,,,,,,,,0
동평중학교,울산,중,공립,남여공학,울산광역시 남구 도산로77번길 13-34 (달동.동평중학교),0,,,0,,,,,,,,,,,,,,,,,,,,,0
두광중학교,울산,중,공립,남여공학,울산광역시 울주군 두서면 반구대로 1930-5 (두서면),0,,,0,,,,,,,,,,,,,,,,,,,,,0
무거중학교,울산,중,공립,남여공학,울산광역시 남구 대학로1번길 17-18 . 무거중학교 (무거동),0,,,0,,,,,,,,,,,,,,,,,,,,,0
범서중학교,울산,중,공립,남여공학,울산광역시 울주군 범서읍 대리1길 16 (범서읍),0,,,0,,,,,,,,,,,,,,,,,,,,,0
삼호중학교,울산,중,공립,남여공학,울산광역시 남구 삼호로38번길 6 (무거동),0,,,0,,,,,,,,,,,,,,,,,,,,,0
서생중학교,울산,중,공립,남여공학,울산광역시 울주군 서생면 당물길 1 (서생면. 서생중학교),0,,,0,,,,,,,,,,,,,,,,,,,,,0
신일중학교,울산,중,공립,남여공학,울산광역시 남구 두왕로 278 . 신일중학교 (신정동),0,,,0,,,,,,,,,,,,,,,,,,,,,0
신정중학교,울산,중,공립,남여공학,울산광역시 남구 은월로 11 (옥동),1,2023.0,교육활동 모델교,0,,,,,,,,,,,,,,,,,,,,,0
신언중학교,울산,중,공립,남여공학,울산광역시 울주군 언양읍 방천9길 19 (언양읍. 신언중학교),0,,,0,,,,,,,,,,,,,,,,,,,,,0
언양중학교,울산,중,공립,남여공학,울산광역시 울주군 언양읍 북문13길 7 (언양읍. 언양중학교),0,,,0,,,,,,,,,,,,,,,,,,,,,0
옥동중학교,울산,중,공립,남여공학,울산광역시 남구 법대로14번길 9 .옥동중학교 (옥동. 옥동중학교),0,,,0,,,,,,,,,,,,,,,,,,,,,0
옥현중학교,울산,중,공립,남여공학,울산광역시 남구 문수로75번길 18 (무거동. 옥현중학교),0,,,0,,,,,,,,,,,,,,,,,,,,,0
울산서여자중학교,울산,중,공립,여자,울산광역시 남구 문수로 432 (신정동. 울산서여자중학교),0,,,0,,,,,,,,,,,,,,,,,,,,,0
월평중학교,울산,중,공립,남여공학,울산광역시 남구 중앙로204번길 31 . 월평중학교 (신정동),0,,,0,,,,,,,,,,,,,,,,,,,,,0
울산중앙중학교,울산,중,공립,남여공학,울산광역시 남구 중앙로63번길 5 . 울산중앙중학교 (신정동. 울산중앙중학교),0,,,0,,,,,,,,,,,,,,,,,,,,,0
웅촌중학교,울산,중,공립,남여공학,울산광역시 울주군 웅촌면 새초천길 13 (웅촌면. 웅촌중학교),0,,,0,,,,,,,,,,,,,,,,,,,,,0
천상중학교,울산,중,공립,남여공학,울산광역시 울주군 범서읍 천상중앙길 161 (범서읍. 천상중학교),0,,,0,,,,,,,,,,,,,,,,,,,,,0
청량중학교,울산,중,공립,남여공학,울산광역시 울주군 청량읍 송전길 2 (청량읍. 청량중학교),0,,,0,,,,,,,,,,,,,,,,,,,,,0
울산강남중학교,울산,중,공립,남여공학,울산광역시 남구 돋질로 325번길 14번지 (삼산동),0,,,0,,,,,,,,,,,,,,,,,,,,,0
태화중학교,울산,중,공립,남여공학,울산광역시 남구 화합로71번길 24 (야음동),0,,,0,,,,,,,,,,,,,,,,,,,,,0
학성중학교,울산,중,공립,남자,울산광역시 남구 문수로 426 (신정동.학성중학교),0,,,0,,,,,,,,,,,,,,,,,,,,,0
문수중학교,울산,중,공립,남여공학,울산광역시 남구 옥현로 6 (무거동. 문수중학교),0,,,0,,,,,,,,,,,,,,,,,,,,,0
야음중학교,울산,중,공립,남여공학,울산광역시 남구 수암로 170 . 야음중학교 (야음동),0,,,1,2018.0,,,,,,,,,,,,,,,,,,,,0
장검중학교,울산,중,공립,남여공학,울산광역시 울주군 범서읍 장검1길 4 (범서읍. 장검중학교),0,,,0,,,,,,,,,,,,,,,,,,,,,0
상북중학교,울산,중,사립,남여공학,울산광역시 울주군 상북면 상북로 248 (상북면. 상북중학교. 경의고등학교),0,,,0,,,,,,,,,,,,,,,,,,,,,0
삼남중학교,울산,중,공립,남여공학,울산광역시 울주군 삼남면 강당로 95 (삼남면),0,,,0,,,,,,,,,,,,,,,,,,,,,0
부강초등학교,세종,초,공립,,세종특별자치시  부강면 부강로 15 (부강면. 부강초등학교),0,,,0,,,,,,,,,,,,,,,,,,,,,0
의랑초등학교,세종,초,공립,,세종특별자치시  장군면 태산길 50-1 (장군면. 의랑초등학교),0,,,0,,,,,,,,,,,,,,,,,,,,,0
장기초등학교,세종,초,공립,,세종특별자치시  장군면 장척로 398-9 (장군면),0,,,0,,,,,,,,,,,,,,,,,,,,,0
감성초등학교,세종,초,공립,,세종특별자치시  금남면 감성길 6 (금남면. 감성초등학교),0,,,0,,,,,,,,,,,,,,,,,,,,,0
금남초등학교,세종,초,공립,,세종특별자치시  금남면 금남구즉로 62 (금남면. 금남초등학교),0,,,0,,,,,,,,,,,,,,,,,,,,,0
소정초등학교,세종,초,공립,,세종특별자치시  소정면 학교말길 10 (소정면. 소정초등학교),0,,,0,,,,,,,,,,,,,,,,,,,,,0
수왕초등학교,세종,초,공립,,세종특별자치시  연기면 눌왕길 8-45 (연기면. 수왕초등학교),0,,,0,,,,,,,,,,,,,,,,,,,,,0
쌍류초등학교,세종,초,공립,,세종특별자치시  연서면 벌말길 73 (연서면),1,2023.0,정보교육실 구축교,0,,,,,,,,,,,,,,,,,,,,,0
연남초등학교,세종,초,공립,,세종특별자치시  연기면 연기길 2 . 연남초등학교 (연기면. 연남초등학교),1,2023.0,교육활동 모델교,0,,,,,,,,,,,,,,,,,,,,,0
연동초등학교,세종,초,공립,,세종특별자치시  연동면 청연로 606-36 (연동면.연동초등학교),0,,,0,,,,,,,,,,,,,,,,,,,,,0
연봉초등학교,세종,초,공립,,세종특별자치시  연서면 당산로 357-1 (연서면. 연봉초등학교),0,,,0,,,,,,,,,,,,,,,,,,,,,0
연서초등학교,세종,초,공립,,세종특별자치시  연서면 연서로 148 (연서면. 연서초등학교),0,,,0,,,,,,,,,,,,,,,,,,,,,0
전동초등학교,세종,초,공립,,세종특별자치시  전동면 하노장3길 9 (전동면. 전동초등학교),0,,,0,,,,,,,,,,,,,,,,,,,,,0
전의초등학교,세종,초,공립,,세종특별자치시 전의면 운주산로 1204-9 . 전의초등학교 (전의면),1,2023.0,정보교육실 구축교,0,,,,,,,,,,,,,,,,,,,,,0
조치원교동초등학교,세종,초,공립,,세종특별자치시  조치원읍 새내18길 21 . 조치원교동초등학교 (조치원읍),0,,,0,,,,,,,,,,,,,,,,,,,,,0
조치원대동초등학교,세종,초,공립,,세종특별자치시 조치원읍 대동학교길 11,0,,,0,,,,,,,,,,,,,,,,,,,,,0
조치원명동초등학교,세종,초,공립,,세종특별자치시  조치원읍 조치원10길 35 .  (조치원읍),0,,,0,,,,,,,,,,,,,,,,,,,,,0
조치원신봉초등학교,세종,초,공립,,세종특별자치시  조치원읍 향나무길 10 (조치원읍. 신봉초등학교),0,,,1,2019.0,,,,,,,,,,,,,,,,,,,,0
세종도원초등학교,세종,초,공립,,세종특별자치시  연서면 도원로 63 (연서면. 세종도원초등학교),0,,,0,,,,,,,,,,,,,,,,,,,,,0
참샘초등학교,세종,초,공립,,세종특별자치시  노을1로 29 (한솔동),0,,,0,,,,,,,,,,,,,,,,,,,,,0
한솔초등학교,세종,초,공립,,세종특별자치시  누리로 32 (한솔동) 한솔초등학교,1,2023.0,교육활동 모델교,1,2018.0,,,,,,,,,,,,,,,,,,,,1
도담초등학교,세종,초,공립,,세종특별자치시  보람로 33 . 도담초등학교 (도담동. 도담초등학교),0,,,1,2017.0,,,,,,,,,,,,,,,,,,,,0
연세초등학교,세종,초,공립,,세종특별자치시  다솜로 291 (어진동),0,,,0,,,,,,,,,,,,,,,,,,,,,0
미르초등학교,세종,초,공립,,세종특별자치시  나리로 26-16 (한솔동),0,,,0,,,,,,,,,,,,,,,,,,,,,0
아름초등학교,세종,초,공립,,세종특별자치시 달빛로 174 (아름동),1,2023.0,교육활동 모델교,1,2020.0,,,,,,,,,,,,,,,,,,,,1
연양초등학교,세종,초,공립,,세종특별자치시  도움3로 37 (어진동),0,,,0,,,,,,,,,,,,,,,,,,,,,0
나래초등학교,세종,초,공립,,세종특별자치시  달빛1로 108 (아름동),0,,,0,,,,,,,,,,,,,,,,,,,,,0
늘봄초등학교,세종,초,공립,,세종특별자치시  다솜1로 183 (도담동),0,,,0,,,,,,,,,,,,,,,,,,,,,0
종촌초등학교,세종,초,공립,,세종특별자치시  도움1로 160 (종촌동),0,,,0,,,,,,,,,,,,,,,,,,,,,0
온빛초등학교,세종,초,공립,,세종특별자치시  만남로 174 (고운동) 온빛초등학교,1,2023.0,정보교육실 구축교,0,,,,,,,,,,,,,,,,,,,,,0
고운초등학교,세종,초,공립,,세종특별자치시  만남로 45 (고운동),0,,,0,,,,,,,,,,,,,,,,,,,,,0
으뜸초등학교,세종,초,공립,,세종특별자치시  마음로 132 (고운동. 으뜸초등학교),0,,,0,,,,,,,,,,,,,,,,,,,,,0
두루초등학교,세종,초,공립,,세종특별자치시  만남로 227 . 두루초등학교 (고운동),0,,,0,,,,,,,,,,,,,,,,,,,,,0
양지초등학교,세종,초,공립,,세종특별자치시  보듬8로 11 . 양지초등학교 (도담동),0,,,0,,,,,,,,,,,,,,,,,,,,,0
다빛초등학교,세종,초,공립,,세종특별자치시  달빛1로 7 (종촌동),0,,,1,2020.0,,,,,,,,,,,,,,,,,,,,0
가락초등학교,세종,초,공립,,세종특별자치시  마음로 208 가락초등학교(고운동),0,,,0,,,,,,,,,,,,,,,,,,,,,0
보람초등학교,세종,초,공립,,세종특별자치시  보람동로 39 . 보람초등학교 (보람동),0,,,0,,,,,,,,,,,,,,,,,,,,,0
소담초등학교,세종,초,공립,,세종특별자치시  소담1로 35 (소담동),0,,,0,,,,,,,,,,,,,,,,,,,,,0
글벗초등학교,세종,초,공립,,세종특별자치시  소담로 121 (소담동),0,,,0,,,,,,,,,,,,,,,,,,,,,0
여울초등학교,세종,초,공립,,세종특별자치시  보람1길 9 (보람동),0,,,0,,,,,,,,,,,,,,,,,,,,,0
가득초등학교,세종,초,공립,,세종특별자치시  세종로 941 (새롬동. 가득초등학교),0,,,0,,,,,,,,,,,,,,,,,,,,,0
새뜸초등학교,세종,초,공립,,세종특별자치시  새롬남로 75 . 새뜸초등학교 (새롬동),0,,,0,,,,,,,,,,,,,,,,,,,,,0
새롬초등학교,세종,초,공립,,세종특별자치시  새롬중앙1로 27 . 새롬초등학교 (새롬동),0,,,0,,,,,,,,,,,,,,,,,,,,,0
새움초등학교,세종,초,공립,,세종특별자치시  다정남로 93 . 새움초등학교 (다정동. 새움초등학교),1,2023.0,교육활동 모델교,0,,,,,,,,,,,,,,,,,,,,,0
한결초등학교,세종,초,공립,,세종특별자치시  다정북로 139 (다정동. 한결초등학교),0,,,0,,,,,,,,,,,,,,,,,,,,,0
대평초등학교,세종,초,공립,,세종특별자치시  대평1길 19 (대평동) 대평초등학교,0,,,0,,,,,,,,,,,,,,,,,,,,,0
다정초등학교,세종,초,공립,,세종특별자치시  다정남로 35 . 다정초등학교,0,,,0,,,,,,,,,,,,,,,,,,,,,0
부강중학교,세종,중,공립,남여공학,세종특별자치시  부강면 부강로 25-7 (부강면. 부강중학교),0,,,0,,,,,,,,,,,,,,,,,,,,,0
장기중학교,세종,중,공립,남여공학,세종특별자치시  장군면 장척로 359 (장군면),0,,,0,,,,,,,,,,,,,,,,,,,,,0
금호중학교,세종,중,공립,남여공학,세종특별자치시  대평로 27 . 금호중학교,0,,,0,,,,,,,,,,,,,,,,,,,,,0
연동중학교,세종,중,공립,남여공학,세종특별자치시  연동면 내판로 10-13 (연동면. 연동중학교),0,,,0,,,,,,,,,,,,,,,,,,,,,0
연서중학교,세종,중,공립,남여공학,세종특별자치시  연서면 연서로 115 (연서면. 연서중학교),0,,,0,,,,,,,,,,,,,,,,,,,,,0
전의중학교,세종,중,공립,남여공학,세종특별자치시  전의면 운주산로 1260-6 (전의면. 전의중학교),0,,,0,,,,,,,,,,,,,,,,,,,,,0
조치원여자중학교,세종,중,공립,여자,세종특별자치시  조치원읍 새내로 160 (조치원읍. 조치원여자중학교),0,,,0,,,,,,,,,,,,,,,,,,,,,0
조치원중학교,세종,중,공립,남자,세종특별자치시  조치원읍 조치원중고길 10-1 . 조치원중학교 (조치원읍),0,,,0,,,,,,,,,,,,,,,,,,,,,0
한솔중학교,세종,중,공립,남여공학,세종특별자치시  나리로 43 (한솔동),0,,,0,,,,,,,,,,,,,,,,,,,,,0
도담중학교,세종,중,공립,남여공학,세종특별자치시  보람로 80 (도담동. 도담중학교),0,,,0,,,,,,,,,,,,,,,,,,,,,0
어진중학교,세종,중,공립,남여공학,세종특별자치시  다솜로 10 (어진동),0,,,0,,,,,,,,,,,,,,,,,,,,,0
새롬중학교,세종,중,공립,남여공학,세종특별자치시  어울로 41 (새롬동),0,,,0,,,,,,,,,,,,,,,,,,,,,0
아름중학교,세종,중,공립,남여공학,세종특별자치시  달빛1로 167 (아름동),0,,,0,,,,,,,,,,,,,,,,,,,,,0
양지중학교,세종,중,공립,남여공학,세종특별자치시  갈매로 512 (도담동),1,2023.0,교육활동 모델교,1,2020.0,,,,,,,,,,,,,,,,,,,,1
두루중학교,세종,중,공립,남여공학,세종특별자치시  만남로 211 (고운동. 두루중학교),0,,,0,,,,,,,,,,,,,,,,,,,,,0
종촌중학교,세종,중,공립,남여공학,세종특별자치시  도움1로 126 (종촌동),0,,,0,,,,,,,,,,,,,,,,,,,,,0
고운중학교,세종,중,공립,남여공학,세종특별자치시  만남로 65 (고운동),0,,,0,,,,,,,,,,,,,,,,,,,,,0
소담중학교,세종,중,공립,남여공학,세종특별자치시  남세종로 340 (소담동),0,,,0,,,,,,,,,,,,,,,,,,,,,0
글벗중학교,세종,중,공립,남여공학,세종특별자치시  소담4로 44 (소담동),0,,,0,,,,,,,,,,,,,,,,,,,,,0
보람중학교,세종,중,공립,남여공학,세종특별자치시  남세종로 423 (보람동),0,,,0,,,,,,,,,,,,,,,,,,,,,0
새뜸중학교,세종,중,공립,남여공학,세종특별자치시  새롬중앙로 62-12 . 새뜸중학교 (새롬동. 새뜸중학교),0,,,1,2020.0,,,,,,,,,,,,,,,,,,,,0
새움중학교,세종,중,공립,남여공학,세종특별자치시  다정서로 12 . 새움중학교. 다정동 (다정동),0,,,1,2020.0,,,,,,,,,,,,,,,,,,,,0
다정중학교,세종,중,공립,남여공학,세종특별자치시  다정서로 52 (다정동),0,,,0,,,,,,,,,,,,,,,,,,,,,0
도담고등학교,세종,고,공립,남여공학,세종특별자치시  보듬4로 41 . 도담고등학교 (도담동. 도담고등학교),0,,,0,,,,,,,,,,,,,,,,,,,,,0
세종여자고등학교,세종,고,공립,여자,세종특별자치시  조치원읍 봉산로 16 . 세종여자고등학교 (조치원읍. 세종여자고등학교),0,,,0,,,,,,,,,,,,,,,,,,,,,0
세종고등학교,세종,고,공립,남자,세종특별자치시  조치원읍 조치원중고길 10 . 세종고등학교 (조치원읍),0,,,0,,,,,,,,,,,,,,,,,,,,,0
성남고등학교,세종,고,사립,남여공학,세종특별자치시  다솜로 22 (어진동. 성남고등학교),0,,,0,,,,,,,,,,,,,,,,,,,,,0
한솔고등학교,세종,고,공립,남여공학,세종특별자치시  누리로 34 . 한솔고등학교 (한솔동),0,,,1,2020.0,,,,,,,,,,,,,,,,,,,,0
아름고등학교,세종,고,공립,남여공학,세종특별자치시  달빛1로 151 (아름동),0,,,0,,,,,,,,,,,,,,,,,,,,,0
고운고등학교,세종,고,공립,남여공학,세종특별자치시  마음안로 93 (고운동. 고운고등학교),1,2023.0,정보교육실 구축교,0,,,,,,,,,,,,,,,,,,,,,0
두루고등학교,세종,고,공립,남여공학,세종특별자치시  마음안1로 53 (고운동),0,,,0,,,,,,,,,,,,,,,,,,,,,0
양지고등학교,세종,고,공립,남여공학,세종특별자치시  갈매로 518 (도담동),0,,,0,,,,,,,,,,,,,,,,,,,,,0
종촌고등학교,세종,고,공립,남여공학,세종특별자치시  달빛1로 60 (종촌동),0,,,0,,,,,,,,,,,,,,,,,,,,,0
보람고등학교,세종,고,공립,남여공학,세종특별자치시  한누리대로 2176 (보람동),0,,,0,,,,,,,,,,,,,,,,,,,,,0
소담고등학교,세종,고,공립,남여공학,세종특별자치시  남세종로 326 (소담동. 소담고등학교),0,,,0,,,,,,,,,,,,,,,,,,,,,0
새롬고등학교,세종,고,공립,남여공학,세종특별자치시  새롬서로 68 (새롬동),0,,,0,,,,,,,,,,,,,,,,,,,,,0
세종과학예술영재학교,세종,고,공립,남여공학,세종특별자치시  달빛1로 265 (아름동),0,,,0,,,,,,,,,,,,,,,,,,,,,0
세종예술고등학교,세종,고,공립,남여공학,세종특별자치시 연기면 중앙공원서로 60 . 세종예술고등학교 (연기면),0,,,0,,,,,,,,,,,,,,,,,,,,,0
세종국제고등학교,세종,고,공립,남여공학,세종특별자치시  달빛1로 251 (아름동),0,,,0,,,,,,,,,,,,,,,,,,,,,0
세종하이텍고등학교,세종,고,공립,남여공학,세종특별자치시  부강면 문곡달미길 6 (부강면. 세종하이텍고등학교),0,,,0,,,,,,,,,,,,,,,,,,,,,0
김포제일고등학교,경기,고,공립,남여공학,경기도 김포시 김포한강11로 242 . 김포제일고등학교 (운양동),0,,,0,,,,,,,,,,,,,,,,,,,,,0
매홀고등학교,경기,고,공립,남여공학,경기도 오산시 내삼미로80번길 9-10 (수청동),0,,,0,,,,,,,,,,,,,,,,,,,,,0
수원칠보고등학교,경기,고,공립,남여공학,경기도 수원시 권선구 금곡로 127 (금곡동),0,,,0,,,,,,,,,,,,,,,,,,,,,0
한빛고등학교,경기,고,공립,남여공학,경기도 파주시 한빛로 36 (야당동),0,,,0,,,,,,,,,,,,,,,,,,,,,0
초월고등학교,경기,고,공립,남여공학,경기도 광주시 초월읍 무들로 3-25 . 초월고등학교 (초월읍),0,,,0,,,,,,,,,,,,,,,,,,,,,0
한민고등학교,경기,고,사립,남여공학,경기도 파주시 광탄면 혜음로 765 (광탄면),0,,,1,2020.0,,,,,,,,,,,,,,,,,,,,0
별내고등학교,경기,고,공립,남여공학,경기도 남양주시 별내5로 36 . 별내고등학교 (별내동),0,,,0,,,,,,,,,,,,,,,,,,,,,0
고양동산고등학교,경기,고,공립,남여공학,경기도 고양시 덕양구 동세로 20 (동산동),0,,,0,,,,,,,,,,,,,,,,,,,,,0
위례고등학교,경기,고,공립,남여공학,경기도 하남시 위례순환로 323 . 위례고등학교 (학암동. 위례고등학교),0,,,0,,,,,,,,,,,,,,,,,,,,,0
위례한빛고등학교,경기,고,공립,남여공학,경기도 성남시 수정구 위례동로 86 (창곡동. 위례한빛고등학교),1,2023.0,정보교육실 구축교,0,,,,,,,,,,,,,,,,,,,,,0
하길고등학교,경기,고,공립,남여공학,경기도 화성시 향남읍 상신하길로274번길 22 . 하길고등학교 (향남읍),0,,,0,,,,,,,,,,,,,,,,,,,,,0
가좌고등학교,경기,고,공립,남여공학,경기도 고양시 일산서구 가좌1로 43 . 가좌고등학교 (가좌동),0,,,0,,,,,,,,,,,,,,,,,,,,,0
가평고등학교,경기,고,공립,남여공학,경기도 가평군 가평읍 호반로 2607-7 (가평읍),0,,,1,2019.0,,,,,,,,,,,,,,,,,,,,0
가운고등학교,경기,고,공립,남여공학,경기도 남양주시 가운로2길 115 (다산동. 가운고등학교),0,,,0,,,,,,,,,,,,,,,,,,,,,0
덕현고등학교,경기,고,공립,남여공학,경기도 양주시 고읍북로 36 . 덕현고등학교 (만송동),0,,,0,,,,,,,,,,,,,,,,,,,,,0
동패고등학교,경기,고,공립,남여공학,경기도 파주시 교하로 350 (동패동. 동패고등학교),1,2023.0,교육활동 모델교,1,2017.0,,,,,,,,,,,,,,,,,,,,1
마석고등학교,경기,고,공립,남여공학,경기도 남양주시 화도읍 녹촌로 35 (화도읍.마석고등학교),1,2023.0,교육활동 모델교,1,2016.0,,,,,,,,,,,,,,,,,,,,1
판교고등학교,경기,고,공립,남여공학,경기도 성남시 분당구 동판교로 257 (삼평동),0,,,0,,,,,,,,,,,,,,,,,,,,,0
성복고등학교,경기,고,공립,남여공학,경기도 용인시 수지구 도마치로 92 . 성복고등학교 (성복동),0,,,0,,,,,,,,,,,,,,,,,,,,,0
운산고등학교,경기,고,공립,남여공학,경기도 광명시 한내일로 17 . 운산고등학교 (소하동),1,2023.0,교육활동 모델교,0,,,,,,,,,,,,,,,,,,,,,0
율천고등학교,경기,고,공립,남여공학,경기도 수원시 팔달구 일월로 50 . 율천고등학교 (화서동. 율천고등학교),0,,,0,,,,,,,,,,,,,,,,,,,,,0
경기대명고등학교,경기,고,공립,남여공학,경기도 수원시 권선구 수인로598번길 3-24 . 경기대명고등학교 (당수동),0,,,0,,,,,,,,,,,,,,,,,,,,,0
이현고등학교,경기,고,공립,남여공학,경기도 이천시 증신로 88 . 이현고등학교 (갈산동),0,,,1,2020.0,,,,,,,,,,,,,,,,,,,,0
저현고등학교,경기,고,공립,남여공학,경기도 고양시 일산동구 위시티3로 37 (식사동),0,,,0,,,,,,,,,,,,,,,,,,,,,0
세교고등학교,경기,고,공립,남여공학,경기도 오산시 수청로 112 . 세교고등학교 (금암동),0,,,1,2019.0,,,,,,,,,,,,,,,,,,,,0
계남고등학교,경기,고,공립,남여공학,경기도 부천시 부흥로 261 . 계남고등학교 (중동),1,2023.0,교육활동 모델교,1,2020.0,,,,,,,,,,,,,,,,,,,,1
고색고등학교,경기,고,공립,남자,경기도 수원시 권선구 서둔로17번길 32 (고색동. 고색고등학교),1,2023.0,교육활동 모델교,0,,,,,,,,,,,,,,,,,,,,,0
고잔고등학교,경기,고,공립,남여공학,경기도 안산시 단원구 광덕2로 222 (고잔동. 고잔고등학교),0,,,0,,,,,,,,,,,,,,,,,,,,,0
교하고등학교,경기,고,공립,남여공학,경기도 파주시 책향기로 180 교하고등학교,0,,,1,2020.0,,,,,,,,,,,,,,,,,,,,0
이산고등학교,경기,고,공립,남여공학,경기도 화성시 동탄기흥로353번길 61 (오산동),1,2023.0,교육활동 모델교,0,,,,,,,,,,,,,,,,,,,,,0
과천고등학교,경기,고,공립,남여공학,경기도 과천시 꿈보람길 26 . 과천고등학교 (별양동),1,2023.0,교육활동 모델교,1,2015.0,,,,,,,,,,,,,,,,,,,,1
군서고등학교,경기,고,공립,남여공학,경기도 시흥시 군서마을로 100 (정왕동),0,,,0,,,,,,,,,,,,,,,,,,,,,0
과천중앙고등학교,경기,고,공립,남여공학,경기도 과천시 교육원로 17 (갈현동),0,,,0,,,,,,,,,,,,,,,,,,,,,0
관양고등학교,경기,고,공립,남여공학,경기도 안양시 동안구 일동로 115 (관양동),0,,,1,2020.0,,,,,,,,,,,,,,,,,,,,0
관인고등학교,경기,고,공립,남여공학,경기도 포천시 관인면 관인로 20 (관인면. 관인중고등학교),0,,,0,,,,,,,,,,,,,,,,,,,,,0
고양일고등학교,경기,고,공립,남여공학,경기도 고양시 덕양구 읍내로 13 (고양동. 고양일고등학교),1,2023.0,교육활동 모델교,0,,,,,,,,,,,,,,,,,,,,,0
광남고등학교,경기,고,공립,남여공학,경기도 광주시 회안대로 350-32 (장지동),1,2023.0,교육활동 모델교,0,,,,,,,,,,,,,,,,,,,,,0
광명고등학교,경기,고,공립,남여공학,경기도 광명시 오리로876번길 17 (철산동. 광명고등학교),0,,,0,,,,,,,,,,,,,,,,,,,,,0
광명북고등학교,경기,고,공립,남여공학,경기도 광명시 시청로 127 (철산동),0,,,0,,,,,,,,,,,,,,,,,,,,,0
명문고등학교,경기,고,공립,남여공학,경기도 광명시 광명로812번길 16 (광명동.명문고등학교),0,,,0,,,,,,,,,,,,,,,,,,,,,0
광문고등학교,경기,고,공립,남여공학,경기도 광명시 원광명안로 39 (광명동),1,2023.0,교육활동 모델교,1,2016.0,,,,,,,,,,,,,,,,,,,,1
광주고등학교,경기,고,공립,남자,경기도 광주시 수하길19번길 43 . 광주고등학교 (송정동),0,,,0,,,,,,,,,,,,,,,,,,,,,0
구리고등학교,경기,고,공립,남자,경기도 구리시 장자대로 89 (수택동. 구리고등학교),0,,,0,,,,,,,,,,,,,,,,,,,,,0
구리여자고등학교,경기,고,공립,여자,경기도 구리시 벌말로 168 . 구리여자고등학교 (토평동),1,2023.0,교육활동 모델교,1,2015.0,,,,,,,,,,,,,,,,,,,,1
구성고등학교,경기,고,공립,남여공학,경기도 용인시 기흥구 연원로42번길 47 . 구성고등학교 (마북동),0,,,0,,,,,,,,,,,,,,,,,,,,,0
금촌고등학교,경기,고,공립,남여공학,경기도 파주시 쇠재1길 18 (금릉동. 금촌고등학교),0,,,0,,,,,,,,,,,,,,,,,,,,,0
광교고등학교,경기,고,공립,남여공학,경기도 수원시 영통구 도청로89번길 11 (이의동),0,,,0,,,,,,,,,,,,,,,,,,,,,0
권선고등학교,경기,고,공립,남여공학,경기도 수원시 권선구 세권로 276 (권선동.권선고등학교),0,,,0,,,,,,,,,,,,,,,,,,,,,0
기흥고등학교,경기,고,공립,남여공학,경기도 용인시 기흥구 관곡로 20 기흥고등학교 (신갈동),0,,,0,,,,,,,,,,,,,,,,,,,,,0
김포고등학교,경기,고,공립,남여공학,경기 김포시 봉화로 37-15 (사우동.김포고등학교),0,,,0,,,,,,,,,,,,,,,,,,,,,0
나루고등학교,경기,고,공립,남여공학,경기도 화성시 금반2길 13 (반송동),0,,,0,,,,,,,,,,,,,,,,,,,,,0
남한고등학교,경기,고,공립,남여공학,경기도 하남시 신평로 25 . 남한고등학교 (덕풍동),0,,,0,,,,,,,,,,,,,,,,,,,,,0
늘푸른고등학교,경기,고,공립,남여공학,경기도 성남시 분당구 성남대로407번길 26 (정자동),0,,,1,2020.0,,,,,,,,,,,,,,,,,,,,0
능곡고등학교,경기,고,공립,남여공학,경기도 고양시 덕양구 지도로 76 (토당동),0,,,0,,,,,,,,,,,,,,,,,,,,,0
단원고등학교,경기,고,공립,남여공학,경기도 안산시 단원구 단원로 55 (고잔동),0,,,0,,,,,,,,,,,,,,,,,,,,,0
대지고등학교,경기,고,공립,남여공학,경기도 용인시 수지구 동백죽전대로 1066 (죽전동. 대지고등학교),0,,,0,,,,,,,,,,,,,,,,,,,,,0
대평고등학교,경기,고,공립,남여공학,경기도 수원시 장안구 천천로22번길 21 (정자동. 대평고등학교),0,,,0,,,,,,,,,,,,,,,,,,,,,0
덕계고등학교,경기,고,공립,남여공학,경기도 양주시 평화로1489번길 34 (덕계동.덕계고등학교),0,,,1,2018.0,,,,,,,,,,,,,,,,,,,,0
덕산고등학교,경기,고,공립,남여공학,경기도 부천시 오정구 오정로266번길 69 . 덕산고등학교 (오정동),0,,,1,2017.0,,,,,,,,,,,,,,,,,,,,0
망포고등학교,경기,고,공립,남여공학,경기도 수원시 영통구 동탄지성로 468 (망포동),0,,,0,,,,,,,,,,,,,,,,,,,,,0
매원고등학교,경기,고,공립,남여공학,경기도 수원시 영통구 삼성로213번길 120 (매탄동),0,,,0,,,,,,,,,,,,,,,,,,,,,0
덕정고등학교,경기,고,공립,남여공학,경기도 양주시 화합로 1488 (고암동. 덕정고등학교),0,,,0,,,,,,,,,,,,,,,,,,,,,0
도농고등학교,경기,고,공립,남여공학,경기도 남양주시 다산순환로 1 (다산동. 도농고등학교),0,,,0,,,,,,,,,,,,,,,,,,,,,0
도당고등학교,경기,고,공립,남여공학,경기도 부천시 삼작로256번길 53-3 (도당동),0,,,1,2015.0,,,,,,,,,,,,,,,,,,,,0
동백고등학교,경기,고,공립,남여공학,경기도 용인시 기흥구 동백7로 61 . 동백고등학교 (동백동),0,,,0,,,,,,,,,,,,,,,,,,,,,0
돌마고등학교,경기,고,공립,남여공학,경기도 성남시 분당구 이매로 105 (이매동. 돌마고등학교),1,2023.0,정보교육실 구축교,0,,,,,,,,,,,,,,,,,,,,,0
동안고등학교,경기,고,공립,남여공학,경기도 안양시 동안구 부림로 71 (평촌동.동안고등학교),0,,,0,,,,,,,,,,,,,,,,,,,,,0
동탄고등학교,경기,고,공립,남여공학,경기도 화성시 동탄공원로1길 26-7 (반송동. 동탄고등학교),0,,,0,,,,,,,,,,,,,,,,,,,,,0
매탄고등학교,경기,고,공립,남여공학,경기도 수원시 영통구 매탄로126번길 11 . 매탄고등학교 (매탄동. 매탄고등학교),0,,,0,,,,,,,,,,,,,,,,,,,,,0
무원고등학교,경기,고,공립,남여공학,경기도 고양시 덕양구 화신로 65 (행신동),0,,,0,,,,,,,,,,,,,,,,,,,,,0
문산고등학교,경기,고,공립,남여공학,경기도 파주시 문산읍 당동1로 22 . 문산고등학교 (문산읍),0,,,0,,,,,,,,,,,,,,,,,,,,,0
반송고등학교,경기,고,공립,남여공학,경기도 화성시 동탄반석로 21 (반송동),0,,,0,,,,,,,,,,,,,,,,,,,,,0
범박고등학교,경기,고,공립,남여공학,경기도 부천시 소사구 범박로 27-1 . 범박고등학교 (범박동),1,2023.0,교육활동 모델교,0,,,,,,,,,,,,,,,,,,,,,0
백마고등학교,경기,고,공립,남여공학,경기도 고양시 일산동구 백석로 155 (백석동.백마고등학교),1,2023.0,교육활동 모델교,1,2017.0,,,,,,,,,,,,,,,,,,,,1
백석고등학교,경기,고,공립,남여공학,경기도 고양시 일산동구 강촌로 115 . 백석고등학교 (마두동. 백석고등학교),0,,,0,,,,,,,,,,,,,,,,,,,,,0
보라고등학교,경기,고,공립,남여공학,경기도 용인시 기흥구 한보라1로43번길 7 (보라동.보라고등학교),0,,,0,,,,,,,,,,,,,,,,,,,,,0
백신고등학교,경기,고,공립,남여공학,경기도 고양시 일산동구 백석로 8 (백석동.백신고등학교),0,,,0,,,,,,,,,,,,,,,,,,,,,0
백양고등학교,경기,고,공립,남여공학,경기도 고양시 덕양구 화신로 199 (행신동. 백양고등학교),0,,,0,,,,,,,,,,,,,,,,,,,,,0
마장고등학교,경기,고,공립,남여공학,경기도 이천시 마장면 마도로 23 . 마장고등학교 (마장면. 마장중고등학교),0,,,1,2020.0,,,,,,,,,,,,,,,,,,,,0
백운고등학교,경기,고,공립,남여공학,경기도 의왕시 내손순환로 136 (내손동),0,,,0,,,,,,,,,,,,,,,,,,,,,0
병점고등학교,경기,고,공립,남여공학,경기도 화성시 병점중앙로 72 (병점동.병점고등학교),0,,,0,,,,,,,,,,,,,,,,,,,,,0
보정고등학교,경기,고,공립,남여공학,경기도 용인시 기흥구 보정로 22 . 보정고등학교 (보정동),0,,,0,,,,,,,,,,,,,,,,,,,,,0
봉일천고등학교,경기,고,공립,남여공학,경기도 파주시 조리읍 소곡로 54 (조리읍),0,,,0,,,,,,,,,,,,,,,,,,,,,0
부명고등학교,경기,고,공립,남여공학,경기도 부천시 석천로 127 . 부명고등학교 (중동. 부명고등학교),0,,,0,,,,,,,,,,,,,,,,,,,,,0
봉담고등학교,경기,고,공립,남여공학,경기도 화성시 봉담읍 상봉길 42 . 봉담고등학교 (봉담읍),1,2023.0,교육활동 모델교,1,2019.0,,,,,,,,,,,,,,,,,,,,1
양주고등학교,경기,고,공립,남여공학,경기도 양주시 삼숭로38번길 78-52 (삼숭동. 양주고등학교),0,,,0,,,,,,,,,,,,,,,,,,,,,0
상동고등학교,경기,고,공립,남여공학,경기도 부천시 원미구 상이로 22 (상동. 상동고등학교),0,,,0,,,,,,,,,,,,,,,,,,,,,0
부천고등학교,경기,고,공립,남자,경기도 부천시 경인로92번길 70 (송내동. 부천고등학교),0,,,1,2020.0,,,,,,,,,,,,,,,,,,,,0
부천북고등학교,경기,고,공립,남여공학,경기도 부천시 삼작로256번길 40 . 부천북고등학교 (도당동),0,,,0,,,,,,,,,,,,,,,,,,,,,0
부천여자고등학교,경기,고,공립,여자,경기도 부천시 원미구 석천로16번길 37 (상동),0,,,0,,,,,,,,,,,,,,,,,,,,,0
부흥고등학교,경기,고,공립,남여공학,경기도 안양시 동안구 달안로 15 (비산동. 부흥고등학교),1,2023.0,교육활동 모델교,0,,,,,,,,,,,,,,,,,,,,,0
분당고등학교,경기,고,공립,남여공학,경기도 성남시 분당구 내정로165번길 31 .분당고등학교 (수내동. 분당고등학교),0,,,0,,,,,,,,,,,,,,,,,,,,,0
분당중앙고등학교,경기,고,공립,남여공학,경기도 성남시 분당구 불정로 174 . 분당중앙고등학교 (정자동),0,,,0,,,,,,,,,,,,,,,,,,,,,0
불곡고등학교,경기,고,공립,남여공학,경기도 성남시 분당구 금곡로 149 (구미동. 불곡고등학교),0,,,1,2020.0,,,,,,,,,,,,,,,,,,,,0
사우고등학교,경기,고,공립,남여공학,경기도 김포시 김포대로 824 . 사우고등학교 (사우동. 사우고등학교),0,,,0,,,,,,,,,,,,,,,,,,,,,0
상원고등학교,경기,고,공립,남여공학,경기도 부천시 원미구 상동로 10 . 상원고등학교 (상동),0,,,1,2020.0,,,,,,,,,,,,,,,,,,,,0
산본고등학교,경기,고,공립,남여공학,경기도 군포시 산본로 451-12 (산본동),0,,,0,,,,,,,,,,,,,,,,,,,,,0
상일고등학교,경기,고,공립,남여공학,경기도 부천시 부흥로 13 (상동),0,,,0,,,,,,,,,,,,,,,,,,,,,0
서원고등학교,경기,고,공립,남여공학,경기도 용인시 수지구 상현로42번길 26-7 . 서원고등학교 (상현동. 서원고등학교),1,2023.0,교육활동 모델교,1,2020.0,,,,,,,,,,,,,,,,,,,,1
역곡고등학교,경기,고,공립,남여공학,경기도 부천시 원미구 안곡로 322 (역곡동),0,,,0,,,,,,,,,,,,,,,,,,,,,0
운양고등학교,경기,고,공립,남여공학,경기도 김포시 김포한강11로 58 (운양동. 운양고등학교),0,,,0,,,,,,,,,,,,,,,,,,,,,0
서현고등학교,경기,고,공립,남여공학,경기도 성남시 분당구 분당로 87 . 서현고등학교 (서현동),0,,,0,,,,,,,,,,,,,,,,,,,,,0
서해고등학교,경기,고,공립,남여공학,경기도 시흥시 정왕신길로 13 (정왕동. 서해고등학교),0,,,0,,,,,,,,,,,,,,,,,,,,,0
선부고등학교,경기,고,공립,남여공학,경기도 안산시 단원구 지곡로 138 . 선부고등학교 (선부동),0,,,0,,,,,,,,,,,,,,,,,,,,,0
설악고등학교,경기,고,공립,남여공학,경기도 가평군 설악면 한양부로 21-1 (설악면. 설악중고등학교),0,,,0,,,,,,,,,,,,,,,,,,,,,0
소래고등학교,경기,고,공립,남여공학,경기도 시흥시 수인로3287번길 26 . 소래고등학교 (은행동),0,,,0,,,,,,,,,,,,,,,,,,,,,0
성남고등학교,경기,고,공립,남자,경기도 성남시 중원구 시민로 61 (성남동),0,,,0,,,,,,,,,,,,,,,,,,,,,0
성사고등학교,경기,고,공립,남여공학,경기도 고양시 덕양구 호국로 869 . 성사고등학교 (성사동),0,,,1,2016.0,,,,,,,,,,,,,,,,,,,,0
성지고등학교,경기,고,공립,남여공학,경기도 용인시 기흥구 갈곡로12번길 13 (구갈동),0,,,1,2019.0,,,,,,,,,,,,,,,,,,,,0
성남여자고등학교,경기,고,공립,여자,경기도 성남시 중원구 원터로94번길 6 (성남동),0,,,0,,,,,,,,,,,,,,,,,,,,,0
성안고등학교,경기,고,공립,남여공학,경기도 안산시 상록구 용신로 170 (사동.성안고등학교),1,2023.0,교육활동 모델교,0,,,,,,,,,,,,,,,,,,,,,0
성호고등학교,경기,고,공립,남여공학,경기도 오산시 동부대로436번길 46 (원동.성호고등학교),0,,,0,,,,,,,,,,,,,,,,,,,,,0
송내고등학교,경기,고,공립,남여공학,경기도 부천시 서촌로20번길 13 (송내동),0,,,0,,,,,,,,,,,,,,,,,,,,,0
소사고등학교,경기,고,공립,남여공학,경기도 부천시 소사로78번길 22 (소사본동),0,,,0,,,,,,,,,,,,,,,,,,,,,0
소하고등학교,경기,고,공립,남여공학,경기도 광명시 소하일로 21 . 소하고등학교 (소하동.소하고등학교),0,,,0,,,,,,,,,,,,,,,,,,,,,0
수내고등학교,경기,고,공립,남여공학,경기도 성남시 분당구 발이봉북로 15 . 수내고등학교 (수내동),0,,,0,,,,,,,,,,,,,,,,,,,,,0
수리고등학교,경기,고,공립,남여공학,경기도 군포시 수리산로 39 (산본동. 수리고등학교),0,,,0,,,,,,,,,,,,,,,,,,,,,0
수성고등학교,경기,고,공립,남자,경기도 수원시 장안구 장안로90번길 39 (정자동. 수성고등학교),1,2023.0,교육활동 모델교,0,,,,,,,,,,,,,,,,,,,,,0
지평고등학교,경기,고,공립,남여공학,경기도 양평군 지평면 지평로 418 . 지평고등학교 (지평면.지평고등학교),1,2023.0,교육활동 모델교,0,,,,,,,,,,,,,,,,,,,,,0
수택고등학교,경기,고,공립,남여공학,경기도 구리시 검배로 145 . 수택고등학교 (수택동),0,,,0,,,,,,,,,,,,,,,,,,,,,0
수주고등학교,경기,고,공립,남여공학,경기도 부천시 역곡로 531 (고강동. 수주고등학교),1,2023.0,정보교육실 구축교,0,,,,,,,,,,,,,,,,,,,,,0
수원여자고등학교,경기,고,공립,여자,경기도 수원시 팔달구 고등로59번길 72 . 수원여자고등학교 (고등동),0,,,0,,,,,,,,,,,,,,,,,,,,,0
수일고등학교,경기,고,공립,남여공학,경기도 수원시 장안구 수일로233번길 59 (조원동),1,2023.0,교육활동 모델교,1,2020.0,,,,,,,,,,,,,,,,,,,,1
수지고등학교,경기,고,공립,남여공학,경기도 용인시 수지구 수풍로 73 (풍덕천동),0,,,1,2016.0,,,,,,,,,,,,,,,,,,,,0
숙지고등학교,경기,고,공립,남여공학,경기도 수원시 팔달구 수성로182번길 100 (화서동.숙지고등학교),0,,,0,,,,,,,,,,,,,,,,,,,,,0
심원고등학교,경기,고,공립,남여공학,경기도 부천시 계남로 284 (중동. 심원고등학교),0,,,0,,,,,,,,,,,,,,,,,,,,,0
시흥고등학교,경기,고,공립,남여공학,경기도 시흥시 상직길 25 . 시흥고등학교 (하상동),0,,,0,,,,,,,,,,,,,,,,,,,,,0
신장고등학교,경기,고,공립,남여공학,경기도 하남시 신장동로 19 . 신장고등학교 (신장동),0,,,0,,,,,,,,,,,,,,,,,,,,,0
안곡고등학교,경기,고,공립,남여공학,경기도 고양시 일산동구 하늘마을로 75 (중산동. 안곡고등학교),0,,,0,,,,,,,,,,,,,,,,,,,,,0
안성고등학교,경기,고,공립,남자,경기도 안성시 금산길 57 . 안성고등학교 (금산동),0,,,0,,,,,,,,,,,,,,,,,,,,,0
시흥능곡고등학교,경기,고,공립,남여공학,경기도 시흥시 승지로 107 . 시흥능곡고등학교 (능곡동. 시흥능곡고등학교),0,,,0,,,,,,,,,,,,,,,,,,,,,0
시흥매화고등학교,경기,고,공립,남여공학,경기도 시흥시 매화로 35 (매화동. 시흥매화고등학교),0,,,0,,,,,,,,,,,,,,,,,,,,,0
신길고등학교,경기,고,공립,남여공학,경기도 안산시 단원구 신길로 45 . 신길고등학교 (신길동),0,,,1,2016.0,,,,,,,,,,,,,,,,,,,,0
안성여자고등학교,경기,고,공립,여자,경기도 안성시 남파로 73-10 (신소현동),0,,,0,,,,,,,,,,,,,,,,,,,,,0
안양고등학교,경기,고,공립,남여공학,경기도 안양시 만안구 삼봉로 46 . 안양고등학교 (박달동),0,,,0,,,,,,,,,,,,,,,,,,,,,0
안화고등학교,경기,고,공립,남여공학,경기도 화성시 병점3로 132-19 (병점동),0,,,0,,,,,,,,,,,,,,,,,,,,,0
양주백석고등학교,경기,고,공립,남여공학,경기도 양주시 백석읍 꿈나무로 205 (백석읍),1,2023.0,교육활동 모델교,1,2019.0,,,,,,,,,,,,,,,,,,,,1
양지고등학교,경기,고,공립,남여공학,경기도 안산시 단원구 화정천동로 50 (고잔동.양지고등학교),0,,,1,2018.0,,,,,,,,,,,,,,,,,,,,0
송우고등학교,경기,고,공립,남여공학,경기도 포천시 소흘읍 태봉로 125 (소흘읍.송우고교),0,,,0,,,,,,,,,,,,,,,,,,,,,0
세종고등학교,경기,고,공립,남여공학,경기도 여주시 청심로 221 (상동. 세종고등학교),0,,,0,,,,,,,,,,,,,,,,,,,,,0
예당고등학교,경기,고,공립,남여공학,경기도 화성시 삼성1로 47 (석우동. 예당고등학교),0,,,0,,,,,,,,,,,,,,,,,,,,,0
영덕고등학교,경기,고,공립,남여공학,경기도 수원시 영통구 매영로 334 (영통동.영덕고등학교),0,,,0,,,,,,,,,,,,,,,,,,,,,0
와부고등학교,경기,고,공립,남여공학,경기도 남양주시 와부읍 수레로 127-20 . 임의로수정 (와부읍),0,,,0,,,,,,,,,,,,,,,,,,,,,0
용인고등학교,경기,고,공립,남여공학,경기도 용인시 처인구 금학로253번길 20-21 (역북동. 용인고등학교),0,,,0,,,,,,,,,,,,,,,,,,,,,0
용인백현고등학교,경기,고,공립,남여공학,경기도 용인시 기흥구 동백7로 112 . 용인백현고등학교 (동백동),0,,,1,2018.0,,,,,,,,,,,,,,,,,,,,0
용호고등학교,경기,고,공립,남여공학,경기도 군포시 용호2로 10 (당동. 용호고등학교),0,,,0,,,,,,,,,,,,,,,,,,,,,0
운암고등학교,경기,고,공립,남여공학,경기도 오산시 운천로 12 (원동. 운암고등학교),0,,,0,,,,,,,,,,,,,,,,,,,,,0
운천고등학교,경기,고,공립,남여공학,경기도 오산시 운천로 193 (부산동.운천고등학교),0,,,0,,,,,,,,,,,,,,,,,,,,,0
원곡고등학교,경기,고,공립,남여공학,경기도 안산시 단원구 화랑로 15 (원곡동. 원곡고등학교),0,,,0,,,,,,,,,,,,,,,,,,,,,0
원미고등학교,경기,고,공립,남여공학,경기도 부천시 원미구 옥산로 48 (중동.원미고등학교),0,,,0,,,,,,,,,,,,,,,,,,,,,0
원종고등학교,경기,고,공립,남여공학,경기도 부천시 소사로 807번길 68 (원종동.원종고등학교),0,,,0,,,,,,,,,,,,,,,,,,,,,0
은행고등학교,경기,고,공립,남여공학,경기도 시흥시 은행고길 85 (은행동.은행고등학교),0,,,1,2017.0,,,,,,,,,,,,,,,,,,,,0
의정부고등학교,경기,고,공립,남자,경기도 의정부시 녹양로 29 . 의정부고등학교 (가능동),0,,,0,,,,,,,,,,,,,,,,,,,,,0
의정부여자고등학교,경기,고,공립,여자,경기도 의정부시 신흥로365번길 10 (가능동. 의정부여자고등학교),0,,,0,,,,,,,,,,,,,,,,,,,,,0
부용고등학교,경기,고,공립,남여공학,경기도 의정부시 오목로 96 . 부용고등학교 (민락동),0,,,1,2018.0,,,,,,,,,,,,,,,,,,,,0
율면고등학교,경기,고,공립,남여공학,경기도 이천시 율면 고당로 48 (율면),0,,,0,,,,,,,,,,,,,,,,,,,,,0
갈매고등학교,경기,고,공립,남여공학,경기도 구리시 갈매순환로 75 . 갈매고등학교 (갈매동),0,,,0,,,,,,,,,,,,,,,,,,,,,0
이매고등학교,경기,고,공립,남여공학,경기도 성남시 분당구 탄천로 1 . 이매고등학교 (이매동),1,2023.0,교육활동 모델교,1,2019.0,,,,,,,,,,,,,,,,,,,,1
상현고등학교,경기,고,공립,남여공학,경기도 용인시 수지구 법조로 222 (상현동),0,,,0,,,,,,,,,,,,,,,,,,,,,0
이천고등학교,경기,고,공립,남자,경기도 이천시 아리역로16번길 1 . 이천고등학교 (증포동),0,,,0,,,,,,,,,,,,,,,,,,,,,0
상록고등학교,경기,고,공립,남여공학,경기도 안산시 상록구 반석로4길 34 (본오동. 상록고등학교),0,,,0,,,,,,,,,,,,,,,,,,,,,0
오남고등학교,경기,고,공립,남여공학,경기도 남양주시 오남읍 진건오남로 784-27 . 오남고등학교 (오남읍),0,,,0,,,,,,,,,,,,,,,,,,,,,0
이포고등학교,경기,고,공립,남여공학,경기도 여주시 흥천면 이여로 1075 . 이포고등학교 (흥천면. 이포중고등학교),0,,,0,,,,,,,,,,,,,,,,,,,,,0
인덕원고등학교,경기,고,공립,남여공학,경기도 안양시 동안구 안양판교로 43 (관양동.인덕원고등학교),0,,,0,,,,,,,,,,,,,,,,,,,,,0
인창고등학교,경기,고,공립,남여공학,경기도 구리시 왕숙천로 339 (인창동. 인창고등학교),0,,,0,,,,,,,,,,,,,,,,,,,,,0
일산동고등학교,경기,고,공립,남여공학,경기도 고양시 일산서구 탄현로 100 . 탄현로100 (탄현동. 일산동고등학교),0,,,0,,,,,,,,,,,,,,,,,,,,,0
장곡고등학교,경기,고,공립,남여공학,경기도 시흥시 장곡로70번길 8 (장곡동. 장곡고등학교),0,,,0,,,,,,,,,,,,,,,,,,,,,0
장안고등학교,경기,고,공립,남여공학,경기도 수원시 장안구 대평로52번길 12 (정자동.장안고등학교),0,,,0,,,,,,,,,,,,,,,,,,,,,0
의왕고등학교,경기,고,공립,남여공학,경기도 의왕시 덕영대로 115 (삼동.의왕고등학교),0,,,0,,,,,,,,,,,,,,,,,,,,,0
이충고등학교,경기,고,공립,남여공학,경기도 평택시 이충로35번길 50 (이충동.이충고등학교),0,,,0,,,,,,,,,,,,,,,,,,,,,0
저동고등학교,경기,고,공립,남여공학,경기도 고양시 일산동구 무궁화로 165 . 저동고등학교 (정발산동),0,,,1,2018.0,,,,,,,,,,,,,,,,,,,,0
정발고등학교,경기,고,공립,남여공학,경기도 고양시 일산동구 정발산로 185 . 정발고등학교 (마두동),0,,,1,2016.0,,,,,,,,,,,,,,,,,,,,0
정왕고등학교,경기,고,공립,남여공학,경기도 시흥시 정왕대로118번길 13 (정왕동. 정왕고등학교),0,,,0,,,,,,,,,,,,,,,,,,,,,0
주엽고등학교,경기,고,공립,남여공학,경기도 고양시 일산서구 킨텍스로 341 (대화동),0,,,1,2019.0,,,,,,,,,,,,,,,,,,,,0
죽전고등학교,경기,고,공립,남여공학,경기도 용인시 수지구 용구대로2771번길 23 . 죽전고등학교 (죽전동),0,,,0,,,,,,,,,,,,,,,,,,,,,0
조원고등학교,경기,고,공립,남여공학,경기도 수원시 장안구 수일로233번길 15 . 조원고등학교 (조원동),0,,,0,,,,,,,,,,,,,,,,,,,,,0
중산고등학교,경기,고,공립,남여공학,경기도 고양시 일산동구 중산로 290 . 중산고등학교 (중산동. 중산고등학교),0,,,1,2020.0,,,,,,,,,,,,,,,,,,,,0
중원고등학교,경기,고,공립,남여공학,경기도 부천시 도약로 111 (중동. 중원고등학교),1,2023.0,교육활동 모델교,0,,,,,,,,,,,,,,,,,,,,,0
중흥고등학교,경기,고,공립,남여공학,경기도 부천시 계남로 171 . 중흥고등학교 (중동),0,,,0,,,,,,,,,,,,,,,,,,,,,0
진건고등학교,경기,고,공립,남여공학,경기도 남양주시 진건읍 진건오남로 369-1 (진건읍.진건고등학교),1,2023.0,교육활동 모델교,0,,,,,,,,,,,,,,,,,,,,,0
천천고등학교,경기,고,공립,남여공학,경기도 수원시 장안구 정자로42번길 31 (천천동.천천고등학교),0,,,0,,,,,,,,,,,,,,,,,,,,,0
청명고등학교,경기,고,공립,남여공학,경기도 수원시 영통구 영통로 466 (영통동),0,,,0,,,,,,,,,,,,,,,,,,,,,0
청덕고등학교,경기,고,공립,남여공학,경기도 용인시 기흥구 구성1로 21 . 청덕고등학교 (청덕동),0,,,0,,,,,,,,,,,,,,,,,,,,,0
청운고등학교,경기,고,공립,남여공학,경기도 양평군 청운면 청운로 28 (청운면.청운중고등학교),0,,,0,,,,,,,,,,,,,,,,,,,,,0
청학고등학교,경기,고,공립,남여공학,경기도 남양주시 별내면 청학로68번길 47 (별내면. 청학고등학교),0,,,0,,,,,,,,,,,,,,,,,,,,,0
초지고등학교,경기,고,공립,남여공학,경기도 안산시 단원구 광덕1로 13 (초지동.초지고등학교),0,,,0,,,,,,,,,,,,,,,,,,,,,0
초당고등학교,경기,고,공립,남여공학,경기도 용인시 기흥구 동백중앙로 21 (중동. 초당고등학교),0,,,0,,,,,,,,,,,,,,,,,,,,,0
충현고등학교,경기,고,공립,남여공학,경기도 광명시 오리로348번길 62 . 충현고등학교 (소하동.충현고등학교),0,,,0,,,,,,,,,,,,,,,,,,,,,0
충훈고등학교,경기,고,공립,남여공학,경기도 안양시 만안구 석수로 238 (석수동),0,,,0,,,,,,,,,,,,,,,,,,,,,0
태장고등학교,경기,고,공립,남여공학,경기도 수원시 영통구 영통로 250 . 태장고등학교 (영통동),0,,,0,,,,,,,,,,,,,,,,,,,,,0
토평고등학교,경기,고,공립,남여공학,경기도 구리시 장자대로111번길 41 (토평동.토평고등학교),1,2023.0,정보교육실 구축교,1,2019.0,,,,,,,,,,,,,,,,,,,,1
퇴계원고등학교,경기,고,공립,남여공학,경기도 남양주시 퇴계원면 퇴계원로 149,0,,,0,,,,,,,,,,,,,,,,,,,,,0
평내고등학교,경기,고,공립,남여공학,경기도 남양주시 평내로 57 (평내동. 평내고등학교),0,,,1,2019.0,,,,,,,,,,,,,,,,,,,,0
창의고등학교,경기,고,공립,남여공학,경기도 화성시 동탄신리천로1길 66 . 창의고등학교 (동탄면),0,,,0,,,,,,,,,,,,,,,,,,,,,0
평촌고등학교,경기,고,공립,남여공학,경기도 안양시 동안구 동안로 80 (호계동. 평촌고등학교),0,,,0,,,,,,,,,,,,,,,,,,,,,0
태광고등학교,경기,고,사립,남여공학,경기도 평택시 탄현1로 155 . 태광고등학교 (신장동),0,,,0,,,,,,,,,,,,,,,,,,,,,0
점동고등학교,경기,고,공립,남여공학,경기도 여주시 점동면 청안로 152 (점동면),0,,,0,,,,,,,,,,,,,,,,,,,,,0
비전고등학교,경기,고,공립,남여공학,경기도 평택시 비전3로 12 비전동,0,,,0,,,,,,,,,,,,,,,,,,,,,0
평택고등학교,경기,고,공립,남자,경기도 평택시 중앙로 246 . 평택고등학교 (합정동),0,,,0,,,,,,,,,,,,,,,,,,,,,0
포곡고등학교,경기,고,공립,남여공학,경기도 용인시 처인구 포곡읍 포곡로210번길 26 . 포곡고등학교 (포곡읍),0,,,0,,,,,,,,,,,,,,,,,,,,,0
포천고등학교,경기,고,공립,남여공학,경기도 포천시 원모루로 40 . 포천고등학교 (신읍동),0,,,0,,,,,,,,,,,,,,,,,,,,,0
함현고등학교,경기,고,공립,남여공학,경기도 시흥시 역전로 463 . (정왕동.함현고등학교) (정왕동),0,,,0,,,,,,,,,,,,,,,,,,,,,0
행신고등학교,경기,고,공립,남여공학,경기도 고양시 덕양구 소만로 36 . 행신고등학교 (행신동),0,,,0,,,,,,,,,,,,,,,,,,,,,0
한솔고등학교,경기,고,공립,남여공학,경기도 성남시 분당구 내정로 70 (정자동),0,,,0,,,,,,,,,,,,,,,,,,,,,0
화수고등학교,경기,고,공립,남여공학,경기도 고양시 덕양구 화수로 51 (화정동),0,,,0,,,,,,,,,,,,,,,,,,,,,0
화정고등학교,경기,고,공립,남여공학,경기도 고양시 덕양구 화정로 17 .화정고등학교 (화정동),0,,,0,,,,,,,,,,,,,,,,,,,,,0
화홍고등학교,경기,고,공립,남여공학,경기도 수원시 권선구 세권로 331 (권선동. 화홍고등학교),1,2023.0,정보교육실 구축교,0,,,,,,,,,,,,,,,,,,,,,0
효원고등학교,경기,고,공립,남여공학,경기도 수원시 영통구 동수원로 336 . 효원고등학교 (매탄동),0,,,0,,,,,,,,,,,,,,,,,,,,,0
청평고등학교,경기,고,공립,남여공학,경기도 가평군 청평면 강변나루로40번길 23 . 청평고등학교 (청평면),0,,,0,,,,,,,,,,,,,,,,,,,,,0
흥진고등학교,경기,고,공립,남여공학,경기도 군포시 오금로 15-17 (금정동.흥진고등학교),0,,,0,,,,,,,,,,,,,,,,,,,,,0
성포고등학교,경기,고,공립,남여공학,경기도 안산시 상록구 충장로 538 (성포동),0,,,0,,,,,,,,,,,,,,,,,,,,,0
송탄고등학교,경기,고,공립,남여공학,경기도 평택시 정암로 142 . 송탄고등학교 (이충동),0,,,0,,,,,,,,,,,,,,,,,,,,,0
송호고등학교,경기,고,공립,남여공학,경기도 안산시 상록구 광덕3로 296 . 송호고등학교 (이동),0,,,0,,,,,,,,,,,,,,,,,,,,,0
송현고등학교,경기,고,공립,남여공학,경기도 의정부시 용민로 159 (민락동),0,,,1,2020.0,,,,,,,,,,,,,,,,,,,,0
향남고등학교,경기,고,공립,남여공학,경기도 화성시 향남읍 행정동로 49 (향남읍),0,,,0,,,,,,,,,,,,,,,,,,,,,0
풍덕고등학교,경기,고,공립,남여공학,경기도 용인시 수지구 정평로13번길 5 . 풍덕고등학교 (풍덕천동),0,,,0,,,,,,,,,,,,,,,,,,,,,0
풍동고등학교,경기,고,공립,남여공학,경기도 고양시 일산동구 숲속마을로 119 (풍동.풍동고등학교),0,,,1,2020.0,,,,,,,,,,,,,,,,,,,,0
풍무고등학교,경기,고,공립,남여공학,경기도 김포시 풍무로93번길 53 (풍무동. 풍무고등학교),0,,,0,,,,,,,,,,,,,,,,,,,,,0
현화고등학교,경기,고,공립,남여공학,경기도 평택시 안중읍 안현로서8길 65 . 현화고등학교 (안중읍),1,2023.0,교육활동 모델교,0,,,,,,,,,,,,,,,,,,,,,0
현암고등학교,경기,고,공립,남여공학,경기도 용인시 수지구 디지털벨리로 17 . 현암고등학교 (죽전동),0,,,0,,,,,,,,,,,,,,,,,,,,,0
호평고등학교,경기,고,공립,남여공학,경기도 남양주시 호평로 109 (호평동. 호평고등학교),0,,,1,2019.0,,,,,,,,,,,,,,,,,,,,0
호원고등학교,경기,고,공립,남여공학,경기도 의정부시 망월로 56 (호원동),0,,,0,,,,,,,,,,,,,,,,,,,,,0
홍천고등학교,경기,고,공립,남여공학,경기도 용인시 수지구 수지로227번길 (신봉동)22,0,,,1,2020.0,,,,,,,,,,,,,,,,,,,,0
효양고등학교,경기,고,공립,남여공학,경기도 이천시 부발읍 대산로 545번길 55 . 효양고등학교 (부발읍),0,,,0,,,,,,,,,,,,,,,,,,,,,0
효자고등학교,경기,고,공립,남여공학,경기도 의정부시 부용로 165 . 효자고등학교 (신곡동),0,,,0,,,,,,,,,,,,,,,,,,,,,0
경민고등학교,경기,고,사립,남여공학,경기도 의정부시 서부로 545 (가능동.경민고등학교),1,2023.0,정보교육실 구축교,0,,,,,,,,,,,,,,,,,,,,,0
경화여자고등학교,경기,고,사립,여자,경기도 광주시 수하길11번길 43 (송정동.경화여자고등학교),1,2023.0,교육활동 모델교,1,2020.0,,,,,,,,,,,,,,,,,,,,1
경안고등학교,경기,고,사립,남여공학,경기도 안산시 단원구 당곡로 93 . 경안고등학교 (고잔동),0,,,0,,,,,,,,,,,,,,,,,,,,,0
과천여자고등학교,경기,고,사립,여자,경기도 과천시 희망길 36 . 과천여자고등학교 (중앙동),0,,,0,,,,,,,,,,,,,,,,,,,,,0
대화고등학교,경기,고,공립,남여공학,경기도 고양시 일산서구 대화로 100 (대화동),0,,,0,,,,,,,,,,,,,,,,,,,,,0
백송고등학교,경기,고,사립,남여공학,경기도 고양시 일산서구 덕이로172번길 4-39 . 백송고등학교 (덕이동),0,,,0,,,,,,,,,,,,,,,,,,,,,0
의정부광동고등학교,경기,고,사립,남여공학,경기도 의정부시 서부로 691 (가능동.의정부광동고등학교),0,,,0,,,,,,,,,,,,,,,,,,,,,0
부곡고등학교,경기,고,공립,남여공학,경기도 안산시 상록구 시낭로 78 (부곡동),0,,,0,,,,,,,,,,,,,,,,,,,,,0
군포고등학교,경기,고,사립,남여공학,경기도 군포시 오금로 118 . 군포고등학교 (금정동),0,,,1,2020.0,,,,,,,,,,,,,,,,,,,,0
낙생고등학교,경기,고,사립,남여공학,경기도 성남시 분당구 대왕판교로 477 (판교동),0,,,0,,,,,,,,,,,,,,,,,,,,,0
대신고등학교,경기,고,사립,남여공학,경기도 여주시 대신면 여양로 1196 . 대신고등학교 (대신면),0,,,0,,,,,,,,,,,,,,,,,,,,,0
덕소고등학교,경기,고,사립,남여공학,경기도 남양주시 와부읍 덕소로 194 (와부읍. 덕소고등학교),0,,,0,,,,,,,,,,,,,,,,,,,,,0
판곡고등학교,경기,고,공립,남여공학,경기도 남양주시 늘을1로 127 (호평동),0,,,0,,,,,,,,,,,,,,,,,,,,,0
동남고등학교,경기,고,사립,남여공학,경기도 포천시 소흘읍 솔모루로3번길 69 (소흘읍.동남중고등학교),0,,,0,,,,,,,,,,,,,,,,,,,,,0
동두천고등학교,경기,고,사립,남여공학,경기도 동두천시 평화로2434번길 8 (생연동. 동두천고등학교),0,,,0,,,,,,,,,,,,,,,,,,,,,0
동우여자고등학교,경기,고,사립,여자,경기도 수원시 장안구 장안로 426-1 . 동우여자고등학교 (이목동),0,,,0,,,,,,,,,,,,,,,,,,,,,0
동원고등학교,경기,고,사립,남자,경기도 수원시 장안구 장안로 426-1 . 동원고등학교 (이목동),1,2023.0,교육활동 모델교,1,2020.0,,,,,,,,,,,,,,,,,,,,1
장기고등학교,경기,고,공립,남여공학,경기 김포시 한강2로 131 (장기동.장기고등학교),1,2023.0,정보교육실 구축교,0,,,,,,,,,,,,,,,,,,,,,0
동화고등학교,경기,고,사립,남여공학,경기도 남양주시 경춘로 434 . 동화고등학교 (다산동),0,,,0,,,,,,,,,,,,,,,,,,,,,0
두레자연고등학교,경기,고,사립,남여공학,경기도 화성시 우정읍 두레길 42 . 두레자연고등학교 (우정읍),0,,,0,,,,,,,,,,,,,,,,,,,,,0
백영고등학교,경기,고,사립,남여공학,경기도 안양시 동안구 관평로 94 (평촌동),0,,,0,,,,,,,,,,,,,,,,,,,,,0
분당대진고등학교,경기,고,사립,남여공학,경기도 성남시 분당구 분당로 271 . 분당대진고등학교  (분당동),1,2023.0,교육활동 모델교,0,,,,,,,,,,,,,,,,,,,,,0
곡정고등학교,경기,고,공립,남여공학,경기도 수원시 권선구 덕영대로 1190번길 130 . 임의로 수정 (권선동. 곡정고등학교),1,2023.0,교육활동 모델교,0,,,,,,,,,,,,,,,,,,,,,0
한백고등학교,경기,고,공립,남여공학,경기도 화성시 동탄순환대로26길 21 (영천동),0,,,0,,,,,,,,,,,,,,,,,,,,,0
삼광고등학교,경기,고,사립,남여공학,경기도 파주시 적성면 청송로 701 (삼광고등학교),0,,,0,,,,,,,,,,,,,,,,,,,,,0
상우고등학교,경기,고,사립,남여공학,경기도 의정부시 범골로 79 (의정부동. 상우고등학교),0,,,0,,,,,,,,,,,,,,,,,,,,,0
삼괴고등학교,경기,고,사립,남여공학,경기도 화성시 우정읍 장안로 35 (우정읍. 삼괴고등학교),0,,,0,,,,,,,,,,,,,,,,,,,,,0
서울삼육고등학교,경기,고,사립,남여공학,경기도 구리시 아차산로487번길 70 (교문동),0,,,0,,,,,,,,,,,,,,,,,,,,,0
성문고등학교,경기,고,사립,남여공학,경기도 안양시 만안구 성결대학로64번길 9 . 성문고등학교 (안양동),0,,,0,,,,,,,,,,,,,,,,,,,,,0
성일고등학교,경기,고,사립,남자,경기도 성남시 중원구 시민로77번길 10 (성남동),1,2023.0,교육활동 모델교,1,2018.0,,,,,,,,,,,,,,,,,,,,1
동광고등학교,경기,고,사립,남여공학,경기도 성남시 중원구 원터로 84 (성남동.동광고등학교),0,,,0,,,,,,,,,,,,,,,,,,,,,0
세원고등학교,경기,고,사립,남여공학,경기도 고양시 일산동구 숲속마을로 202 . 세원고등학교 (풍동 195),0,,,0,,,,,,,,,,,,,,,,,,,,,0
소명여자고등학교,경기,고,사립,여자,경기도 부천시 원미구 부일로 571번길 . 84,1,2023.0,교육활동 모델교,1,2020.0,,,,,,,,,,,,,,,,,,,,1
송림고등학교,경기,고,사립,남여공학,경기도 성남시 분당구 이매로 100 (이매동),0,,,0,,,,,,,,,,,,,,,,,,,,,0
라온고등학교,경기,고,사립,남여공학,경기도 평택시 경기대로1376번길 38-6 . 라온고등학교 (서정동),0,,,0,,,,,,,,,,,,,,,,,,,,,0
운정고등학교,경기,고,공립,남여공학,경기도 파주시 와석순환로 267 (목동동. 운정고등학교),0,,,0,,,,,,,,,,,,,,,,,,,,,0
수원고등학교,경기,고,사립,남자,경기도 수원시 팔달구 정조로 666-10 (매교동),0,,,0,,,,,,,,,,,,,,,,,,,,,0
송산고등학교,경기,고,사립,남여공학,경기도 화성시 송산면 송산포도로 102-21 송산고등학교,0,,,0,,,,,,,,,,,,,,,,,,,,,0
숭신여자고등학교,경기,고,사립,여자,경기도 성남시 중원구 황송로77번길 34 (금광동.숭신여자중고교),0,,,1,2018.0,,,,,,,,,,,,,,,,,,,,0
시온고등학교,경기,고,사립,남여공학,경기도 부천시 은성로 172-20 . 시온고등학교 (범박동),0,,,0,,,,,,,,,,,,,,,,,,,,,0
신갈고등학교,경기,고,사립,남여공학,경기도 용인시 기흥구 백남준로 13 . 신갈고등학교 (상갈동),0,,,0,,,,,,,,,,,,,,,,,,,,,0
솔터고등학교,경기,고,공립,남여공학,경기도 김포시 김포한강7로22번길 109 (마산동.솔터고등학교),0,,,0,,,,,,,,,,,,,,,,,,,,,0
심석고등학교,경기,고,사립,남여공학,경기도 남양주시 화도읍 마석로 62 . 심석고등학교 (화도읍),0,,,1,2015.0,,,,,,,,,,,,,,,,,,,,0
신성고등학교,경기,고,사립,남여공학,경기도 안양시 만안구 소곡로 93 (안양동.신성중 고등학교),0,,,0,,,,,,,,,,,,,,,,,,,,,0
신한고등학교,경기,고,사립,남여공학,경기도 평택시 신한1길 26 (비전동),0,,,0,,,,,,,,,,,,,,,,,,,,,0
신흥고등학교,경기,고,사립,남자,경기도 동두천시 신천로 159 (안흥동),1,2023.0,교육활동 모델교,0,,,,,,,,,,,,,,,,,,,,,0
안법고등학교,경기,고,사립,남여공학,경기도 안성시 명륜길 66 . 안법고등학교 (구포동),0,,,0,,,,,,,,,,,,,,,,,,,,,0
안산동산고등학교,경기,고,사립,남여공학,경기도 안산시 상록구 충장로 56 . 안산동산고등학교 (본오동. 동산고등학교),0,,,0,,,,,,,,,,,,,,,,,,,,,0
안산강서고등학교,경기,고,사립,남여공학,경기도 안산시 단원구 삼일로 367 (와동),1,2023.0,교육활동 모델교,0,,,,,,,,,,,,,,,,,,,,,0
안산고등학교,경기,고,사립,남여공학,경기도 안산시 상록구 청룡4길 8. 안산고등학교(장상동),0,,,0,,,,,,,,,,,,,,,,,,,,,0
안양여자고등학교,경기,고,사립,여자,경기도 안양시 만안구 안양로 357 (안양동),0,,,0,,,,,,,,,,,,,,,,,,,,,0
호매실고등학교,경기,고,공립,남여공학,경기도 수원시 권선구 칠보로 142-1 (호매실동),0,,,0,,,,,,,,,,,,,,,,,,,,,0
야탑고등학교,경기,고,사립,남여공학,경기도 성남시 분당구 판교로 738 (야탑동. 야탑고등학교),0,,,0,,,,,,,,,,,,,,,,,,,,,0
양명고등학교,경기,고,사립,남자,경기도 안양시 만안구 경수대로1001번길 184 . 양명고등학교 (안양동),0,,,0,,,,,,,,,,,,,,,,,,,,,0
양곡고등학교,경기,고,사립,남여공학,경기도 김포시 양촌읍 양곡4로 138 (양촌읍.양곡고등학교),0,,,0,,,,,,,,,,,,,,,,,,,,,0
양명여자고등학교,경기,고,사립,여자,경기도 안양시 만안구 경수대로1001번길 150 (안양동.양명여자고등학교),0,,,0,,,,,,,,,,,,,,,,,,,,,0
여주고등학교,경기,고,사립,남여공학,경기도 여주시 세종로 254-58 . 여주고등학교 (교동),0,,,1,2020.0,,,,,,,,,,,,,,,,,,,,0
양일고등학교,경기,고,사립,남여공학,경기도 양평군 양평읍 관문2길 9 . 양일고등학교 (양평읍),0,,,0,,,,,,,,,,,,,,,,,,,,,0
분당영덕여자고등학교,경기,고,사립,여자,경기도 성남시 분당구 판교로592번길 13 . 분당영덕여자고등학교 (야탑동),0,,,0,,,,,,,,,,,,,,,,,,,,,0
영복여자고등학교,경기,고,사립,여자,경기도 수원시 팔달구 장안로7번길 49-1 (화서동. 영복여자고등학교),0,,,0,,,,,,,,,,,,,,,,,,,,,0
영생고등학교,경기,고,사립,남여공학,경기도 수원시 장안구 서부로2198번길 22 . 영생고등학교 (천천동),0,,,0,,,,,,,,,,,,,,,,,,,,,0
동국대학교사범대학부속영석고등학교,경기,고,사립,남자,경기도 의정부시 시민로 363 . 동국대학교사범대학부속영석고등학교 (용현동),0,,,0,,,,,,,,,,,,,,,,,,,,,0
영신여자고등학교,경기,고,사립,여자,경기도 수원시 권선구 삼천병마로1566번길 30 영신여자고등학교 (오목천동),0,,,0,,,,,,,,,,,,,,,,,,,,,0
오산고등학교,경기,고,사립,남여공학,경기도 오산시 청학로 43 . 오산고등학교 (청학동),0,,,0,,,,,,,,,,,,,,,,,,,,,0
광휘고등학교,경기,고,공립,남여공학,경기도 광명시 서원로 41 . 광휘고등학교 (소하동),0,,,0,,,,,,,,,,,,,,,,,,,,,0
우성고등학교,경기,고,사립,남여공학,경기도 의왕시 오전로 37 (고천동.우성고등학교),0,,,0,,,,,,,,,,,,,,,,,,,,,0
유신고등학교,경기,고,사립,남자,경기도 수원시 팔달구 월드컵로 216 (우만동.유신고등학교),0,,,0,,,,,,,,,,,,,,,,,,,,,0
모락고등학교,경기,고,공립,남여공학,경기도 의왕시 모락로 134 (오전동.모락고등학교),0,,,0,,,,,,,,,,,,,,,,,,,,,0
이천양정여자고등학교,경기,고,사립,여자,경기도 이천시 영창로 119 (관고동.이천양정여자고등학교),0,,,0,,,,,,,,,,,,,,,,,,,,,0
율곡고등학교,경기,고,사립,남여공학,경기도 파주시 법원읍 사임당로 905 . 10 (법원읍),0,,,0,,,,,,,,,,,,,,,,,,,,,0
이우고등학교,경기,고,사립,남여공학,경기도 성남시 분당구 동막로 287 (동원동.이우중고등학교),0,,,0,,,,,,,,,,,,,,,,,,,,,0
일산대진고등학교,경기,고,사립,남여공학,경기도 고양시 일산서구 대산로 246 (대화동. 일산대진고등학교),0,,,1,2015.0,,,,,,,,,,,,,,,,,,,,0
정명고등학교,경기,고,사립,남여공학,경기도 부천시 심곡로 100 . 정명고등학교 (심곡본동. 정명고등학교.정명정보고등학교),0,,,0,,,,,,,,,,,,,,,,,,,,,0
향일고등학교,경기,고,공립,남여공학,경기도 화성시 향남읍 행정중앙2로 28 향일고등학교 (향남읍),0,,,0,,,,,,,,,,,,,,,,,,,,,0
지산고등학교,경기,고,공립,남여공학,경기도 파주시 가람로21번길 27-37 (와동동),0,,,0,,,,,,,,,,,,,,,,,,,,,0
별가람고등학교,경기,고,공립,남여공학,경기도 남양주시 순화궁로 393 (별내동. 별가람고등학교),0,,,0,,,,,,,,,,,,,,,,,,,,,0
진성고등학교,경기,고,사립,남여공학,경기도 광명시 철망산로 84 (하안동.진성고등학교),1,2023.0,교육활동 모델교,1,2015.0,,,,,,,,,,,,,,,,,,,,1
창현고등학교,경기,고,사립,남여공학,경기도 수원시 팔달구 월드컵로 216-2 . 창현고등학교 (우만동),0,,,0,,,,,,,,,,,,,,,,,,,,,0
용인한국외국어대학교부설고등학교,경기,고,사립,남여공학,경기도 용인시 처인구 모현읍 외대로54번길 50 . 용인한국외국어대학교부설고등학교 (모현면),0,,,0,,,,,,,,,,,,,,,,,,,,,0
태성고등학교,경기,고,사립,남자,경기도 용인시 처인구 백옥대로 1059-2 (남동.태성중학교),0,,,0,,,,,,,,,,,,,,,,,,,,,0
미사강변고등학교,경기,고,공립,남여공학,경기도 하남시 미사강변한강로 75 (선동. 미사강변고등학교),0,,,0,,,,,,,,,,,,,,,,,,,,,0
태원고등학교,경기,고,사립,남여공학,경기도 성남시 분당구 성남대로 822 . 태원고등학교 (야탑동),0,,,0,,,,,,,,,,,,,,,,,,,,,0
태전고등학교,경기,고,공립,남여공학,경기도 광주시 태전동로 38 (태전동),1,2023.0,정보교육실 구축교,0,,,,,,,,,,,,,,,,,,,,,0
신봉고등학교,경기,고,공립,남여공학,경기도 용인시 수지구 신봉3로 45 (신봉동. 신봉고등학교),0,,,0,,,,,,,,,,,,,,,,,,,,,0
배곧고등학교,경기,고,공립,남여공학,경기도 시흥시 배곧4로 94-10 (정왕동),0,,,0,,,,,,,,,,,,,,,,,,,,,0
고림고등학교,경기,고,공립,남여공학,경기도 용인시 처인구 고림로165번길 (고림동),0,,,0,,,,,,,,,,,,,,,,,,,,,0
서정고등학교,경기,고,공립,남여공학,경기도 고양시 덕양구 서정마을2로 39 . 서정고등학교 (행신동),0,,,0,,,,,,,,,,,,,,,,,,,,,0
풍생고등학교,경기,고,사립,남자,경기도 성남시 수정구 산성대로 111 (수진동. 풍생고등학교),0,,,1,2020.0,,,,,,,,,,,,,,,,,,,,0
하남고등학교,경기,고,사립,남여공학,경기도 하남시 미사강변남로 39 (망월동),0,,,0,,,,,,,,,,,,,,,,,,,,,0
한광고등학교,경기,고,사립,남자,경기도 평택시 중앙1로 115 . 한광고등학교 (비전동),0,,,0,,,,,,,,,,,,,,,,,,,,,0
한광여자고등학교,경기,고,사립,여자,경기도 평택시 중앙1로 115 . 504 (비전동),0,,,0,,,,,,,,,,,,,,,,,,,,,0
덕이고등학교,경기,고,공립,남여공학,경기도 고양시 일산서구 하이파크1로 64 (덕이동. 덕이고등학교),0,,,1,2016.0,,,,,,,,,,,,,,,,,,,,0
군포중앙고등학교,경기,고,공립,남여공학,경기도 군포시 송부로 239 . 군포중앙고등학교 (부곡동),0,,,0,,,,,,,,,,,,,,,,,,,,,0
파주고등학교,경기,고,사립,남여공학,경기도 파주시 문산읍 독산로31번길 39 . 파주고등학교 (문산읍),1,2023.0,교육활동 모델교,0,,,,,,,,,,,,,,,,,,,,,0
화성고등학교,경기,고,사립,남여공학,경기도 화성시 향남읍 장짐길 4 . 화성고등학교 (향남읍),0,,,0,,,,,,,,,,,,,,,,,,,,,0
효성고등학교,경기,고,사립,남여공학,경기도 성남시 수정구 심곡로 16 (심곡동.효성고등학교),1,2023.0,교육활동 모델교,0,,,,,,,,,,,,,,,,,,,,,0
마송고등학교,경기,고,공립,남여공학,경기도 김포시 통진읍 마송1로 155 (통진읍),1,2023.0,정보교육실 구축교,0,,,,,,,,,,,,,,,,,,,,,0
진접고등학교,경기,고,공립,남여공학,경기도 남양주시 진접읍 해밀예당2로 13 . 진접고등학교 (진접읍),1,2023.0,교육활동 모델교,1,2017.0,,,,,,,,,,,,,,,,,,,,1
보평고등학교,경기,고,공립,남여공학,경기도 성남시 분당구 동판교로 124 (백현동. 보평고등학교),0,,,0,,,,,,,,,,,,,,,,,,,,,0
복정고등학교,경기,고,공립,남여공학,경기도 성남시 수정구 복정안골로 35 . 복정고등학교 (복정동),0,,,0,,,,,,,,,,,,,,,,,,,,,0
운중고등학교,경기,고,공립,남여공학,경기도 성남시 분당구 운중로 95 운중고등학교,0,,,0,,,,,,,,,,,,,,,,,,,,,0
신천고등학교,경기,고,공립,남여공학,경기도 시흥시 포도원로 50 (신천동),0,,,0,,,,,,,,,,,,,,,,,,,,,0
광덕고등학교,경기,고,공립,남여공학,경기도 안산시 상록구 순환로 532 (월피동. 광덕고등학교),0,,,0,,,,,,,,,,,,,,,,,,,,,0
경기창조고등학교,경기,고,공립,남여공학,경기도 안성시 공도읍 공도5로 37 . 경기창조고등학교 (공도읍),0,,,0,,,,,,,,,,,,,,,,,,,,,0
세마고등학교,경기,고,공립,남여공학,경기도 오산시 수목원로 559-17 (세교동. 세마고등학교),0,,,0,,,,,,,,,,,,,,,,,,,,,0
흥덕고등학교,경기,고,공립,남여공학,경기도 용인시 기흥구 흥덕2로 36 (영덕동),0,,,0,,,,,,,,,,,,,,,,,,,,,0
발곡고등학교,경기,고,공립,남여공학,경기도 의정부시 동일로454번길 150 (신곡동.발곡고등학교),0,,,0,,,,,,,,,,,,,,,,,,,,,0
능동고등학교,경기,고,공립,남여공학,경기도 화성시 동탄원천로 315-26 (능동고등학교),0,,,0,,,,,,,,,,,,,,,,,,,,,0
광동고등학교,경기,고,사립,남여공학,경기도 남양주시 진접읍 장현로광동1길 10 (진접읍),0,,,1,2020.0,,,,,,,,,,,,,,,,,,,,0
효명고등학교,경기,고,사립,남여공학,경기도 평택시 송탄로 51 (장당동. 효명중고등학교),0,,,0,,,,,,,,,,,,,,,,,,,,,0
이의고등학교,경기,고,공립,남여공학,경기도 수원시 영통구 법조로 145 (하동),0,,,0,,,,,,,,,,,,,,,,,,,,,0
송양고등학교,경기,고,공립,남여공학,경기도 의정부시 송양로 6 . 송양고등학교 (낙양동),0,,,0,,,,,,,,,,,,,,,,,,,,,0
옥정고등학교,경기,고,공립,남여공학,경기도 양주시 옥정로7길 47 (옥정동. 옥정고등학교),0,,,1,2020.0,,,,,,,,,,,,,,,,,,,,0
청북고등학교,경기,고,공립,남여공학,경기도 평택시 청북면 안청로4길 55 (청북면),0,,,0,,,,,,,,,,,,,,,,,,,,,0
도래울고등학교,경기,고,공립,남여공학,경기도 고양시 덕양구 도래울1로 67 (도내동),1,2023.0,정보교육실 구축교,0,,,,,,,,,,,,,,,,,,,,,0
동탄중앙고등학교,경기,고,공립,남여공학,경기도 화성시 동탄대로시범길 167 . 동탄중앙고등학교 (청계동),0,,,0,,,,,,,,,,,,,,,,,,,,,0
화성반월고등학교,경기,고,공립,남여공학,경기도 화성시 효행로 1281-66 (반월동.화성반월고등학교),1,2023.0,교육활동 모델교,0,,,,,,,,,,,,,,,,,,,,,0
미사고등학교,경기,고,공립,남여공학,경기도 하남시 미사강변한강로 210 (망월동. 미사고등학교),0,,,0,,,,,,,,,,,,,,,,,,,,,0
용인삼계고등학교,경기,고,공립,남여공학,경기도 용인시 처인구 포곡읍 백옥대로1898번길 34-42 (포곡읍),0,,,1,2016.0,,,,,,,,,,,,,,,,,,,,0
풍산고등학교,경기,고,공립,남여공학,경기도 하남시 덕풍서로 11 (덕풍동),0,,,0,,,,,,,,,,,,,,,,,,,,,0
서천고등학교,경기,고,공립,남여공학,경기도 용인시 기흥구 서천서로 126 (농서동),1,2023.0,교육활동 모델교,1,2020.0,,,,,,,,,,,,,,,,,,,,1
경기체육고등학교,경기,고,공립,남여공학,경기도 수원시 장안구 상률로 106 . 경기체육고등학교 (천천동),0,,,0,,,,,,,,,,,,,,,,,,,,,0
경기과학고등학교,경기,고,공립,남여공학,경기도 수원시 장안구 수일로 135 (송죽동.경기과학고등학교),0,,,0,,,,,,,,,,,,,,,,,,,,,0
경기북과학고등학교,경기,고,공립,남여공학,경기도 의정부시 체육로135번길 32 . 경기북과학고등학교 (녹양동),0,,,0,,,,,,,,,,,,,,,,,,,,,0
경기예술고등학교,경기,고,공립,남여공학,경기도 부천시 원미구 석천로209번길 37 (중동) 경기예술고등학교,0,,,0,,,,,,,,,,,,,,,,,,,,,0
고양예술고등학교,경기,고,사립,남여공학,경기도 고양시 일산서구 덕이로172번길 4-39 (덕이동),0,,,0,,,,,,,,,,,,,,,,,,,,,0
계원예술고등학교,경기,고,사립,남여공학,경기도 성남시 분당구 불정로 100 (정자동),0,,,0,,,,,,,,,,,,,,,,,,,,,0
안양예술고등학교,경기,고,사립,남여공학,경기도 안양시 만안구 양화로25번길 40 (안양동.안양예술고등학교),0,,,0,,,,,,,,,,,,,,,,,,,,,0
수원외국어고등학교,경기,고,공립,남여공학,경기도 수원시 영통구 창룡대로 263 (이의동),0,,,0,,,,,,,,,,,,,,,,,,,,,0
동두천외국어고등학교,경기,고,공립,남여공학,경기도 동두천시 지행로 145 (지행동. 동두천외국어고등학교),0,,,0,,,,,,,,,,,,,,,,,,,,,0
성남외국어고등학교,경기,고,공립,남여공학,경기도 성남시 분당구 대왕판교로385번길 28 (백현동),0,,,0,,,,,,,,,,,,,,,,,,,,,0
고양외국어고등학교,경기,고,사립,남여공학,경기도 고양시 덕양구 통일로 820 (관산동),0,,,0,,,,,,,,,,,,,,,,,,,,,0
김포외국어고등학교,경기,고,사립,남여공학,경기도 김포시 월곶면 김포대로 2537 (월곶면.김포외국어고등학교),0,,,0,,,,,,,,,,,,,,,,,,,,,0
과천외국어고등학교,경기,고,사립,남여공학,경기도 과천시 희망길 36 (중앙동.과천외국어고등학교),0,,,0,,,,,,,,,,,,,,,,,,,,,0
안양외국어고등학교,경기,고,사립,남여공학,경기도 안양시 만안구 양화로37번길 36 안양외국어고등학교(안양동),0,,,0,,,,,,,,,,,,,,,,,,,,,0
경기외국어고등학교,경기,고,사립,남여공학,경기도 의왕시 고산로105번길 30 (고천동),1,2023.0,교육활동 모델교,1,2018.0,,,,,,,,,,,,,,,,,,,,1
동탄국제고등학교,경기,고,공립,남여공학,경기도 화성시 동탄나루로 27 . 동탄국제고등학교 (반송동),1,2023.0,교육활동 모델교,0,,,,,,,,,,,,,,,,,,,,,0
고양국제고등학교,경기,고,공립,남여공학,경기도 고양시 일산동구 위시티4로 112 (식사동),0,,,0,,,,,,,,,,,,,,,,,,,,,0
청심국제고등학교,경기,고,사립,남여공학,경기도 가평군 설악면 미사리로 324-213 (설악면. 청심국제중고등학교),1,2023.0,교육활동 모델교,0,,,,,,,,,,,,,,,,,,,,,0
한겨레고등학교,경기,고,사립,남여공학,경기도 안성시 죽산면 칠장로 107-9 (죽산면),0,,,0,,,,,,,,,,,,,,,,,,,,,0
고양고등학교,경기,고,공립,남여공학,경기도 고양시 덕양구 삼송로 171 (삼송동),0,,,0,,,,,,,,,,,,,,,,,,,,,0
발안바이오과학고등학교,경기,고,공립,남여공학,경기도 화성시 향남읍 발안로 71 . 발안바이오과학고등학교 (향남읍),0,,,0,,,,,,,,,,,,,,,,,,,,,0
수원농생명과학고등학교,경기,고,공립,남여공학,경기도 수원시 장안구 광교산로 13 (영화동.농생명과학고등학교),0,,,0,,,,,,,,,,,,,,,,,,,,,0
여주자영농업고등학교,경기,고,공립,남여공학,경기도 여주시 능서면 농도원1길 78-1 (능서면),0,,,0,,,,,,,,,,,,,,,,,,,,,0
용인바이오고등학교,경기,고,공립,남여공학,경기도 용인시 처인구 이동면 경기동로687번길 28-14 (이동면. 용인바이오고등학교. 송전중학교),0,,,0,,,,,,,,,,,,,,,,,,,,,0
일죽고등학교,경기,고,공립,남여공학,경기도 안성시 서동대로 7446 . (송천리 243-1.일죽고등학교) (일죽면),0,,,0,,,,,,,,,,,,,,,,,,,,,0
군자디지털과학고등학교,경기,고,공립,남여공학,경기도 시흥시 군자로487번길 54 (거모동.군자공업고등학교),0,,,0,,,,,,,,,,,,,,,,,,,,,0
김포제일공업고등학교,경기,고,공립,남여공학,경기도 김포시 봉화로 69 (북변동. 김포제일공업고등학교),0,,,0,,,,,,,,,,,,,,,,,,,,,0
남양주공업고등학교,경기,고,공립,남여공학,경기도 남양주시 화도읍 경춘로2192번길 25 (화도읍. 남양주공업고등학교),0,,,1,2020.0,,,,,,,,,,,,,,,,,,,,0
부천공업고등학교,경기,고,공립,남자,경기도 부천시 소사구 경인로120번길 (송내동 455),0,,,0,,,,,,,,,,,,,,,,,,,,,0
산본공업고등학교,경기,고,공립,남여공학,경기도 군포시 고산로 524 (산본동. 산본공업고등학교),0,,,0,,,,,,,,,,,,,,,,,,,,,0
성남테크노과학고등학교,경기,고,공립,남여공학,경기도 성남시 중원구 둔촌대로258번길 7 (하대원동),0,,,0,,,,,,,,,,,,,,,,,,,,,0
수원정보과학고등학교,경기,고,공립,남여공학,경기도 수원시 영통구 동수원로551번길 16 (원천동),0,,,1,2016.0,,,,,,,,,,,,,,,,,,,,0
시화공업고등학교,경기,고,공립,남여공학,경기도 시흥시 정왕천로 404 (정왕동),0,,,0,,,,,,,,,,,,,,,,,,,,,0
안양공업고등학교,경기,고,공립,남여공학,경기도 안양시 만안구 양화로28번길 69 . 안양공업고등학교 (안양동.안양공업고등학교),0,,,0,,,,,,,,,,,,,,,,,,,,,0
양영디지털고등학교,경기,고,공립,남여공학,경기도 성남시 분당구 불정로386번길 35 (서현동),0,,,0,,,,,,,,,,,,,,,,,,,,,0
양평전자과학고등학교,경기,고,공립,남여공학,경기도 양평군 양서면 대심상심길 13 (양서면. 양평전자과학고등학교),0,,,0,,,,,,,,,,,,,,,,,,,,,0
의정부공업고등학교,경기,고,공립,남여공학,경기도 의정부시 가능로 57 . 의정부공업고등학교 (가능동),0,,,0,,,,,,,,,,,,,,,,,,,,,0
일산고등학교,경기,고,공립,남여공학,경기도 고양시 일산서구 원일로 53 . 일산고등학교 (일산동),0,,,0,,,,,,,,,,,,,,,,,,,,,0
경기영상과학고등학교,경기,고,공립,남여공학,경기도 고양시 일산서구 강선로 8 (주엽동),0,,,0,,,,,,,,,,,,,,,,,,,,,0
수원하이텍고등학교,경기,고,공립,남여공학,경기도 수원시 영통구 청명북로 56(영통동) . 수원하이텍고등학교,0,,,1,2016.0,,,,,,,,,,,,,,,,,,,,0
평촌공업고등학교,경기,고,공립,남여공학,경기도 안양시 동안구 갈산로 16 . 13 (호계동),0,,,0,,,,,,,,,,,,,,,,,,,,,0
평택기계공업고등학교,경기,고,공립,남여공학,경기도 평택시 중앙1로 61 (비전동. 평택기계공업고교),0,,,0,,,,,,,,,,,,,,,,,,,,,0
한국도예고등학교,경기,고,공립,남여공학,경기도 이천시 신둔면 둔터로 61 . 한국도예고등학교 (신둔면),0,,,0,,,,,,,,,,,,,,,,,,,,,0
한국애니메이션고등학교,경기,고,공립,남여공학,경기도 하남시 검단산로 223 (창우동),0,,,0,,,,,,,,,,,,,,,,,,,,,0
경민IT고등학교,경기,고,사립,남여공학,경기도 의정부시 서부로 545 (가능동.경민IT고등학교),0,,,1,2016.0,,,,,,,,,,,,,,,,,,,,0
광명공업고등학교,경기,고,사립,남여공학,경기도 광명시 새터안로 20 (광명동. 광명공고),0,,,0,,,,,,,,,,,,,,,,,,,,,0
동일공업고등학교,경기,고,사립,남여공학,경기도 평택시 중앙로 315 (비전동),0,,,0,,,,,,,,,,,,,,,,,,,,,0
삼일공업고등학교,경기,고,사립,남여공학,경기도 수원시 팔달구 수원천로392번길 44-60 (매향동. 삼일공고),0,,,0,,,,,,,,,,,,,,,,,,,,,0
홍익디자인고등학교,경기,고,사립,남여공학,경기도 화성시 효행로 387 . 홍익디자인고등학교 (기안동),0,,,0,,,,,,,,,,,,,,,,,,,,,0
수원공업고등학교,경기,고,사립,남여공학,경기도 수원시 팔달구 세지로 254 (인계동.수원공업고등학교),0,,,0,,,,,,,,,,,,,,,,,,,,,0
수원전산여자고등학교,경기,고,사립,여자,경기도 수원시 권선구 호매실로 46-93 (탑동),0,,,0,,,,,,,,,,,,,,,,,,,,,0
안산공업고등학교,경기,고,사립,남여공학,경기도 안산시 상록구 안산공고로 51 (부곡동),0,,,1,2018.0,,,,,,,,,,,,,,,,,,,,0
두원공업고등학교,경기,고,사립,남여공학,경기도 안성시 미양면 미양로 727 (미양면),0,,,0,,,,,,,,,,,,,,,,,,,,,0
세경고등학교,경기,고,사립,남여공학,경기도 파주시 파주읍 술이홀로 379 (파주읍),0,,,0,,,,,,,,,,,,,,,,,,,,,0
경기자동차과학고등학교,경기,고,사립,남여공학,경기도 시흥시 금오로 103 . 경기자동차과학고등학교 (무지내동.경기자동차과학고등학교),0,,,1,2019.0,,,,,,,,,,,,,,,,,,,,0
이천세무고등학교,경기,고,공립,남여공학,경기도 이천시 설성면 설성로15번길 26 . 이천세무고등학교 (설성면),0,,,0,,,,,,,,,,,,,,,,,,,,,0
경기글로벌통상고등학교,경기,고,공립,남여공학,경기도 안양시 동안구 학의로 70 . 경기글로벌통상고등학교 (비산동),0,,,0,,,,,,,,,,,,,,,,,,,,,0
광명경영회계고등학교,경기,고,공립,남여공학,경기도 광명시 기아로13번안길 9-9 (소하동. 광명경영회계고교),0,,,0,,,,,,,,,,,,,,,,,,,,,0
군포e비즈니스고등학교,경기,고,공립,남여공학,경기도 군포시 수리산로 153 (산본동.군포e비즈니스고등학교),0,,,0,,,,,,,,,,,,,,,,,,,,,0
경기모바일과학고등학교,경기,고,공립,남여공학,경기도 안산시 상록구 남산평길 35 (팔곡일동.경기모바일과학고등학교),0,,,1,2017.0,,,,,,,,,,,,,,,,,,,,0
경기국제통상고등학교,경기,고,공립,남여공학,경기도 부천시 석천로 141 . 경기국제통상고등학교 (중동),0,,,0,,,,,,,,,,,,,,,,,,,,,0
부천정보산업고등학교,경기,고,공립,남여공학,경기도 부천시 신상로 94 .(상동),0,,,1,2020.0,,,,,,,,,,,,,,,,,,,,0
분당경영고등학교,경기,고,공립,남여공학,경기도 성남시 분당구 금곡로 289 (금곡동),0,,,1,2017.0,,,,,,,,,,,,,,,,,,,,0
성남금융고등학교,경기,고,공립,남여공학,경기도 성남시 분당구 장미로 153 (야탑동.성남금융고등학교),0,,,1,2018.0,,,,,,,,,,,,,,,,,,,,0
신일비즈니스고등학교,경기,고,공립,남여공학,경기도 고양시 일산서구 킨텍스로 452 (일산동),0,,,0,,,,,,,,,,,,,,,,,,,,,0
경기물류고등학교,경기,고,공립,남여공학,경기도 평택시 안중읍 안현로 403 . 경기물류고등학교 (안중읍),0,,,0,,,,,,,,,,,,,,,,,,,,,0
영북고등학교,경기,고,공립,남여공학,경기도 포천시 영북면 영북로 136 (영북면. 영북고등학교),0,,,0,,,,,,,,,,,,,,,,,,,,,0
오산정보고등학교,경기,고,공립,남여공학,경기도 오산시 청학로5번길 10 . 오산정보고등학교 (청학동),0,,,0,,,,,,,,,,,,,,,,,,,,,0
일산국제컨벤션고등학교,경기,고,공립,남여공학,경기도 고양시 일산서구 고봉로 133 (주엽동),0,,,0,,,,,,,,,,,,,,,,,,,,,0
경기세무고등학교,경기,고,공립,남여공학,경기도 파주시 적성면 솥뒤로33번길 60 (적성면),0,,,0,,,,,,,,,,,,,,,,,,,,,0
평촌경영고등학교,경기,고,공립,남여공학,경기도 안양시 동안구 학의로 186 (관양동.평촌경영고등학교),0,,,1,2016.0,,,,,,,,,,,,,,,,,,,,0
하남경영고등학교,경기,고,공립,남여공학,경기도 하남시 대청로116번길 11 하남경영고등학교,0,,,0,,,,,,,,,,,,,,,,,,,,,0
경민비즈니스고등학교,경기,고,사립,여자,경기도 의정부시 서부로 545 (가능동),0,,,0,,,,,,,,,,,,,,,,,,,,,0
경일관광경영고등학교,경기,고,사립,남여공학,경기도 안산시 단원구 석수로 131 (선부동),0,,,0,,,,,,,,,,,,,,,,,,,,,0
경화여자EnglishBusiness고등학교,경기,고,사립,여자,경기도 광주시 수하길11번길 43 (송정동),0,,,0,,,,,,,,,,,,,,,,,,,,,0
근명여자정보고등학교,경기,고,사립,여자,경기도 안양시 만안구 삼덕로 49 (안양동),0,,,0,,,,,,,,,,,,,,,,,,,,,0
한국문화영상고등학교,경기,고,사립,남여공학,경기도 동두천시 평화로2452번길 32 . (한국문화영상고등학교 (생연동),0,,,0,,,,,,,,,,,,,,,,,,,,,0
매향여자정보고등학교,경기,고,사립,여자,경기도 수원시 팔달구 수원천로 350 (매향동.매향여자정보고등학교),0,,,1,2018.0,,,,,,,,,,,,,,,,,,,,0
삼일상업고등학교,경기,고,사립,남여공학,경기도 수원시 팔달구 수원천로392번길 44-28 (매향동),0,,,0,,,,,,,,,,,,,,,,,,,,,0
성보경영고등학교,경기,고,사립,남여공학,경기도 성남시 수정구 논골로 82 . 성보경영고등학교 (단대동),0,,,0,,,,,,,,,,,,,,,,,,,,,0
성일정보고등학교,경기,고,사립,남여공학,경기도 성남시 중원구 시민로77번길 10 . 성일정보고등학교 (성남동),0,,,0,,,,,,,,,,,,,,,,,,,,,0
안산국제비즈니스고등학교,경기,고,사립,남여공학,경기도 안산시 상록구 수인로 1981 . 안산국제비즈니스고등학교 (장상동),0,,,0,,,,,,,,,,,,,,,,,,,,,0
안양여자상업고등학교,경기,고,사립,여자,경기도 안양시 만안구 양화로37번길 36 (안양동),0,,,0,,,,,,,,,,,,,,,,,,,,,0
용인정보고등학교,경기,고,사립,남여공학,경기도 용인시 처인구 고림로74번길 15 용인정보고등학교,0,,,0,,,,,,,,,,,,,,,,,,,,,0
안산디자인문화고등학교,경기,고,사립,남여공학,경기도 안산시 상록구 각골로 87 (본오동.안산디자인문화고등학교),0,,,0,,,,,,,,,,,,,,,,,,,,,0
경기경영고등학교,경기,고,사립,남여공학,경기도 부천시 소사구 심곡로 100 (심곡본동),0,,,0,,,,,,,,,,,,,,,,,,,,,0
경기관광고등학교,경기,고,사립,남여공학,경기도 여주시 대신면 여양로 1416 (대신면. 경기관광고등학교),0,,,0,,,,,,,,,,,,,,,,,,,,,0
청담고등학교,경기,고,사립,남여공학,경기도 평택시 팽성읍 팽성송화로 192 (팽성읍.청담고등학교),0,,,1,2020.0,,,,,,,,,,,,,,,,,,,,0
한국관광고등학교,경기,고,사립,남여공학,경기도 평택시 고덕면 고덕북로 185 (고덕면),0,,,0,,,,,,,,,,,,,,,,,,,,,0
한국디지털미디어고등학교,경기,고,사립,남여공학,경기도 안산시 단원구 사세충열로 94 (와동),0,,,1,2018.0,,,,,,,,,,,,,,,,,,,,0
한국외식과학고등학교,경기,고,사립,남여공학,경기도 양주시 남면 개나리18길 1 (남면) 한국외식과학고등학교,0,,,0,,,,,,,,,,,,,,,,,,,,,0
한국조리과학고등학교,경기,고,사립,남여공학,경기도 시흥시 금오로 640 (과림동),0,,,0,,,,,,,,,,,,,,,,,,,,,0
곤지암고등학교,경기,고,공립,남여공학,경기도 광주시 곤지암읍 곤지암로 82 . 곤지암고등학교 (곤지암읍),1,2023.0,교육활동 모델교,0,,,,,,,,,,,,,,,,,,,,,0
광주중앙고등학교,경기,고,공립,남여공학,경기도 광주시 역동로63번길 1 . 광주중앙고등학교 (역동),0,,,0,,,,,,,,,,,,,,,,,,,,,0
금곡고등학교,경기,고,공립,남여공학,경기도 남양주시 경춘로992번길 10 (금곡동),0,,,0,,,,,,,,,,,,,,,,,,,,,0
남양고등학교,경기,고,공립,남여공학,경기도 화성시 남양읍 시청로45번길 23 . 남양고등학교 (남양읍),0,,,0,,,,,,,,,,,,,,,,,,,,,0
대부고등학교,경기,고,공립,남여공학,경기도 안산시 단원구 대부중앙로 3 (대부북동),0,,,0,,,,,,,,,,,,,,,,,,,,,0
동두천중앙고등학교,경기,고,공립,남여공학,경기도 동두천시 평화로 2280 (지행동),0,,,0,,,,,,,,,,,,,,,,,,,,,0
문산제일고등학교,경기,고,공립,남여공학,경기도 파주시 평화로 190 (야동동),0,,,0,,,,,,,,,,,,,,,,,,,,,0
백암고등학교,경기,고,공립,남여공학,경기도 용인시 처인구 백암면 백원로 519-9 (백암면. 백암중고등학교),0,,,0,,,,,,,,,,,,,,,,,,,,,0
양평고등학교,경기,고,공립,남여공학,경기도 양평군 양평읍 양근로 260 (양평읍),0,,,1,2019.0,,,,,,,,,,,,,,,,,,,,0
연천고등학교,경기,고,공립,남여공학,경기도 연천군 연천읍 연천로336번길 13 . 13 (연천읍. 연천중고등학교),0,,,0,,,,,,,,,,,,,,,,,,,,,0
이천제일고등학교,경기,고,공립,남여공학,경기도 이천시 애련정로 26 (안흥동),0,,,0,,,,,,,,,,,,,,,,,,,,,0
일동고등학교,경기,고,공립,남여공학,경기도 포천시 일동면 화동로1079번길 28 . 일동고등학교,0,,,0,,,,,,,,,,,,,,,,,,,,,0
장호원고등학교,경기,고,공립,남여공학,경기도 이천시 장호원읍 샘재로 27-37 . (장호원읍. 장호원고등학교) (장호원읍),0,,,0,,,,,,,,,,,,,,,,,,,,,0
전곡고등학교,경기,고,공립,남여공학,경기도 연천군 전곡읍 전은길 9-89 (전곡읍. 전곡고등학교),0,,,0,,,,,,,,,,,,,,,,,,,,,0
조종고등학교,경기,고,공립,남여공학,경기도 가평군 조종면 연등윗길 22 (조종면),0,,,0,,,,,,,,,,,,,,,,,,,,,0
죽산고등학교,경기,고,공립,남여공학,경기도 안성시 죽산면 죽산향교길 54-40 . 죽산고등학교 (죽산면),0,,,0,,,,,,,,,,,,,,,,,,,,,0
평택여자고등학교,경기,고,공립,여자,경기도 평택시 영신로 220 (세교동.평택여자종합고등학교),0,,,0,,,,,,,,,,,,,,,,,,,,,0
포천일고등학교,경기,고,공립,남여공학,경기도 포천시 군내면 청군로 3426 . 포천일고등학교 (군내면),0,,,0,,,,,,,,,,,,,,,,,,,,,0
하성고등학교,경기,고,공립,남여공학,경기도 김포시 하성면 애기봉로806번길 30 . 하성고등학교 (하성면. 하성고등학교. 하성중학교),0,,,1,2016.0,,,,,,,,,,,,,,,,,,,,0
광탄고등학교,경기,고,사립,남여공학,경기도 파주시 광탄면 혜음로1128번길 16 (광탄면),0,,,0,,,,,,,,,,,,,,,,,,,,,0
문산수억고등학교,경기,고,사립,남여공학,경기도 파주시 파주읍 우계로 357 (파주읍),0,,,0,,,,,,,,,,,,,,,,,,,,,0
보영여자고등학교,경기,고,사립,여자,경기도 동두천시 동광로 124 . 보영여자고등학교 (생연동),0,,,0,,,,,,,,,,,,,,,,,,,,,0
비봉고등학교,경기,고,사립,남여공학,경기도 화성시 비봉면 양노로 109 . 5 (비봉면),0,,,0,,,,,,,,,,,,,,,,,,,,,0
가온고등학교,경기,고,사립,남여공학,경기도 안성시 샛터길 46 . 가온고등학교 (발화동),0,,,0,,,,,,,,,,,,,,,,,,,,,0
안중고등학교,경기,고,사립,남자,경기도 평택시 안중읍 안중믿음길 32 (안중읍. 안중고등학교),0,,,0,,,,,,,,,,,,,,,,,,,,,0
양동고등학교,경기,고,사립,남여공학,경기도 양평군 양동면 학둔지윗길 47-7 . 양동고등학교 (양동면),0,,,0,,,,,,,,,,,,,,,,,,,,,0
양서고등학교,경기,고,사립,남여공학,경기도 양평군 양서면 상촌길 31-12 (양서면),0,,,0,,,,,,,,,,,,,,,,,,,,,0
여강고등학교,경기,고,사립,남여공학,경기도 여주시 북내면 여강로 337-8 . 여강중고등학교 (북내면),0,,,0,,,,,,,,,,,,,,,,,,,,,0
여주제일고등학교,경기,고,사립,남여공학,경기도 여주시 가남읍 여주남로 1155-15 . 여주제일고등학교 (가남읍),0,,,0,,,,,,,,,,,,,,,,,,,,,0
용문고등학교,경기,고,사립,남여공학,경기도 양평군 용문면 용문로 437 (용문면. 용문중고등학교),0,,,0,,,,,,,,,,,,,,,,,,,,,0
은혜고등학교,경기,고,사립,남여공학,경기도 평택시 장안웃길 66 . 은혜고등학교 (장안동),0,,,0,,,,,,,,,,,,,,,,,,,,,0
다산고등학교,경기,고,사립,남여공학,경기도 이천시 경충대로 2856 . 다산고등학교 (사음동),0,,,0,,,,,,,,,,,,,,,,,,,,,0
부원고등학교,경기,고,사립,남여공학,경기도 이천시 장호원읍 서동대로 8857 (장호원읍.부원고등학교),0,,,0,,,,,,,,,,,,,,,,,,,,,0
진위고등학교,경기,고,사립,남여공학,경기도 평택시 진위면 진위서로 47 (진위면),0,,,0,,,,,,,,,,,,,,,,,,,,,0
통진고등학교,경기,고,사립,남여공학,경기도 김포시 통진읍 김포대로 2165 (통진읍.통진고등학교),1,2023.0,교육활동 모델교,1,2019.0,,,,,,,,,,,,,,,,,,,,1
파주여자고등학교,경기,고,사립,여자,경기도 파주시 월롱면 함영골길 10 (월롱면),0,,,0,,,,,,,,,,,,,,,,,,,,,0
광교초등학교,경기,초,공립,,경기도 수원시 영통구 대학로 91 (이의동),0,,,1,2020.0,,,,,,,,,,,,,,,,,,,,0
이의초등학교,경기,초,공립,,경기도 수원시 영통구 법조로 150 . 47 (하동),0,,,0,,,,,,,,,,,,,,,,,,,,,0
선행초등학교,경기,초,공립,,경기도 수원시 권선구 세권로196번길 21 (권선동. 선행초등학교),0,,,0,,,,,,,,,,,,,,,,,,,,,0
곡정초등학교,경기,초,공립,,경기도 수원시 권선구 곡선로 7번 (권선동),0,,,1,2018.0,,,,,,,,,,,,,,,,,,,,0
수원중촌초등학교,경기,초,공립,,경기도 수원시 권선구 금곡로 140번길 30 (금곡동),0,,,0,,,,,,,,,,,,,,,,,,,,,0
능실초등학교,경기,초,공립,,경기도 수원시 권선구 호매실로165번길 28 . 능실초등학교 (호매실동),0,,,0,,,,,,,,,,,,,,,,,,,,,0
고색초등학교,경기,초,공립,,경기도 수원시 권선구 매송고색로 681 . 고색초등학교 (고색동),0,,,0,,,,,,,,,,,,,,,,,,,,,0
고현초등학교,경기,초,공립,,경기도 수원시 권선구 고현로 12 . 고현초등학교 (고색동),0,,,0,,,,,,,,,,,,,,,,,,,,,0
곡선초등학교,경기,초,공립,,경기도 수원시 권선구 덕영대로1217번길 36 (권선동. 곡선초등학교),1,2023.0,정보교육실 구축교,0,,,,,,,,,,,,,,,,,,,,,0
곡반초등학교,경기,초,공립,,경기도 수원시 권선구 덕영대로1323번길 26-14 . 곡반초등학교 (권선동. 곡반초등학교),0,,,0,,,,,,,,,,,,,,,,,,,,,0
수원가온초등학교,경기,초,공립,,경기도 수원시 권선구 금곡로73번길 36 . (금곡동. 수원가온초등학교),0,,,0,,,,,,,,,,,,,,,,,,,,,0
구운초등학교,경기,초,공립,,경기도 수원시 권선구 여기산로 29 . 구운초등학교 (구운동),0,,,1,2018.0,,,,,,,,,,,,,,,,,,,,0
권선초등학교,경기,초,공립,,경기도 수원시 권선구 세지로 126번길 27 (권선동),0,,,0,,,,,,,,,,,,,,,,,,,,,0
남수원초등학교,경기,초,공립,,경기도 수원시 권선구 경수대로235번길 24 (세류동),0,,,0,,,,,,,,,,,,,,,,,,,,,0
남창초등학교,경기,초,공립,,경기도 수원시 팔달구 행궁로 44-9 (남창동),0,,,0,,,,,,,,,,,,,,,,,,,,,0
당수초등학교,경기,초,공립,,경기도 수원시 권선구 당진로 6 . 당수초등학교 (당수동. 당수초등학교),0,,,0,,,,,,,,,,,,,,,,,,,,,0
대선초등학교,경기,초,공립,,경기도 수원시 영통구 봉영로 1432-19 (망포동. 대선초등학교),0,,,0,,,,,,,,,,,,,,,,,,,,,0
대평초등학교,경기,초,공립,,경기도 수원시 장안구 대평로 111 . 대평초등학교 (정자동),0,,,0,,,,,,,,,,,,,,,,,,,,,0
동수원초등학교,경기,초,공립,,경기도 수원시 영통구 인계로189번길 83 . 동수원초등학교 (매탄동),0,,,0,,,,,,,,,,,,,,,,,,,,,0
수원금호초등학교,경기,초,공립,,경기도 수원시 권선구 칠보로 142 . 수원금호초등학교 (호매실동),0,,,1,2019.0,,,,,,,,,,,,,,,,,,,,0
수원동신초등학교,경기,초,공립,,경기도 수원시 장안구 만석로68번길 46 . 수원동신초등학교 (정자동),0,,,1,2018.0,,,,,,,,,,,,,,,,,,,,0
광교호수초등학교,경기,초,공립,,경기도 수원시 영통구 광교마을로 156 (하동. 광교마을40단지),1,2023.0,교육활동 모델교,0,,,,,,,,,,,,,,,,,,,,,0
매산초등학교,경기,초,공립,,경기도 수원시 팔달구 향교로 93 . 매산초등학교 (매산로3가),0,,,1,2019.0,,,,,,,,,,,,,,,,,,,,0
매원초등학교,경기,초,공립,,경기도 수원시 영통구 광교호수공원로 100 (원천동. 매원초등학교),0,,,1,2020.0,,,,,,,,,,,,,,,,,,,,0
매탄초등학교,경기,초,공립,,경기도 수원시 영통구 매탄로 139 (매탄동. 매탄초등학교),0,,,1,2017.0,,,,,,,,,,,,,,,,,,,,0
매현초등학교,경기,초,공립,,경기도 수원시 영통구 동탄원천로881번길 77 . 매현초등학교 (매탄동),0,,,1,2020.0,,,,,,,,,,,,,,,,,,,,0
명당초등학교,경기,초,공립,,경기도 수원시 권선구 세권로 319 (권선동),1,2023.0,교육활동 모델교,1,2016.0,,,,,,,,,,,,,,,,,,,,1
명인초등학교,경기,초,공립,,경기도 수원시 장안구 대평로52번길 21 (정자동. 명인초등학교),0,,,1,2018.0,,,,,,,,,,,,,,,,,,,,0
산남초등학교,경기,초,공립,,경기도 수원시 영통구 산남로 86 (매탄동.산남초등학교),0,,,1,2018.0,,,,,,,,,,,,,,,,,,,,0
산의초등학교,경기,초,공립,,경기도 수원시 영통구 센트럴타운로22번길 25 (이의동. 산의초등학교),1,2023.0,정보교육실 구축교,0,,,,,,,,,,,,,,,,,,,,,0
서평초등학교,경기,초,공립,,경기도 수원시 권선구 수인로9번길 52 (서둔동. 서평초등학교),0,,,0,,,,,,,,,,,,,,,,,,,,,0
상률초등학교,경기,초,공립,,경기도 수원시 장안구 덕영대로417번길 98 (율전동. 상률초등학교),0,,,0,,,,,,,,,,,,,,,,,,,,,0
상촌초등학교,경기,초,공립,,경기도 수원시 권선구 금곡로31번길 92 (금곡동),0,,,1,2020.0,,,,,,,,,,,,,,,,,,,,0
서호초등학교,경기,초,공립,,경기도 수원시 권선구 서호동로14번길 47 (서둔동. 서호초등학교),0,,,0,,,,,,,,,,,,,,,,,,,,,0
세곡초등학교,경기,초,공립,,경기도 수원시 권선구 세권로207번길 32 . 세곡초등학교 (권선동),0,,,0,,,,,,,,,,,,,,,,,,,,,0
세류초등학교,경기,초,공립,,경기도 수원시 권선구 세류로 78 (세류초등학교),0,,,0,,,,,,,,,,,,,,,,,,,,,0
송림초등학교,경기,초,공립,,경기도 수원시 장안구 대평로51번길 65 (정자동. 송림초등학교),0,,,1,2016.0,,,,,,,,,,,,,,,,,,,,0
송원초등학교,경기,초,공립,,경기도 수원시 장안구 수일로 185 . 송원초등학교 (조원동),0,,,0,,,,,,,,,,,,,,,,,,,,,0
송정초등학교,경기,초,공립,,경기도 수원시 장안구 송정로 41 . 송정초등학교 (송죽동),0,,,0,,,,,,,,,,,,,,,,,,,,,0
송죽초등학교,경기,초,공립,,경기도 수원시 장안구 송원로41번길 34 . 송죽초등학교 (송죽동. 송죽초등학교),0,,,0,,,,,,,,,,,,,,,,,,,,,0
수성초등학교,경기,초,공립,,경기도 수원시 장안구 금당로 19 . 수성초등학교 (조원동),0,,,0,,,,,,,,,,,,,,,,,,,,,0
수원금곡초등학교,경기,초,공립,,경기도 수원시 권선구 서수원로617번길 30 . 수원금곡초등학교 (금곡동),0,,,0,,,,,,,,,,,,,,,,,,,,,0
수원매화초등학교,경기,초,공립,,경기도 수원시 영통구 권광로304번길 47-17 . 수원매화초등학교 (매탄동. 매화초등학교),0,,,0,,,,,,,,,,,,,,,,,,,,,0
수원선일초등학교,경기,초,공립,,경기도 수원시 권선구 권중로120번길 17 . 수원선일초등학교 (권선동),1,2023.0,교육활동 모델교,1,2019.0,,,,,,,,,,,,,,,,,,,,1
수원신곡초등학교,경기,초,공립,,경기도 수원시 권선구 정조로544번길 13-7 .수원신곡초등학교(세류동),0,,,0,,,,,,,,,,,,,,,,,,,,,0
수원초등학교,경기,초,공립,,경기도 수원시 팔달구 팔달로110번길 26 . 수원초등학교 (고등동. 수원초등학교),0,,,0,,,,,,,,,,,,,,,,,,,,,0
수일초등학교,경기,초,공립,,경기도 수원시 장안구 수일로 85 (파장동.수일초등학교),0,,,1,2017.0,,,,,,,,,,,,,,,,,,,,0
숙지초등학교,경기,초,공립,,경기도 수원시 팔달구 덕영대로735번길 23-1 . 숙지초등학교 (화서동),0,,,0,,,,,,,,,,,,,,,,,,,,,0
신성초등학교,경기,초,공립,,경기도 수원시 영통구 청명북로 42 . 신성초등학교 (영통동),0,,,1,2020.0,,,,,,,,,,,,,,,,,,,,0
신영초등학교,경기,초,공립,,경기도 수원시 영통구 영통로 266 (영통동),0,,,0,,,,,,,,,,,,,,,,,,,,,0
신풍초등학교,경기,초,공립,,경기도 수원시 영통구 도청로17번길 24 .  (이의동. 신풍초등학교),1,2023.0,교육활동 모델교,1,2018.0,,,,,,,,,,,,,,,,,,,,1
안룡초등학교,경기,초,공립,,경기도 수원시 권선구 곡반정로33번길 21 . 안룡초등학교 (곡반정동),0,,,0,,,,,,,,,,,,,,,,,,,,,0
연무초등학교,경기,초,공립,,경기도 수원시 팔달구 창룡대로103번길 60 (매향동),1,2023.0,교육활동 모델교,0,,,,,,,,,,,,,,,,,,,,,0
영덕초등학교,경기,초,공립,,경기도 수원시 영통구 영통로 438 (영통동.영덕초등학교),0,,,1,2020.0,,,,,,,,,,,,,,,,,,,,0
영동초등학교,경기,초,공립,,경기도 수원시 영통구 봉영로1517번길 40 (영통동. 영동초등학교),0,,,0,,,,,,,,,,,,,,,,,,,,,0
영일초등학교,경기,초,공립,,경기도 수원시 영통구 덕영대로1673번길 17 . 영일초등학교 (영통동),0,,,1,2020.0,,,,,,,,,,,,,,,,,,,,0
영통초등학교,경기,초,공립,,경기 수원시 영통구 영통로 328 (영통동.영통초등학교),0,,,0,,,,,,,,,,,,,,,,,,,,,0
영화초등학교,경기,초,공립,,경기도 수원시 장안구 경수대로 838 (조원동),0,,,1,2019.0,,,,,,,,,,,,,,,,,,,,0
오목초등학교,경기,초,공립,,경기도 수원시 권선구 오목천로 24 (오목천동),1,2023.0,교육활동 모델교,1,2020.0,,,,,,,,,,,,,,,,,,,,1
오현초등학교,경기,초,공립,,경기도 수원시 권선구 서수원로 220 . 오현초등학교 (오목천동),1,2023.0,교육활동 모델교,0,,,,,,,,,,,,,,,,,,,,,0
우만초등학교,경기,초,공립,,경기도 수원시 팔달구 창룡대로210번길 20 . 우만초등학교 (우만동),0,,,0,,,,,,,,,,,,,,,,,,,,,0
원일초등학교,경기,초,공립,,경기도 수원시 영통구 중부대로448번길 84번지 (원천동. 원일초등학교),0,,,1,2019.0,,,,,,,,,,,,,,,,,,,,0
원천초등학교,경기,초,공립,,경기도 수원시 영통구 매영로 103 . 원천초등학교 (매탄동),0,,,1,2020.0,,,,,,,,,,,,,,,,,,,,0
율전초등학교,경기,초,공립,,경기도 수원시 장안구 율전로 113 . 율전초등학교 (율전동),0,,,0,,,,,,,,,,,,,,,,,,,,,0
율현초등학교,경기,초,공립,,경기도 수원시 팔달구 정자천로32번길 55 . (화서동.율현초등학교) (화서동),0,,,0,,,,,,,,,,,,,,,,,,,,,0
인계초등학교,경기,초,공립,,경기도 수원시 팔달구 장다리로245번길 12 (인계동.인계초등학교),0,,,0,,,,,,,,,,,,,,,,,,,,,0
일월초등학교,경기,초,공립,,경기도 수원시 권선구 일월천로16번길 27 (구운동),1,2023.0,교육활동 모델교,1,2019.0,,,,,,,,,,,,,,,,,,,,1
입북초등학교,경기,초,공립,,경기도 수원시 권선구 율전로 10 (입북동. 입북초등학교. 입북초등학교병설유치원),0,,,0,,,,,,,,,,,,,,,,,,,,,0
잠원초등학교,경기,초,공립,,경기도 수원시 영통구 태장로54번길 11 . 잠원초등학교 (망포동),0,,,0,,,,,,,,,,,,,,,,,,,,,0
정자초등학교,경기,초,공립,,경기도 수원시 장안구 장안로 191 . 정자초등학교 (정자동),0,,,0,,,,,,,,,,,,,,,,,,,,,0
정천초등학교,경기,초,공립,,경기도 수원시 장안구 화산로 83 . 정천초등학교 (천천동),0,,,0,,,,,,,,,,,,,,,,,,,,,0
조원초등학교,경기,초,공립,,경기도 수원시 장안구 금당로 53 . 조원초등학교 (조원동.조원초등학교),0,,,0,,,,,,,,,,,,,,,,,,,,,0
지동초등학교,경기,초,공립,,경기도 수원시 팔달구 중부대로 67 . 지동초등학교 (지동),0,,,0,,,,,,,,,,,,,,,,,,,,,0
창용초등학교,경기,초,공립,,경기도 수원시 장안구 광교산로140번길 8 . 창용초등학교 (연무동),0,,,0,,,,,,,,,,,,,,,,,,,,,0
천일초등학교,경기,초,공립,,경기도 수원시 장안구 정자로19번길 13 . 천일초등학교 (천천동),0,,,0,,,,,,,,,,,,,,,,,,,,,0
천천초등학교,경기,초,공립,,경기도 수원시 장안구 정자로42번길 17 (천천동),0,,,0,,,,,,,,,,,,,,,,,,,,,0
청명초등학교,경기,초,공립,,경기도 수원시 영통구 봉영로1744번길 41 (영통동),0,,,0,,,,,,,,,,,,,,,,,,,,,0
칠보초등학교,경기,초,공립,,경기도 수원시 권선구 금호로37번길 15 . 칠보초등학교 (금곡동),1,2023.0,교육활동 모델교,0,,,,,,,,,,,,,,,,,,,,,0
탑동초등학교,경기,초,공립,,경기도 수원시 권선구 탑동로 55 (탑동)탑동초등학교,0,,,0,,,,,,,,,,,,,,,,,,,,,0
태장초등학교,경기,초,공립,,경기도 수원시 영통구 태장로71번길 30 . 태장초등학교 (망포동),0,,,0,,,,,,,,,,,,,,,,,,,,,0
파장초등학교,경기,초,공립,,경기도 수원시 장안구 경수대로1081번길 32-9 . 파장초등학교 (파장동),0,,,1,2019.0,,,,,,,,,,,,,,,,,,,,0
팔달초등학교,경기,초,공립,,경기도 수원시 팔달구 권광로367번길 22 (우만동),0,,,0,,,,,,,,,,,,,,,,,,,,,0
한일초등학교,경기,초,공립,,경기도 수원시 장안구 수일로 150 (조원동. 한일초등학교),1,2023.0,교육활동 모델교,1,2020.0,,,,,,,,,,,,,,,,,,,,1
호매실초등학교,경기,초,공립,,경기도 수원시 권선구 매실로 48 (호매실동),0,,,1,2018.0,,,,,,,,,,,,,,,,,,,,0
황곡초등학교,경기,초,공립,,경기도 수원시 영통구 영통로 518 (영통동. 황곡초등학교),0,,,0,,,,,,,,,,,,,,,,,,,,,0
화서초등학교,경기,초,공립,,경기도 수원시 팔달구 팔달로127번길 54-11 (화서동.화서초등학교),0,,,0,,,,,,,,,,,,,,,,,,,,,0
화양초등학교,경기,초,공립,,경기도 수원시 팔달구 덕영대로735번길 65 (화서동),0,,,0,,,,,,,,,,,,,,,,,,,,,0
화홍초등학교,경기,초,공립,,경기도 수원시 팔달구 수성로258번길 70 . 화서동. 화홍초등학교,0,,,0,,,,,,,,,,,,,,,,,,,,,0
효동초등학교,경기,초,공립,,경기도 수원시 영통구 매탄로126번길 27 (매탄동. 효동초등학교),0,,,0,,,,,,,,,,,,,,,,,,,,,0
효성초등학교,경기,초,공립,,경기도 수원시 팔달구 월드컵로 256 . 효성초등학교 (우만동),0,,,0,,,,,,,,,,,,,,,,,,,,,0
효원초등학교,경기,초,공립,,경기도 수원시 영통구 효원로358번길 16 (매탄동),0,,,1,2015.0,,,,,,,,,,,,,,,,,,,,0
효정초등학교,경기,초,공립,,경기도 수원시 권선구 동수원로285번길 5 . 효정초등학교 (권선동),0,,,0,,,,,,,,,,,,,,,,,,,,,0
효천초등학교,경기,초,공립,,경기도 수원시 장안구 천천로21번길 11 (정자동),0,,,0,,,,,,,,,,,,,,,,,,,,,0
효탑초등학교,경기,초,공립,,경기도 수원시 권선구 효탑로16번길 17 . 효탑초등학교 (탑동),0,,,0,,,,,,,,,,,,,,,,,,,,,0
소화초등학교,경기,초,사립,,경기도 수원시 영통구 광교중앙로 30 (원천동),0,,,0,,,,,,,,,,,,,,,,,,,,,0
중앙기독초등학교,경기,초,사립,,경기도 수원시 영통구 월드컵로 70 (원천동),0,,,0,,,,,,,,,,,,,,,,,,,,,0
매여울초등학교,경기,초,공립,,경기도 수원시 팔달구 권광로260번길 20 . 매여울초등학교 (인계동),0,,,0,,,,,,,,,,,,,,,,,,,,,0
다솔초등학교,경기,초,공립,,경기도 수원시 장안구 이목로 24-35 . 다솔초등학교 (정자동),0,,,0,,,,,,,,,,,,,,,,,,,,,0
광교중학교,경기,중,공립,남여공학,경기도 수원시 영통구 웰빙타운로 55 (이의동.광교중학교),0,,,0,,,,,,,,,,,,,,,,,,,,,0
이의중학교,경기,중,공립,남여공학,경기도 수원시 영통구 법조로 129 (하동. 이의중학교),0,,,0,,,,,,,,,,,,,,,,,,,,,0
서호중학교,경기,중,공립,남여공학,경기도 수원시 권선구 서호로 71 (서둔동),0,,,0,,,,,,,,,,,,,,,,,,,,,0
곡반중학교,경기,중,공립,남여공학,경기도 수원시 권선구 동수원로146번길 144-7 (곡반정동. 곡반중학교),0,,,0,,,,,,,,,,,,,,,,,,,,,0
고색중학교,경기,중,공립,남여공학,경기도 수원시 권선구 매송고색로711번길 50 (고색동.고색중학교),0,,,1,2020.0,,,,,,,,,,,,,,,,,,,,0
곡선중학교,경기,중,공립,남여공학,경기도 수원시 권선구 경수대로312번길 23-10 . 곡선중학교 (권선동),0,,,0,,,,,,,,,,,,,,,,,,,,,0
구운중학교,경기,중,공립,남여공학,경기도 수원시 권선구 금호로 257 . 구운중학교 (구운동),0,,,1,2018.0,,,,,,,,,,,,,,,,,,,,0
권선중학교,경기,중,공립,남여공학,경기도 수원시 권선구 경수대로 239 (세류동.권선중학교),0,,,0,,,,,,,,,,,,,,,,,,,,,0
능실중학교,경기,중,공립,남여공학,경기도 수원시 권선구 호매실로165번길 28-1 (호매실동),0,,,0,,,,,,,,,,,,,,,,,,,,,0
남수원중학교,경기,중,공립,남여공학,경기도 수원시 권선구 권중로 162 (권선동. 남수원중학교),0,,,0,,,,,,,,,,,,,,,,,,,,,0
대평중학교,경기,중,공립,남여공학,경기도 수원시 장안구 만석로68번길 7 (정자동),0,,,0,,,,,,,,,,,,,,,,,,,,,0
동성중학교,경기,중,공립,남여공학,경기도 수원시 팔달구 월드컵로 293 (우만동. 동성중학교),1,2023.0,교육활동 모델교,0,,,,,,,,,,,,,,,,,,,,,0
동수원중학교,경기,중,공립,남여공학,경기도 수원시 영통구 동탄원천로1109번길 92 . 동수원중학교 (매탄동),0,,,0,,,,,,,,,,,,,,,,,,,,,0
망포중학교,경기,중,공립,남여공학,경기도 수원시 영통구 태장로82번길 15 (망포동),0,,,0,,,,,,,,,,,,,,,,,,,,,0
매원중학교,경기,중,공립,남여공학,경기도 수원시 영통구 매탄로 177 (매탄동),0,,,1,2016.0,,,,,,,,,,,,,,,,,,,,0
매탄중학교,경기,중,공립,남여공학,경기도 수원시 영통구 효원로 337 . 매탄중학교 (매탄동),0,,,0,,,,,,,,,,,,,,,,,,,,,0
매현중학교,경기,중,공립,남여공학,경기도 수원시 영통구 동탄원천로881번길 20 . 매현중학교 (매탄동. 매현중학교),0,,,0,,,,,,,,,,,,,,,,,,,,,0
명인중학교,경기,중,공립,남여공학,경기도 수원시 장안구 정자천로134번길 37 (정자동),0,,,0,,,,,,,,,,,,,,,,,,,,,0
산남중학교,경기,중,공립,남여공학,경기도 수원시 영통구 매영로 79 (매탄동. 산남중학교),0,,,1,2020.0,,,,,,,,,,,,,,,,,,,,0
상촌중학교,경기,중,공립,남여공학,경기도 수원시 권선구 금곡로73번길 60 (금곡동.상촌중학교),0,,,0,,,,,,,,,,,,,,,,,,,,,0
세류중학교,경기,중,공립,남여공학,경기도 수원시 권선구 덕영대로1031번길 6 . 세류중학교 (세류동),0,,,0,,,,,,,,,,,,,,,,,,,,,0
수원다산중학교,경기,중,공립,남여공학,경기도 수원시 영통구 혜령로 12 . 수원다산중학교 (이의동. 수원다산중학교),0,,,0,,,,,,,,,,,,,,,,,,,,,0
송원중학교,경기,중,공립,남여공학,경기 수원시 장안구 송정로21번길 42 (송죽동.송원중학교),1,2023.0,교육활동 모델교,0,,,,,,,,,,,,,,,,,,,,,0
창용중학교,경기,중,공립,남여공학,경기도 수원시 장안구 연무로8 (연무동),0,,,0,,,,,,,,,,,,,,,,,,,,,0
수성중학교,경기,중,공립,남자,경기도 수원시 장안구 수성로363번길 2 (조원동. 수성중학교),0,,,0,,,,,,,,,,,,,,,,,,,,,0
수원북중학교,경기,중,공립,남여공학,경기도 수원시 장안구 광교산로 37 . 수원북중학교 (영화동),0,,,1,2018.0,,,,,,,,,,,,,,,,,,,,0
영동중학교,경기,중,공립,남여공학,경기도 수원시 영통구 영통로 225 (신동.영동중학교),0,,,0,,,,,,,,,,,,,,,,,,,,,0
수원제일중학교,경기,중,공립,남여공학,경기도 수원시 팔달구 수성로244번길 37-52 . 수원제일중학교 (화서동),0,,,0,,,,,,,,,,,,,,,,,,,,,0
수일여자중학교,경기,중,공립,여자,경기도 수원시 장안구 수일로 145 (조원동.수일여자중학교),0,,,1,2018.0,,,,,,,,,,,,,,,,,,,,0
수일중학교,경기,중,공립,남자,경기도 수원시 장안구 수일로 103 (파장동),0,,,0,,,,,,,,,,,,,,,,,,,,,0
숙지중학교,경기,중,공립,남여공학,경기도 수원시 팔달구 덕영대로735번길 23 (화서동.숙지중학교),0,,,0,,,,,,,,,,,,,,,,,,,,,0
연무중학교,경기,중,공립,남여공학,경기도 수원시 영통구 센트럴타운로100번길 30 (이의동),0,,,1,2020.0,,,,,,,,,,,,,,,,,,,,0
영덕중학교,경기,중,공립,남여공학,경기도 수원시 영통구 청명로 146 (영통동. 영덕중학교),0,,,0,,,,,,,,,,,,,,,,,,,,,0
영일중학교,경기,중,공립,남여공학,경기도 수원시 영통구 매영로 393 (영통동.영일중학교),1,2023.0,정보교육실 구축교,0,,,,,,,,,,,,,,,,,,,,,0
잠원중학교,경기,중,공립,남여공학,경기도 수원시 영통구 태장로 25 (망포동.잠원중학교),0,,,0,,,,,,,,,,,,,,,,,,,,,0
조원중학교,경기,중,공립,남여공학,경기도 수원시 장안구 수일로233번길 35 . 조원중학교 (조원동. 조원중학교),0,,,1,2020.0,,,,,,,,,,,,,,,,,,,,0
영통중학교,경기,중,공립,남여공학,경기도 수원시 영통구 영통로 316 (영통동),0,,,0,,,,,,,,,,,,,,,,,,,,,0
원천중학교,경기,중,공립,남여공학,경기도 수원시 영통구 동수원로551번길 38 (원천동),0,,,0,,,,,,,,,,,,,,,,,,,,,0
율전중학교,경기,중,공립,남여공학,경기도 수원시 장안구 덕영대로381번길 59 . 율전중학교 (율전동),0,,,0,,,,,,,,,,,,,,,,,,,,,0
율현중학교,경기,중,공립,남여공학,경기도 수원시 팔달구 일월로22번길 60 (화서동. 율현중학교),0,,,0,,,,,,,,,,,,,,,,,,,,,0
이목중학교,경기,중,공립,남여공학,경기도 수원시 장안구 장안로 426 (이목동),0,,,0,,,,,,,,,,,,,,,,,,,,,0
정천중학교,경기,중,공립,남여공학,경기도 수원시 팔달구 정자천로32번길 11 (화서동),0,,,0,,,,,,,,,,,,,,,,,,,,,0
천천중학교,경기,중,공립,남여공학,경기도 수원시 장안구 정자로42번길 16 (천천동.천천중학교),0,,,0,,,,,,,,,,,,,,,,,,,,,0
청명중학교,경기,중,공립,남여공학,경기도 수원시 영통구 청명북로 118 . 청명중학교 (영통동. 청명중학교),0,,,1,2020.0,,,,,,,,,,,,,,,,,,,,0
칠보중학교,경기,중,공립,남여공학,경기도 수원시 권선구 금곡로 126 (금곡동. 칠보중학교),0,,,0,,,,,,,,,,,,,,,,,,,,,0
태장중학교,경기,중,공립,남여공학,경기도 수원시 영통구 봉영로1517번길 45 . 태장중학교 (영통동),0,,,0,,,,,,,,,,,,,,,,,,,,,0
호매실중학교,경기,중,공립,남여공학,경기도 수원시 권선구 금호로 32 (호매실동),0,,,0,,,,,,,,,,,,,,,,,,,,,0
화홍중학교,경기,중,공립,남여공학,경기도 수원시 권선구 덕영대로1323번길 25-11 (권선동.화홍중학교),0,,,0,,,,,,,,,,,,,,,,,,,,,0
매향중학교,경기,중,사립,남여공학,경기도 수원시 팔달구 수원천로392번길 44-22 (매향동),0,,,0,,,,,,,,,,,,,,,,,,,,,0
수원중학교,경기,중,사립,남여공학,경기도 수원시 팔달구 정조로 666-10 . 수원중학교 (매교동),0,,,0,,,,,,,,,,,,,,,,,,,,,0
삼일중학교,경기,중,사립,남여공학,경기도 수원시 팔달구 수원천로 342 . 삼일중학교 (매향동),0,,,1,2020.0,,,,,,,,,,,,,,,,,,,,0
영복여자중학교,경기,중,사립,여자,경기도 수원시 팔달구 장안로7번길 49 (화서동),0,,,0,,,,,,,,,,,,,,,,,,,,,0
영신중학교,경기,중,사립,남여공학,경기도 수원시 권선구 삼천병마로1566번길 30 . 영신중학교 (오목천동),0,,,0,,,,,,,,,,,,,,,,,,,,,0
중앙기독중학교,경기,중,사립,남여공학,경기도 수원시 영통구 월드컵로 70 (원천동),0,,,0,,,,,,,,,,,,,,,,,,,,,0
수원원일중학교,경기,중,공립,남여공학,경기도 수원시 영통구 삼성로213번길 122 . 수원원일중학교 (매탄동),0,,,0,,,,,,,,,,,,,,,,,,,,,0
경기체육중학교,경기,중,공립,남여공학,경기도 수원시 장안구 상률로 106 (천천동.경기체고),0,,,0,,,,,,,,,,,,,,,,,,,,,0
금빛초등학교,경기,초,공립,,경기도 성남시 수정구 남문로 112 (태평동.금빛초등학교),0,,,0,,,,,,,,,,,,,,,,,,,,,0
위례한빛초등학교,경기,초,공립,,경기도 성남시 수정구 위례동로 55 (창곡동. 위례한빛초등학교),0,,,0,,,,,,,,,,,,,,,,,,,,,0
위례푸른초등학교,경기,초,공립,,경기도 성남시 수정구 위례순환로 205 (창곡동),0,,,0,,,,,,,,,,,,,,,,,,,,,0
위례고운초등학교,경기,초,공립,,경기도 성남시 수정구 위례순환로 155 (창곡동),0,,,1,2020.0,,,,,,,,,,,,,,,,,,,,0
검단초등학교,경기,초,공립,,경기도 성남시 중원구 원터로 25 . 검단초등학교 (하대원동),0,,,1,2020.0,,,,,,,,,,,,,,,,,,,,0
운중초등학교,경기,초,공립,,경기도 성남시 분당구 운중로45번길 8 (운중동),0,,,1,2020.0,,,,,,,,,,,,,,,,,,,,0
구미초등학교,경기,초,공립,,경기도 성남시 분당구 미금로22번길 25 (구미동),0,,,1,2020.0,,,,,,,,,,,,,,,,,,,,0
단남초등학교,경기,초,공립,,경기도 성남시 중원구 광명로300번길 25 (금광동.단남초등학교),0,,,0,,,,,,,,,,,,,,,,,,,,,0
금상초등학교,경기,초,공립,,경기도 성남시 중원구 금상로 97 . 금광1동 1645번지 (금광동),0,,,1,2018.0,,,,,,,,,,,,,,,,,,,,0
낙생초등학교,경기,초,공립,,경기도 성남시 분당구 서판교로74번길 11 . 낙생초등학교 (판교동. 낙생초등학교),0,,,0,,,,,,,,,,,,,,,,,,,,,0
서당초등학교,경기,초,공립,,경기도 성남시 분당구 돌마로476번길 30 (서현동),0,,,1,2020.0,,,,,,,,,,,,,,,,,,,,0
내정초등학교,경기,초,공립,,경기도 성남시 분당구 내정로174번길 19 . 내정초등학교 (수내동. 내정초등학교),0,,,0,,,,,,,,,,,,,,,,,,,,,0
단대초등학교,경기,초,공립,,경기도 성남시 수정구 단대로 30 (단대초등학교),0,,,0,,,,,,,,,,,,,,,,,,,,,0
당촌초등학교,경기,초,공립,,경기도 성남시 분당구 분당로 196 (분당동),1,2023.0,교육활동 모델교,1,2018.0,,,,,,,,,,,,,,,,,,,,1
대원초등학교,경기,초,공립,,경기도 성남시 중원구 희망로 343번길 . 24  (상대원동),0,,,0,,,,,,,,,,,,,,,,,,,,,0
대일초등학교,경기,초,공립,,경기도 성남시 중원구 금상로58번길 22 (상대원동. 대일초등학교),0,,,0,,,,,,,,,,,,,,,,,,,,,0
대하초등학교,경기,초,공립,,경기도 성남시 중원구 시민로 14 (하대원동),0,,,1,2018.0,,,,,,,,,,,,,,,,,,,,0
성남여수초등학교,경기,초,공립,,경기도 성남시 중원구 여수울로 37 . 성남여수초등학교 (여수동),0,,,0,,,,,,,,,,,,,,,,,,,,,0
돌마초등학교,경기,초,공립,,경기도 성남시 분당구 야탑로 96-7 . 돌마초등학교 (야탑동),0,,,0,,,,,,,,,,,,,,,,,,,,,0
백현초등학교,경기,초,공립,,경기도 성남시 분당구 백현로144번길 26 (정자동),0,,,0,,,,,,,,,,,,,,,,,,,,,0
복정초등학교,경기,초,공립,,경기도 성남시 수정구 성남대로1480번길 25 (복정동.복정초등학교),0,,,0,,,,,,,,,,,,,,,,,,,,,0
분당초등학교,경기,초,공립,,경기도 성남시 분당구 중앙공원로32번길 20 (서현동),0,,,1,2020.0,,,,,,,,,,,,,,,,,,,,0
불곡초등학교,경기,초,공립,,경기도 성남시 분당구 무지개로 129 . 불곡초등학교 (구미동),0,,,0,,,,,,,,,,,,,,,,,,,,,0
불정초등학교,경기,초,공립,,경기도 성남시 분당구 돌마로 250 (정자동),1,2023.0,교육활동 모델교,0,,,,,,,,,,,,,,,,,,,,,0
상원초등학교,경기,초,공립,,경기도 성남시 중원구 은행로 6 . 상원초등학교 (은행동),0,,,0,,,,,,,,,,,,,,,,,,,,,0
상탑초등학교,경기,초,공립,,경기도 성남시 분당구 판교로 647 . 상탑초등학교 (야탑동),0,,,1,2016.0,,,,,,,,,,,,,,,,,,,,0
서현초등학교,경기,초,공립,,경기도 성남시 분당구 중앙공원로39번길 12 . 서현초등학교 (서현동),1,2023.0,교육활동 모델교,1,2016.0,,,,,,,,,,,,,,,,,,,,1
성남초등학교,경기,초,공립,,경기도 성남시 수정구 수정로 233 . 성남초등학교 (태평동),1,2023.0,교육활동 모델교,0,,,,,,,,,,,,,,,,,,,,,0
성남동초등학교,경기,초,공립,,경기도 성남시 중원구 자혜로32번길 10 (금광동. 성남동초등학교),0,,,0,,,,,,,,,,,,,,,,,,,,,0
성남매송초등학교,경기,초,공립,,경기도 성남시 분당구 탄천로 97 .성남매송초(이매동),0,,,0,,,,,,,,,,,,,,,,,,,,,0
성남미금초등학교,경기,초,공립,,경기도 성남시 분당구 미금로 151 . 성남미금초등학교 (구미동),0,,,0,,,,,,,,,,,,,,,,,,,,,0
성남북초등학교,경기,초,공립,,경기도 성남시 수정구 희망로534번길 3 (산성동. 성남북초등학교),0,,,0,,,,,,,,,,,,,,,,,,,,,0
성남서초등학교,경기,초,공립,,경기도 성남시 수정구 태평로 19 (태평동),0,,,0,,,,,,,,,,,,,,,,,,,,,0
성남신기초등학교,경기,초,공립,,경기도 성남시 분당구 황새울로 74 (정자동),0,,,0,,,,,,,,,,,,,,,,,,,,,0
성남신흥초등학교,경기,초,공립,,경기도 성남시 수정구 공원로436번길 17 . 성남신흥초등학교 (신흥동),0,,,0,,,,,,,,,,,,,,,,,,,,,0
성남은행초등학교,경기,초,공립,,경기도 성남시 중원구 순환로447번길 11 . 성남은행초등학교 (은행동),0,,,0,,,,,,,,,,,,,,,,,,,,,0
성남장안초등학교,경기,초,공립,,경기도 성남시 분당구 장안로51번길 10 . (분당동.성남장안초등학교),0,,,0,,,,,,,,,,,,,,,,,,,,,0
성남제일초등학교,경기,초,공립,,경기도 성남시 중원구 광명로184번길 23 (중앙동),0,,,0,,,,,,,,,,,,,,,,,,,,,0
성남수정초등학교,경기,초,공립,,경기도 성남시 수정구 제일로123번길 9 (수진동. 성남수정초등학교),0,,,0,,,,,,,,,,,,,,,,,,,,,0
성남중앙초등학교,경기,초,공립,,경기도 성남시 중원구 원터로94번길 7 . 성남중앙초등학교 (성남동),0,,,0,,,,,,,,,,,,,,,,,,,,,0
성수초등학교,경기,초,공립,,경기도 성남시 수정구 모란로 11 (수진동.성수초등학교),0,,,0,,,,,,,,,,,,,,,,,,,,,0
수내초등학교,경기,초,공립,,경기도 성남시 분당구 백현로243번길 12 . 수내초등학교 (수내동),0,,,1,2018.0,,,,,,,,,,,,,,,,,,,,0
수진초등학교,경기,초,공립,,경기도 성남시 수정구 탄리로95번길 16 . 수진초등학교 (태평동),0,,,0,,,,,,,,,,,,,,,,,,,,,0
안말초등학교,경기,초,공립,,경기도 성남시 분당구 양현로 104 (이매동. 안말초등학교),0,,,0,,,,,,,,,,,,,,,,,,,,,0
야탑초등학교,경기,초,공립,,경기 성남시 분당구 양현로 400 . 야탑초등학교 (야탑동.야탑초등학교),0,,,0,,,,,,,,,,,,,,,,,,,,,0
양영초등학교,경기,초,공립,,경기도 성남시 분당구 불정로406번길 17 (서현동),0,,,0,,,,,,,,,,,,,,,,,,,,,0
오리초등학교,경기,초,공립,,경기도 성남시 분당구 미금로 121 . 오리초등학교 (구미동. 오리초등학교),0,,,0,,,,,,,,,,,,,,,,,,,,,0
왕남초등학교,경기,초,공립,,경기도 성남시 수정구 대왕판교로959번길 48 (고등동),1,2023.0,정보교육실 구축교,0,,,,,,,,,,,,,,,,,,,,,0
이매초등학교,경기,초,공립,,경기도 성남시 분당구 양현로 146 (이매동),1,2023.0,정보교육실 구축교,0,,,,,,,,,,,,,,,,,,,,,0
중부초등학교,경기,초,공립,,경기도 성남시 중원구 자혜로 55 . 중부초등학교 (은행동),0,,,0,,,,,,,,,,,,,,,,,,,,,0
중원초등학교,경기,초,공립,,경기도 성남시 중원구 사기막골로31번길 46 (상대원동. 중원초등학교),0,,,1,2016.0,,,,,,,,,,,,,,,,,,,,0
중탑초등학교,경기,초,공립,,경기도 성남시 분당구 벌말로 68 (야탑동. 중탑초등학교),0,,,0,,,,,,,,,,,,,,,,,,,,,0
초림초등학교,경기,초,공립,,경기도 성남시 분당구 수내로90번길 26 (수내동),1,2023.0,교육활동 모델교,1,2017.0,,,,,,,,,,,,,,,,,,,,1
청솔초등학교,경기,초,공립,,경기도 성남시 분당구 금곡로 243 . 청솔초등학교(금곡동. 청솔초등학교) (금곡동),0,,,1,2020.0,,,,,,,,,,,,,,,,,,,,0
탄천초등학교,경기,초,공립,,경기도 성남시 분당구 내정로 20 . 탄천초등학교 (정자동),0,,,0,,,,,,,,,,,,,,,,,,,,,0
태평초등학교,경기,초,공립,,경기도 성남시 수정구 남문로32번길 7 . 태평초등학교 (태평동),0,,,0,,,,,,,,,,,,,,,,,,,,,0
하원초등학교,경기,초,공립,,경기도 성남시 중원구 광명로 396 (금광동. 하원초등학교),0,,,0,,,,,,,,,,,,,,,,,,,,,0
하탑초등학교,경기,초,공립,,경기도 성남시 분당구 양현로 262 (야탑동),0,,,0,,,,,,,,,,,,,,,,,,,,,0
한솔초등학교,경기,초,공립,,경기도 성남시 분당구 돌마로 303 . 한솔초등학교 (정자동),0,,,0,,,,,,,,,,,,,,,,,,,,,0
희망대초등학교,경기,초,공립,,경기도 성남시 수정구 공원로370번길 29 (신흥동.희망대초등학교),0,,,0,,,,,,,,,,,,,,,,,,,,,0
상대원초등학교,경기,초,공립,,경기도 성남시 중원구 순환로214번길 16 . 상대원초등학교 (상대원동),0,,,0,,,,,,,,,,,,,,,,,,,,,0
늘푸른초등학교,경기,초,공립,,경기도 성남시 분당구 정자일로 87 . 늘푸른초등학교 (정자동),0,,,0,,,,,,,,,,,,,,,,,,,,,0
성남정자초등학교,경기,초,공립,,경기도 성남시 분당구 분당수서로 442 . 성남정자초등학교 (정자동),0,,,0,,,,,,,,,,,,,,,,,,,,,0
성남양지초등학교,경기,초,공립,,경기도 성남시 수정구 논골로36번길 33 (양지동),0,,,0,,,,,,,,,,,,,,,,,,,,,0
도촌초등학교,경기,초,공립,,경기도 성남시 중원구 도촌남로 99 . 도촌초등학교 (도촌동),0,,,0,,,,,,,,,,,,,,,,,,,,,0
산운초등학교,경기,초,공립,,경기도 성남시 분당구 판교원로117번길 11 (운중동),0,,,1,2018.0,,,,,,,,,,,,,,,,,,,,0
성남송현초등학교,경기,초,공립,,경기도 성남시 분당구 동판교로 258 (삼평동),1,2023.0,교육활동 모델교,1,2019.0,,,,,,,,,,,,,,,,,,,,1
보평초등학교,경기,초,공립,,경기도 성남시 분당구 동판교로 154 . 보평초등학교 (삼평동),0,,,0,,,,,,,,,,,,,,,,,,,,,0
신백현초등학교,경기,초,공립,,경기도 성남시 분당구 판교역로14번길 42 . 신백현초등학교 (백현동),0,,,0,,,,,,,,,,,,,,,,,,,,,0
판교초등학교,경기,초,공립,,경기도 성남시 분당구 판교원로 231 . 판교초등학교  (판교동),0,,,0,,,,,,,,,,,,,,,,,,,,,0
위례중앙초등학교,경기,초,공립,,경기도 성남시 수정구 위례순환로 71 . 위례중앙초등학교 (창곡동),0,,,0,,,,,,,,,,,,,,,,,,,,,0
성남화랑초등학교,경기,초,공립,,경기도 성남시 분당구 동판교로 77 (백현동),0,,,0,,,,,,,,,,,,,,,,,,,,,0
성남중학교,경기,중,공립,남여공학,경기도 성남시 중원구 원터로 64 (성남동),0,,,0,,,,,,,,,,,,,,,,,,,,,0
늘푸른중학교,경기,중,공립,남여공학,경기도 성남시 분당구 정자일로 77 . 늘푸른중학교 (정자동),0,,,0,,,,,,,,,,,,,,,,,,,,,0
위례중앙중학교,경기,중,공립,남여공학,경기도 성남시 수정구 위례순환로 91 (창곡동),0,,,0,,,,,,,,,,,,,,,,,,,,,0
위례한빛중학교,경기,중,공립,남여공학,경기도 성남시 수정구 위례동로 85 . (창곡동. 위례한빛중학교),0,,,0,,,,,,,,,,,,,,,,,,,,,0
금광중학교,경기,중,공립,남여공학,경기도 성남시 중원구 황송로 25 (금광동),0,,,1,2020.0,,,,,,,,,,,,,,,,,,,,0
내정중학교,경기,중,공립,남여공학,경기도 성남시 분당구 백현로 197 . 내정중학교 (수내동. 내정중학교),0,,,0,,,,,,,,,,,,,,,,,,,,,0
대원중학교,경기,중,공립,남여공학,경기도 성남시 중원구 황송로 35 (금광동),0,,,0,,,,,,,,,,,,,,,,,,,,,0
매송중학교,경기,중,공립,남여공학,경기도 성남시 분당구 탄천로 49 (이매동),0,,,0,,,,,,,,,,,,,,,,,,,,,0
백현중학교,경기,중,공립,남여공학,경기도 성남시 분당구 황새울로 124 (정자동. 백현중학교),0,,,0,,,,,,,,,,,,,,,,,,,,,0
분당중학교,경기,중,공립,남여공학,경기도 성남시 분당구 황새울로 4 (정자동),0,,,0,,,,,,,,,,,,,,,,,,,,,0
불곡중학교,경기,중,공립,남여공학,경기도 성남시 분당구 금곡로 139 (구미동. 불곡중학교),0,,,0,,,,,,,,,,,,,,,,,,,,,0
상원여자중학교,경기,중,공립,여자,경기도 성남시 수정구 논골로35번길 6-1 (단대동),0,,,0,,,,,,,,,,,,,,,,,,,,,0
서현중학교,경기,중,공립,남여공학,경기도 성남시 분당구 중앙공원로 54-1 (서현동.서현중학교),0,,,1,2020.0,,,,,,,,,,,,,,,,,,,,0
창성중학교,경기,중,공립,남여공학,경기도 성남시 수정구 수정로 386 (산성동),0,,,0,,,,,,,,,,,,,,,,,,,,,0
성남동중학교,경기,중,공립,남여공학,경기도 성남시 중원구 광명로361번길 23 (금광동),1,2023.0,교육활동 모델교,0,,,,,,,,,,,,,,,,,,,,,0
성남문원중학교,경기,중,공립,남자,경기도 성남시 수정구 논골로 79 (단대동.성남문원중학교),0,,,0,,,,,,,,,,,,,,,,,,,,,0
성남서중학교,경기,중,공립,남자,경기도 성남시 수정구 희망로 496 (단대동. 성남서중학교),0,,,0,,,,,,,,,,,,,,,,,,,,,0
성남여자중학교,경기,중,공립,여자,경기도 성남시 수정구 공원로 446 . 성남여자중학교 (신흥동),0,,,0,,,,,,,,,,,,,,,,,,,,,0
수내중학교,경기,중,공립,남여공학,경기도 성남시 분당구 수내로192번길 12 (수내동. 수내중학교),0,,,0,,,,,,,,,,,,,,,,,,,,,0
야탑중학교,경기,중,공립,남여공학,경기도 성남시 분당구 양현로 442 . 야탑중학교 (야탑동),0,,,0,,,,,,,,,,,,,,,,,,,,,0
양영중학교,경기,중,공립,남여공학,경기도 성남시 분당구 돌마로486번길 23 . 양영중학교 (서현동),0,,,0,,,,,,,,,,,,,,,,,,,,,0
청솔중학교,경기,중,공립,남여공학,경기도 성남시 분당구 금곡로 283 (금곡동),0,,,0,,,,,,,,,,,,,,,,,,,,,0
영성중학교,경기,중,공립,남자,경기도 성남시 중원구 둔촌대로248번길 7 . 영성중학교 (하대원동),0,,,1,2020.0,,,,,,,,,,,,,,,,,,,,0
은행중학교,경기,중,공립,남여공학,경기도 성남시 중원구 순환로379번길 20 (은행동),0,,,0,,,,,,,,,,,,,,,,,,,,,0
이매중학교,경기,중,공립,남여공학,경기도 성남시 분당구 양현로 194 (이매동. 이매중학교),0,,,0,,,,,,,,,,,,,,,,,,,,,0
장안중학교,경기,중,공립,남여공학,경기도 성남시 분당구 장안로 70 (분당동.장안중학교),0,,,0,,,,,,,,,,,,,,,,,,,,,0
정자중학교,경기,중,공립,남여공학,경기도 성남시 분당구 황새울로 60 . 정자중학교 (정자동),0,,,0,,,,,,,,,,,,,,,,,,,,,0
태평중학교,경기,중,공립,남여공학,경기도 성남시 수정구 제일로 223 . 태평중학교 (태평동),0,,,1,2020.0,,,,,,,,,,,,,,,,,,,,0
하탑중학교,경기,중,공립,남여공학,경기도 성남시 분당구 벌말로 11 . 하탑중학교 (야탑동),0,,,0,,,,,,,,,,,,,,,,,,,,,0
동광중학교,경기,중,사립,남여공학,경기도 성남시 중원구 원터로 84 . 동광중학교 (성남동),0,,,0,,,,,,,,,,,,,,,,,,,,,0
성일중학교,경기,중,사립,남여공학,경기도 성남시 중원구 시민로77번길 10 (성남동.성일중학교),1,2023.0,교육활동 모델교,1,2018.0,,,,,,,,,,,,,,,,,,,,1
송림중학교,경기,중,사립,남여공학,경기도 성남시 분당구 이매로 100 (이매동),0,,,0,,,,,,,,,,,,,,,,,,,,,0
숭신여자중학교,경기,중,사립,여자,경기도 성남시 중원구 황송로 77번길 . 34 (금광동),0,,,0,,,,,,,,,,,,,,,,,,,,,0
풍생중학교,경기,중,사립,남자,경기도 성남시 수정구 산성대로 111 . 풍생중학교 (수진동),0,,,0,,,,,,,,,,,,,,,,,,,,,0
구미중학교,경기,중,공립,남여공학,경기도 성남시 분당구 구미로173번길 29 (구미동. 구미중학교),0,,,0,,,,,,,,,,,,,,,,,,,,,0
이우중학교,경기,중,사립,남여공학,경기도 성남시 분당구 동막로 287 . 이우중고등학교 (동원동),0,,,0,,,,,,,,,,,,,,,,,,,,,0
도촌중학교,경기,중,공립,남여공학,경기도 성남시 중원구 도촌북로 50 . 도촌중학교 (도촌동.도촌중학교),0,,,0,,,,,,,,,,,,,,,,,,,,,0
샛별중학교,경기,중,공립,남여공학,경기도 성남시 분당구 불정로 288 (수내동. 샛별중학교),1,2023.0,교육활동 모델교,1,2020.0,,,,,,,,,,,,,,,,,,,,1
수진중학교,경기,중,공립,남여공학,경기도 성남시 수정구 모란로 55 . 수진중학교 (수진동),0,,,0,,,,,,,,,,,,,,,,,,,,,0
운중중학교,경기,중,공립,남여공학,경기도 성남시 분당구 운중로 96 (운중동),0,,,0,,,,,,,,,,,,,,,,,,,,,0
판교중학교,경기,중,공립,남여공학,경기도 성남시 분당구 판교원로 193 . 판교중학교 (판교동. 판교중학교),0,,,1,2019.0,,,,,,,,,,,,,,,,,,,,0
삼평중학교,경기,중,공립,남여공학,경기도 성남시 분당구 대왕판교로644번길 77 (삼평동),0,,,0,,,,,,,,,,,,,,,,,,,,,0
보평중학교,경기,중,공립,남여공학,경기도 성남시 분당구 동판교로 131 (백현동),0,,,0,,,,,,,,,,,,,,,,,,,,,0
낙원중학교,경기,중,공립,남여공학,경기도 성남시 분당구 서판교로132번길 11 (판교동. 낙원중학교),0,,,0,,,,,,,,,,,,,,,,,,,,,0
신백현중학교,경기,중,공립,남여공학,경기도 성남시 분당구 판교역로50번길 19 . 신백현중학교 (백현동),0,,,0,,,,,,,,,,,,,,,,,,,,,0
계남초등학교,경기,초,공립,,경기도 부천시 원미구 조마루로 255 . 계남초등학교 (중동),0,,,0,,,,,,,,,,,,,,,,,,,,,0
고강초등학교,경기,초,공립,,경기도 부천시 역곡로482번길 57 (고강동. 고강초등학교),0,,,0,,,,,,,,,,,,,,,,,,,,,0
까치울초등학교,경기,초,공립,,경기도 부천시 오정구 역곡로324번길 14 (작동.까치울초등학교),0,,,1,2019.0,,,,,,,,,,,,,,,,,,,,0
옥길버들초등학교,경기,초,공립,,경기도 부천시 양지로234-5 . 옥길버들초등학교 (옥길동),0,,,0,,,,,,,,,,,,,,,,,,,,,0
옥길산들초등학교,경기,초,공립,,경기도 부천시 옥길로31 . 옥길산들초등학교 (옥길동),1,2023.0,교육활동 모델교,1,2016.0,,,,,,,,,,,,,,,,,,,,1
도당초등학교,경기,초,공립,,경기도 부천시 삼작로268번길 21 (도당동. 도당초등학교),0,,,0,,,,,,,,,,,,,,,,,,,,,0
도원초등학교,경기,초,공립,,경기도 부천시 소사구 마니로 13 . 도원초등학교 (심곡본동),0,,,0,,,,,,,,,,,,,,,,,,,,,0
동곡초등학교,경기,초,공립,,경기도 부천시 원미구 안곡로 248 (역곡동),0,,,1,2019.0,,,,,,,,,,,,,,,,,,,,0
범박초등학교,경기,초,공립,,경기도 부천시 범박로 1 . 범박초등학교 (범박동. 범박초등학교),0,,,0,,,,,,,,,,,,,,,,,,,,,0
복사초등학교,경기,초,공립,,경기도 부천시 소사로 96 (소사본동. 복사초등학교),0,,,0,,,,,,,,,,,,,,,,,,,,,0
부광초등학교,경기,초,공립,,경기도 부천시 원미구 석천로209번길 40 부광초등학교(중동),0,,,0,,,,,,,,,,,,,,,,,,,,,0
부명초등학교,경기,초,공립,,경기도 부천시 원미구 조마루로 200 부명초등학교,0,,,0,,,,,,,,,,,,,,,,,,,,,0
부원초등학교,경기,초,공립,,경기도 부천시 호현로447번길 14 (소사본동. 부원초등학교),0,,,0,,,,,,,,,,,,,,,,,,,,,0
부인초등학교,경기,초,공립,,경기도 부천시 신상로 16 (상동. 부인초등학교),0,,,0,,,,,,,,,,,,,,,,,,,,,0
부일초등학교,경기,초,공립,,경기도 부천시 원미로182번길 31 . 14561 (원미동. 부일초등학교),0,,,0,,,,,,,,,,,,,,,,,,,,,0
부천초등학교,경기,초,공립,,경기도 부천시 원미구 평천로 670 (약대동),0,,,0,,,,,,,,,,,,,,,,,,,,,0
부천남초등학교,경기,초,공립,,경기도 부천시 성주로270번길 16-1 . 부천남초등학교 (심곡본동),0,,,0,,,,,,,,,,,,,,,,,,,,,0
부천대명초등학교,경기,초,공립,,경기도 부천시 성오로 160 (오정동. 부천대명초등학교),0,,,1,2019.0,,,,,,,,,,,,,,,,,,,,0
부천덕산초등학교,경기,초,공립,,경기도 부천시 오정로252번길 91 (오정동. 덕산초등학교),0,,,0,,,,,,,,,,,,,,,,,,,,,0
부천동초등학교,경기,초,공립,,경기도 부천시 지봉로51번길 22 (역곡동),1,2023.0,교육활동 모델교,0,,,,,,,,,,,,,,,,,,,,,0
부천부곡초등학교,경기,초,공립,,경기도 부천시 원미구 부흥로 272번길 . 31 (부천부곡초등학교),0,,,0,,,,,,,,,,,,,,,,,,,,,0
부천부안초등학교,경기,초,공립,,경기도 부천시 경인로484번길 75 (괴안동. 부안초등학교),0,,,0,,,,,,,,,,,,,,,,,,,,,0
부천부흥초등학교,경기,초,공립,,경기도 부천시 원미구 계남로 154 (중동. 부흥초등학교),0,,,0,,,,,,,,,,,,,,,,,,,,,0
부천북초등학교,경기,초,공립,,경기도 부천시 원미구 원미로131번길 35 . 부천북초등학교 (원미동.부천북초등학교),0,,,0,,,,,,,,,,,,,,,,,,,,,0
부천삼정초등학교,경기,초,공립,,경기도 부천시 오정구 중동로 436 (삼정동.부천삼정초등학교),0,,,0,,,,,,,,,,,,,,,,,,,,,0
부천서초등학교,경기,초,공립,,경기도 부천시 부일로330번길 30 . 부천서초등학교 (중동. 부천서초등학교),0,,,1,2020.0,,,,,,,,,,,,,,,,,,,,0
부천수주초등학교,경기,초,공립,,경기도 부천시 고강로 99 (고강동. 부천수주초등학교),0,,,0,,,,,,,,,,,,,,,,,,,,,0
부천신흥초등학교,경기,초,공립,,경기도 부천시 길주로 391 . 71 부천신흥초등학교 (도당동),0,,,1,2018.0,,,,,,,,,,,,,,,,,,,,0
부천여월초등학교,경기,초,공립,,경기도 부천시 오정구 성곡로 63 (여월동),0,,,0,,,,,,,,,,,,,,,,,,,,,0
부천역곡초등학교,경기,초,공립,,경기도 부천시 원미구 역곡로65번길 12 (역곡동.역곡초등학교),1,2023.0,교육활동 모델교,1,2018.0,,,,,,,,,,,,,,,,,,,,1
부천중앙초등학교,경기,초,공립,,경기도 부천시 옥산로 30 . 부천중앙초등학교 (중동. 부천중앙초등학교),0,,,0,,,,,,,,,,,,,,,,,,,,,0
부천중원초등학교,경기,초,공립,,경기도 부천시 석천로 273 (중4동.1026번지) 중동,0,,,0,,,,,,,,,,,,,,,,,,,,,0
상도초등학교,경기,초,공립,,경기도 부천시 장말로 149 (상동. 상도초등학교),0,,,0,,,,,,,,,,,,,,,,,,,,,0
상동초등학교,경기,초,공립,,경기도 부천시 원미구 부흥로 70 . 상동초등학교 (상동),0,,,1,2018.0,,,,,,,,,,,,,,,,,,,,0
상인초등학교,경기,초,공립,,경기도 부천시 도약로 61 (상동. 상인 초등학교),0,,,1,2020.0,,,,,,,,,,,,,,,,,,,,0
상일초등학교,경기,초,공립,,경기도 부천시 원미구 조마루로 57 (상동.상일초등학교),0,,,0,,,,,,,,,,,,,,,,,,,,,0
상지초등학교,경기,초,공립,,경기도 부천시 장말로 189 (중동. 상지초등학교),1,2023.0,정보교육실 구축교,0,,,,,,,,,,,,,,,,,,,,,0
옥산초등학교,경기,초,공립,,경기도 부천시 길주로 327 (중동),0,,,1,2020.0,,,,,,,,,,,,,,,,,,,,0
석천초등학교,경기,초,공립,,경기도 부천시 계남로 29 (상동. 석천초등학교),1,2023.0,교육활동 모델교,1,2018.0,,,,,,,,,,,,,,,,,,,,1
부천덕산초등학교대장분교장,경기,초,공립,,경기도 부천시 대장로 92 (대장동. 대장초등학교),0,,,0,,,,,,,,,,,,,,,,,,,,,0
성주초등학교,경기,초,공립,,경기도 부천시 소사구 성주로 118 (송내동.성주초등학교),0,,,0,,,,,,,,,,,,,,,,,,,,,0
소사초등학교,경기,초,공립,,경기도 부천시 은성로 58 (소사본동. 소사초등학교),0,,,0,,,,,,,,,,,,,,,,,,,,,0
소일초등학교,경기,초,공립,,경기도 부천시 소사구 소사로102번길 78 (소사본동.소일초등학교),0,,,0,,,,,,,,,,,,,,,,,,,,,0
송내초등학교,경기,초,공립,,경기도 부천시 석천로 27 . 송내초등학교,0,,,0,,,,,,,,,,,,,,,,,,,,,0
신도초등학교,경기,초,공립,,경기도 부천시 부흥로 137 (중동. 신도초등학교),0,,,0,,,,,,,,,,,,,,,,,,,,,0
심곡초등학교,경기,초,공립,,경기도 부천시 장말로 309 . 심곡초등학교 (심곡동),0,,,1,2018.0,,,,,,,,,,,,,,,,,,,,0
심원초등학교,경기,초,공립,,경기도 부천시 옥산로 66 (중동. 심원초등학교),0,,,0,,,,,,,,,,,,,,,,,,,,,0
약대초등학교,경기,초,공립,,경기도 부천시 수도로66번길 14 . 약대초등학교 (약대동),1,2023.0,교육활동 모델교,0,,,,,,,,,,,,,,,,,,,,,0
오정초등학교,경기,초,공립,,경기도 부천시 소사로794번길 48 (원종동. 오정초등학교),0,,,0,,,,,,,,,,,,,,,,,,,,,0
원미초등학교,경기,초,공립,,경기도 부천시 부흥로 423 . 원미초등학교 (심곡동),0,,,0,,,,,,,,,,,,,,,,,,,,,0
원종초등학교,경기,초,공립,,경기도 부천시 삼작로410번길 38 (원종동. 원종초등학교),0,,,0,,,,,,,,,,,,,,,,,,,,,0
중흥초등학교,경기,초,공립,,경기도 부천시 계남로 214 (중동. 중흥초등학교),1,2023.0,정보교육실 구축교,0,,,,,,,,,,,,,,,,,,,,,0
창영초등학교,경기,초,공립,,경기도 부천시 은성로 109-26 (괴안동. 창영초등학교),0,,,1,2018.0,,,,,,,,,,,,,,,,,,,,0
부천일신초등학교,경기,초,공립,,경기도 부천시 범안로96번길 26 (범박동. 부천일신초등학교),1,2023.0,교육활동 모델교,1,2020.0,,,,,,,,,,,,,,,,,,,,1
솔안초등학교,경기,초,공립,,경기도 부천시 소사구 경인로1185번길 27 (송내동. 솔안초등학교),0,,,0,,,,,,,,,,,,,,,,,,,,,0
고리울초등학교,경기,초,공립,,경기도 부천시 오정구 고리울로 93 . 고리울초등학교 (고강동),0,,,0,,,,,,,,,,,,,,,,,,,,,0
부천송일초등학교,경기,초,공립,,경기도 부천시 소사구 경인로60번길 19 . 부천송일초등학교 (송내동),0,,,0,,,,,,,,,,,,,,,,,,,,,0
상미초등학교,경기,초,공립,,경기도 부천시 상이로 64 (상동. 상미초등학교),0,,,0,,,,,,,,,,,,,,,,,,,,,0
부천양지초등학교,경기,초,공립,,경기도 부천시 소사구 안곡로 130 . 부천양지초등학교 (괴안동),0,,,0,,,,,,,,,,,,,,,,,,,,,0
소안초등학교,경기,초,공립,,경기도 부천시 소사구 소사동로72번길 29 (소사본동.소안초등학교),0,,,0,,,,,,,,,,,,,,,,,,,,,0
동산초등학교,경기,초,공립,,경기도 부천시 오정로251번길 50 (오정동. 동산초등학교),0,,,0,,,,,,,,,,,,,,,,,,,,,0
부천원일초등학교,경기,초,공립,,경기도 부천시 오정구 소사로 819 . 46 부천원일초등학교 (원종동),0,,,0,,,,,,,,,,,,,,,,,,,,,0
성곡초등학교,경기,초,공립,,경기도 부천시 여월로 75 (여월동. 성곡초등학교),0,,,0,,,,,,,,,,,,,,,,,,,,,0
중동초등학교,경기,초,공립,,경기도 부천시 원미구 심중로75번길 37 (중동),0,,,0,,,,,,,,,,,,,,,,,,,,,0
옥길중학교,경기,중,공립,남여공학,경기도 부천시 양지로 . 234-41 (옥길동),0,,,0,,,,,,,,,,,,,,,,,,,,,0
계남중학교,경기,중,공립,남여공학,경기도 부천시 조마루로 274 (중동. 계남중학교),0,,,0,,,,,,,,,,,,,,,,,,,,,0
내동중학교,경기,중,공립,남여공학,경기도 부천시 삼작로108번길 53 (내동. 내동중학교),0,,,0,,,,,,,,,,,,,,,,,,,,,0
덕산중학교,경기,중,공립,남여공학,경기도 부천시 성오로 203 (오정동. 덕산중학교),0,,,0,,,,,,,,,,,,,,,,,,,,,0
부명중학교,경기,중,공립,남여공학,경기도 부천시 조마루로 182 (중동. 부명중학교),0,,,0,,,,,,,,,,,,,,,,,,,,,0
부인중학교,경기,중,공립,남여공학,경기도 부천시 상일로 62 (상동. 부인중학교),0,,,0,,,,,,,,,,,,,,,,,,,,,0
부일중학교,경기,중,공립,남여공학,경기도 부천시 소사구 소사로 86 부일중학교,0,,,0,,,,,,,,,,,,,,,,,,,,,0
부천남중학교,경기,중,공립,남여공학,경기도 부천시 소사구 성주로 148 (송내동),0,,,0,,,,,,,,,,,,,,,,,,,,,0
부천동여자중학교,경기,중,공립,여자,경기도 부천시 경인로484번길 36 (괴안동.부천동여자중학교),0,,,0,,,,,,,,,,,,,,,,,,,,,0
도당중학교,경기,중,공립,남여공학,경기도 부천시 평천로849번길 58 . 도당중학교 (도당동),0,,,0,,,,,,,,,,,,,,,,,,,,,0
부천동중학교,경기,중,공립,남자,경기도 부천시 경인로484번길 36 (괴안동. 부천동중학교 부천동여자중학교),0,,,0,,,,,,,,,,,,,,,,,,,,,0
부천부곡중학교,경기,중,공립,남여공학,경기도 부천시 부흥로 284 (중동. 부곡중학교),1,2023.0,교육활동 모델교,0,,,,,,,,,,,,,,,,,,,,,0
부천부흥중학교,경기,중,공립,남여공학,경기도 부천시 계남로 268 (중동. 부흥중학교),0,,,0,,,,,,,,,,,,,,,,,,,,,0
부천여자중학교,경기,중,공립,여자,경기도 부천시 성주로23번길 22 (송내동. 부천여자중학교),0,,,0,,,,,,,,,,,,,,,,,,,,,0
부천중학교,경기,중,공립,남여공학,경기도 부천시 심중로75번길 64 (중동. 부천중학교),1,2023.0,정보교육실 구축교,0,,,,,,,,,,,,,,,,,,,,,0
부천여월중학교,경기,중,공립,남여공학,경기도 부천시 오정구 성곡로57번길 25 (여월동. 부천여월중학교),1,2023.0,교육활동 모델교,1,2017.0,,,,,,,,,,,,,,,,,,,,1
상도중학교,경기,중,공립,남여공학,경기도 부천시 장말로 159 . 상도중학교 (상동),0,,,0,,,,,,,,,,,,,,,,,,,,,0
상동중학교,경기,중,공립,남여공학,경기도 부천시 부흥로 19 (상동. 상동중학교),0,,,0,,,,,,,,,,,,,,,,,,,,,0
상일중학교,경기,중,공립,남여공학,경기도 부천시 원미구 조마루로 69 (상동.상일중학교),0,,,0,,,,,,,,,,,,,,,,,,,,,0
석천중학교,경기,중,공립,남여공학,경기도 부천시 계남로 71 . 석천중학교 (상동),0,,,0,,,,,,,,,,,,,,,,,,,,,0
성곡중학교,경기,중,공립,남여공학,경기도 부천시 삼작로496번길 10-25 (작동. 성곡중학교),0,,,0,,,,,,,,,,,,,,,,,,,,,0
성주중학교,경기,중,공립,남여공학,경기도 부천시 성주로 24 (송내동. 성주중학교),1,2023.0,교육활동 모델교,0,,,,,,,,,,,,,,,,,,,,,0
소사중학교,경기,중,공립,남여공학,경기도 부천시 소사구 소사로102번길 80 (소사본동),0,,,1,2020.0,,,,,,,,,,,,,,,,,,,,0
심원중학교,경기,중,공립,남여공학,경기도 부천시 원미구 계남로 352 (중동),0,,,0,,,,,,,,,,,,,,,,,,,,,0
역곡중학교,경기,중,공립,남여공학,경기도 부천시 원미구 역곡로 58번길 27 . 역곡중학교 (역곡동.역곡중학교),0,,,0,,,,,,,,,,,,,,,,,,,,,0
중원중학교,경기,중,공립,남여공학,경기도 부천시 도약로 119 (중동. 중원중학교),0,,,0,,,,,,,,,,,,,,,,,,,,,0
중흥중학교,경기,중,공립,남여공학,경기도 부천시 신흥로 245 (중동. 중흥중학교),1,2023.0,교육활동 모델교,1,2019.0,,,,,,,,,,,,,,,,,,,,1
부천일신중학교,경기,중,공립,남여공학,경기도 부천시 범안로96번길 44 (범박동. 부천일신중학교),0,,,0,,,,,,,,,,,,,,,,,,,,,0
까치울중학교,경기,중,공립,남여공학,경기도 부천시 소사로 647 . 까치울중학교 (여월동),0,,,0,,,,,,,,,,,,,,,,,,,,,0
수주중학교,경기,중,공립,남여공학,경기도 부천시 오정구 역곡로 524 . 수주중학교 (고강동),0,,,0,,,,,,,,,,,,,,,,,,,,,0
원미중학교,경기,중,공립,남여공학,경기도 부천시 원미로182번길 15 (원미동. 원미중학교),0,,,0,,,,,,,,,,,,,,,,,,,,,0
소명여자중학교,경기,중,사립,여자,경기도 부천시 부일로571번길 84 (소사동. 소명여자중학교),0,,,0,,,,,,,,,,,,,,,,,,,,,0
과천초등학교,경기,초,공립,,경기도 과천시 온온사로 10 . 과천초등학교 (중앙동),1,2023.0,교육활동 모델교,1,2020.0,,,,,,,,,,,,,,,,,,,,1
관문초등학교,경기,초,공립,,경기도 과천시 별양로 180-1 (부림동. 관문초등학교),0,,,1,2020.0,,,,,,,,,,,,,,,,,,,,0
관양초등학교,경기,초,공립,,경기도 안양시 동안구 관평로 336 . 23 관양초등학교 (관양동),0,,,0,,,,,,,,,,,,,,,,,,,,,0
귀인초등학교,경기,초,공립,,경기도 안양시 동안구 귀인로 248 . 귀인초등학교 (평촌동),0,,,0,,,,,,,,,,,,,,,,,,,,,0
달안초등학교,경기,초,공립,,경기도 안양시 동안구 동안로 178 (비산동.달안초등학교),0,,,0,,,,,,,,,,,,,,,,,,,,,0
덕천초등학교,경기,초,공립,,경기도 안양시 만안구 전파로 27 . 덕천초등학교  (안양동),1,2023.0,교육활동 모델교,1,2020.0,,,,,,,,,,,,,,,,,,,,1
동안초등학교,경기,초,공립,,경기도 안양시 동안구 관평로138번길 36 (평촌동.동안초등학교),0,,,0,,,,,,,,,,,,,,,,,,,,,0
만안초등학교,경기,초,공립,,경기도 안양시 만안구 안양로384번길 13 (안양동),0,,,0,,,,,,,,,,,,,,,,,,,,,0
명학초등학교,경기,초,공립,,경기도 안양시 만안구 명학로 55 . 명학초등학교 (안양동),0,,,1,2020.0,,,,,,,,,,,,,,,,,,,,0
문원초등학교,경기,초,공립,,경기도 과천시 코오롱로 53 (별양동. 문원초등학교),0,,,1,2020.0,,,,,,,,,,,,,,,,,,,,0
민백초등학교,경기,초,공립,,경기도 안양시 동안구 부림로 22 . 민백초등학교 (평촌동.민백초등학교),0,,,0,,,,,,,,,,,,,,,,,,,,,0
박달초등학교,경기,초,공립,,경기도 안양시 만안구 삼봉로 38 (박달동.박달초등학교),0,,,1,2019.0,,,,,,,,,,,,,,,,,,,,0
벌말초등학교,경기,초,공립,,경기도 안양시 동안구 학의로408번길 25 . 벌말초등학교 (평촌동),0,,,0,,,,,,,,,,,,,,,,,,,,,0
범계초등학교,경기,초,공립,,경기도 안양시 동안구 동안로 90 (호계동. 범계초등학교),0,,,0,,,,,,,,,,,,,,,,,,,,,0
부림초등학교,경기,초,공립,,경기도 안양시 동안구 달안로 161 (관양동),0,,,0,,,,,,,,,,,,,,,,,,,,,0
비산초등학교,경기,초,공립,,경기도 안양시 동안구 운곡로 52 . 비산초등학교 (비산동),0,,,0,,,,,,,,,,,,,,,,,,,,,0
삼봉초등학교,경기,초,공립,,경기도 안양시 만안구 박달로437번길 21 . 삼봉초등학교 (박달동),0,,,0,,,,,,,,,,,,,,,,,,,,,0
삼성초등학교,경기,초,공립,,경기도 안양시 만안구 경수대로 1240 (석수동. 삼성초등학교),0,,,0,,,,,,,,,,,,,,,,,,,,,0
석수초등학교,경기,초,공립,,경기도 안양시 만안구 석수로 110 . 석수초등학교 (석수동),1,2023.0,정보교육실 구축교,0,,,,,,,,,,,,,,,,,,,,,0
신안초등학교,경기,초,공립,,경기도 안양시 만안구 능곡로 52 (안양동.신안초등학교),0,,,0,,,,,,,,,,,,,,,,,,,,,0
안양초등학교,경기,초,공립,,경기도 안양시 만안구 현충로28번길 54 (안양동),0,,,0,,,,,,,,,,,,,,,,,,,,,0
안양관악초등학교,경기,초,공립,,경기도 안양시 동안구 일동로 201 . 안양관악초등학교 (관양동),0,,,0,,,,,,,,,,,,,,,,,,,,,0
나눔초등학교,경기,초,공립,,경기도 안양시 동안구 흥안대로414번길 22 . 나눔초등학교 (평촌동),0,,,1,2019.0,,,,,,,,,,,,,,,,,,,,0
안양남초등학교,경기,초,공립,,경기도 안양시 동안구 흥안대로 275 . 안양남초등학교 (호계동),0,,,0,,,,,,,,,,,,,,,,,,,,,0
안양덕현초등학교,경기,초,공립,,경기도 안양시 동안구 갈산로 34 안양덕현초(호계동),0,,,0,,,,,,,,,,,,,,,,,,,,,0
안양동초등학교,경기,초,공립,,경기도 안양시 동안구 임곡로80번길 34 (비산동.안양동초등학교),0,,,0,,,,,,,,,,,,,,,,,,,,,0
안양부안초등학교,경기,초,공립,,경기도 안양시 동안구 달안로 113 . 안양부안초등학교 (관양동),0,,,0,,,,,,,,,,,,,,,,,,,,,0
안양부흥초등학교,경기,초,공립,,경기도 안양시 동안구 달안로 37 . 안양부흥초등학교 (비산동),0,,,0,,,,,,,,,,,,,,,,,,,,,0
안양서초등학교,경기,초,공립,,경기도 안양시 만안구 양화로37번길 32 (안양동),0,,,0,,,,,,,,,,,,,,,,,,,,,0
안양신기초등학교,경기,초,공립,,경기도 안양시 동안구 동안로 26 (호계동),0,,,1,2018.0,,,,,,,,,,,,,,,,,,,,0
안양양지초등학교,경기,초,공립,,경기도 안양시 만안구 병목안로130번길 69 . 안양양지초등학교 (안양동),0,,,0,,,,,,,,,,,,,,,,,,,,,0
안양중앙초등학교,경기,초,공립,,경기도 안양시 동안구 경수대로883번길 11 (비산동. 중앙초등학교),0,,,0,,,,,,,,,,,,,,,,,,,,,0
안양호암초등학교,경기,초,공립,,경기 안양시 만안구 예술공원로103번길 73 (석수동.호암초등학교),0,,,0,,,,,,,,,,,,,,,,,,,,,0
안일초등학교,경기,초,공립,,경기도 안양시 만안구 안양천서로 339 (안양동.안일초등학교),0,,,0,,,,,,,,,,,,,,,,,,,,,0
연현초등학교,경기,초,공립,,경기도 안양시 만안구 연현로1번길 55 (석수동. 연현초등학교),0,,,0,,,,,,,,,,,,,,,,,,,,,0
인덕원초등학교,경기,초,공립,,경기도 안양시 동안구 관양로 311 . 인덕원초등학교 (관양동),0,,,1,2020.0,,,,,,,,,,,,,,,,,,,,0
청계초등학교,경기,초,공립,,경기도 과천시 꿈보람길 34 (별양동. 청계초등학교),1,2023.0,정보교육실 구축교,0,,,,,,,,,,,,,,,,,,,,,0
평촌초등학교,경기,초,공립,,경기도 안양시 동안구 평촌대로180번길 56 . 평촌초등학교 (평촌동),0,,,1,2018.0,,,,,,,,,,,,,,,,,,,,0
호계초등학교,경기,초,공립,,경기도 안양시 동안구 경수대로707번길 27 (호계동),0,,,0,,,,,,,,,,,,,,,,,,,,,0
호성초등학교,경기,초,공립,,경기도 안양시 동안구 호성로 43-2 (호계동. 호성초등학교),0,,,0,,,,,,,,,,,,,,,,,,,,,0
호원초등학교,경기,초,공립,,경기도 안양시 동안구 경수대로623번길 72 . 호원초등학교 (호계동),0,,,0,,,,,,,,,,,,,,,,,,,,,0
희성초등학교,경기,초,공립,,경기도 안양시 동안구 학의로 86 . 희성초등학교 (비산동),0,,,0,,,,,,,,,,,,,,,,,,,,,0
샘모루초등학교,경기,초,공립,,경기도 안양시 동안구 관악대로 155 (비산동.샘모루초등학교),0,,,0,,,,,,,,,,,,,,,,,,,,,0
화창초등학교,경기,초,공립,,경기도 안양시 만안구 양화로 217 . 30 (석수동),0,,,0,,,,,,,,,,,,,,,,,,,,,0
해오름초등학교,경기,초,공립,,경기도 안양시 동안구 동편로 117 . 해오름초등학교 (관양동),0,,,1,2020.0,,,,,,,,,,,,,,,,,,,,0
과천문원중학교,경기,중,공립,남여공학,경기도 과천시 코오롱로 57 (별양동.문원중학교),1,2023.0,교육활동 모델교,1,2015.0,,,,,,,,,,,,,,,,,,,,1
과천중학교,경기,중,공립,남여공학,경기도 과천시 희망4길 33 . 과천중학교 (중앙동),0,,,0,,,,,,,,,,,,,,,,,,,,,0
인덕원중학교,경기,중,공립,남여공학,경기도 안양시 동안구 벌말로 174 (관양동. 인덕원중학교),0,,,0,,,,,,,,,,,,,,,,,,,,,0
관양중학교,경기,중,공립,남여공학,경기도 안양시 동안구 관악대로339번길 35 (관양동. 관양중학교),0,,,0,,,,,,,,,,,,,,,,,,,,,0
귀인중학교,경기,중,공립,남여공학,경기도 안양시 동안구 귀인로190번길 114 (평촌동),0,,,0,,,,,,,,,,,,,,,,,,,,,0
대안여자중학교,경기,중,공립,여자,경기도 안양시 동안구 흥안대로223번길 46 (호계동),0,,,0,,,,,,,,,,,,,,,,,,,,,0
대안중학교,경기,중,공립,남자,경기도 안양시 동안구 흥안대로249번길 25 (호계동.대안중학교),0,,,0,,,,,,,,,,,,,,,,,,,,,0
범계중학교,경기,중,공립,남여공학,경기도 안양시 동안구 동안로 56 (호계동. 범계중학교),0,,,0,,,,,,,,,,,,,,,,,,,,,0
부림중학교,경기,중,공립,남여공학,경기도 안양시 동안구 달안로 95 . 부림중학교 (관양동),0,,,0,,,,,,,,,,,,,,,,,,,,,0
부안중학교,경기,중,공립,남여공학,경기도 안양시 동안구 달안로 170 (관양동. 부안중학교),0,,,0,,,,,,,,,,,,,,,,,,,,,0
비산중학교,경기,중,공립,남여공학,경기도 안양시 동안구 평촌대로427번길 42 (비산동),0,,,0,,,,,,,,,,,,,,,,,,,,,0
신기중학교,경기,중,공립,남여공학,경기도 안양시 동안구 경수대로610번길 57 . 신기중학교 (호계동),0,,,0,,,,,,,,,,,,,,,,,,,,,0
신안중학교,경기,중,공립,남여공학,경기도 안양시 만안구 능곡로 78 . 신안중학교 (안양동),0,,,0,,,,,,,,,,,,,,,,,,,,,0
안양부흥중학교,경기,중,공립,남여공학,경기도 안양시 동안구 달안로 25 . 안양부흥중학교 (비산동),0,,,0,,,,,,,,,,,,,,,,,,,,,0
안양서중학교,경기,중,공립,남여공학,경기도 안양시 만안구 창박로 26 (안양동.안양서중학교),1,2023.0,정보교육실 구축교,0,,,,,,,,,,,,,,,,,,,,,0
안양중학교,경기,중,공립,남여공학,경기도 안양시 만안구 와룡로 53 (석수동.안양중학교),0,,,1,2019.0,,,,,,,,,,,,,,,,,,,,0
연현중학교,경기,중,공립,남여공학,경기도 안양시 만안구 석수로 462 (석수동.연현중학교),0,,,0,,,,,,,,,,,,,,,,,,,,,0
임곡중학교,경기,중,공립,남여공학,경기도 안양시 동안구 임곡로 105 . 임곡중학교 (비산동),0,,,0,,,,,,,,,,,,,,,,,,,,,0
평촌중학교,경기,중,공립,남여공학,경기도 안양시 동안구 관평로 127 . 평촌중학교 (평촌동),0,,,0,,,,,,,,,,,,,,,,,,,,,0
호계중학교,경기,중,공립,남여공학,경기도 안양시 동안구 경수대로665번길 74-23 . 호계중학교 (호계동),0,,,0,,,,,,,,,,,,,,,,,,,,,0
호성중학교,경기,중,공립,남여공학,경기도 안양시 동안구 호성로 55 (호계동),0,,,0,,,,,,,,,,,,,,,,,,,,,0
근명중학교,경기,중,사립,남여공학,경기도 안양시 만안구 삼덕로 49 . 근명중학교 (안양동),0,,,0,,,,,,,,,,,,,,,,,,,,,0
성문중학교,경기,중,사립,남여공학,경기도 안양시 만안구 성결대학로64번길 9 (안양동.성문중학교),0,,,0,,,,,,,,,,,,,,,,,,,,,0
신성중학교,경기,중,사립,남여공학,경기도 안양시 만안구 소곡로 93 (안양동),0,,,1,2018.0,,,,,,,,,,,,,,,,,,,,0
안양여자중학교,경기,중,사립,여자,경기도 안양시 만안구 안양로 357 (안양동),0,,,0,,,,,,,,,,,,,,,,,,,,,0
박달중학교,경기,중,공립,남여공학,경기도 안양시 만안구 박달로418번길 70 . 박달중학교 (박달동. 박달중학교),0,,,1,2018.0,,,,,,,,,,,,,,,,,,,,0
각골초등학교,경기,초,공립,,경기도 안산시 상록구 석호로 384 (본오동),0,,,1,2015.0,,,,,,,,,,,,,,,,,,,,0
안산청석초등학교,경기,초,공립,,경기도 안산시 상록구 해양1로 48 (사동. 안산청석초등학교),0,,,0,,,,,,,,,,,,,,,,,,,,,0
안산해양초등학교,경기,초,공립,,경기도 안산시 상록구 해양2로 28 (사동. 안산해양초등학교),0,,,0,,,,,,,,,,,,,,,,,,,,,0
경수초등학교,경기,초,공립,,경기도 안산시 상록구 삼일로 670 (성포동. 경수초등학교),0,,,0,,,,,,,,,,,,,,,,,,,,,0
안산창촌초등학교,경기,초,공립,,경기도 안산시 상록구 건건5길 10 . 안산창촌초등학교  (건건동),0,,,0,,,,,,,,,,,,,,,,,,,,,0
팔곡초등학교,경기,초,공립,,경기도 안산시 상록구 팔곡두레길 71 . 팔곡초등학교 (팔곡이동),0,,,0,,,,,,,,,,,,,,,,,,,,,0
경일초등학교,경기,초,공립,,경기도 안산시 상록구 성포로 47 (성포동),0,,,0,,,,,,,,,,,,,,,,,,,,,0
고잔초등학교,경기,초,공립,,경기도 안산시 단원구 적금로 182 . 고잔초등학교 (고잔동.고잔초등학교),0,,,0,,,,,,,,,,,,,,,,,,,,,0
관산초등학교,경기,초,공립,,경기도 안산시 단원구 원선1로 68 (초지동),1,2023.0,정보교육실 구축교,0,,,,,,,,,,,,,,,,,,,,,0
능길초등학교,경기,초,공립,,경기도 안산시 단원구 신길중앙로3길 8 (신길동. 능길초등학교),0,,,0,,,,,,,,,,,,,,,,,,,,,0
대남초등학교,경기,초,공립,,경기도 안산시 단원구 대남로 298 (대부남동),0,,,1,2020.0,,,,,,,,,,,,,,,,,,,,0
대동초등학교,경기,초,공립,,경기도 안산시 단원구 솔따배기길 134-9 . 대동초등학교 (대부동동),0,,,0,,,,,,,,,,,,,,,,,,,,,0
대부초등학교,경기,초,공립,,경기도 안산시 단원구 대부중앙로 56 . 대부초등학교 (대부북동),0,,,0,,,,,,,,,,,,,,,,,,,,,0
덕성초등학교,경기,초,공립,,경기도 안산시 단원구 예술대학로 119 . 덕성초등학교 (고잔동. 덕성초등학교),0,,,0,,,,,,,,,,,,,,,,,,,,,0
매화초등학교,경기,초,공립,,경기도 안산시 상록구 안산대학로 35 . 매화초등학교 (이동. 안산매화초등학교),0,,,0,,,,,,,,,,,,,,,,,,,,,0
반월초등학교,경기,초,공립,,경기도 안산시 상록구 건건로 39 . 반월초등학교 (건건동),0,,,0,,,,,,,,,,,,,,,,,,,,,0
별망초등학교,경기,초,공립,,경기도 안산시 단원구 초지1로 51 (초지동. 별망초등학교),0,,,0,,,,,,,,,,,,,,,,,,,,,0
본오초등학교,경기,초,공립,,경기도 안산시 상록구 각골서로 49 (본오동),0,,,0,,,,,,,,,,,,,,,,,,,,,0
본원초등학교,경기,초,공립,,경기도 안산시 상록구 샘골로 83 (본오동. 본원초등학교),0,,,0,,,,,,,,,,,,,,,,,,,,,0
삼일초등학교,경기,초,공립,,경기도 안산시 상록구 월피로 42 . 삼일초등학교 (월피동),0,,,0,,,,,,,,,,,,,,,,,,,,,0
상록초등학교,경기,초,공립,,경기도 안산시 상록구 본오로 157 (상록초등학교. 본오동),0,,,0,,,,,,,,,,,,,,,,,,,,,0
석호초등학교,경기,초,공립,,경기도 안산시 상록구 석호로 113 (사동.석호초등학교),0,,,0,,,,,,,,,,,,,,,,,,,,,0
선부초등학교,경기,초,공립,,경기도 안산시 단원구 달미로 24 . 선부초등학교  (선부동. 선부초등학교),0,,,0,,,,,,,,,,,,,,,,,,,,,0
선일초등학교,경기,초,공립,,경기도 안산시 단원구 선이로3길 40 . 선일초등학교 (선부동),0,,,0,,,,,,,,,,,,,,,,,,,,,0
성안초등학교,경기,초,공립,,경기도 안산시 상록구 삼리로 119 (사동),0,,,0,,,,,,,,,,,,,,,,,,,,,0
성포초등학교,경기,초,공립,,경기도 안산시 상록구 안산천동로 90 . 성포초등학교 (성포동),0,,,0,,,,,,,,,,,,,,,,,,,,,0
대남초등학교풍도분교장,경기,초,공립,,경기도 안산시 단원구 풍도길 28 (풍도동),0,,,0,,,,,,,,,,,,,,,,,,,,,0
송호초등학교,경기,초,공립,,경기도 안산시 단원구 한양대학로 183 (고잔동),0,,,0,,,,,,,,,,,,,,,,,,,,,0
슬기초등학교,경기,초,공립,,경기도 안산시 단원구 안산천남로 53 (고잔동.슬기초등학교),1,2023.0,교육활동 모델교,0,,,,,,,,,,,,,,,,,,,,,0
시곡초등학교,경기,초,공립,,경기도 안산시 상록구 감골1로 46 . 시곡초등학교 (사동),0,,,0,,,,,,,,,,,,,,,,,,,,,0
시랑초등학교,경기,초,공립,,경기도 안산시 상록구 충장로 670 . 시랑초등학교 (부곡동),0,,,0,,,,,,,,,,,,,,,,,,,,,0
안산초등학교,경기,초,공립,,경기도 안산시 상록구 수암2길 13-7 . 안산초등학교 (수암동),0,,,0,,,,,,,,,,,,,,,,,,,,,0
덕인초등학교,경기,초,공립,,경기도 안산시 단원구 와동공원로5안길 22-6 . 덕인초등학교 (와동),0,,,1,2016.0,,,,,,,,,,,,,,,,,,,,0
안산광덕초등학교,경기,초,공립,,경기도 안산시 상록구 안산천서로3길 6-7 (월피동)(안산광덕초등학교),0,,,0,,,,,,,,,,,,,,,,,,,,,0
안산부곡초등학교,경기,초,공립,,경기도 안산시 상록구 부곡로 73 . 부곡초등학교 (부곡동),0,,,0,,,,,,,,,,,,,,,,,,,,,0
안산서초등학교,경기,초,공립,,경기도 안산시 단원구 원선로 67 (원곡동.안산서초등학교),0,,,0,,,,,,,,,,,,,,,,,,,,,0
안산석수초등학교,경기,초,공립,,경기도 안산시 단원구 석수로 93 (선부동),0,,,0,,,,,,,,,,,,,,,,,,,,,0
안산양지초등학교,경기,초,공립,,경기도 안산시 단원구 안산천남로 129 (고잔동. 안산양지초등학교),1,2023.0,교육활동 모델교,1,2017.0,,,,,,,,,,,,,,,,,,,,1
안산원곡초등학교,경기,초,공립,,경기도 안산시 단원구 원곡초교길 9 . 안산원곡초등학교 (원곡동),0,,,1,2020.0,,,,,,,,,,,,,,,,,,,,0
안산중앙초등학교,경기,초,공립,,경기도 안산시 단원구 예술대학로 50 . 안산중앙초등학교 (고잔동.안산중앙초등학교) (고잔동),1,2023.0,교육활동 모델교,0,,,,,,,,,,,,,,,,,,,,,0
안산화정초등학교,경기,초,공립,,경기도 안산시 단원구 화정천서로 545 (선부동. 화정초등학교),0,,,0,,,,,,,,,,,,,,,,,,,,,0
와동초등학교,경기,초,공립,,경기도 안산시 단원구 사세충열로 26 . 안산와동초등학교 (와동),0,,,0,,,,,,,,,,,,,,,,,,,,,0
이호초등학교,경기,초,공립,,경기도 안산시 상록구 고목로3길 44 . 이호초등학교 (본오동),0,,,0,,,,,,,,,,,,,,,,,,,,,0
정재초등학교,경기,초,공립,,경기도 안산시 상록구 정재초교길 11 (부곡동),0,,,0,,,,,,,,,,,,,,,,,,,,,0
정지초등학교,경기,초,공립,,경기도 안산시 단원구 정지로 57 (선부동.정지초등학교),0,,,0,,,,,,,,,,,,,,,,,,,,,0
초당초등학교,경기,초,공립,,경기도 안산시 상록구 초당로 25 (사동.초당초등학교),0,,,0,,,,,,,,,,,,,,,,,,,,,0
초지초등학교,경기,초,공립,,경기도 안산시 단원구 초지로 153 (초지동),1,2023.0,정보교육실 구축교,0,,,,,,,,,,,,,,,,,,,,,0
호동초등학교,경기,초,공립,,경기도 안산시 상록구 성호로 70 (일동.안산호동초등학교),0,,,0,,,,,,,,,,,,,,,,,,,,,0
화랑초등학교,경기,초,공립,,경기도 안산시 단원구 화정천동로 296 . 화랑초등학교 (와동),0,,,0,,,,,,,,,,,,,,,,,,,,,0
학현초등학교,경기,초,공립,,경기도 안산시 상록구 석호로 6 . 학현초등학교 (이동),0,,,1,2018.0,,,,,,,,,,,,,,,,,,,,0
안산진흥초등학교,경기,초,공립,,경기도 안산시 단원구 화정천동로 80 . 안산진흥초등학교 (고잔동),0,,,1,2018.0,,,,,,,,,,,,,,,,,,,,0
안산호원초등학교,경기,초,공립,,경기도 안산시 단원구 초지1로 100 . 안산호원초등학교 (초지동.호원초등학교),1,2023.0,교육활동 모델교,1,2019.0,,,,,,,,,,,,,,,,,,,,1
신길초등학교,경기,초,공립,,경기도 안산시 단원구 새뿔길 100 . 신길초등학교 (신길동. 신길초등학교),1,2023.0,교육활동 모델교,0,,,,,,,,,,,,,,,,,,,,,0
안산대월초등학교,경기,초,공립,,경기도 안산시 단원구 신길로 67 (신길동),0,,,0,,,,,,,,,,,,,,,,,,,,,0
이호중학교,경기,중,공립,남여공학,경기도 안산시 상록구 충장로 50 (본오동),0,,,0,,,,,,,,,,,,,,,,,,,,,0
초지중학교,경기,중,공립,남여공학,경기도 안산시 단원구 광덕3로 48 . 초지중학교 (초지동),0,,,0,,,,,,,,,,,,,,,,,,,,,0
단원중학교,경기,중,공립,남여공학,경기도 안산시 단원구 단원로 27 (고잔동. 단원중학교),0,,,0,,,,,,,,,,,,,,,,,,,,,0
석수중학교,경기,중,공립,남여공학,경기도 안산시 단원구 선부로 133 (선부동.석수중학교),0,,,0,,,,,,,,,,,,,,,,,,,,,0
안산성호중학교,경기,중,공립,남여공학,경기도 안산시 상록구 구룡서길 21-11 (일동),0,,,0,,,,,,,,,,,,,,,,,,,,,0
안산해양중학교,경기,중,공립,남여공학,경기도 안산시 상록구 해양로 11 (사동),0,,,1,2015.0,,,,,,,,,,,,,,,,,,,,0
경수중학교,경기,중,공립,남여공학,경기도 안산시 상록구 삼일로 678 . 경수중학교 (성포동),0,,,0,,,,,,,,,,,,,,,,,,,,,0
성안중학교,경기,중,공립,남여공학,경기도 안산시 상록구 석호로 81 (사동) . 성안중학교,1,2023.0,교육활동 모델교,1,2016.0,,,,,,,,,,,,,,,,,,,,1
관산중학교,경기,중,공립,남여공학,경기도 안산시 단원구 삼일로 184 (원곡동),0,,,0,,,,,,,,,,,,,,,,,,,,,0
대부중학교,경기,중,공립,남여공학,경기도 안산시 단원구 대부중앙로 3 (대부북동),0,,,0,,,,,,,,,,,,,,,,,,,,,0
반월중학교,경기,중,공립,남여공학,경기도 안산시 상록구 남산평길 25 (팔곡일동. 반월중학교),0,,,0,,,,,,,,,,,,,,,,,,,,,0
별망중학교,경기,중,공립,남여공학,경기도 안산시 단원구 초지1로 35 . 별망중학교 (초지동. 별망중학교),0,,,1,2018.0,,,,,,,,,,,,,,,,,,,,0
본오중학교,경기,중,공립,남여공학,경기도 안산시 상록구 본오로 90 (본오동),0,,,0,,,,,,,,,,,,,,,,,,,,,0
상록중학교,경기,중,공립,남여공학,경기도 안산시 상록구 각골로4길 29 (본오동. 상록중학교),1,2023.0,정보교육실 구축교,0,,,,,,,,,,,,,,,,,,,,,0
선부중학교,경기,중,공립,남여공학,경기 안산시 단원구 달미로 95 . 선부중학교 (선부동.선부중학교),0,,,0,,,,,,,,,,,,,,,,,,,,,0
선일중학교,경기,중,공립,남여공학,경기도 안산시 단원구 선부광장서로 59 (선부동.선일중학교),0,,,0,,,,,,,,,,,,,,,,,,,,,0
성포중학교,경기,중,공립,남여공학,경기도 안산시 상록구 월피로 73 (월피동),0,,,0,,,,,,,,,,,,,,,,,,,,,0
송호중학교,경기,중,공립,남여공학,경기도 안산시 단원구 광덕3로 240 . 송호중학교 (고잔동),0,,,0,,,,,,,,,,,,,,,,,,,,,0
시곡중학교,경기,중,공립,남여공학,경기도 안산시 상록구 감골로 123 (사동. 시곡중학교),0,,,0,,,,,,,,,,,,,,,,,,,,,0
안산부곡중학교,경기,중,공립,남여공학,경기도 안산시 상록구 부곡로 15 (부곡동. 안산부곡중학교),1,2023.0,교육활동 모델교,0,,,,,,,,,,,,,,,,,,,,,0
양지중학교,경기,중,공립,남여공학,경기도 안산시 단원구 안산천남로 119 (고잔동),0,,,0,,,,,,,,,,,,,,,,,,,,,0
와동중학교,경기,중,공립,남여공학,경기도 안산시 단원구 사세충열로 54 . 와동중학교 (와동),0,,,1,2018.0,,,,,,,,,,,,,,,,,,,,0
원곡중학교,경기,중,공립,남여공학,경기도 안산시 단원구 원선로 81 (원곡동),0,,,0,,,,,,,,,,,,,,,,,,,,,0
원일중학교,경기,중,공립,남여공학,경기도 안산시 단원구 석수로 32 . 원일중학교 (선부동),0,,,0,,,,,,,,,,,,,,,,,,,,,0
중앙중학교,경기,중,공립,남여공학,경기도 안산시 단원구 안산천서로 65 (고잔동),0,,,0,,,,,,,,,,,,,,,,,,,,,0
광덕중학교,경기,중,공립,남여공학,경기도 안산시 상록구 광덕산3로 15 (월피동. 광덕중학교),0,,,0,,,,,,,,,,,,,,,,,,,,,0
석호중학교,경기,중,공립,남여공학,경기도 안산시 상록구 석호공원로4길 8 (사동. 안산석호중학교),0,,,0,,,,,,,,,,,,,,,,,,,,,0
신길중학교,경기,중,공립,남여공학,경기도 안산시 단원구 신길로 81 (신길동. 신길중학교),1,2023.0,교육활동 모델교,1,2017.0,,,,,,,,,,,,,,,,,,,,1
안산중학교,경기,중,사립,남여공학,경기도 안산시 상록구 수인로 1981 . 안산중학교 (장상동),0,,,0,,,,,,,,,,,,,,,,,,,,,0
성서초등학교,경기,초,공립,,경기도 용인시 수지구 성복2로 210 . 성서초등학교 (성복동),0,,,0,,,,,,,,,,,,,,,,,,,,,0
용인신봉초등학교,경기,초,공립,,경기도 용인시 수지구 신봉2로 115 . 용인신봉초등학교 (신봉동),0,,,0,,,,,,,,,,,,,,,,,,,,,0
용인한빛초등학교,경기,초,공립,,경기도 용인시 수지구 동천로 153번길 23 . 용인한빛초등학교 (동천동),0,,,0,,,,,,,,,,,,,,,,,,,,,0
서농초등학교,경기,초,공립,,경기도 용인시 기흥구 서천동로21번길 5 (서천동),0,,,0,,,,,,,,,,,,,,,,,,,,,0
새빛초등학교,경기,초,공립,,경기도 용인시 수지구 광교마을로 63 (상현동),0,,,0,,,,,,,,,,,,,,,,,,,,,0
함박초등학교,경기,초,공립,,경기도 용인시 처인구 명지로40번길 46 (역북동. 함박초등학교),0,,,0,,,,,,,,,,,,,,,,,,,,,0
갈곡초등학교,경기,초,공립,,경기도 용인시 기흥구 강남동로 61 (구갈동. 갈곡초등학교),1,2023.0,교육활동 모델교,0,,,,,,,,,,,,,,,,,,,,,0
고기초등학교,경기,초,공립,,경기도 용인시 수지구 고기로 385 (고기동),0,,,0,,,,,,,,,,,,,,,,,,,,,0
고림초등학교,경기,초,공립,,경기도 용인시 처인구 한터로152번길 22 . 고림초등학교 (고림동.고림초등학교),0,,,0,,,,,,,,,,,,,,,,,,,,,0
관곡초등학교,경기,초,공립,,경기도 용인시 기흥구 관곡로 61 (구갈동),1,2023.0,교육활동 모델교,0,,,,,,,,,,,,,,,,,,,,,0
교동초등학교,경기,초,공립,,경기도 용인시 기흥구 마북로 124-10 (마북동),0,,,0,,,,,,,,,,,,,,,,,,,,,0
구갈초등학교,경기,초,공립,,경기도 용인시 기흥구 구갈로 36 . 구갈초등학교 (구갈동),0,,,0,,,,,,,,,,,,,,,,,,,,,0
샘말초등학교,경기,초,공립,,경기도 용인시 기흥구 흥덕중앙로105번길 9 (샘말초등학교. 영덕동),0,,,0,,,,,,,,,,,,,,,,,,,,,0
매봉초등학교,경기,초,공립,,경기도 용인시 수지구 수지로 75-1 (상현동),0,,,0,,,,,,,,,,,,,,,,,,,,,0
구성초등학교,경기,초,공립,,경기도 용인시 기흥구 구성로 51 . 구성초등학교 (마북동. 구성초등학교),0,,,0,,,,,,,,,,,,,,,,,,,,,0
기흥초등학교,경기,초,공립,,경기도 용인시 기흥구 공세로82번길 5 . 기흥초등학교 (공세동),0,,,0,,,,,,,,,,,,,,,,,,,,,0
두창초등학교,경기,초,공립,,경기도 용인시 처인구 원삼면 복분로 29 (원삼면. 두창초등학교),0,,,0,,,,,,,,,,,,,,,,,,,,,0
나곡초등학교,경기,초,공립,,경기도 용인시 기흥구 사은로126번길 26 . 나곡초등학교 (보라동),0,,,0,,,,,,,,,,,,,,,,,,,,,0
나산초등학교,경기,초,공립,,경기도 용인시 기흥구 한보라1로43번길 8 (보라동),0,,,0,,,,,,,,,,,,,,,,,,,,,0
남곡초등학교,경기,초,공립,,경기도 용인시 처인구 남사면 한숲로 110 (남사면. 남곡초등학교),1,2023.0,교육활동 모델교,0,,,,,,,,,,,,,,,,,,,,,0
남사초등학교,경기,초,공립,,경기도 용인시 처인구 남사면 처인성로185번길 9-10 (남사면.남사초등학교),0,,,0,,,,,,,,,,,,,,,,,,,,,0
남촌초등학교,경기,초,공립,,경기도 용인시 처인구 남사면 천덕산로 330 . 남촌초등학교 (남사면),0,,,1,2017.0,,,,,,,,,,,,,,,,,,,,0
능원초등학교,경기,초,공립,,경기도 용인시 처인구 모현읍 충렬로8번길 29 . 능원초등학교 (모현읍),0,,,0,,,,,,,,,,,,,,,,,,,,,0
용인대일초등학교,경기,초,공립,,경기도 용인시 수지구 푸른솔로 98 (죽전동.대일초등학교),0,,,0,,,,,,,,,,,,,,,,,,,,,0
대지초등학교,경기,초,공립,,경기도 용인시 수지구 대지로51번길 6 (죽전동. 대지초등학교),0,,,0,,,,,,,,,,,,,,,,,,,,,0
대청초등학교,경기,초,공립,,경기도 용인시 수지구 죽전로 276 . 16877 (죽전동),0,,,0,,,,,,,,,,,,,,,,,,,,,0
대현초등학교,경기,초,공립,,경기도 용인시 수지구 용구대로2771번길 16 (죽전동),0,,,0,,,,,,,,,,,,,,,,,,,,,0
독정초등학교,경기,초,공립,,경기도 용인시 기흥구 보정로 100 . 독정초등학교 (보정동),0,,,0,,,,,,,,,,,,,,,,,,,,,0
동천초등학교,경기,초,공립,,경기도 용인시 수지구 고기로 71 (동천동),0,,,0,,,,,,,,,,,,,,,,,,,,,0
동막초등학교,경기,초,공립,,경기도 용인시 기흥구 동백8로 39 (동백동. 동막초등학교),0,,,0,,,,,,,,,,,,,,,,,,,,,0
동백초등학교,경기,초,공립,,경기도 용인시 기흥구 동백평촌로 69 . 동백초등학교 (동백동),0,,,0,,,,,,,,,,,,,,,,,,,,,0
용인한얼초등학교,경기,초,공립,,경기도 용인시 기흥구 중부대로 514 . 43-24 (구갈동),0,,,0,,,,,,,,,,,,,,,,,,,,,0
둔전제일초등학교,경기,초,공립,,경기도 용인시 처인구 포곡읍 포곡로141번길 28 . 둔전제일초등학교 (포곡읍),0,,,1,2019.0,,,,,,,,,,,,,,,,,,,,0
마북초등학교,경기,초,공립,,경기도 용인시 기흥구 연원로 31 (마북동. 마북초등학교),0,,,0,,,,,,,,,,,,,,,,,,,,,0
마성초등학교,경기,초,공립,,경기도 용인시 기흥구 용구대로2360번길 29 . 마성초등학교 (마북동. 마성초등학교),0,,,0,,,,,,,,,,,,,,,,,,,,,0
백암초등학교수정분교장,경기,초,공립,,경기도 용인시 처인구 백암면 청강가창로105번길 55-12 (백암면),0,,,0,,,,,,,,,,,,,,,,,,,,,0
모현초등학교,경기,초,공립,,경기도 용인시 처인구 모현면 문현로 179 . 모현초등학교 (모현면),0,,,1,2016.0,,,,,,,,,,,,,,,,,,,,0
백봉초등학교,경기,초,공립,,경기도 용인시 처인구 백암면 죽양대로748번길 12 (백암면.백봉초등학교),0,,,1,2020.0,,,,,,,,,,,,,,,,,,,,0
백암초등학교,경기,초,공립,,경기도 용인시 처인구 백암면 백원로 501 . 백암초등학교 (백암면. 백암초등학교),1,2023.0,정보교육실 구축교,0,,,,,,,,,,,,,,,,,,,,,0
보라초등학교,경기,초,공립,,경기도 용인시 기흥구 금화로 105 . 33 (상갈동),0,,,0,,,,,,,,,,,,,,,,,,,,,0
보정초등학교,경기,초,공립,,경기도 용인시 기흥구 신촌로73번길 28 (보정동. 보정초등학교),0,,,0,,,,,,,,,,,,,,,,,,,,,0
산양초등학교,경기,초,공립,,경기도 용인시 기흥구 산양로 2 (신갈동),0,,,0,,,,,,,,,,,,,,,,,,,,,0
상갈초등학교,경기,초,공립,,경기도 용인시 기흥구 금화로58번길 17 (상갈동. 상갈초등학교),0,,,0,,,,,,,,,,,,,,,,,,,,,0
상현초등학교,경기,초,공립,,경기도 용인시 수지구 만현로67번길 23 (상현동),0,,,0,,,,,,,,,,,,,,,,,,,,,0
상하초등학교,경기,초,공립,,경기도 용인시 기흥구 중부대로788번길 27 (상하동),0,,,0,,,,,,,,,,,,,,,,,,,,,0
삼가초등학교,경기,초,공립,,경기도 용인시 처인구 중부대로1158번길 45 . 삼가초등학교 (삼가동),0,,,0,,,,,,,,,,,,,,,,,,,,,0
서룡초등학교,경기,초,공립,,경기도 용인시 처인구 중부대로1281번길 11 (역북동. 서룡초등학교),0,,,1,2020.0,,,,,,,,,,,,,,,,,,,,0
서원초등학교,경기,초,공립,,경기도 용인시 수지구 상현로 45 (상현동),0,,,0,,,,,,,,,,,,,,,,,,,,,0
서천초등학교,경기,초,공립,,경기도 용인시 기흥구 서그내로62번길 20 . 서천초등학교 (서천동),0,,,0,,,,,,,,,,,,,,,,,,,,,0
석성초등학교,경기,초,공립,,경기도 용인시 기흥구 동백2로 53 (중동),0,,,0,,,,,,,,,,,,,,,,,,,,,0
성복초등학교,경기,초,공립,,경기도 용인시 수지구 성복2로78번길 52 (성복동.성복초등학교),0,,,0,,,,,,,,,,,,,,,,,,,,,0
용인성산초등학교,경기,초,공립,,경기도 용인시 처인구 백옥대로1362번길 41 . 용인성산초등학교 (유방동.성산초등학교),0,,,0,,,,,,,,,,,,,,,,,,,,,0
소현초등학교,경기,초,공립,,경기도 용인시 수지구 만현로133번길 78 (상현동. 소현초등학교),0,,,0,,,,,,,,,,,,,,,,,,,,,0
손곡초등학교,경기,초,공립,,경기도 용인시 수지구 손곡로 68 (동천동),0,,,0,,,,,,,,,,,,,,,,,,,,,0
솔개초등학교,경기,초,공립,,경기도 용인시 수지구 상현로 79 (상현동),0,,,0,,,,,,,,,,,,,,,,,,,,,0
성지초등학교,경기,초,공립,,경기도 용인시 기흥구 강남서로 38 성지초등학교(구갈동),0,,,0,,,,,,,,,,,,,,,,,,,,,0
송전초등학교,경기,초,공립,,경기도 용인시 처인구 이동면 경기동로687번길 14 . 14 (이동면),0,,,0,,,,,,,,,,,,,,,,,,,,,0
남곡초등학교남곡분교장,경기,초,공립,,경기도 용인시 처인구 남사면 남산로 7 (남사면),0,,,0,,,,,,,,,,,,,,,,,,,,,0
수지초등학교,경기,초,공립,,경기도 용인시 수지구 정평로13번길 30 (수지초등학교. 풍덕천동),0,,,1,2019.0,,,,,,,,,,,,,,,,,,,,0
신갈초등학교,경기,초,공립,,경기도 용인시 기흥구 신갈로 76 (신갈동),0,,,0,,,,,,,,,,,,,,,,,,,,,0
신리초등학교,경기,초,공립,,경기도 용인시 수지구 신봉1로48번길 6 (신봉동),0,,,0,,,,,,,,,,,,,,,,,,,,,0
신월초등학교,경기,초,공립,,경기도 용인시 수지구 풍덕천로 86 . 신월초등학교 (풍덕천동),0,,,0,,,,,,,,,,,,,,,,,,,,,0
신일초등학교,경기,초,공립,,경기도 용인시 수지구 신봉2로48번길 28 . 신일초등학교 (신봉동),0,,,0,,,,,,,,,,,,,,,,,,,,,0
양지초등학교,경기,초,공립,,경기도 용인시 처인구 양지면 교동로 30 (양지면. 양지초등학교),0,,,0,,,,,,,,,,,,,,,,,,,,,0
어정초등학교,경기,초,공립,,경기도 용인시 기흥구 어정로 155 (중동),0,,,0,,,,,,,,,,,,,,,,,,,,,0
언남초등학교,경기,초,공립,,경기도 용인시 기흥구 기흥로116번길 87 (언남동. 언남초등학교),0,,,1,2017.0,,,,,,,,,,,,,,,,,,,,0
언동초등학교,경기,초,공립,,경기도 용인시 기흥구 언남로 55 (언남동. 언동초등학교),0,,,1,2020.0,,,,,,,,,,,,,,,,,,,,0
역북초등학교,경기,초,공립,,경기도 용인시 처인구 명지로 15-30 . 역북초등학교 (김량장동),0,,,0,,,,,,,,,,,,,,,,,,,,,0
왕산초등학교,경기,초,공립,,경기도 용인시 처인구 모현면 백옥대로2366번길 7-8 (모현면.왕산초등학교),0,,,1,2018.0,,,,,,,,,,,,,,,,,,,,0
용마초등학교,경기,초,공립,,경기도 용인시 처인구 금학로 471-1 (마평동. 용마초등학교),0,,,0,,,,,,,,,,,,,,,,,,,,,0
용인대덕초등학교,경기,초,공립,,경기도 용인시 수지구 죽전로293번길 1 . 대덕초등학교 (죽전동),0,,,0,,,,,,,,,,,,,,,,,,,,,0
용인신릉초등학교,경기,초,공립,,경기도 용인시 기흥구 새천년로 53 (신갈동),0,,,0,,,,,,,,,,,,,,,,,,,,,0
용인신촌초등학교,경기,초,공립,,경기도 용인시 수지구 죽전로27번길 14-19 (죽전동),0,,,0,,,,,,,,,,,,,,,,,,,,,0
용인이동초등학교,경기,초,공립,,경기도 용인시 처인구 이동읍 백옥대로587번길 22 . 이동초등학교 (이동읍. 이동초등학교),0,,,1,2020.0,,,,,,,,,,,,,,,,,,,,0
용인둔전초등학교,경기,초,공립,,경기도 용인시 처인구 포곡읍 포곡로118번길 61 . 용인둔전초등학교 (포곡읍. 둔전초등학교),1,2023.0,정보교육실 구축교,0,,,,,,,,,,,,,,,,,,,,,0
용인백현초등학교,경기,초,공립,,경기도 용인시 기흥구 동백8로 108 (동백동.용인백현초등학교),0,,,1,2019.0,,,,,,,,,,,,,,,,,,,,0
용인심곡초등학교,경기,초,공립,,경기도 용인시 수지구 심곡로 59 (상현동),0,,,1,2020.0,,,,,,,,,,,,,,,,,,,,0
용인한일초등학교,경기,초,공립,,경기도 용인시 기흥구 한보라1로 145 . 용인한일초등학교 (공세동),0,,,0,,,,,,,,,,,,,,,,,,,,,0
용인초등학교,경기,초,공립,,경기도 용인시 처인구 금학로367번길 14 (김량장동),0,,,0,,,,,,,,,,,,,,,,,,,,,0
용천초등학교,경기,초,공립,,경기도 용인시 처인구 이동읍 백옥대로 612 (이동읍. 용천초등학교),0,,,0,,,,,,,,,,,,,,,,,,,,,0
운학초등학교,경기,초,공립,,경기도 용인시 처인구 동부로465번길 7 (운학동.운학초등학교),0,,,0,,,,,,,,,,,,,,,,,,,,,0
원삼초등학교,경기,초,공립,,경기도 용인시 처인구 원삼면 하사로 1 (원삼면. 원삼초등학교),0,,,0,,,,,,,,,,,,,,,,,,,,,0
이현초등학교,경기,초,공립,,경기도 용인시 기흥구 이현로 83 . 이현초등학교 (보정동. 이현초등학교),0,,,0,,,,,,,,,,,,,,,,,,,,,0
장평초등학교,경기,초,공립,,경기도 용인시 처인구 백암면 한택로 446 . 장평초등학교 (백암면. 장평초등학교),0,,,0,,,,,,,,,,,,,,,,,,,,,0
정평초등학교,경기,초,공립,,경기도 용인시 수지구 정평로 64 (풍덕천동.정평초등학교),0,,,0,,,,,,,,,,,,,,,,,,,,,0
제일초등학교,경기,초,공립,,경기도 용인시 처인구 양지면 중부대로2517번길 42-7 . 제일초등학교 (양지면),0,,,1,2018.0,,,,,,,,,,,,,,,,,,,,0
좌항초등학교,경기,초,공립,,경기도 용인시 처인구 원삼면 원양로 603 (원삼면. 좌항초등학교),0,,,0,,,,,,,,,,,,,,,,,,,,,0
죽전초등학교,경기,초,공립,,경기도 용인시 수지구 용구대로2772번길 15 (죽전동.죽전초등학교),0,,,1,2020.0,,,,,,,,,,,,,,,,,,,,0
지곡초등학교,경기,초,공립,,경기도 용인시 기흥구 사은로 274-45 . 지곡초등학교 (지곡동. 지곡초등학교),0,,,1,2018.0,,,,,,,,,,,,,,,,,,,,0
지석초등학교,경기,초,공립,,경기도 용인시 기흥구 어정로 62-25 . 지석초등학교 (상하동),0,,,0,,,,,,,,,,,,,,,,,,,,,0
청곡초등학교,경기,초,공립,,경기도 용인시 기흥구 덕영대로2077번길 52 . 청곡초등학교 (영덕동),0,,,0,,,,,,,,,,,,,,,,,,,,,0
청덕초등학교,경기,초,공립,,경기도 용인시 기흥구 구성1로 61 (청덕동. 청덕초등학교),0,,,0,,,,,,,,,,,,,,,,,,,,,0
토월초등학교,경기,초,공립,,경기도 용인시 수지구 수지로296번길 3 . 토월초등학교 (풍덕천동. 토월초등학교),0,,,0,,,,,,,,,,,,,,,,,,,,,0
포곡초등학교,경기,초,공립,,경기도 용인시 처인구 포곡읍 부곡로 24 (포곡읍.포곡초등학교),0,,,0,,,,,,,,,,,,,,,,,,,,,0
풍덕초등학교,경기,초,공립,,경기도 용인시 수지구 수지로 367 . 풍덕초등학교 (풍덕천동),0,,,0,,,,,,,,,,,,,,,,,,,,,0
풍천초등학교,경기,초,공립,,경기도 용인시 수지구 진산로66번길 20 (풍덕천동. 풍천초등학교),0,,,1,2020.0,,,,,,,,,,,,,,,,,,,,0
한터초등학교,경기,초,공립,,경기도 용인시 처인구 양지면 한터로571번길 4 . 한터초등학교 (양지면),0,,,1,2019.0,,,,,,,,,,,,,,,,,,,,0
현암초등학교,경기,초,공립,,경기도 용인시 수지구 대지로 146 . 현암초등학교 (죽전동),0,,,0,,,,,,,,,,,,,,,,,,,,,0
홍천초등학교,경기,초,공립,,경기도 용인시 수지구 신봉2로14번길 49 . 홍천초등학교 (신봉동),0,,,0,,,,,,,,,,,,,,,,,,,,,0
효자초등학교,경기,초,공립,,경기도 용인시 수지구 성복1로 106-1 (성복동),0,,,0,,,,,,,,,,,,,,,,,,,,,0
흥덕초등학교,경기,초,공립,,경기도 용인시 기흥구 흥덕1로62번길 26 . 흥덕초등학교 (영덕동),0,,,0,,,,,,,,,,,,,,,,,,,,,0
공세초등학교,경기,초,공립,,경기도 용인시 기흥구 탑실로 86-10 . 공세초등학교 (공세동. 공세초등학교),0,,,0,,,,,,,,,,,,,,,,,,,,,0
석현초등학교,경기,초,공립,,경기도 용인시 기흥구 흥덕3로 42 . 석현초등학교 (영덕동),0,,,0,,,,,,,,,,,,,,,,,,,,,0
중일초등학교,경기,초,공립,,경기도 용인시 기흥구 동백죽전대로527번길 36 중일초등학교 (중동),0,,,1,2016.0,,,,,,,,,,,,,,,,,,,,0
상하중학교,경기,중,공립,남여공학,경기도 용인시 기흥구 중부대로746번길 16-29 (상하동),0,,,0,,,,,,,,,,,,,,,,,,,,,0
서천중학교,경기,중,공립,남여공학,경기도 용인시 기흥구 서천동로 7 (서천동),0,,,0,,,,,,,,,,,,,,,,,,,,,0
성서중학교,경기,중,공립,남여공학,경기도 용인시 수지구 성복1로 137 (성복동),0,,,0,,,,,,,,,,,,,,,,,,,,,0
용인한빛중학교,경기,중,공립,남여공학,경기도 용인시 수지구 동천로 177 (동천동.용인한빛중학교),0,,,0,,,,,,,,,,,,,,,,,,,,,0
신봉중학교,경기,중,공립,남여공학,경기도 용인시 수지구 신봉3로 43 (신봉동),1,2023.0,교육활동 모델교,0,,,,,,,,,,,,,,,,,,,,,0
어정중학교,경기,중,공립,남여공학,경기도 용인시 기흥구 동백죽전대로527번길 83 (중동. 어정중학교),0,,,1,2016.0,,,,,,,,,,,,,,,,,,,,0
한숲중학교,경기,중,공립,남여공학,경기도 용인시 처인구 남사면 한숲로 109 (남사면. 한숲중학교),0,,,0,,,,,,,,,,,,,,,,,,,,,0
고림중학교,경기,중,공립,남여공학,경기도 용인시 처인구 고림로74번길 30 . 고림중학교 (고림동),0,,,0,,,,,,,,,,,,,,,,,,,,,0
구갈중학교,경기,중,공립,남여공학,경기도 용인시 기흥구 산양로 12 . 구갈중학교 (신갈동),0,,,0,,,,,,,,,,,,,,,,,,,,,0
구성중학교,경기,중,공립,남여공학,경기도 용인시 기흥구 연원로42번길 48 (마북동),0,,,0,,,,,,,,,,,,,,,,,,,,,0
기흥중학교,경기,중,공립,남여공학,경기도 용인시 기흥구 신갈로138번길 23 . 기흥중학교 (신갈동),0,,,0,,,,,,,,,,,,,,,,,,,,,0
나곡중학교,경기,중,공립,남여공학,경기도 용인시 기흥구 사은로126번길 83 (보라동. 나곡중학교),0,,,0,,,,,,,,,,,,,,,,,,,,,0
대지중학교,경기,중,공립,남여공학,경기도 용인시 수지구 대지로51번길 22 (죽전동),0,,,0,,,,,,,,,,,,,,,,,,,,,0
동백중학교,경기,중,공립,남여공학,경기도 용인시 기흥구 동백중앙로 385 (동백동.동백중학교),0,,,1,2020.0,,,,,,,,,,,,,,,,,,,,0
모현중학교,경기,중,공립,남여공학,경기도 용인시 처인구 모현읍 문현로189번길 5 (모현읍. 모현중학교),0,,,0,,,,,,,,,,,,,,,,,,,,,0
백암중학교,경기,중,공립,남여공학,경기도 용인시 처인구 백암면 백원로 519-9 (백암면.백암중고등학교),0,,,0,,,,,,,,,,,,,,,,,,,,,0
보라중학교,경기,중,공립,남여공학,경기도 용인시 기흥구 한보라1로 63 . 보라중학교 (보라동),0,,,0,,,,,,,,,,,,,,,,,,,,,0
상갈중학교,경기,중,공립,남여공학,경기 용인시 기흥구 금화로82번길 7 (상갈동.상갈중학교),0,,,0,,,,,,,,,,,,,,,,,,,,,0
손곡중학교,경기,중,공립,남여공학,경기도 용인시 수지구 수풍로116번길 5 (동천동),0,,,0,,,,,,,,,,,,,,,,,,,,,0
상현중학교,경기,중,공립,남여공학,경기도 용인시 수지구 광교마을로 61 (상현동. 상현중학교),0,,,0,,,,,,,,,,,,,,,,,,,,,0
서원중학교,경기,중,공립,남여공학,경기도 용인시 수지구 상현로42번길 26-8 (상현동. 서원중학교),0,,,0,,,,,,,,,,,,,,,,,,,,,0
성복중학교,경기,중,공립,남여공학,경기도 용인시 수지구 성복2로78번길 51 (성복동),0,,,0,,,,,,,,,,,,,,,,,,,,,0
성지중학교,경기,중,공립,남여공학,경기도 용인시 기흥구 강남서로 26 (구갈동. 성지중학교),0,,,0,,,,,,,,,,,,,,,,,,,,,0
소현중학교,경기,중,공립,남여공학,경기도 용인시 기흥구 만현로133번길 96 (보정동.소현중학교),0,,,0,,,,,,,,,,,,,,,,,,,,,0
송전중학교,경기,중,공립,남여공학,경기도 용인시 처인구 이동면 경기동로687번길 28-14 . 송전중학교 (이동면),0,,,0,,,,,,,,,,,,,,,,,,,,,0
수지중학교,경기,중,공립,남여공학,경기도 용인시 수지구 수풍로 102 (풍덕천동),0,,,0,,,,,,,,,,,,,,,,,,,,,0
신갈중학교,경기,중,공립,남여공학,경기도 용인시 기흥구 용구대로2152번길 23 (신갈동.신갈중학교),0,,,1,2020.0,,,,,,,,,,,,,,,,,,,,0
언동중학교,경기,중,공립,남여공학,경기도 용인시 기흥구 언남로 41 . 언동중학교 (언남동. 언동중학교),0,,,1,2019.0,,,,,,,,,,,,,,,,,,,,0
영문중학교,경기,중,공립,남여공학,경기도 용인시 처인구 포곡읍 영문로 70 (포곡읍),0,,,0,,,,,,,,,,,,,,,,,,,,,0
용인중학교,경기,중,공립,남여공학,경기도 용인시 처인구 금학로341번길 8 (김량장동 212번지 ),0,,,0,,,,,,,,,,,,,,,,,,,,,0
용신중학교,경기,중,공립,남여공학,경기도 용인시 처인구 명지로 15-26 (김량장동.용신중학교),0,,,0,,,,,,,,,,,,,,,,,,,,,0
용인대덕중학교,경기,중,공립,남여공학,경기 용인시 수지구 죽전로293번길 12 . 용인대덕중학교 (죽전동.대덕중학교),0,,,1,2020.0,,,,,,,,,,,,,,,,,,,,0
용인신릉중학교,경기,중,공립,남여공학,경기도 용인시 기흥구 새천년로 57 (신갈동.용인신릉중학교),0,,,0,,,,,,,,,,,,,,,,,,,,,0
용인신촌중학교,경기,중,공립,남여공학,경기도 용인시 기흥구 보정로 71 (보정동),0,,,0,,,,,,,,,,,,,,,,,,,,,0
용천중학교,경기,중,공립,남여공학,경기도 용인시 처인구 이동읍 백옥대로587번길 54 용천중학교,0,,,0,,,,,,,,,,,,,,,,,,,,,0
용인백현중학교,경기,중,공립,남여공학,경기도 용인시 기흥구 동백7로 107번길 . 용인백현중학교 (동백동),0,,,0,,,,,,,,,,,,,,,,,,,,,0
초당중학교,경기,중,공립,남여공학,경기도 용인시 기흥구 동백중앙로 119 (중동.초당중학교),0,,,0,,,,,,,,,,,,,,,,,,,,,0
원삼중학교,경기,중,공립,남여공학,경기도 용인시 처인구 원삼면 고당로16번길 29 (원삼면.원삼중학교),0,,,0,,,,,,,,,,,,,,,,,,,,,0
이현중학교,경기,중,공립,남여공학,경기도 용인시 수지구 진산로34번길 39 (풍덕천동),1,2023.0,교육활동 모델교,0,,,,,,,,,,,,,,,,,,,,,0
정평중학교,경기,중,공립,남여공학,경기도 용인시 수지구 정평로 21 (풍덕천동),1,2023.0,정보교육실 구축교,0,,,,,,,,,,,,,,,,,,,,,0
죽전중학교,경기,중,공립,남여공학,경기도 용인시 수지구 용구대로2771번길 15 (죽전동),0,,,0,,,,,,,,,,,,,,,,,,,,,0
청덕중학교,경기,중,공립,남여공학,경기도 용인시 기흥구 구성1로 23 . 청덕중학교 (청덕동),0,,,0,,,,,,,,,,,,,,,,,,,,,0
포곡중학교,경기,중,공립,남여공학,경기도 용인시 처인구 포곡읍 석성로 1176 (포곡읍.포곡중학교),0,,,0,,,,,,,,,,,,,,,,,,,,,0
현암중학교,경기,중,공립,남여공학,경기도 용인시 수지구 대지로 128 . 현암중학교 (죽전동),0,,,0,,,,,,,,,,,,,,,,,,,,,0
홍천중학교,경기,중,공립,남여공학,경기도 용인시 수지구 신봉1로71번길 36 (신봉동.홍천중학교),0,,,0,,,,,,,,,,,,,,,,,,,,,0
흥덕중학교,경기,중,공립,남여공학,경기도 용인시 기흥구 흥덕중앙로105번길 10 (영덕동.흥덕중학교),0,,,1,2017.0,,,,,,,,,,,,,,,,,,,,0
남사중학교,경기,중,사립,남여공학,경기 용인시 처인구 남사면 내기로 27 (남사면.남사중학교),0,,,0,,,,,,,,,,,,,,,,,,,,,0
문정중학교,경기,중,사립,남여공학,경기도 용인시 수지구 포은대로 455 (풍덕천동),0,,,0,,,,,,,,,,,,,,,,,,,,,0
용동중학교,경기,중,사립,남여공학,경기도 용인시 처인구 양지면 남곡로 26 . 용동중학교 (양지면),0,,,0,,,,,,,,,,,,,,,,,,,,,0
태성중학교,경기,중,사립,남자,경기도 용인시 처인구 백옥대로 1059-2 . 태성중학교 (남동),0,,,0,,,,,,,,,,,,,,,,,,,,,0
헌산중학교,경기,중,사립,남여공학,경기도 용인시 처인구 원삼면 내동로 50-13 (원삼면.헌산중학교),0,,,1,2020.0,,,,,,,,,,,,,,,,,,,,0
포일초등학교,경기,초,공립,,경기도 의왕시 포일세거리로 51 포일동,1,2023.0,교육활동 모델교,1,2020.0,,,,,,,,,,,,,,,,,,,,1
갈뫼초등학교,경기,초,공립,,경기도 의왕시 갈미로 27 (내손동),0,,,0,,,,,,,,,,,,,,,,,,,,,0
고천초등학교,경기,초,공립,,경기도 의왕시 효행로 10 . 고천초등학교 (고천동),0,,,0,,,,,,,,,,,,,,,,,,,,,0
내동초등학교,경기,초,공립,,경기도 의왕시 내손로 101 . 내동초등학교 (내손동),0,,,1,2020.0,,,,,,,,,,,,,,,,,,,,0
곡란초등학교,경기,초,공립,,경기도 군포시 고산로677번길 24-42 (산본동. 곡란초등학교),0,,,1,2020.0,,,,,,,,,,,,,,,,,,,,0
관모초등학교,경기,초,공립,,경기도 군포시 곡란로8번길 35-22 . 관모초등학교 (산본동),0,,,1,2020.0,,,,,,,,,,,,,,,,,,,,0
광정초등학교,경기,초,공립,,경기도 군포시 산본로386번길 5-20 (산본동.광정초등학교),1,2023.0,교육활동 모델교,1,2017.0,,,,,,,,,,,,,,,,,,,,1
군포양정초등학교,경기,초,공립,,경기도 군포시 오금로 131 (금정동),0,,,0,,,,,,,,,,,,,,,,,,,,,0
군포옥천초등학교,경기,초,공립,,경기도 군포시 용호2로54번길 12 . 군포옥천초등학교 (당동),0,,,0,,,,,,,,,,,,,,,,,,,,,0
군포초등학교,경기,초,공립,,경기도 군포시 군포로 463 . 군포초등학교 (당동),1,2023.0,교육활동 모델교,1,2019.0,,,,,,,,,,,,,,,,,,,,1
군포화산초등학교,경기,초,공립,,경기도 군포시 오금로 48 (금정동. 화산초등학교),0,,,0,,,,,,,,,,,,,,,,,,,,,0
궁내초등학교,경기,초,공립,,경기도 군포시 수리산로 187 (산본동. 궁내초등학교),0,,,1,2018.0,,,,,,,,,,,,,,,,,,,,0
금정초등학교,경기,초,공립,,경기도 군포시 금정로 40 (금정동. 금정초등학교),0,,,1,2020.0,,,,,,,,,,,,,,,,,,,,0
내손초등학교,경기,초,공립,,경기도 의왕시 내손순환로 175 . 내손초등학교 (내손동. 내손초등학교),0,,,0,,,,,,,,,,,,,,,,,,,,,0
능내초등학교,경기,초,공립,,경기도 군포시 수리산로 37 . 능내초등학교 (산본동. 능내초등학교),0,,,1,2020.0,,,,,,,,,,,,,,,,,,,,0
덕장초등학교,경기,초,공립,,경기도 의왕시 덕장로 33 (청계동. 덕장초등학교),0,,,1,2020.0,,,,,,,,,,,,,,,,,,,,0
당정초등학교,경기,초,공립,,경기도 군포시 고산로151번길 26-24 . 당정초등학교 (당정동. 당정초등학교),0,,,0,,,,,,,,,,,,,,,,,,,,,0
도장초등학교,경기,초,공립,,경기도 군포시 번영로 371 . 도장초등학교 (산본동),0,,,0,,,,,,,,,,,,,,,,,,,,,0
둔대초등학교,경기,초,공립,,경기도 군포시 호수로 305-14 (둔대동)둔대초등학교,0,,,0,,,,,,,,,,,,,,,,,,,,,0
둔전초등학교,경기,초,공립,,경기도 군포시 고산로 542 . 둔전초등학교 (산본동. 둔전초등학교),1,2023.0,교육활동 모델교,1,2019.0,,,,,,,,,,,,,,,,,,,,1
백운초등학교,경기,초,공립,,경기도 의왕시 백운초등길 4 (내손동. 백운초등학교),0,,,0,,,,,,,,,,,,,,,,,,,,,0
산본초등학교,경기,초,공립,,경기도 군포시 산본로386번길 60 (산본동. 산본초등학교),1,2023.0,정보교육실 구축교,0,,,,,,,,,,,,,,,,,,,,,0
수리초등학교,경기,초,공립,,경기도 군포시 수리산로 125 (산본동. 수리초등학교),0,,,0,,,,,,,,,,,,,,,,,,,,,0
신흥초등학교,경기,초,공립,,경기도 군포시 고산로 470 . 신흥초등학교 (산본동. 신흥초등학교),0,,,0,,,,,,,,,,,,,,,,,,,,,0
오금초등학교,경기,초,공립,,경기도 군포시 번영로 366 (산본동. 오금초등학교),0,,,0,,,,,,,,,,,,,,,,,,,,,0
오전초등학교,경기,초,공립,,경기도 의왕시 찬우물길 49 (오전동. 오전초등학교),0,,,0,,,,,,,,,,,,,,,,,,,,,0
왕곡초등학교,경기,초,공립,,경기도 의왕시 왕곡로 58 . 왕곡초등학교 (왕곡동. 왕곡초등학교),0,,,1,2019.0,,,,,,,,,,,,,,,,,,,,0
용호초등학교,경기,초,공립,,경기도 군포시 용호2로 12 (당동. 용호초등학교),0,,,0,,,,,,,,,,,,,,,,,,,,,0
의왕덕성초등학교,경기,초,공립,,경기도 의왕시 덕영대로 123 (삼동. 덕성초등학교),1,2023.0,교육활동 모델교,0,,,,,,,,,,,,,,,,,,,,,0
의왕부곡초등학교,경기,초,공립,,경기도 의왕시 철도박물관로 143 . 의왕부곡초등학교 (삼동),0,,,1,2020.0,,,,,,,,,,,,,,,,,,,,0
의왕초등학교,경기,초,공립,,경기도 의왕시 모락로 56 (오전동. 의왕초등학교),0,,,1,2020.0,,,,,,,,,,,,,,,,,,,,0
태을초등학교,경기,초,공립,,경기도 군포시 산본로 451-49 . 태을초등학교 (산본동),0,,,1,2020.0,,,,,,,,,,,,,,,,,,,,0
흥진초등학교,경기,초,공립,,경기도 군포시 오금로 15-40 (금정동. 흥진초등학교),0,,,0,,,,,,,,,,,,,,,,,,,,,0
당동초등학교,경기,초,공립,,경기도 군포시 용호1로 34 . 당동초등학교 (당동),0,,,0,,,,,,,,,,,,,,,,,,,,,0
군포대야초등학교,경기,초,공립,,경기도 군포시 대야2로 148 . 군포대야초등학교 (대야미동. 군포대야초등학교),0,,,0,,,,,,,,,,,,,,,,,,,,,0
모락초등학교,경기,초,공립,,경기도 의왕시 보식골로 40 . 모락초등학교 (오전동),0,,,0,,,,,,,,,,,,,,,,,,,,,0
부곡중앙초등학교,경기,초,공립,,경기도 군포시 송부로273번길 7 (부곡동. 부곡중앙초등학교),0,,,0,,,,,,,,,,,,,,,,,,,,,0
한얼초등학교,경기,초,공립,,경기도 군포시 산본천로 136 (산본동),1,2023.0,교육활동 모델교,0,,,,,,,,,,,,,,,,,,,,,0
군포신기초등학교,경기,초,공립,,경기도 군포시 삼성로28번길 3. 군포신기초등학교 (부곡동. 군포신기초등학교),0,,,0,,,,,,,,,,,,,,,,,,,,,0
당정중학교,경기,중,공립,남여공학,경기도 군포시 이당로 152 (당정동. 당정중학교),0,,,0,,,,,,,,,,,,,,,,,,,,,0
갈뫼중학교,경기,중,공립,남여공학,경기도 의왕시 갈미로 61 . 갈뫼중학교 (내손동. 갈뫼중학교),0,,,0,,,,,,,,,,,,,,,,,,,,,0
고천중학교,경기,중,공립,남여공학,경기도 의왕시 백운로 25 (오전동. 고천중학교),0,,,0,,,,,,,,,,,,,,,,,,,,,0
곡란중학교,경기,중,공립,남여공학,경기도 군포시 곡란로 95 (산본동.곡란중학교),0,,,0,,,,,,,,,,,,,,,,,,,,,0
군포중학교,경기,중,공립,남여공학,경기도 군포시 금당로124번길 19 (당동),0,,,0,,,,,,,,,,,,,,,,,,,,,0
궁내중학교,경기,중,공립,남여공학,경기도 군포시 수리산로 171 (산본동),0,,,0,,,,,,,,,,,,,,,,,,,,,0
금정중학교,경기,중,공립,남여공학,경기도 군포시 오금로 114 (금정동. 금정중학교),0,,,1,2020.0,,,,,,,,,,,,,,,,,,,,0
당동중학교,경기,중,공립,남여공학,경기도 군포시 용호1로21번길 12 (당동. 당동중학교),0,,,0,,,,,,,,,,,,,,,,,,,,,0
도장중학교,경기,중,공립,남여공학,경기도 군포시 고산로 460 (산본동),1,2023.0,교육활동 모델교,1,2020.0,,,,,,,,,,,,,,,,,,,,1
백운중학교,경기,중,공립,남여공학,경기도 의왕시 안양판교로 168 (포일동. 백운중학교),0,,,0,,,,,,,,,,,,,,,,,,,,,0
산본중학교,경기,중,공립,남여공학,경기도 군포시 산본로432번길 17 (산본동. 산본중학교),0,,,1,2020.0,,,,,,,,,,,,,,,,,,,,0
수리중학교,경기,중,공립,남여공학,경기도 군포시 수리산로 139 . 수리중학교 (산본동),0,,,0,,,,,,,,,,,,,,,,,,,,,0
용호중학교,경기,중,공립,남여공학,경기도 군포시 용호2로54번길 14 (당동. 용호중학교),0,,,0,,,,,,,,,,,,,,,,,,,,,0
의왕부곡중학교,경기,중,공립,남여공학,경기도 의왕시 부곡중학길 61 (월암동),0,,,1,2019.0,,,,,,,,,,,,,,,,,,,,0
의왕중학교,경기,중,공립,남여공학,경기도 의왕시 등칙골길 28 (오전동.의왕중학교),0,,,0,,,,,,,,,,,,,,,,,,,,,0
흥진중학교,경기,중,공립,남여공학,경기 군포시 오금로 15-35 (금정동.흥진중학교),0,,,0,,,,,,,,,,,,,,,,,,,,,0
모락중학교,경기,중,공립,남여공학,경기도 의왕시 모락로 110 (오전동. 모락중학교),0,,,0,,,,,,,,,,,,,,,,,,,,,0
부곡중앙중학교,경기,중,공립,남여공학,경기도 군포시 송부로 241 (부곡동. 부곡중앙중학교),1,2023.0,정보교육실 구축교,0,,,,,,,,,,,,,,,,,,,,,0
덕장중학교,경기,중,공립,남여공학,경기도 의왕시 덕장로 55 (청계동. 덕장중학교),0,,,0,,,,,,,,,,,,,,,,,,,,,0
검바위초등학교,경기,초,공립,,경기도 시흥시 수인로3247번길 59 . 검바위초등학교 (은행동),0,,,0,,,,,,,,,,,,,,,,,,,,,0
배곧초등학교,경기,초,공립,,경기도 시흥시 배곧4로 44-5 . 배곧초등학교 (정왕동),0,,,0,,,,,,,,,,,,,,,,,,,,,0
배곧라온초등학교,경기,초,공립,,경기도 시흥시 배곧4로 94-39 . 배곧라온초등학교 (정왕동),0,,,0,,,,,,,,,,,,,,,,,,,,,0
계수초등학교,경기,초,공립,,경기도 시흥시 계수로 203 (계수동.계수초등학교),0,,,0,,,,,,,,,,,,,,,,,,,,,0
산현초등학교,경기,초,공립,,경기도 시흥시 목감남서로 68 (산현동),0,,,0,,,,,,,,,,,,,,,,,,,,,0
운흥초등학교,경기,초,공립,,경기도 시흥시 목감둘레로 109 . 운흥초등학교 (조남동),0,,,0,,,,,,,,,,,,,,,,,,,,,0
조남초등학교,경기,초,공립,,경기도 시흥시 목감둘레로 229-9 (조남동),0,,,0,,,,,,,,,,,,,,,,,,,,,0
군서초등학교,경기,초,공립,,경기도 시흥시 정왕천로427번길 30 . 군서초등학교 (정왕동.군서초등학교),0,,,0,,,,,,,,,,,,,,,,,,,,,0
군자초등학교,경기,초,공립,,경기도 시흥시 군자로 539 . 군자초등학교 (거모동.군자초등학교),1,2023.0,교육활동 모델교,1,2016.0,,,,,,,,,,,,,,,,,,,,1
금모래초등학교,경기,초,공립,,경기도 시흥시 대은로 16-29 . 금모래초등학교 (은행동),0,,,0,,,,,,,,,,,,,,,,,,,,,0
냉정초등학교,경기,초,공립,,경기도 시흥시 역전로 369 . 냉정초등학교 (정왕동),0,,,0,,,,,,,,,,,,,,,,,,,,,0
배곧한울초등학교,경기,초,공립,,경기도 시흥시 배곧1로 28-25 (정왕동),0,,,0,,,,,,,,,,,,,,,,,,,,,0
대야초등학교,경기,초,공립,,경기도 시흥시 대골안길 31 . 대야초등학교  (대야동),0,,,0,,,,,,,,,,,,,,,,,,,,,0
도일초등학교,경기,초,공립,,경기도 시흥시 군자로465번길 7 (거모동. 도일초등학교),0,,,1,2019.0,,,,,,,,,,,,,,,,,,,,0
도창초등학교,경기,초,공립,,경기도 시흥시 수인로2793번길 6 (도창동),0,,,0,,,,,,,,,,,,,,,,,,,,,0
배곧해솔초등학교,경기,초,공립,,경기도 시흥시 서울대학로 150-17 . 배곧해솔초등학교,0,,,0,,,,,,,,,,,,,,,,,,,,,0
목감초등학교,경기,초,공립,,경기도 시흥시 목감초등길 49 (논곡동.목감초등학교),0,,,0,,,,,,,,,,,,,,,,,,,,,0
서촌초등학교,경기,초,공립,,경기도 시흥시 정왕대로 118번길 . 27 (정왕동),0,,,1,2020.0,,,,,,,,,,,,,,,,,,,,0
서해초등학교,경기,초,공립,,경기도 시흥시 정왕대로53번길 14 (정왕동. 서해초등학교),0,,,0,,,,,,,,,,,,,,,,,,,,,0
소래초등학교,경기,초,공립,,경기도 시흥시 호현로27번길 14 . 소래초등학교 (신천동),0,,,0,,,,,,,,,,,,,,,,,,,,,0
송운초등학교,경기,초,공립,,경기도 시흥시 옥구천동로 433-25 (정왕동. 송운초등학교),0,,,0,,,,,,,,,,,,,,,,,,,,,0
시화초등학교,경기,초,공립,,경기도 시흥시 큰솔로7번길 10 . 시화초등학교 (정왕동. 시화초등학교),0,,,0,,,,,,,,,,,,,,,,,,,,,0
시흥매화초등학교,경기,초,공립,,경기도 시흥시 매화1로 62 . 시흥매화초등학교 (매화동),0,,,0,,,,,,,,,,,,,,,,,,,,,0
시흥신일초등학교,경기,초,공립,,경기도 시흥시 신천로7번길 12 . 시흥신일초등학교 (신천동),0,,,0,,,,,,,,,,,,,,,,,,,,,0
시흥은행초등학교,경기,초,공립,,경기도 시흥시 대은로104번길 29-10 (은행동.시흥은행초등학교),0,,,0,,,,,,,,,,,,,,,,,,,,,0
시흥초등학교,경기,초,공립,,경기도 시흥시 정왕대로143번길 15 . 시흥초등학교 (정왕동),0,,,0,,,,,,,,,,,,,,,,,,,,,0
신천초등학교,경기,초,공립,,경기도 시흥시 포도원로 88 . 신천초등학교 (신천동. 신천초등학교),0,,,0,,,,,,,,,,,,,,,,,,,,,0
연성초등학교,경기,초,공립,,경기도 시흥시 나분들길 44 (광석동. 연성초등학교),0,,,0,,,,,,,,,,,,,,,,,,,,,0
옥터초등학교,경기,초,공립,,경기도 시흥시 옥터로 33 (정왕동. 옥터초등학교),0,,,0,,,,,,,,,,,,,,,,,,,,,0
은계초등학교,경기,초,공립,,경기도 시흥시 대은로103번길 24 (대야동. 은계초등학교),0,,,0,,,,,,,,,,,,,,,,,,,,,0
장곡초등학교,경기,초,공립,,경기도 시흥시 장곡로70번길 12 (장곡동. 장곡초등학교),0,,,0,,,,,,,,,,,,,,,,,,,,,0
정왕초등학교,경기,초,공립,,경기도 시흥시 중심상가로 257 (정왕동. 정왕초등학교),0,,,0,,,,,,,,,,,,,,,,,,,,,0
진말초등학교,경기,초,공립,,경기도 시흥시 황고개로 567 (장곡동.진말초등학교),0,,,0,,,,,,,,,,,,,,,,,,,,,0
포리초등학교,경기,초,공립,,경기도 시흥시 신현로202번길 31 . 포리초등학교 (포동. 포리초등학교),0,,,0,,,,,,,,,,,,,,,,,,,,,0
하중초등학교,경기,초,공립,,경기도 시흥시 하중로209번길 10 (하중동),0,,,0,,,,,,,,,,,,,,,,,,,,,0
함현초등학교,경기,초,공립,,경기도 시흥시 역전로 455 . 함현초등학교 (정왕동),0,,,0,,,,,,,,,,,,,,,,,,,,,0
웃터골초등학교,경기,초,공립,,경기도 시흥시 은행고길 18 . 웃터골초등학교 (은행동),0,,,0,,,,,,,,,,,,,,,,,,,,,0
생금초등학교,경기,초,공립,,경기도 시흥시 죽율로 45-42 . 생금초등학교 (죽율동),0,,,0,,,,,,,,,,,,,,,,,,,,,0
시흥월곶초등학교,경기,초,공립,,경기도 시흥시 월곶해안로 69 . 시흥월곶초등학교 (월곶동),0,,,0,,,,,,,,,,,,,,,,,,,,,0
시흥도원초등학교,경기,초,공립,,경기도 시흥시 수인로3413번길 34 (신천동.시흥도원초등학교),0,,,0,,,,,,,,,,,,,,,,,,,,,0
시흥장현초등학교,경기,초,공립,,경기도 시흥시 시청로80번길 5 . 시흥장현초등학교 (장현동.시흥장현초등학교),0,,,1,2019.0,,,,,,,,,,,,,,,,,,,,0
월포초등학교,경기,초,공립,,경기도 시흥시 월곶중앙로 18 (월곶동.월포초등학교),0,,,0,,,,,,,,,,,,,,,,,,,,,0
시흥능곡초등학교,경기,초,공립,,경기도 시흥시 능곡중앙로 22 . 시흥능곡초등학교 (능곡동),0,,,0,,,,,,,,,,,,,,,,,,,,,0
승지초등학교,경기,초,공립,,경기도 시흥시 승지로 110 . 승지초등학교 (능곡동. 승지초등학교),0,,,0,,,,,,,,,,,,,,,,,,,,,0
조남중학교,경기,중,공립,남여공학,경기도 시흥시 목감둘레로 205 . 조남중학교 (조남동),0,,,0,,,,,,,,,,,,,,,,,,,,,0
배곧중학교,경기,중,공립,남여공학,경기도 시흥시 배곧4로 72 . 배곧중학교 (정왕동),1,2023.0,교육활동 모델교,0,,,,,,,,,,,,,,,,,,,,,0
군서중학교,경기,중,공립,남여공학,경기도 시흥시 봉우재로37번길 5 (정왕동.군서중학교),0,,,0,,,,,,,,,,,,,,,,,,,,,0
군자중학교,경기,중,공립,남여공학,경기도 시흥시 군자봉길 299 (거모동),0,,,1,2020.0,,,,,,,,,,,,,,,,,,,,0
대흥중학교,경기,중,공립,남여공학,경기도 시흥시 서해안로 1587 (대야동),0,,,1,2017.0,,,,,,,,,,,,,,,,,,,,0
서해중학교,경기,중,공립,남여공학,경기도 시흥시 옥구천서로373번길 18 . 서해중학교 (정왕동),1,2023.0,교육활동 모델교,1,2017.0,,,,,,,,,,,,,,,,,,,,1
소래중학교,경기,중,공립,남여공학,경기도 시흥시 은행로 60 . 소래중학교 (은행동),0,,,0,,,,,,,,,,,,,,,,,,,,,0
송운중학교,경기,중,공립,남여공학,경기도 시흥시 옥구천동로 433-11 (정왕동.송운중학교),1,2023.0,교육활동 모델교,0,,,,,,,,,,,,,,,,,,,,,0
시흥은행중학교,경기,중,공립,남여공학,경기도 시흥시 은행로144번길 36 . 시흥은행중학교 (은행동. 시흥은행중학교),1,2023.0,교육활동 모델교,1,2020.0,,,,,,,,,,,,,,,,,,,,1
시흥중학교,경기,중,공립,남여공학,경기도 시흥시 옥구천동로374번길 39 (정왕동. 시흥중학교),0,,,1,2020.0,,,,,,,,,,,,,,,,,,,,0
신천중학교,경기,중,공립,남여공학,경기도 시흥시 포도원로 88-1 (신천동. 신천중학교),0,,,0,,,,,,,,,,,,,,,,,,,,,0
연성중학교,경기,중,공립,남여공학,경기도 시흥시 하상로 14-7 . 연성중학교 (하상동.연성중학교),0,,,1,2019.0,,,,,,,,,,,,,,,,,,,,0
장곡중학교,경기,중,공립,남여공학,경기도 시흥시 장곡로 10 (장곡동),0,,,0,,,,,,,,,,,,,,,,,,,,,0
정왕중학교,경기,중,공립,남여공학,경기도 시흥시 정왕대로298번길 28 (정왕동.정왕중학교),0,,,0,,,,,,,,,,,,,,,,,,,,,0
함현중학교,경기,중,공립,남여공학,경기도 시흥시 역전로 435 (정왕동. 함현중학교),0,,,1,2017.0,,,,,,,,,,,,,,,,,,,,0
월곶중학교,경기,중,공립,남여공학,경기도 시흥시 월곶해안로 63 (월곶동. 월곶중학교),1,2023.0,정보교육실 구축교,0,,,,,,,,,,,,,,,,,,,,,0
논곡중학교,경기,중,공립,남여공학,경기도 시흥시 수인로2421번길 72 (논곡동. 논곡중학교),0,,,0,,,,,,,,,,,,,,,,,,,,,0
시화중학교,경기,중,공립,남여공학,경기도 시흥시 큰솔로52번길 23 (정왕동),0,,,0,,,,,,,,,,,,,,,,,,,,,0
은계중학교,경기,중,공립,남여공학,경기도 시흥시 대은로111번길 10 (계수동. 은계중학교),0,,,0,,,,,,,,,,,,,,,,,,,,,0
응곡중학교,경기,중,공립,남여공학,경기도 시흥시 장곡로54번길 14 . 응곡중학교 (장곡동),0,,,0,,,,,,,,,,,,,,,,,,,,,0
시흥매화중학교,경기,중,공립,남여공학,경기도 시흥시 매화로 71 (매화동.시흥매화중학교),0,,,0,,,,,,,,,,,,,,,,,,,,,0
시흥능곡중학교,경기,중,공립,남여공학,경기도 시흥시 능곡로 117 (능곡동),0,,,0,,,,,,,,,,,,,,,,,,,,,0
한국글로벌중학교,경기,중,사립,남여공학,경기도 시흥시 금오로 640 . 한국글로벌중학교 (과림동.한국조리과학고등학교),0,,,0,,,,,,,,,,,,,,,,,,,,,0
청옥초등학교,경기,초,공립,,경기도 평택시 청북읍 안청로1길 76 . 청옥초등학교 (청북읍),0,,,0,,,,,,,,,,,,,,,,,,,,,0
현촌초등학교,경기,초,공립,,경기도 평택시 현촌3길 10 . 현촌초등학교 (용이동),0,,,0,,,,,,,,,,,,,,,,,,,,,0
가사초등학교,경기,초,공립,,경기도 평택시 현덕면 기산2길 16 (현덕면),0,,,0,,,,,,,,,,,,,,,,,,,,,0
갈곶초등학교,경기,초,공립,,경기도 평택시 진위면 엘지로 57 (진위면. 갈곶초등학교),1,2023.0,교육활동 모델교,1,2016.0,,,,,,,,,,,,,,,,,,,,1
계성초등학교,경기,초,공립,,경기도 평택시 팽성읍 계성새싹길 85 (팽성읍),1,2023.0,교육활동 모델교,0,,,,,,,,,,,,,,,,,,,,,0
고덕초등학교,경기,초,공립,,경기도 평택시 고덕면 고덕로 254 (고덕면),0,,,0,,,,,,,,,,,,,,,,,,,,,0
군문초등학교,경기,초,공립,,경기도 평택시 원평로 21 . 군문초등학교 (군문동),0,,,1,2018.0,,,,,,,,,,,,,,,,,,,,0
내기초등학교,경기,초,공립,,경기도 평택시 포승읍 내기새싹길 23 (포승읍. 내기초등학교),0,,,0,,,,,,,,,,,,,,,,,,,,,0
덕동초등학교,경기,초,공립,,경기도 평택시 매봉산1길 5 (비전동. 덕동초등학교),0,,,0,,,,,,,,,,,,,,,,,,,,,0
동삭초등학교,경기,초,공립,,경기도 평택시 동삭로 370 (동삭동.동삭초등학교),0,,,1,2020.0,,,,,,,,,,,,,,,,,,,,0
복창초등학교,경기,초,공립,,경기도 평택시 서정북로 3 (서정동. 복창초등학교),0,,,0,,,,,,,,,,,,,,,,,,,,,0
부용초등학교,경기,초,공립,,경기도 평택시 팽성읍 동서촌로 65 . 부용초등학교 (팽성읍),0,,,1,2018.0,,,,,,,,,,,,,,,,,,,,0
평택이화초등학교,경기,초,공립,,경기도 평택시 평남로 906 (비전동),0,,,0,,,,,,,,,,,,,,,,,,,,,0
비전초등학교,경기,초,공립,,경기도 평택시 비전1로 57번길 . 63 (비전동),0,,,0,,,,,,,,,,,,,,,,,,,,,0
삼덕초등학교,경기,초,공립,,경기도 평택시 청북면 청북중앙로 226 . 삼덕초등학교 (청북면),0,,,0,,,,,,,,,,,,,,,,,,,,,0
자란초등학교,경기,초,공립,,경기도 평택시 만세로 1886 . 자란초등학교 (비전동),0,,,1,2017.0,,,,,,,,,,,,,,,,,,,,0
소사벌초등학교,경기,초,공립,,경기도 평택시 동부공원로 59 (비전동),1,2023.0,교육활동 모델교,1,2016.0,,,,,,,,,,,,,,,,,,,,1
서정리초등학교,경기,초,공립,,경기도 평택시 서두물로 21 . 서정리초등학교 (서정동),0,,,1,2018.0,,,,,,,,,,,,,,,,,,,,0
서탄초등학교,경기,초,공립,,경기도 평택시 서탄면 금암2길 121 . 서탄초등학교 (서탄면),1,2023.0,정보교육실 구축교,0,,,,,,,,,,,,,,,,,,,,,0
내기초등학교신영분교장,경기,초,공립,,경기도 평택시 포승읍 신영새싹길 86-29 . 신영분교 (포승읍.내기초등학교신영분교장),0,,,0,,,,,,,,,,,,,,,,,,,,,0
평택청아초등학교,경기,초,공립,,경기도 평택시 청북읍 안청로4길 26 (청북읍. 평택청아초등학교),1,2023.0,교육활동 모델교,1,2019.0,,,,,,,,,,,,,,,,,,,,1
세교초등학교,경기,초,공립,,경기도 평택시 세교공원로 32 (세교동),0,,,0,,,,,,,,,,,,,,,,,,,,,0
송북초등학교,경기,초,공립,,경기도 평택시 지산로 90 . 송북초등학교 (지산동),0,,,0,,,,,,,,,,,,,,,,,,,,,0
가내초등학교,경기,초,공립,,경기도 평택시 비전2로 265 (죽백동. 가내초등학교),0,,,0,,,,,,,,,,,,,,,,,,,,,0
송신초등학교,경기,초,공립,,경기도 평택시 송월로32번길 32 . 송신초등학교 (신장동),1,2023.0,교육활동 모델교,1,2020.0,,,,,,,,,,,,,,,,,,,,1
송일초등학교,경기,초,공립,,경기도 평택시 송일로 6 (서정동. 송일초등학교),0,,,0,,,,,,,,,,,,,,,,,,,,,0
송탄초등학교,경기,초,공립,,경기도 평택시 막곡길 67 . 송탄초등학교 (가재동),0,,,0,,,,,,,,,,,,,,,,,,,,,0
안중초등학교,경기,초,공립,,경기도 평택시 안중읍 안중로 89 (안중읍.안중초등학교),0,,,0,,,,,,,,,,,,,,,,,,,,,0
어연초등학교,경기,초,공립,,경기도 평택시 청북면 청원로 446 (청북면),0,,,1,2017.0,,,,,,,,,,,,,,,,,,,,0
오성초등학교,경기,초,공립,,경기도 평택시 오성면 숙성시장길 15 (오성면),0,,,0,,,,,,,,,,,,,,,,,,,,,0
원정초등학교,경기,초,공립,,경기도 평택시 포승읍 평택항로 469 (포승읍. 원정초등학교),0,,,0,,,,,,,,,,,,,,,,,,,,,0
이충초등학교,경기,초,공립,,경기도 평택시 이충로 93-5 . 이충초등학교 (이충동),0,,,0,,,,,,,,,,,,,,,,,,,,,0
종덕초등학교,경기,초,공립,,경기도 평택시 고덕면 청원로 802 (고덕면),0,,,0,,,,,,,,,,,,,,,,,,,,,0
죽백초등학교,경기,초,공립,,경기도 평택시 죽백1길 41 . 죽백초등학교 (죽백동),0,,,0,,,,,,,,,,,,,,,,,,,,,0
서탄초등학교내수분교장,경기,초,공립,,경기도 평택시 서탄면 수월암3길 61 . 서탄내수분교 (서탄면),0,,,0,,,,,,,,,,,,,,,,,,,,,0
지장초등학교,경기,초,공립,,경기도 평택시 지장로 15 (서정동. 지장초등학교),0,,,1,2018.0,,,,,,,,,,,,,,,,,,,,0
진위초등학교,경기,초,공립,,경기도 평택시 진위면 봉남길 49 . 진위초등학교 (진위면),0,,,0,,,,,,,,,,,,,,,,,,,,,0
진위초등학교산대분교장,경기,초,공립,,경기도 평택시 진위면 은산3길 46 . 진위초등학교 산대분교장 (진위면),0,,,0,,,,,,,,,,,,,,,,,,,,,0
창신초등학교,경기,초,공립,,경기도 평택시 오성면 창신뜰길 138 . 창신초등학교 (오성면),1,2023.0,교육활동 모델교,1,2016.0,,,,,,,,,,,,,,,,,,,,1
청북초등학교,경기,초,공립,,경기도 평택시 청북읍 청북새싹길 25 (청북읍),0,,,0,,,,,,,,,,,,,,,,,,,,,0
팽성초등학교,경기,초,공립,,경기도 평택시 팽성읍 송화2길 2 (팽성읍),0,,,0,,,,,,,,,,,,,,,,,,,,,0
평일초등학교,경기,초,공립,,경기도 평택시 평남로 626 . 평일초등학교 (합정동),0,,,0,,,,,,,,,,,,,,,,,,,,,0
평택성동초등학교,경기,초,공립,,경기도 평택시 중앙로 89 . 평택성동초등학교 (비전동),1,2023.0,교육활동 모델교,1,2016.0,,,,,,,,,,,,,,,,,,,,1
평택중앙초등학교,경기,초,공립,,경기도 평택시 세교로 11 . 평택중앙초등학교 (세교동),1,2023.0,교육활동 모델교,0,,,,,,,,,,,,,,,,,,,,,0
평택지산초등학교,경기,초,공립,,경기도 평택시 지산2로 57 (지산동. 평택지산초등학교),0,,,0,,,,,,,,,,,,,,,,,,,,,0
평택초등학교,경기,초,공립,,경기도 평택시 원평2로 4 (평택동.평택초등학교),0,,,0,,,,,,,,,,,,,,,,,,,,,0
현덕초등학교광덕분교장,경기,초,공립,,경기도 평택시 현덕면 현덕로 934 (현덕면),0,,,0,,,,,,,,,,,,,,,,,,,,,0
합정초등학교,경기,초,공립,,경기도 평택시 평택4로 11 . 합정초등학교 (합정동),0,,,0,,,,,,,,,,,,,,,,,,,,,0
현덕초등학교,경기,초,공립,,경기도 평택시 현덕면 현덕로 1254 (현덕면.현덕초등학교),0,,,0,,,,,,,,,,,,,,,,,,,,,0
현화초등학교,경기,초,공립,,경기도 평택시 안중읍 안현로서7길 80 (안중읍),0,,,1,2019.0,,,,,,,,,,,,,,,,,,,,0
홍원초등학교,경기,초,공립,,경기도 평택시 포승읍 외원길 26 (포승읍. 홍원초등학교),0,,,0,,,,,,,,,,,,,,,,,,,,,0
효덕초등학교,경기,초,공립,,경기도 평택시 고덕면 효덕새싹길 6-5 . 효덕초등학교 (고덕면),0,,,0,,,,,,,,,,,,,,,,,,,,,0
장당초등학교,경기,초,공립,,경기도 평택시 송탄로 46 . 장당초등학교 (장당동),0,,,0,,,,,,,,,,,,,,,,,,,,,0
평택송화초등학교,경기,초,공립,,경기 평택시 팽성읍 송화택지로25번길 14 (팽성읍.평택송화초등학교),1,2023.0,교육활동 모델교,1,2018.0,,,,,,,,,,,,,,,,,,,,1
평택안일초등학교,경기,초,공립,,경기도 평택시 안중읍 안중로 13 . 평택안일초등학교 (안중읍),0,,,1,2016.0,,,,,,,,,,,,,,,,,,,,0
현일초등학교,경기,초,공립,,경기도 평택시 안중읍 현화중앙길 83 . 현일초등학교 (안중읍),0,,,0,,,,,,,,,,,,,,,,,,,,,0
평택도곡초등학교,경기,초,공립,,경기도 평택시 포승읍 여술로44번길 5 . 평택도곡초등학교 (포승읍. 도곡초등학교),0,,,0,,,,,,,,,,,,,,,,,,,,,0
반지초등학교,경기,초,공립,,경기도 평택시 이충로 7 . 반지초등학교 (이충동),0,,,0,,,,,,,,,,,,,,,,,,,,,0
송현초등학교,경기,초,공립,,경기도 평택시 경기대로 1432 (지산동),0,,,0,,,,,,,,,,,,,,,,,,,,,0
용이초등학교,경기,초,공립,,경기도 평택시 현신7길 36 . 용이초등학교 (용이동),0,,,1,2018.0,,,,,,,,,,,,,,,,,,,,0
청옥중학교,경기,중,공립,남여공학,경기도 평택시 청북면 안청로1길 11 . 청옥중학교 (청북면),0,,,0,,,,,,,,,,,,,,,,,,,,,0
세교중학교,경기,중,공립,남여공학,경기도 평택시 영신로 198 (세교동) 세교중학교,0,,,0,,,,,,,,,,,,,,,,,,,,,0
송탄중학교,경기,중,공립,남여공학,경기도 평택시 지산3로10번길 5 (지산동),0,,,0,,,,,,,,,,,,,,,,,,,,,0
안일중학교,경기,중,공립,남여공학,경기도 평택시 안중읍 안중로 25 . 안일중학교 (안중읍),0,,,0,,,,,,,,,,,,,,,,,,,,,0
청북중학교,경기,중,공립,남여공학,경기도 평택시 청북읍 건의길 46 (청북읍),0,,,0,,,,,,,,,,,,,,,,,,,,,0
평택여자중학교,경기,중,공립,여자,경기도 평택시 평택4로 60 (비전동),0,,,0,,,,,,,,,,,,,,,,,,,,,0
비전중학교,경기,중,공립,남여공학,경기도 평택시 평남로 972 (비전동),0,,,0,,,,,,,,,,,,,,,,,,,,,0
장당중학교,경기,중,공립,남여공학,경기도 평택시 장당길 40 (장당동. 장당중학교),1,2023.0,정보교육실 구축교,0,,,,,,,,,,,,,,,,,,,,,0
도곡중학교,경기,중,공립,남여공학,경기도 평택시 포승읍 여술로 58 (포승읍.도곡중학교),0,,,1,2017.0,,,,,,,,,,,,,,,,,,,,0
이충중학교,경기,중,공립,남여공학,경기도 평택시 이충로35번길 5 . 이충중학교 (이충동),0,,,0,,,,,,,,,,,,,,,,,,,,,0
평택중학교,경기,중,공립,남자,경기도 평택시 평택2로 101 .(비전동. 평택중학교),0,,,0,,,,,,,,,,,,,,,,,,,,,0
포승중학교,경기,중,공립,남여공학,경기도 평택시 포승읍 서동대로 1138 . 포승중학교 (포승읍),0,,,0,,,,,,,,,,,,,,,,,,,,,0
현화중학교,경기,중,공립,남여공학,경기도 평택시 안중읍 현화중앙길 41 (안중읍. 현화중학교),0,,,0,,,,,,,,,,,,,,,,,,,,,0
라온중학교,경기,중,사립,남여공학,경기도 평택시 경기대로1376번길 38-6 (서정동),0,,,0,,,,,,,,,,,,,,,,,,,,,0
신한중학교,경기,중,사립,남자,경기도 평택시 신한1길 26,0,,,0,,,,,,,,,,,,,,,,,,,,,0
안중중학교,경기,중,사립,남자,경기도 평택시 안중읍 안중믿음길 32 . 안중중학교 (안중읍),0,,,0,,,,,,,,,,,,,,,,,,,,,0
오성중학교,경기,중,사립,남여공학,경기도 평택시 오성면 오성새싹길 6 (오성면),0,,,0,,,,,,,,,,,,,,,,,,,,,0
은혜중학교,경기,중,사립,남여공학,경기도 평택시 장안웃길 66 은혜중학교 (장안동. 은혜중학교),0,,,0,,,,,,,,,,,,,,,,,,,,,0
진위중학교,경기,중,사립,남여공학,경기도 평택시 진위면 진위서로 47 (진위면),0,,,0,,,,,,,,,,,,,,,,,,,,,0
청담중학교,경기,중,사립,남여공학,경기도 평택시 팽성읍 부용로56번길 20 . 청담중학교 (팽성읍),0,,,0,,,,,,,,,,,,,,,,,,,,,0
태광중학교,경기,중,사립,남여공학,경기도 평택시 탄현1로 155 . 17767 (신장동),0,,,1,2019.0,,,,,,,,,,,,,,,,,,,,0
한광여자중학교,경기,중,사립,여자,경기도 평택시 중앙1로 115 (비전동)한광여자중학교,1,2023.0,정보교육실 구축교,0,,,,,,,,,,,,,,,,,,,,,0
한광중학교,경기,중,사립,남자,경기도 평택시 중앙1로 115 . 한광중학교 (비전동),0,,,0,,,,,,,,,,,,,,,,,,,,,0
효명중학교,경기,중,사립,남여공학,경기도 평택시 송탄로 51 (장당동. 효명중고등학교),0,,,0,,,,,,,,,,,,,,,,,,,,,0
필봉초등학교,경기,초,공립,,경기도 오산시 수청로 124 (금암동. 필봉초등학교),0,,,0,,,,,,,,,,,,,,,,,,,,,0
화원초등학교,경기,초,공립,,경기도 화성시 향남읍 하길로 59 . 화원초등학교 (향남읍),1,2023.0,교육활동 모델교,0,,,,,,,,,,,,,,,,,,,,,0
화성반월초등학교,경기,초,공립,,경기도 화성시 효행로 1281-23 . 화성반월초등학교 (반월동),0,,,1,2020.0,,,,,,,,,,,,,,,,,,,,0
세미초등학교,경기,초,공립,,경기도 오산시 내삼미로 127 . 세미초등학교 (내삼미동),0,,,0,,,,,,,,,,,,,,,,,,,,,0
영천초등학교,경기,초,공립,,경기도 화성시 동탄영천로 36 . 영천초등학교 (영천동),1,2023.0,교육활동 모델교,0,,,,,,,,,,,,,,,,,,,,,0
아인초등학교,경기,초,공립,,경기도 화성시 동탄대로시범길 219 (청계동),0,,,0,,,,,,,,,,,,,,,,,,,,,0
화성청계초등학교,경기,초,공립,,경기도 화성시 동탄대로시범길 39 (청계동),0,,,0,,,,,,,,,,,,,,,,,,,,,0
한백초등학교,경기,초,공립,,경기도 화성시 동탄순환대로26길 37 . 한백초등학교 (영천동),0,,,1,2018.0,,,,,,,,,,,,,,,,,,,,0
가수초등학교,경기,초,공립,,경기도 오산시 가수로 50 . 가수초등학교 (가수동),0,,,0,,,,,,,,,,,,,,,,,,,,,0
갈담초등학교,경기,초,공립,,경기도 화성시 봉담읍 갈담초교길 24 (봉담읍),0,,,0,,,,,,,,,,,,,,,,,,,,,0
갈천초등학교,경기,초,공립,,경기도 화성시 향남읍 발안로 701-23 (향남읍.갈천초등학교),0,,,0,,,,,,,,,,,,,,,,,,,,,0
고정초등학교,경기,초,공립,,경기도 화성시 송산면 공룡로 326 . 고정초등학교 (송산면),0,,,0,,,,,,,,,,,,,,,,,,,,,0
무봉초등학교,경기,초,공립,,경기도 화성시 동탄청계로 303-34 (청계동),0,,,0,,,,,,,,,,,,,,,,,,,,,0
구봉초등학교,경기,초,공립,,경기도 화성시 병점1로 105 (병점동.구봉초등학교),0,,,0,,,,,,,,,,,,,,,,,,,,,0
동탄중앙초등학교,경기,초,공립,,경기도 화성시 동탄대로시범길 117 . 동탄중앙초등학교 (청계동),1,2023.0,교육활동 모델교,1,2020.0,,,,,,,,,,,,,,,,,,,,1
화성금곡초등학교,경기,초,공립,,경기도 화성시 동탄문화센터로 13 (반송동),0,,,0,,,,,,,,,,,,,,,,,,,,,0
기산초등학교,경기,초,공립,,경기도 화성시 동탄지성로 344 (반월동.기산초등학교),0,,,0,,,,,,,,,,,,,,,,,,,,,0
광성초등학교,경기,초,공립,,경기도 오산시 수목원로 577-18 . 광성초등학교 (세교동),0,,,0,,,,,,,,,,,,,,,,,,,,,0
송린초등학교,경기,초,공립,,경기도 화성시 수노을1로 . 253 (새솔동),0,,,0,,,,,,,,,,,,,,,,,,,,,0
한율초등학교,경기,초,공립,,경기도 화성시 동탄순환대로 429-10 (목동. 한율초등학교),0,,,1,2018.0,,,,,,,,,,,,,,,,,,,,0
기안초등학교,경기,초,공립,,경기도 화성시 기안말길 18 (기안동),0,,,0,,,,,,,,,,,,,,,,,,,,,0
하길초등학교,경기,초,공립,,경기도 화성시 향남읍 상신하길로 273번길 45 (향남읍),0,,,0,,,,,,,,,,,,,,,,,,,,,0
남양초등학교,경기,초,공립,,경기도 화성시 남양읍 남양시장로55번길 7 . 남양초등학교 (남양읍),0,,,0,,,,,,,,,,,,,,,,,,,,,0
예원초등학교,경기,초,공립,,경기도 화성시 동탄반석로 259 (석우동. 예원초등학교),0,,,1,2019.0,,,,,,,,,,,,,,,,,,,,0
노진초등학교,경기,초,공립,,경기도 화성시 장안면 화곡로 166 . 노진초등학교 (장안면),0,,,1,2016.0,,,,,,,,,,,,,,,,,,,,0
능동초등학교,경기,초,공립,,경기도 화성시 동탄원천로 315-27 (능동. 능동초등학교),0,,,1,2018.0,,,,,,,,,,,,,,,,,,,,0
대호초등학교,경기,초,공립,,경기도 오산시 궐리사로46번길 3 (궐동),0,,,0,,,,,,,,,,,,,,,,,,,,,0
도이초등학교,경기,초,공립,,경기도 화성시 향남읍 행정동로 87 . 도이초등학교 (향남읍),0,,,1,2019.0,,,,,,,,,,,,,,,,,,,,0
동양초등학교,경기,초,공립,,경기도 화성시 시청로45번길 11 (남양동.동양초등학교),0,,,0,,,,,,,,,,,,,,,,,,,,,0
동탄초등학교,경기,초,공립,,경기도 화성시 동부대로970번길 31 (오산동. 동탄초등학교),0,,,0,,,,,,,,,,,,,,,,,,,,,0
동학초등학교,경기,초,공립,,경기도 화성시 영통로27번길 46 . 동학초등학교 (반월동),0,,,1,2020.0,,,,,,,,,,,,,,,,,,,,0
동화초등학교,경기,초,공립,,경기도 화성시 봉담읍 동화새터길 130 (봉담읍),1,2023.0,교육활동 모델교,1,2016.0,,,,,,,,,,,,,,,,,,,,1
마도초등학교,경기,초,공립,,경기도 화성시 마도면 석교로 157 . 마도초등학교 (마도면),0,,,0,,,,,,,,,,,,,,,,,,,,,0
마산초등학교,경기,초,공립,,경기도 화성시 송산면 송산포도로 582 (송산면.마산초등학교),0,,,0,,,,,,,,,,,,,,,,,,,,,0
다온초등학교,경기,초,공립,,경기도 오산시 부산중앙로 37 (부산동),0,,,0,,,,,,,,,,,,,,,,,,,,,0
매홀초등학교,경기,초,공립,,경기도 오산시 청학로147번길 10 (수청동),0,,,0,,,,,,,,,,,,,,,,,,,,,0
반송초등학교,경기,초,공립,,경기도 화성시 동탄솔빛로 14 (반송동),0,,,0,,,,,,,,,,,,,,,,,,,,,0
발안초등학교,경기,초,공립,,경기도 화성시 향남읍 발안로 8 . 발안초등학교 (향남읍),0,,,1,2019.0,,,,,,,,,,,,,,,,,,,,0
다원초등학교,경기,초,공립,,경기도 화성시 동탄대로24길 112 . 다원초등학교 (영천동),0,,,1,2020.0,,,,,,,,,,,,,,,,,,,,0
배양초등학교,경기,초,공립,,경기도 화성시 융건로 90 . 배양초등학교 (배양동.배양초등학교),0,,,0,,,,,,,,,,,,,,,,,,,,,0
병점초등학교,경기,초,공립,,경기도 화성시 경기대로 1052 (진안동.병점초등학교),0,,,0,,,,,,,,,,,,,,,,,,,,,0
효행초등학교,경기,초,공립,,경기도 화성시 봉담읍 와우로 16 (봉담읍),1,2023.0,교육활동 모델교,1,2019.0,,,,,,,,,,,,,,,,,,,,1
대양초등학교,경기,초,공립,,경기도 화성시 남양읍 시청로32번길 80 (남양읍),0,,,1,2018.0,,,,,,,,,,,,,,,,,,,,0
봉담초등학교,경기,초,공립,,경기도 화성시 봉담읍 진등3길 15 (봉담읍. 봉담초등학교),1,2023.0,교육활동 모델교,1,2019.0,,,,,,,,,,,,,,,,,,,,1
치동초등학교,경기,초,공립,,경기도 화성시 동탄순환대로 881-34 (영천동),0,,,0,,,,,,,,,,,,,,,,,,,,,0
정현초등학교,경기,초,공립,,경기도 화성시 동탄산척로 122 정현초등학교,0,,,0,,,,,,,,,,,,,,,,,,,,,0
비봉초등학교,경기,초,공립,,경기도 화성시 비봉면 양노로 71 . 비봉초등학교 (비봉면),0,,,1,2018.0,,,,,,,,,,,,,,,,,,,,0
사창초등학교,경기,초,공립,,경기도 화성시 양감면 정문회화로 7 (양감면),0,,,0,,,,,,,,,,,,,,,,,,,,,0
상봉초등학교,경기,초,공립,,경기도 화성시 봉담읍 상봉길 52 (봉담읍.상봉초등학교),0,,,0,,,,,,,,,,,,,,,,,,,,,0
상신초등학교,경기,초,공립,,경기도 화성시 향남읍 손개길 7 . 상신초등학교 (향남읍),0,,,1,2019.0,,,,,,,,,,,,,,,,,,,,0
서신초등학교,경기,초,공립,,경기도 화성시 서신면 매화3길 17 . 서신초등학교 (서신면),1,2023.0,교육활동 모델교,1,2018.0,,,,,,,,,,,,,,,,,,,,1
석우초등학교,경기,초,공립,,경기도 화성시 동탄시범한빛길 32 . 석우초등학교 (반송동),0,,,0,,,,,,,,,,,,,,,,,,,,,0
성산초등학교,경기,초,공립,,경기도 오산시 성호대로 43 . 성산초등학교 (오산동),0,,,0,,,,,,,,,,,,,,,,,,,,,0
매홀초등학교삼미분교장,경기,초,공립,,경기도 오산시 외삼미로 60-11 . 매홀초등학교 삼미분교 (외삼미동. 매홀초등학교삼미분교),0,,,0,,,,,,,,,,,,,,,,,,,,,0
성호초등학교,경기,초,공립,,경기도 오산시 성호새싹길 8 . 성호초등학교 (오산동),0,,,0,,,,,,,,,,,,,,,,,,,,,0
솔빛초등학교,경기,초,공립,,경기도 화성시 동탄반석로 84 . 84 (반송동),0,,,0,,,,,,,,,,,,,,,,,,,,,0
송라초등학교,경기,초,공립,,경기도 화성시 매송면 푸른들판로 1970-16 . 송라초등학교 (매송면),1,2023.0,정보교육실 구축교,0,,,,,,,,,,,,,,,,,,,,,0
송산초등학교,경기,초,공립,,경기도 화성시 송산면 사강시장길 15-9 . 송산초등학교 (송산면),1,2023.0,정보교육실 구축교,0,,,,,,,,,,,,,,,,,,,,,0
송화초등학교,경기,초,공립,,경기도 화성시 병점중앙로35번길 42 . 송화초등학교 (병점동.송화초등학교),0,,,0,,,,,,,,,,,,,,,,,,,,,0
수기초등학교,경기,초,공립,,경기도 화성시 봉담읍 수기웃말길 27 . 수기초등학교,0,,,0,,,,,,,,,,,,,,,,,,,,,0
수청초등학교,경기,초,공립,,경기도 오산시 오산대역로 123번길 (수청동),0,,,0,,,,,,,,,,,,,,,,,,,,,0
수영초등학교,경기,초,공립,,경기도 화성시 봉담읍 수영로 63 . 수영초등학교 (봉담읍),1,2023.0,교육활동 모델교,1,2019.0,,,,,,,,,,,,,,,,,,,,1
안녕초등학교,경기,초,공립,,경기도 화성시 화산로 2 (안녕동. 안녕초등학교),0,,,0,,,,,,,,,,,,,,,,,,,,,0
안화초등학교,경기,초,공립,,경기도 화성시 병점3로 132-5 (병점동),0,,,0,,,,,,,,,,,,,,,,,,,,,0
양감초등학교,경기,초,공립,,경기도 화성시 양감면 초록로 49 . 양감초등학교 (양감면),0,,,0,,,,,,,,,,,,,,,,,,,,,0
예당초등학교,경기,초,공립,,경기도 화성시 동탄반석로 245 (석우동. 예당초등학교),0,,,0,,,,,,,,,,,,,,,,,,,,,0
오산고현초등학교,경기,초,공립,,경기도 오산시 남부대로 459 (고현동.고현초등학교),0,,,0,,,,,,,,,,,,,,,,,,,,,0
오산대원초등학교,경기,초,공립,,경기도 오산시 경기대로25번길 45 (갈곶동),0,,,1,2018.0,,,,,,,,,,,,,,,,,,,,0
오산원일초등학교,경기,초,공립,,경기도 오산시 오산로132번길 27 (원동),0,,,1,2020.0,,,,,,,,,,,,,,,,,,,,0
오산원당초등학교,경기,초,공립,,경기도 오산시 부원로87번길 37-7 . 오산원당초등학교 (원동),0,,,0,,,,,,,,,,,,,,,,,,,,,0
오산초등학교,경기,초,공립,,경기도 오산시 가수로 16 (가수동. 오산초등학교),0,,,1,2019.0,,,,,,,,,,,,,,,,,,,,0
와우초등학교,경기,초,공립,,경기도 화성시 봉담읍 식골길 14 와우초등학교 (봉담읍. 와우초등학교),0,,,0,,,,,,,,,,,,,,,,,,,,,0
우정초등학교,경기,초,공립,,경기도 화성시 우정읍 버들로 136 . 우정초등학교 (우정읍),0,,,0,,,,,,,,,,,,,,,,,,,,,0
운산초등학교,경기,초,공립,,경기도 오산시 운암로 72 (오산동),0,,,0,,,,,,,,,,,,,,,,,,,,,0
운암초등학교,경기,초,공립,,경기도 오산시 원동로 63 (원동. 운암초등학교),0,,,0,,,,,,,,,,,,,,,,,,,,,0
운천초등학교,경기,초,공립,,경기도 오산시 운암로 116 (부산동),1,2023.0,정보교육실 구축교,0,,,,,,,,,,,,,,,,,,,,,0
원동초등학교,경기,초,공립,,경기도 오산시 오산로 92 . 원동초등학교 (원동),0,,,0,,,,,,,,,,,,,,,,,,,,,0
율목초등학교,경기,초,공립,,경기도 화성시 영통로50번길 19 . 율목초등학교 (반월동),0,,,0,,,,,,,,,,,,,,,,,,,,,0
장명초등학교,경기,초,공립,,경기도 화성시 장안면 장명길 19-8 (장안면) 장명초등학교,0,,,1,2015.0,,,,,,,,,,,,,,,,,,,,0
정남초등학교,경기,초,공립,,경기도 화성시 정남면 만년로 516 (정남면),1,2023.0,교육활동 모델교,1,2018.0,,,,,,,,,,,,,,,,,,,,1
정림초등학교,경기,초,공립,,경기도 화성시 정남면 망월길 69 . 정림초등학교 (정남면),0,,,0,,,,,,,,,,,,,,,,,,,,,0
제암초등학교,경기,초,공립,,경기도 화성시 향남읍 발안서로 21 (향남읍. 제암초등학교),0,,,0,,,,,,,,,,,,,,,,,,,,,0
진안초등학교,경기,초,공립,,경기도 화성시 병점4로 97 (진안동.진안초등학교),0,,,1,2019.0,,,,,,,,,,,,,,,,,,,,0
청룡초등학교,경기,초,공립,,경기도 화성시 비봉면 주석로 610 (비봉면.청룡초등학교),0,,,1,2018.0,,,,,,,,,,,,,,,,,,,,0
서신초등학교제부분교장,경기,초,공립,,경기도 화성시 서신면 제부말길 74 . 서신초등학교제부분교장 (서신면),0,,,0,,,,,,,,,,,,,,,,,,,,,0
청원초등학교,경기,초,공립,,경기도 화성시 마도면 해운로 794 (마도면),0,,,1,2016.0,,,,,,,,,,,,,,,,,,,,0
태안초등학교,경기,초,공립,,경기도 화성시 병점3로 77 . 태안초등학교 (병점동. 태안초등학교),1,2023.0,교육활동 모델교,1,2018.0,,,,,,,,,,,,,,,,,,,,1
팔탄초등학교,경기,초,공립,,경기도 화성시 팔탄면 마당바위로31번길 6 (팔탄면.팔탄초등학교),0,,,0,,,,,,,,,,,,,,,,,,,,,0
푸른초등학교,경기,초,공립,,경기도 화성시 동탄공원로 21-38 (능동),0,,,0,,,,,,,,,,,,,,,,,,,,,0
학동초등학교,경기,초,공립,,경기도 화성시 동탄지성로 79-17 (반송동.학동초등학교),1,2023.0,교육활동 모델교,1,2016.0,,,,,,,,,,,,,,,,,,,,1
한마음초등학교,경기,초,공립,,경기도 화성시 동탄숲속로 69-6 (능동),0,,,0,,,,,,,,,,,,,,,,,,,,,0
한울초등학교,경기,초,공립,,경기도 화성시 향남읍 행정중앙1로 25 . 한울초등학교 (향남읍),0,,,0,,,,,,,,,,,,,,,,,,,,,0
해운초등학교,경기,초,공립,,경기도 화성시 서신면 궁평항로 1374-6 . 해운초등학교 (서신면),0,,,0,,,,,,,,,,,,,,,,,,,,,0
행정초등학교,경기,초,공립,,경기도 화성시 향남읍 행정중앙1로 77 (향남읍.행정초등학교),0,,,0,,,,,,,,,,,,,,,,,,,,,0
향남초등학교,경기,초,공립,,경기도 화성시 향남읍 왜골길 7 . 향남초등학교 (향남읍),0,,,0,,,,,,,,,,,,,,,,,,,,,0
화남초등학교,경기,초,공립,,경기도 화성시 동탄면 장지리 화남초등학교,0,,,0,,,,,,,,,,,,,,,,,,,,,0
화산초등학교,경기,초,공립,,경기도 화성시 화산중앙로64번길 17 (송산동.화산초등학교),0,,,0,,,,,,,,,,,,,,,,,,,,,0
화성매송초등학교,경기,초,공립,,경기도 화성시 매송면 화성로 2403 . 화성매송초등학교 (매송면),0,,,1,2016.0,,,,,,,,,,,,,,,,,,,,0
화성벌말초등학교,경기,초,공립,,경기도 화성시 떡전골로 34 (병점동.화성벌말초등학교),0,,,0,,,,,,,,,,,,,,,,,,,,,0
화성월문초등학교,경기,초,공립,,경기 화성시 팔탄면 버들로 1537 (팔탄면.화성월문초등학교),0,,,1,2019.0,,,,,,,,,,,,,,,,,,,,0
화성장안초등학교,경기,초,공립,,경기도 화성시 장안면 조암동로 8-5 (장안면. 화성장안초등학교),0,,,0,,,,,,,,,,,,,,,,,,,,,0
화성초등학교,경기,초,공립,,경기도 오산시 내삼미로 18 (수청동),0,,,0,,,,,,,,,,,,,,,,,,,,,0
화성화수초등학교,경기,초,공립,,경기도 화성시 우정읍 화수동길 145 (우정읍) 화성화수초등학교,0,,,1,2018.0,,,,,,,,,,,,,,,,,,,,0
활초초등학교,경기,초,공립,,경기도 화성시 남양읍 안석길111번길 106 (남양읍),0,,,0,,,,,,,,,,,,,,,,,,,,,0
금암초등학교,경기,초,공립,,경기도 오산시 수청로 204-20 (금암동),0,,,0,,,,,,,,,,,,,,,,,,,,,0
양산초등학교,경기,초,공립,,경기도 오산시 양산로 448 (양산동. 양산초등학교),0,,,0,,,,,,,,,,,,,,,,,,,,,0
장명초등학교장일분교장,경기,초,공립,,경기도 화성시 장안면 온수골2길 18 . 장일분교 (장안면),0,,,0,,,,,,,,,,,,,,,,,,,,,0
팔탄초등학교대방분교장,경기,초,공립,,경기도 화성시 팔탄면 노하길 398 (팔탄면. 팔탄초등학교),0,,,0,,,,,,,,,,,,,,,,,,,,,0
화성장안초등학교석포분교장,경기,초,공립,,경기도 화성시 장안면 버들로 1201-9 (장안면.장안초등학교석포분교),0,,,0,,,,,,,,,,,,,,,,,,,,,0
반석초등학교,경기,초,공립,,경기도 화성시 동탄반석로 22 . (반송동. 반석초등학교) (반송동),0,,,1,2020.0,,,,,,,,,,,,,,,,,,,,0
문시초등학교,경기,초,공립,,경기도 오산시 여계산로 52-6 (금암동.문시초등학교),0,,,0,,,,,,,,,,,,,,,,,,,,,0
숲속초등학교,경기,초,공립,,경기도 화성시 동탄공원로2길 10 (반송동),0,,,0,,,,,,,,,,,,,,,,,,,,,0
예솔초등학교,경기,초,공립,,경기도 화성시 동탄순환대로22길 13 . 예솔초등학교 (청계동),0,,,0,,,,,,,,,,,,,,,,,,,,,0
청목초등학교,경기,초,공립,,경기도 화성시 동탄순환대로21길 10 (청계동),0,,,1,2018.0,,,,,,,,,,,,,,,,,,,,0
왕배초등학교,경기,초,공립,,경기도 화성시 동탄대로12길 101 . 왕배초등학교,0,,,1,2020.0,,,,,,,,,,,,,,,,,,,,0
방교초등학교,경기,초,공립,,경기도 화성시 동탄산척로1길 11. (송동. 방교초등학교),0,,,1,2019.0,,,,,,,,,,,,,,,,,,,,0
서연초등학교,경기,초,공립,,경기도 화성시 동탄대로4가길 25 . 서연초등학교 (장지동. 서연초등학교),0,,,0,,,,,,,,,,,,,,,,,,,,,0
예당중학교,경기,중,공립,남여공학,경기도 화성시 노작로 226-35 (석우동),0,,,0,,,,,,,,,,,,,,,,,,,,,0
기산중학교,경기,중,공립,남여공학,경기도 화성시 동탄지성로 286 (기산동. 기산중학교),0,,,0,,,,,,,,,,,,,,,,,,,,,0
기안중학교,경기,중,공립,남여공학,경기도 화성시 효행로291번길 29 (기안동. 기안중학교),0,,,0,,,,,,,,,,,,,,,,,,,,,0
다원중학교,경기,중,공립,남여공학,경기도 화성시 동탄순환대로 754-12 . 다원중학교 (영천동),0,,,0,,,,,,,,,,,,,,,,,,,,,0
남양중학교,경기,중,공립,남여공학,경기도 화성시 남양읍 시청로45번길 9-12 (남양읍),0,,,1,2019.0,,,,,,,,,,,,,,,,,,,,0
능동중학교,경기,중,공립,남여공학,경기도 화성시 동탄원천로 289-17 . 능동중학교 (능동),0,,,0,,,,,,,,,,,,,,,,,,,,,0
송린중학교,경기,중,공립,남여공학,경기도 화성시 수노을2로 148 . 송린중학교,0,,,0,,,,,,,,,,,,,,,,,,,,,0
대호중학교,경기,중,공립,남여공학,경기도 오산시 궐리사로29번길 19 (궐동),0,,,0,,,,,,,,,,,,,,,,,,,,,0
청림중학교,경기,중,공립,남여공학,경기도 화성시 동탄산척로 94 (산척동. 청림중학교),1,2023.0,교육활동 모델교,0,,,,,,,,,,,,,,,,,,,,,0
동탄중학교,경기,중,공립,남여공학,경기도 화성시 동탄대로시범길 97 (청계동),0,,,0,,,,,,,,,,,,,,,,,,,,,0
동학중학교,경기,중,공립,남여공학,경기도 화성시 영통로27번길 60 . 동학중학교 (반월동),0,,,0,,,,,,,,,,,,,,,,,,,,,0
반송중학교,경기,중,공립,남여공학,경기도 화성시 탄요1길 13 . 반송중학교 (반송동),0,,,0,,,,,,,,,,,,,,,,,,,,,0
이산중학교,경기,중,공립,남여공학,경기도 화성시 동탄감배산로 51 . 이산중학교 (오산동),0,,,0,,,,,,,,,,,,,,,,,,,,,0
발안중학교,경기,중,공립,남여공학,경기도 화성시 향남읍 발안로 73 . 발안중학교 (향남읍),0,,,0,,,,,,,,,,,,,,,,,,,,,0
병점중학교,경기,중,공립,남여공학,경기도 화성시 병점3로 71 (병점동),0,,,0,,,,,,,,,,,,,,,,,,,,,0
봉담중학교,경기,중,공립,남여공학,경기도 화성시 봉담읍 샘마을길 53 (봉담읍)봉담중학교,0,,,0,,,,,,,,,,,,,,,,,,,,,0
석우중학교,경기,중,공립,남여공학,경기도 화성시 동탄중앙로 264 (반송동. 석우중학교),0,,,0,,,,,,,,,,,,,,,,,,,,,0
성호중학교,경기,중,공립,남여공학,경기도 오산시 동부대로436번길 34 (원동),0,,,0,,,,,,,,,,,,,,,,,,,,,0
솔빛중학교,경기,중,공립,남여공학,경기도 화성시 동탄반석로 83 (반송동. 솔빛중학교),0,,,1,2017.0,,,,,,,,,,,,,,,,,,,,0
안화중학교,경기,중,공립,남여공학,경기도 화성시 병점2로 125 (병점동),1,2023.0,교육활동 모델교,1,2020.0,,,,,,,,,,,,,,,,,,,,1
양감중학교,경기,중,공립,남여공학,경기도 화성시 양감면 초록로 49 (양감면. 양감중학교),0,,,0,,,,,,,,,,,,,,,,,,,,,0
오산원일중학교,경기,중,공립,남여공학,경기도 오산시 오산로132번길 29 (원동),0,,,0,,,,,,,,,,,,,,,,,,,,,0
와우중학교,경기,중,공립,남여공학,경기도 화성시 봉담읍 동화역말길 55-40 (봉담읍),0,,,0,,,,,,,,,,,,,,,,,,,,,0
매홀중학교,경기,중,공립,남여공학,경기도 오산시 내삼미로48번길 17 (수청동),0,,,0,,,,,,,,,,,,,,,,,,,,,0
운암중학교,경기,중,공립,남여공학,경기도 오산시 대원로 76 . 운암중학교 (원동),0,,,0,,,,,,,,,,,,,,,,,,,,,0
운천중학교,경기,중,공립,남여공학,경기도 오산시 운암로 133 . 운천중학교 (오산동),1,2023.0,교육활동 모델교,1,2020.0,,,,,,,,,,,,,,,,,,,,1
정남중학교,경기,중,공립,남여공학,경기도 화성시 정남면 신리길 76 (정남면),0,,,0,,,,,,,,,,,,,,,,,,,,,0
진안중학교,경기,중,공립,남여공학,경기도 화성시 병점동로 138 (진안동),0,,,0,,,,,,,,,,,,,,,,,,,,,0
푸른중학교,경기,중,공립,남여공학,경기도 화성시 동탄공원로 21-24 (능동),0,,,0,,,,,,,,,,,,,,,,,,,,,0
향남중학교,경기,중,공립,남여공학,경기도 화성시 향남읍 행정동로 50 (향남읍),0,,,0,,,,,,,,,,,,,,,,,,,,,0
화성동화중학교,경기,중,공립,남여공학,경기도 화성시 봉담읍 동화역말길 12 (봉담읍. 화성동화중학교),0,,,0,,,,,,,,,,,,,,,,,,,,,0
두레자연중학교,경기,중,사립,남여공학,경기도 화성시 우정읍 두레길 42 (우정읍.두레자연중.고등학교),0,,,0,,,,,,,,,,,,,,,,,,,,,0
비봉중학교,경기,중,사립,남여공학,경기도 화성시 비봉면 양노로109번길 5 . 비봉중학교 (비봉면),0,,,0,,,,,,,,,,,,,,,,,,,,,0
삼괴중학교,경기,중,사립,남자,경기도 화성시 우정읍 장안로 35 . 삼괴중학교 (우정읍),0,,,1,2018.0,,,,,,,,,,,,,,,,,,,,0
서신중학교,경기,중,사립,남여공학,경기도 화성시 서신면 바다뜰길 49-9 (상안리. 서신중학교),0,,,1,2018.0,,,,,,,,,,,,,,,,,,,,0
송산중학교,경기,중,사립,남여공학,경기도 화성시 송산면 송산포도로 162 송산중학교,0,,,0,,,,,,,,,,,,,,,,,,,,,0
안용중학교,경기,중,사립,남여공학,경기도 화성시 효행로 833 . 안용중학교 (송산동),0,,,1,2017.0,,,,,,,,,,,,,,,,,,,,0
오산중학교,경기,중,사립,남여공학,경기도 오산시 청학로 43 . 오산중학교 (청학동),0,,,0,,,,,,,,,,,,,,,,,,,,,0
장안여자중학교,경기,중,사립,여자,경기도 화성시 장안면 기아자동차로 814 . 장안여자중학교 (장안면),0,,,0,,,,,,,,,,,,,,,,,,,,,0
청계중학교,경기,중,공립,남여공학,경기도 화성시 동탄대로시범길 47 (청계동),1,2023.0,교육활동 모델교,1,2017.0,,,,,,,,,,,,,,,,,,,,1
하길중학교,경기,중,공립,남여공학,경기도 화성시 향남읍 상신하길로274번길 10 . 10 (향남읍),0,,,0,,,,,,,,,,,,,,,,,,,,,0
한백중학교,경기,중,공립,남여공학,경기도 화성시 동탄순환대로26길 26 (영천동),0,,,0,,,,,,,,,,,,,,,,,,,,,0
화성반월중학교,경기,중,공립,남여공학,경기도 화성시 효행로 1281-76 (반월동),0,,,0,,,,,,,,,,,,,,,,,,,,,0
화도중학교,경기,중,사립,남여공학,경기도 화성시 마도면 석교로 162 (마도면.화도중학교),0,,,0,,,,,,,,,,,,,,,,,,,,,0
방교중학교,경기,중,공립,남여공학,경기도 화성시 동탄산척로1길 23 (송동),1,2023.0,교육활동 모델교,0,,,,,,,,,,,,,,,,,,,,,0
화성중학교,경기,중,사립,남여공학,경기도 화성시 향남읍 장짐길 4 . 화성중학교 (향남읍),0,,,0,,,,,,,,,,,,,,,,,,,,,0
문시중학교,경기,중,공립,남여공학,경기도 오산시 여계산로 52-24 (금암동),0,,,0,,,,,,,,,,,,,,,,,,,,,0
세마중학교,경기,중,공립,남여공학,경기도 오산시 수목원로 559-9 (세교동. 세마중학교),0,,,0,,,,,,,,,,,,,,,,,,,,,0
충현초등학교,경기,초,공립,,경기도 광명시 성채안로 16 (소하동),0,,,1,2017.0,,,,,,,,,,,,,,,,,,,,0
가림초등학교,경기,초,공립,,경기도 광명시 금당로 11-7 . 가림초등학교 (하안동),0,,,0,,,,,,,,,,,,,,,,,,,,,0
광명광덕초등학교,경기,초,공립,,경기도 광명시 오리로 841 (철산동),0,,,1,2018.0,,,,,,,,,,,,,,,,,,,,0
광명광성초등학교,경기,초,공립,,경기도 광명시 철산로 59 . 광명광성초등학교 (철산동),0,,,0,,,,,,,,,,,,,,,,,,,,,0
광명초등학교,경기,초,공립,,경기도 광명시 광이로 21 (광명동.광명초등학교),0,,,1,2020.0,,,,,,,,,,,,,,,,,,,,0
광명남초등학교,경기,초,공립,,경기도 광명시 광명로 866-9 . 광명남초등학교 (광명동. 광명남초등학교),0,,,0,,,,,,,,,,,,,,,,,,,,,0
광명동초등학교,경기,초,공립,,경기도 광명시 연서일로 25 (철산동. 광명동초등학교),0,,,0,,,,,,,,,,,,,,,,,,,,,0
광명북초등학교,경기,초,공립,,경기도 광명시 시청로138번길 8 (철산동),0,,,1,2016.0,,,,,,,,,,,,,,,,,,,,0
광명서초등학교,경기,초,공립,,경기도 광명시 너부대로 5 . 광명서초등학교 (광명동),0,,,0,,,,,,,,,,,,,,,,,,,,,0
광문초등학교,경기,초,공립,,경기도 광명시 덕단이로 29 (광명동. 광문초등학교),0,,,1,2020.0,,,,,,,,,,,,,,,,,,,,0
광일초등학교,경기,초,공립,,경기도 광명시 목감로 34-6 . 광일초등학교 (광명동),0,,,0,,,,,,,,,,,,,,,,,,,,,0
도덕초등학교,경기,초,공립,,경기도 광명시 가마산로 28 (철산동.도덕초등학교),0,,,0,,,,,,,,,,,,,,,,,,,,,0
서면초등학교,경기,초,공립,,경기도 광명시 오리로 402 (소하동),1,2023.0,교육활동 모델교,0,,,,,,,,,,,,,,,,,,,,,0
소하초등학교,경기,초,공립,,경기도 광명시 소하일로 45 (소하동),0,,,0,,,,,,,,,,,,,,,,,,,,,0
안서초등학교,경기,초,공립,,경기도 광명시 가학로 247-55 (가학동),0,,,0,,,,,,,,,,,,,,,,,,,,,0
연서초등학교,경기,초,공립,,경기도 광명시 안현로 80-2 . 연서초등학교(하안동),0,,,0,,,,,,,,,,,,,,,,,,,,,0
온신초등학교,경기,초,공립,,경기도 광명시 범안로 657 (노온사동.온신초등학교),0,,,0,,,,,,,,,,,,,,,,,,,,,0
철산초등학교,경기,초,공립,,경기도 광명시 하안로 392 . 철산초등학교 (철산동),1,2023.0,교육활동 모델교,1,2018.0,,,,,,,,,,,,,,,,,,,,1
하안초등학교,경기,초,공립,,경기도 광명시 안현로 16 (하안동),1,2023.0,교육활동 모델교,1,2020.0,,,,,,,,,,,,,,,,,,,,1
하안남초등학교,경기,초,공립,,경기 광명시 금당로 71 . 하안남초등학교 (하안동.하안남초등학교),0,,,0,,,,,,,,,,,,,,,,,,,,,0
하안북초등학교,경기,초,공립,,경기도 광명시 가림로 18 (하안동.하안북초등학교),0,,,0,,,,,,,,,,,,,,,,,,,,,0
하일초등학교,경기,초,공립,,경기도 광명시 철망산로 68 . 하일초등학교 (하안동),0,,,1,2020.0,,,,,,,,,,,,,,,,,,,,0
구름산초등학교,경기,초,공립,,경기도 광명시 한내일로 5 . 구름산초등학교 (소하동),0,,,0,,,,,,,,,,,,,,,,,,,,,0
안현초등학교,경기,초,공립,,경기도 광명시 도덕공원로 5 (하안동),0,,,0,,,,,,,,,,,,,,,,,,,,,0
빛가온초등학교,경기,초,공립,,경기도 광명시 양달로10번길 8 (일직동),0,,,1,2020.0,,,,,,,,,,,,,,,,,,,,0
충현중학교,경기,중,공립,남여공학,경기도 광명시 서원로 42 (소하동),0,,,0,,,,,,,,,,,,,,,,,,,,,0
광명중학교,경기,중,공립,남여공학,경기도 광명시 오리로876번길 27 . 광명중학교 (철산동),0,,,0,,,,,,,,,,,,,,,,,,,,,0
가림중학교,경기,중,공립,남여공학,경기도 광명시 오리로 616 (하안동. 가림중학교),0,,,0,,,,,,,,,,,,,,,,,,,,,0
광남중학교,경기,중,공립,남여공학,경기도 광명시 광명로 785 (광명동.광남중학교),0,,,0,,,,,,,,,,,,,,,,,,,,,0
광명북중학교,경기,중,공립,남여공학,경기도 광명시 시청로 121 . 광명북중학교 (철산동),0,,,1,2015.0,,,,,,,,,,,,,,,,,,,,0
하안북중학교,경기,중,공립,남여공학,경기도 광명시 가림로 22 . 하안북중학교 (하안동),0,,,0,,,,,,,,,,,,,,,,,,,,,0
광문중학교,경기,중,공립,남여공학,경기도 광명시 덕단이로 43 . 광문중학교 (광명동),0,,,1,2018.0,,,,,,,,,,,,,,,,,,,,0
소하중학교,경기,중,공립,남여공학,경기도 광명시 소하일로 31 . 소하중학교 (소하동. 소하중학교),0,,,0,,,,,,,,,,,,,,,,,,,,,0
안서중학교,경기,중,공립,남여공학,경기도 광명시 기아로13번안길 9-9 . 안서중학교 (소하동),0,,,0,,,,,,,,,,,,,,,,,,,,,0
철산중학교,경기,중,공립,남여공학,경기도 광명시 철망산로 71 . (철산동.철산중학교) (철산동),0,,,1,2016.0,,,,,,,,,,,,,,,,,,,,0
하안중학교,경기,중,공립,남여공학,경기도 광명시 안현로 80-1 (하안동. 하안중학교),0,,,0,,,,,,,,,,,,,,,,,,,,,0
벌원초등학교,경기,초,공립,,경기도 광주시 회안대로 621-36 . 벌원초등학교 (탄벌동),0,,,0,,,,,,,,,,,,,,,,,,,,,0
신평초등학교,경기,초,공립,,경기도 하남시 신장동로 67 . 신평초등학교 (신장동),0,,,1,2020.0,,,,,,,,,,,,,,,,,,,,0
위례초등학교,경기,초,공립,,경기도 하남시 위례순환로 333 (학암동. 위례초등학교),0,,,0,,,,,,,,,,,,,,,,,,,,,0
태성초등학교,경기,초,공립,,경기도 광주시 태성로 37 (태전동),0,,,1,2020.0,,,,,,,,,,,,,,,,,,,,0
경안초등학교,경기,초,공립,,경기도 광주시 경안로 163 (경안동. 경안초등학교),0,,,0,,,,,,,,,,,,,,,,,,,,,0
고골초등학교,경기,초,공립,,경기도 하남시 대성로 90 . 고골초등학교 (하사창동),0,,,0,,,,,,,,,,,,,,,,,,,,,0
역동초등학교,경기,초,공립,,경기도 광주시 순암로36번길 45 . 역동초등학교 (역동),0,,,0,,,,,,,,,,,,,,,,,,,,,0
윤슬초등학교,경기,초,공립,,경기도 하남시 미사강변서로 151 (망월동),0,,,0,,,,,,,,,,,,,,,,,,,,,0
한홀초등학교,경기,초,공립,,경기도 하남시 미사강변서로 68(풍산동) 한홀초등학교,0,,,1,2020.0,,,,,,,,,,,,,,,,,,,,0
청아초등학교,경기,초,공립,,경기도 하남시 미사강변중앙로132번길 45 (풍산동),0,,,0,,,,,,,,,,,,,,,,,,,,,0
곤지암초등학교,경기,초,공립,,경기도 광주시 곤지암읍 곤지암로 70-13 (곤지암읍. 곤지암초등학교),1,2023.0,교육활동 모델교,1,2016.0,,,,,,,,,,,,,,,,,,,,1
광남초등학교,경기,초,공립,,경기도 광주시 고불로46번길 15 (중대동.광남초등학교),0,,,0,,,,,,,,,,,,,,,,,,,,,0
광주광명초등학교,경기,초,공립,,경기도 광주시 오포읍 문형산길 7 . 광주광명초등학교 (오포읍),0,,,1,2016.0,,,,,,,,,,,,,,,,,,,,0
광주도평초등학교,경기,초,공립,,경기도 광주시 초월읍 현산로 89-16 . 광주도평초등학교 (초월읍),1,2023.0,교육활동 모델교,1,2016.0,,,,,,,,,,,,,,,,,,,,1
광주매곡초등학교,경기,초,공립,,경기도 광주시 오포읍 양벌로 303-5 . 광주매곡초등학교 (오포읍),0,,,0,,,,,,,,,,,,,,,,,,,,,0
광주초등학교,경기,초,공립,,경기도 광주시 중앙로123번길 22 (경안동),0,,,0,,,,,,,,,,,,,,,,,,,,,0
미사초등학교,경기,초,공립,,경기도 하남시 미사강변한강로 200 (망월동),0,,,0,,,,,,,,,,,,,,,,,,,,,0
광지원초등학교,경기,초,공립,,경기도 광주시 남한산성면 회안대로 1386 . 광지원초등학교 (남한산성면),0,,,0,,,,,,,,,,,,,,,,,,,,,0
남한산초등학교,경기,초,공립,,경기도 광주시 남한산성면 남한산성로 770 . 남한산성로 770 (남한산성면),0,,,0,,,,,,,,,,,,,,,,,,,,,0
덕풍초등학교,경기,초,공립,,경기도 하남시 덕풍공원로 20 . 덕풍초등학교 (덕풍동),0,,,0,,,,,,,,,,,,,,,,,,,,,0
도곡초등학교,경기,초,공립,,경기도 광주시 초월읍 경충대로 1033-13 . 도곡초등학교 (초월읍),1,2023.0,교육활동 모델교,1,2017.0,,,,,,,,,,,,,,,,,,,,1
도궁초등학교,경기,초,공립,,경기도 광주시 도척면 도척윗로 270 . 도궁초등학교,1,2023.0,교육활동 모델교,0,,,,,,,,,,,,,,,,,,,,,0
도수초등학교,경기,초,공립,,경기도 광주시 퇴촌면 도수길 11 (퇴촌면. 도수초등학교),0,,,1,2018.0,,,,,,,,,,,,,,,,,,,,0
미사강변초등학교,경기,초,공립,,경기도 하남시 미사강변북로55번길 70 (선동. 미사강변초등학교),0,,,1,2019.0,,,,,,,,,,,,,,,,,,,,0
도척초등학교,경기,초,공립,,경기도 광주시 도척면 노곡로 33 (도척면),0,,,0,,,,,,,,,,,,,,,,,,,,,0
동부초등학교,경기,초,공립,,경기도 하남시 역말로 55 (덕풍동. 동부초등학교),0,,,0,,,,,,,,,,,,,,,,,,,,,0
미사중앙초등학교,경기,초,공립,,경기도 하남시 미사강변한강로334번길 46 (망월동. 미사중앙초등학교),0,,,0,,,,,,,,,,,,,,,,,,,,,0
만선초등학교,경기,초,공립,,경기도 광주시 곤지암읍 상탑길 9 . 만선초등학교 (곤지암읍),0,,,0,,,,,,,,,,,,,,,,,,,,,0
망월초등학교,경기,초,공립,,경기도 하남시 미사강변북로24번길 10 (망월동),0,,,1,2019.0,,,,,,,,,,,,,,,,,,,,0
번천초등학교,경기,초,공립,,경기도 광주시 남한산성면 해공로 82 . 번천초등학교 (남한산성면),0,,,0,,,,,,,,,,,,,,,,,,,,,0
분원초등학교,경기,초,공립,,경기도 광주시 남종면 산수로 1642-1 (남종면),0,,,0,,,,,,,,,,,,,,,,,,,,,0
산곡초등학교,경기,초,공립,,경기도 하남시 하남대로302번길 45 . 산곡초등학교 (하산곡동),0,,,0,,,,,,,,,,,,,,,,,,,,,0
삼리초등학교,경기,초,공립,,경기도 광주시 곤지암읍 평촌길 30-28 . 삼리초등학교 (곤지암읍),1,2023.0,교육활동 모델교,1,2018.0,,,,,,,,,,,,,,,,,,,,1
쌍령초등학교,경기,초,공립,,경기도 광주시 경충대로1422번길 71 (쌍령동.쌍령초등학교),0,,,0,,,,,,,,,,,,,,,,,,,,,0
서부초등학교,경기,초,공립,,경기도 하남시 서하남로 161 . 서부초등학교 (감일동),0,,,0,,,,,,,,,,,,,,,,,,,,,0
선동초등학교,경기,초,공립,,경기도 광주시 초월읍 동막골길 5 (초월읍.선동초등학교),0,,,0,,,,,,,,,,,,,,,,,,,,,0
신장초등학교,경기,초,공립,,경기도 하남시 신평로 100 (신장동.신장초등학교),0,,,0,,,,,,,,,,,,,,,,,,,,,0
양벌초등학교,경기,초,공립,,경기도 광주시 오포읍 양벌로 195-15 (오포읍.양벌초등학교),0,,,0,,,,,,,,,,,,,,,,,,,,,0
오포초등학교,경기,초,공립,,경기도 광주시 오포읍 추자길 28-7 . 오포초등학교 (오포읍),0,,,0,,,,,,,,,,,,,,,,,,,,,0
창우초등학교,경기,초,공립,,경기도 하남시 대청로 99 (창우동),0,,,0,,,,,,,,,,,,,,,,,,,,,0
초월초등학교,경기,초,공립,,경기도 광주시 초월읍 산수로 523 . 초월초등학교 (초월읍),0,,,0,,,,,,,,,,,,,,,,,,,,,0
탄벌초등학교,경기,초,공립,,경기도 광주시 이배재로 20-12 . 탄벌초등학교 (탄벌동),0,,,0,,,,,,,,,,,,,,,,,,,,,0
태전초등학교,경기,초,공립,,경기도 광주시 태봉로 56 (태전동),0,,,0,,,,,,,,,,,,,,,,,,,,,0
하남천현초등학교,경기,초,공립,,경기도 하남시 천현로 45 (신장동),0,,,0,,,,,,,,,,,,,,,,,,,,,0
하남초등학교,경기,초,공립,,경기도 하남시 천현로 109 (창우동. 하남초등학교),0,,,0,,,,,,,,,,,,,,,,,,,,,0
하남풍산초등학교,경기,초,공립,,경기도 하남시 덕풍북로 100 (덕풍동),0,,,0,,,,,,,,,,,,,,,,,,,,,0
나룰초등학교,경기,초,공립,,경기도 하남시 덕풍북로 260 (덕풍동),0,,,0,,,,,,,,,,,,,,,,,,,,,0
초월중학교,경기,중,공립,남여공학,경기도 광주시 초월읍 도곡길21번길 28 (초월읍),0,,,0,,,,,,,,,,,,,,,,,,,,,0
위례중학교,경기,중,공립,남여공학,경기도 하남시 위례순환로 343 . 위례중학교 (학암동),0,,,0,,,,,,,,,,,,,,,,,,,,,0
은가람중학교,경기,중,공립,남여공학,경기도 하남시 미사강변한강로 9 (선동),1,2023.0,정보교육실 구축교,0,,,,,,,,,,,,,,,,,,,,,0
광주광남중학교,경기,중,공립,남여공학,경기도 광주시 벼루개길42번길 50 . 광남중학교 (태전동),0,,,0,,,,,,,,,,,,,,,,,,,,,0
경안중학교,경기,중,공립,남여공학,경기도 광주시 장지1길 6 경안중학교 (장지동),1,2023.0,교육활동 모델교,1,2020.0,,,,,,,,,,,,,,,,,,,,1
윤슬중학교,경기,중,공립,남여공학,경기도 하남시 풍산로 168 . 윤슬중학교 (망월동),0,,,0,,,,,,,,,,,,,,,,,,,,,0
광수중학교,경기,중,공립,남여공학,경기도 광주시 퇴촌면 도수길23번길 23 (퇴촌면. 광수중학교),0,,,1,2020.0,,,,,,,,,,,,,,,,,,,,0
광일중학교,경기,중,공립,남여공학,경기도 광주시 도척면 노곡로 32 (도척면. 광일중학교),0,,,0,,,,,,,,,,,,,,,,,,,,,0
매양중학교,경기,중,공립,남여공학,경기도 광주시 오포읍 양벌로 331-20 (오포읍),1,2023.0,교육활동 모델교,0,,,,,,,,,,,,,,,,,,,,,0
곤지암중학교,경기,중,공립,남여공학,경기도 광주시 곤지암읍 곤지암로 82 (곤지암읍.곤지암중학교),0,,,0,,,,,,,,,,,,,,,,,,,,,0
광주중학교,경기,중,공립,남자,경기도 광주시 경안로42번길 11 . 광주중학교 (경안동),0,,,1,2016.0,,,,,,,,,,,,,,,,,,,,0
남한중학교,경기,중,공립,남여공학,경기도 하남시 하남대로802번길 21 . 남한중학교 (신장동),0,,,0,,,,,,,,,,,,,,,,,,,,,0
덕풍중학교,경기,중,공립,남여공학,경기도 하남시 덕풍북로71번길 10 (덕풍동),0,,,1,2020.0,,,,,,,,,,,,,,,,,,,,0
동부중학교,경기,중,공립,남여공학,경기도 하남시 신평로 . 15 (덕풍동),0,,,0,,,,,,,,,,,,,,,,,,,,,0
신장중학교,경기,중,공립,남여공학,경기도 하남시 대청로59번길 37 (신장동. 신장중학교),0,,,1,2020.0,,,,,,,,,,,,,,,,,,,,0
탄벌중학교,경기,중,공립,남여공학,경기도 광주시 포돌이로 77 . 탄벌중학교 (탄벌동. 탄벌중학교),0,,,0,,,,,,,,,,,,,,,,,,,,,0
하남중학교,경기,중,공립,남여공학,경기도 하남시 천현로 113 . 하남중학교 (창우동),0,,,0,,,,,,,,,,,,,,,,,,,,,0
신평중학교,경기,중,공립,남여공학,경기도 하남시 신장동로 57 (신장동. 신평중학교),0,,,0,,,,,,,,,,,,,,,,,,,,,0
경화여자중학교,경기,중,사립,여자,경기도 광주시 수하길11번길 43 (송정동.경화여자중학교),0,,,1,2016.0,,,,,,,,,,,,,,,,,,,,0
신현중학교,경기,중,공립,남여공학,경기도 광주시 오포읍 태재로 20-17 . 신현중학교 (오포읍),0,,,1,2018.0,,,,,,,,,,,,,,,,,,,,0
미사중학교,경기,중,공립,남여공학,경기도 하남시 미사강변한강로334번길 70 (망월동. 미사중학교),0,,,0,,,,,,,,,,,,,,,,,,,,,0
미사강변중학교,경기,중,공립,남여공학,경기도 하남시 미사강변한강로 89 (선동),0,,,0,,,,,,,,,,,,,,,,,,,,,0
걸포초등학교,경기,초,공립,,경기도 김포시 걸포로 22 (걸포동. 걸포초등학교),1,2023.0,교육활동 모델교,1,2019.0,,,,,,,,,,,,,,,,,,,,1
가현초등학교,경기,초,공립,,경기도 김포시 김포한강2로 83 . 가현초등학교 (장기동),0,,,1,2018.0,,,,,,,,,,,,,,,,,,,,0
김포한가람초등학교,경기,초,공립,,경기도 김포시 김포한강9로 115번길 57 . 김포한가람초등학교 (구래동),0,,,0,,,,,,,,,,,,,,,,,,,,,0
솔터초등학교,경기,초,공립,,경기도 김포시 김포한강7로22번길 61 . 솔터초등학교 (마산동),0,,,0,,,,,,,,,,,,,,,,,,,,,0
운유초등학교,경기,초,공립,,경기도 김포시 김포한강2로 239 . 운유초등학교 (장기동),0,,,1,2020.0,,,,,,,,,,,,,,,,,,,,0
푸른솔초등학교,경기,초,공립,,경기도 김포시 김포한강2로 306 . 푸른솔초등학교 (장기동. 푸른솔초등학교),0,,,0,,,,,,,,,,,,,,,,,,,,,0
김포금빛초등학교,경기,초,공립,,경기도 김포시 태장로 821 . 감정1초등학교 (장기동),0,,,1,2019.0,,,,,,,,,,,,,,,,,,,,0
개곡초등학교,경기,초,공립,,경기도 김포시 월곶면 애기봉로 445 (월곶면. 개곡초등학교),0,,,0,,,,,,,,,,,,,,,,,,,,,0
감정초등학교,경기,초,공립,,경기도 김포시 중봉로 11 . 감정초등학교 (감정동),0,,,0,,,,,,,,,,,,,,,,,,,,,0
하늘빛초등학교,경기,초,공립,,경기도 김포시 김포한강11로 374(운양동) 하늘빛초등학교,0,,,0,,,,,,,,,,,,,,,,,,,,,0
김포호수초등학교,경기,초,공립,,경기도 김포시 김포한강4로420번길 87 (구래동. 김포호수초등학교),0,,,0,,,,,,,,,,,,,,,,,,,,,0
고창초등학교,경기,초,공립,,경기도 김포시 김포한강1로98번길 35 (장기동),0,,,1,2018.0,,,,,,,,,,,,,,,,,,,,0
고촌초등학교,경기,초,공립,,경기도 김포시 고촌읍 신곡로29번길 30 . 고촌초등학교 (고촌읍),0,,,0,,,,,,,,,,,,,,,,,,,,,0
금란초등학교,경기,초,공립,,경기도 김포시 고촌읍 장곡로 42 . 금란초등학교 (고촌읍),0,,,0,,,,,,,,,,,,,,,,,,,,,0
금성초등학교,경기,초,공립,,경기도 김포시 하성면 하성로 795번길 26 . 금성초등학교 (하성면),0,,,0,,,,,,,,,,,,,,,,,,,,,0
금파초등학교,경기,초,공립,,경기도 김포시 김포대로926번길 74 (북변동.금파초등학교),0,,,0,,,,,,,,,,,,,,,,,,,,,0
김포초등학교,경기,초,공립,,경기도 김포시 북변중로65번길 4-24 (북변동. 김포초등학교),0,,,0,,,,,,,,,,,,,,,,,,,,,0
나비초등학교,경기,초,공립,,경기도 김포시 김포한강10로134번길 70 . 나비초등학교 (구래동),0,,,0,,,,,,,,,,,,,,,,,,,,,0
김포대명초등학교,경기,초,공립,,경기도 김포시 대곶면 대곶로20번길 17 (대곶면),0,,,0,,,,,,,,,,,,,,,,,,,,,0
김포서초등학교,경기,초,공립,,경기도 김포시 봉화로 188 (북변동),0,,,1,2017.0,,,,,,,,,,,,,,,,,,,,0
대곶초등학교,경기,초,공립,,경기도 김포시 대곶면 율생중앙로36번길 19 (대곶면.대곶초등학교),0,,,1,2018.0,,,,,,,,,,,,,,,,,,,,0
마송초등학교,경기,초,공립,,경기도 김포시 통진읍 흥신로 315 (통진읍. 마송초등학교),0,,,0,,,,,,,,,,,,,,,,,,,,,0
사우초등학교,경기,초,공립,,경기도 김포시 사우로 20 . 사우초등학교 (사우동),0,,,0,,,,,,,,,,,,,,,,,,,,,0
신곡초등학교,경기,초,공립,,경기도 김포시 고촌읍 수기로 67-30 . 신곡초등학교 (고촌읍. 신곡초등학교),1,2023.0,교육활동 모델교,1,2017.0,,,,,,,,,,,,,,,,,,,,1
석정초등학교,경기,초,공립,,경기도 김포시 대곶면 대곶로331번길 10 . 석정초등학교 (대곶면),0,,,0,,,,,,,,,,,,,,,,,,,,,0
장기초등학교,경기,초,공립,,경기도 김포시 김포한강2로 173 (장기동.장기초등학교),0,,,0,,,,,,,,,,,,,,,,,,,,,0
수남초등학교,경기,초,공립,,경기도 김포시 대곶면 수남로21번길 24 (대곶면.수남초등학교),0,,,0,,,,,,,,,,,,,,,,,,,,,0
양곡초등학교,경기,초,공립,,경기도 김포시 양촌읍 양곡로 548 . 양곡초등학교 (양촌읍),0,,,0,,,,,,,,,,,,,,,,,,,,,0
옹정초등학교,경기,초,공립,,경기도 김포시 통진읍 옹정로185번길 26 . 옹정초등학교 (통진읍),0,,,0,,,,,,,,,,,,,,,,,,,,,0
서암초등학교,경기,초,공립,,경기도 김포시 통진읍 서암로184번길 9 (통진읍),0,,,1,2018.0,,,,,,,,,,,,,,,,,,,,0
운양초등학교,경기,초,공립,,경기도 김포시 전원로 38번길 99 . 운양초등학교 (운양동.운양초등학교),0,,,0,,,,,,,,,,,,,,,,,,,,,0
월곶초등학교,경기,초,공립,,경기도 김포시 월곶면 군하로276번길 28 28(월곶면.월곶초등학교),0,,,0,,,,,,,,,,,,,,,,,,,,,0
유현초등학교,경기,초,공립,,경기도 김포시 유현로33번길 50 (풍무동),0,,,1,2017.0,,,,,,,,,,,,,,,,,,,,0
풍무초등학교,경기,초,공립,,경기도 김포시 풍무로96번길 71 . 풍무초등학교 (풍무동),0,,,0,,,,,,,,,,,,,,,,,,,,,0
하성초등학교,경기,초,공립,,경기도 김포시 하성면 애기봉로 857 . 하성초등학교 (하성면),0,,,0,,,,,,,,,,,,,,,,,,,,,0
학운초등학교,경기,초,공립,,경기도 김포시 양촌읍 황금로70번길 13 (양촌읍),0,,,1,2016.0,,,,,,,,,,,,,,,,,,,,0
양도초등학교,경기,초,공립,,경기도 김포시 풍무로93번길 31 (풍무동. 양도초등학교),0,,,0,,,,,,,,,,,,,,,,,,,,,0
김포신풍초등학교,경기,초,공립,,경기도 김포시 풍무로208번길 14 (풍무동),0,,,1,2018.0,,,,,,,,,,,,,,,,,,,,0
통진초등학교,경기,초,공립,,경기도 김포시 통진읍 조강로 116 (통진읍),0,,,1,2016.0,,,,,,,,,,,,,,,,,,,,0
마송중앙초등학교,경기,초,공립,,경기도 김포시 통진읍 마송1로 140 . 마송중앙초등학교 (통진읍),0,,,0,,,,,,,,,,,,,,,,,,,,,0
신양초등학교,경기,초,공립,,경기도 김포시 양촌읍 양곡3로 47 . 신양초등학교 (양촌읍),0,,,0,,,,,,,,,,,,,,,,,,,,,0
청수초등학교,경기,초,공립,,경기도 김포시 김포한강11로 256 (운양동. 청수초등학교),0,,,1,2018.0,,,,,,,,,,,,,,,,,,,,0
하늘빛중학교,경기,중,공립,남여공학,경기도 김포시 김포한강11로 354 (운양동. 하늘빛중학교),0,,,1,2018.0,,,,,,,,,,,,,,,,,,,,0
운양중학교,경기,중,공립,남여공학,경기도 김포시 김포한강2로24번길 50 (장기동),0,,,1,2018.0,,,,,,,,,,,,,,,,,,,,0
푸른솔중학교,경기,중,공립,남여공학,경기도 김포시 김포한강2로 328 (장기동),0,,,0,,,,,,,,,,,,,,,,,,,,,0
은여울중학교,경기,중,공립,남여공학,경기도 김포시 김포한강8로 173-48 (마산동),0,,,1,2018.0,,,,,,,,,,,,,,,,,,,,0
고촌중학교,경기,중,공립,남여공학,경기도 김포시 고촌읍 신곡로 106 (고촌읍) 고촌중학교,0,,,0,,,,,,,,,,,,,,,,,,,,,0
금파중학교,경기,중,공립,남여공학,경기도 김포시 김포대로926번길 88-9 (북변동),0,,,0,,,,,,,,,,,,,,,,,,,,,0
김포여자중학교,경기,중,공립,여자,경기도 김포시 봉화로 37-15 . 김포여자중학교 (사우동),0,,,0,,,,,,,,,,,,,,,,,,,,,0
김포중학교,경기,중,공립,남자,경기도 김포시 봉화로 83 . 김포중학교 (북변동),0,,,0,,,,,,,,,,,,,,,,,,,,,0
김포한가람중학교,경기,중,공립,남여공학,경기도 김포시 김포한강9로 140 . 김포한가람중학교 (구래동),0,,,0,,,,,,,,,,,,,,,,,,,,,0
대곶중학교,경기,중,공립,남여공학,경기도 김포시 대곶면 율생중앙로 8 (대곶면),0,,,0,,,,,,,,,,,,,,,,,,,,,0
장기중학교,경기,중,공립,남여공학,경기도 김포시 청송로 5 (장기동.장기중학교) 장기중학교,0,,,0,,,,,,,,,,,,,,,,,,,,,0
풍무중학교,경기,중,공립,남여공학,경기도 김포시 유현로33번길 60 (풍무동.풍무중학교),0,,,1,2020.0,,,,,,,,,,,,,,,,,,,,0
김포신곡중학교,경기,중,공립,남여공학,경기도 김포시 고촌읍 수기로 54-20 김포신곡중학교,0,,,0,,,,,,,,,,,,,,,,,,,,,0
고창중학교,경기,중,공립,남여공학,경기도 김포시 초당로 15 (장기동),0,,,0,,,,,,,,,,,,,,,,,,,,,0
하성중학교,경기,중,공립,남여공학,경기도 김포시 하성면 애기봉로806번길 30 . 하성중학교 (하성면),0,,,0,,,,,,,,,,,,,,,,,,,,,0
감정중학교,경기,중,공립,남여공학,경기도 김포시 감정로 25 (감정동. 감정중학교),0,,,0,,,,,,,,,,,,,,,,,,,,,0
분진중학교,경기,중,사립,남여공학,경기도 김포시 월곶면 애기봉로11번길 86 (월곶면.분진중학교),0,,,0,,,,,,,,,,,,,,,,,,,,,0
양곡중학교,경기,중,사립,남여공학,경기도 김포시 양촌읍 양곡4로 138 . 양곡중학교 (양촌읍),0,,,0,,,,,,,,,,,,,,,,,,,,,0
통진중학교,경기,중,사립,남여공학,경기도 김포시 통진읍 김포대로 2165 . 통진중학교 (통진읍),0,,,0,,,,,,,,,,,,,,,,,,,,,0
마송중학교,경기,중,공립,남여공학,경기도 김포시 통진읍 서암로 7 . 마송중학교 (통진읍),0,,,0,,,,,,,,,,,,,,,,,,,,,0
신양중학교,경기,중,공립,남여공학,경기도 김포시 양촌면 양곡4로 243 (양촌면.신양중학교),0,,,0,,,,,,,,,,,,,,,,,,,,,0
양도중학교,경기,중,공립,남여공학,경기도 김포시 양도로56번길 59-25 (풍무동),0,,,0,,,,,,,,,,,,,,,,,,,,,0
나래초등학교,경기,초,공립,,경기도 이천시 장호원읍 이풍로63번길 114 . 나래초등학교 (장호원읍),0,,,0,,,,,,,,,,,,,,,,,,,,,0
대서초등학교,경기,초,공립,,경기도 이천시 장호원읍 서동대로8487번길 23-24 . 대서초등학교 (장호원읍),0,,,0,,,,,,,,,,,,,,,,,,,,,0
대월초등학교,경기,초,공립,,경기도 이천시 대월면 대평로178번길 48 (대월면.대월초등학교),0,,,1,2018.0,,,,,,,,,,,,,,,,,,,,0
도암초등학교,경기,초,공립,,경기도 이천시 신둔면 증신로 550 (신둔면. 도암초등학교),0,,,0,,,,,,,,,,,,,,,,,,,,,0
도지초등학교,경기,초,공립,,경기도 이천시 백사면 청백리로 207 (백사면. 도지초등학교),0,,,0,,,,,,,,,,,,,,,,,,,,,0
마장초등학교,경기,초,공립,,경기도 이천시 마장면 오천로 130 (마장면),1,2023.0,교육활동 모델교,1,2020.0,,,,,,,,,,,,,,,,,,,,1
백사초등학교,경기,초,공립,,경기도 이천시 백사면 현방로 55 (백사면. 백사초등학교),0,,,0,,,,,,,,,,,,,,,,,,,,,0
부발초등학교,경기,초,공립,,경기도 이천시 부발읍 무촌로 155 (부발읍),0,,,1,2017.0,,,,,,,,,,,,,,,,,,,,0
설봉초등학교,경기,초,공립,,경기도 이천시 향교로 129 . 설봉초등학교 (창전동),0,,,0,,,,,,,,,,,,,,,,,,,,,0
설성초등학교,경기,초,공립,,경기도 이천시 설성면 진상미로264번길 21-165 (설성면.설성초등학교),0,,,0,,,,,,,,,,,,,,,,,,,,,0
송곡초등학교,경기,초,공립,,경기도 이천시 모가면 진상미로 1054 . 0 (모가면. 송곡초등학교),0,,,1,2020.0,,,,,,,,,,,,,,,,,,,,0
신둔초등학교,경기,초,공립,,경기도 이천시 신둔면 경충대로3150번길 82-3 (신둔면),0,,,1,2018.0,,,,,,,,,,,,,,,,,,,,0
신하초등학교,경기,초,공립,,경기도 이천시 부발읍 경충대로2250번길 12 (부발읍.신하초등학교),0,,,0,,,,,,,,,,,,,,,,,,,,,0
아미초등학교,경기,초,공립,,경기도 이천시 부발읍 신아로92번길 32 (부발읍. 아미초등학교),0,,,1,2019.0,,,,,,,,,,,,,,,,,,,,0
안흥초등학교,경기,초,공립,,경기도 이천시 영창로300번길 16 . 안흥초등학교 (안흥동),0,,,0,,,,,,,,,,,,,,,,,,,,,0
율면초등학교,경기,초,공립,,경기도 이천시 율면 고당로 48 (율면. 율면초등학교),0,,,0,,,,,,,,,,,,,,,,,,,,,0
이천가산초등학교,경기,초,공립,,경기도 이천시 부발읍 황무로2065번길 112 (부발읍),0,,,0,,,,,,,,,,,,,,,,,,,,,0
이천초등학교,경기,초,공립,,경기도 이천시 서희로81번길 20 (창전동),0,,,0,,,,,,,,,,,,,,,,,,,,,0
이천남초등학교,경기,초,공립,,경기도 이천시 경충대로2614번길 32 (중리동),0,,,0,,,,,,,,,,,,,,,,,,,,,0
이천단월초등학교,경기,초,공립,,경기도 이천시 단월로 98 . 이천단월초등학교 (단월동),0,,,0,,,,,,,,,,,,,,,,,,,,,0
이천매곡초등학교,경기,초,공립,,경기도 이천시 호법면 이섭대천로96번길 8 . 이천매곡초등학교 (호법면),0,,,0,,,,,,,,,,,,,,,,,,,,,0
이천송정초등학교,경기,초,공립,,경기도 이천시 영창로45번길 165 (송정동. 이천송정초등학교),0,,,0,,,,,,,,,,,,,,,,,,,,,0
이황초등학교,경기,초,공립,,경기도 이천시 장호원읍 경충대로 456-20 (장호원읍.이황초등학교),0,,,1,2020.0,,,,,,,,,,,,,,,,,,,,0
장천초등학교,경기,초,공립,,경기도 이천시 설성면 설성로 165-25 .장천초등학교(설성면.장천초등학교),0,,,0,,,,,,,,,,,,,,,,,,,,,0
장호원초등학교,경기,초,공립,,경기도 이천시 장호원읍 장감로 46 (장호원읍. 장호원초등학교),0,,,0,,,,,,,,,,,,,,,,,,,,,0
증포초등학교,경기,초,공립,,경기도 이천시 이섭대천로 1418 . 증포초등학교 (증포동. 증포초등학교),0,,,0,,,,,,,,,,,,,,,,,,,,,0
진가초등학교,경기,초,공립,,경기도 이천시 모가면 진상미로 1321-14 (모가면.진가초등학교),0,,,0,,,,,,,,,,,,,,,,,,,,,0
표교초등학교,경기,초,공립,,경기도 이천시 마장면 중부대로609번길 28-1 (마장면. 표교초등학교),0,,,0,,,,,,,,,,,,,,,,,,,,,0
한내초등학교,경기,초,공립,,경기도 이천시 갈산로 71 . 한내초등학교 (증포동),0,,,0,,,,,,,,,,,,,,,,,,,,,0
호법초등학교,경기,초,공립,,경기도 이천시 호법면 이섭대천로537번길 8 (호법면. 호법초등학교),0,,,0,,,,,,,,,,,,,,,,,,,,,0
이천사동초등학교,경기,초,공립,,경기도 이천시 대월면 경충대로2003번길 124-87 (대월면),0,,,0,,,,,,,,,,,,,,,,,,,,,0
이천경남중학교,경기,중,공립,남여공학,경기도 이천시 설성면 설성로15번길 26 . 이천경남중학교 (설성면),0,,,0,,,,,,,,,,,,,,,,,,,,,0
대월중학교,경기,중,공립,남여공학,경기도 이천시 대월면 대평로150번길 20 . 대월중학교 (대월면),0,,,0,,,,,,,,,,,,,,,,,,,,,0
마장중학교,경기,중,공립,남여공학,경기도 이천시 마장면 마도로 23 (마장면),0,,,0,,,,,,,,,,,,,,,,,,,,,0
모가중학교,경기,중,공립,남여공학,경기도 이천시 모가면 진상미로1385번길 114 . 모가중학교 (모가면),0,,,0,,,,,,,,,,,,,,,,,,,,,0
부발중학교,경기,중,공립,남여공학,경기도 이천시 부발읍 죽당로 21 . 부발중학교 (부발읍),1,2023.0,정보교육실 구축교,0,,,,,,,,,,,,,,,,,,,,,0
백사중학교,경기,중,공립,남여공학,경기도 이천시 백사면 이여로 309 . 백사중학교 (백사면),0,,,0,,,,,,,,,,,,,,,,,,,,,0
설봉중학교,경기,중,공립,남여공학,경기도 이천시 향교로 117 (창전동),0,,,0,,,,,,,,,,,,,,,,,,,,,0
율면중학교,경기,중,공립,남여공학,경기도 이천시 율면 고당로 48 . 율면중학교 (율면),0,,,0,,,,,,,,,,,,,,,,,,,,,0
이천송정중학교,경기,중,공립,남여공학,경기도 이천시 영창로45번길 139 (송정동),0,,,1,2018.0,,,,,,,,,,,,,,,,,,,,0
이천중학교,경기,중,공립,남여공학,경기도 이천시 애련정로 50 . 이천중학교 (안흥동),0,,,1,2020.0,,,,,,,,,,,,,,,,,,,,0
장호원중학교,경기,중,공립,남여공학,경기도 이천시 장호원읍 샘재로 27-15 . 장호원중학교 행정실 (장호원읍),0,,,0,,,,,,,,,,,,,,,,,,,,,0
증포중학교,경기,중,공립,남여공학,경기도 이천시 애련정로 218 . 증포중학교 (증포동),0,,,1,2017.0,,,,,,,,,,,,,,,,,,,,0
효양중학교,경기,중,공립,남여공학,경기도 이천시 부발읍 대산로545번길 18 (부발읍),0,,,0,,,,,,,,,,,,,,,,,,,,,0
이천양정여자중학교,경기,중,사립,여자,경기도 이천시 영창로 119 . 이천양정여자중학교 (관고동),0,,,0,,,,,,,,,,,,,,,,,,,,,0
이천사동중학교,경기,중,공립,남여공학,경기도 이천시 대월면 경충대로2050번길 68-13 . 이천사동중학교 (대월면),0,,,1,2019.0,,,,,,,,,,,,,,,,,,,,0
만정초등학교,경기,초,공립,,경기도 안성시 공도읍 송원길 12 (공도읍),0,,,0,,,,,,,,,,,,,,,,,,,,,0
어울초등학교,경기,초,공립,,경기도 안성시 대덕면 신령로 58-33,0,,,1,2020.0,,,,,,,,,,,,,,,,,,,,0
보개초등학교가율분교장,경기,초,공립,,경기도 안성시 보개면 보개원삼로 649 . 가율분교장 (보개면),0,,,0,,,,,,,,,,,,,,,,,,,,,0
개산초등학교,경기,초,공립,,경기도 안성시 금광면 외개산길 42 (금광면),0,,,0,,,,,,,,,,,,,,,,,,,,,0
개정초등학교,경기,초,공립,,경기도 안성시 미양면 미양로 72 . 개정초등학교 (미양면),0,,,0,,,,,,,,,,,,,,,,,,,,,0
금광초등학교조령분교장,경기,초,공립,,경기도 안성시 금광면 사흥길 59 . 조령분교 (금광면. 조령분교),0,,,0,,,,,,,,,,,,,,,,,,,,,0
고삼초등학교,경기,초,공립,,경기도 안성시 고삼면 고삼호수로 37 (고삼면),0,,,0,,,,,,,,,,,,,,,,,,,,,0
공도초등학교,경기,초,공립,,경기도 안성시 공도읍 공도1로 9 (공도읍.공도초등학교),0,,,0,,,,,,,,,,,,,,,,,,,,,0
광덕초등학교,경기,초,공립,,경기도 안성시 대덕면 내리1길 25 (대덕면),0,,,0,,,,,,,,,,,,,,,,,,,,,0
광선초등학교,경기,초,공립,,경기도 안성시 죽산면 개좌길 16 (죽산면),0,,,0,,,,,,,,,,,,,,,,,,,,,0
금광초등학교,경기,초,공립,,경기도 안성시 금광면 금광초교길 54 . 금광초등학교 (금광면),0,,,0,,,,,,,,,,,,,,,,,,,,,0
내혜홀초등학교,경기,초,공립,,경기도 안성시 내혜홀3길 29 . 내혜홀초등학교 (아양동),0,,,0,,,,,,,,,,,,,,,,,,,,,0
대덕초등학교,경기,초,공립,,경기도 안성시 대덕면 모산로 84 . 대덕초등학교 (대덕면),0,,,1,2016.0,,,,,,,,,,,,,,,,,,,,0
동신초등학교,경기,초,공립,,경기도 안성시 보개면 사갑뜰길 6 . 동신초등학교 (보개면),0,,,1,2020.0,,,,,,,,,,,,,,,,,,,,0
마전초등학교,경기,초,공립,,경기도 안성시 삼죽면 서동대로 5915 . 마전초등학교 (삼죽면),0,,,0,,,,,,,,,,,,,,,,,,,,,0
명덕초등학교,경기,초,공립,,경기도 안성시 대덕면 미륵로 16 (대덕면.명덕초등학교),0,,,0,,,,,,,,,,,,,,,,,,,,,0
문기초등학교,경기,초,공립,,경기도 안성시 공도읍 서동대로 4424 (공도읍.문기초등학교),0,,,0,,,,,,,,,,,,,,,,,,,,,0
미곡초등학교,경기,초,공립,,경기도 안성시 양성면 안성맞춤대로 2304-9 (양성면),0,,,0,,,,,,,,,,,,,,,,,,,,,0
미양초등학교,경기,초,공립,,경기도 안성시 미양면 양지길 40 (미양면),0,,,0,,,,,,,,,,,,,,,,,,,,,0
방초초등학교,경기,초,공립,,경기도 안성시 일죽면 사실로 86 . 방초초등학교 (일죽면),0,,,1,2018.0,,,,,,,,,,,,,,,,,,,,0
백성초등학교,경기,초,공립,,경기도 안성시 아양3로 56 . 옥산동 325 (옥산동. 광신프로그레스아파트),0,,,0,,,,,,,,,,,,,,,,,,,,,0
보개초등학교,경기,초,공립,,경기도 안성시 보개면 복평길 18 (보개면. 보개초등학교),0,,,0,,,,,,,,,,,,,,,,,,,,,0
보체초등학교,경기,초,공립,,경기도 안성시 미양면 보체길 47 . 보체초등학교 (미양면.보체초등학교),0,,,1,2018.0,,,,,,,,,,,,,,,,,,,,0
비룡초등학교,경기,초,공립,,경기도 안성시 비룡로 78 . 비룡초등학교 (당왕동),0,,,0,,,,,,,,,,,,,,,,,,,,,0
산평초등학교,경기,초,공립,,경기도 안성시 서운면 서운로 58 (서운면. 산평초등학교),0,,,0,,,,,,,,,,,,,,,,,,,,,0
삼죽초등학교,경기,초,공립,,경기도 안성시 삼죽면 삼죽초교길 20 (삼죽면),0,,,0,,,,,,,,,,,,,,,,,,,,,0
서삼초등학교,경기,초,공립,,경기도 안성시 보개면 보개원삼로 1001 . 서삼초등학교 (보개면),0,,,0,,,,,,,,,,,,,,,,,,,,,0
서운초등학교,경기,초,공립,,경기도 안성시 서운면 서운초교길 24 (서운면),1,2023.0,교육활동 모델교,1,2018.0,,,,,,,,,,,,,,,,,,,,1
안성초등학교,경기,초,공립,,경기도 안성시 혜산로 13 (구포동),0,,,0,,,,,,,,,,,,,,,,,,,,,0
양성초등학교,경기,초,공립,,경기도 안성시 양성면 옥단길 43 (양성면),0,,,0,,,,,,,,,,,,,,,,,,,,,0
양진초등학교,경기,초,공립,,경기도 안성시 공도읍 진사1길 14 (공도읍),0,,,0,,,,,,,,,,,,,,,,,,,,,0
용머리초등학교,경기,초,공립,,경기도 안성시 공도읍 기업단지로 57 용머리초등학교 (공도읍),0,,,0,,,,,,,,,,,,,,,,,,,,,0
원곡초등학교,경기,초,공립,,경기도 안성시 원곡면 가천중앙1길 51-17 (원곡면.원곡초등학교),0,,,0,,,,,,,,,,,,,,,,,,,,,0
일죽초등학교,경기,초,공립,,경기도 안성시 일죽면 주래본죽로 72 (일죽면. 일죽초등학교),0,,,0,,,,,,,,,,,,,,,,,,,,,0
죽산초등학교,경기,초,공립,,경기도 안성시 죽산면 죽산초교길 43 (죽산면. 죽산초등학교),0,,,0,,,,,,,,,,,,,,,,,,,,,0
죽화초등학교,경기,초,공립,,경기도 안성시 일죽면 죽화로 297 . 죽화초등학교 (일죽면),0,,,0,,,,,,,,,,,,,,,,,,,,,0
현매초등학교,경기,초,공립,,경기도 안성시 서운면 매향길 61 (서운면. 현매초등학교),0,,,0,,,,,,,,,,,,,,,,,,,,,0
만정중학교,경기,중,공립,남여공학,경기도 안성시 공도읍 송원길 21-6 (공도읍),0,,,1,2019.0,,,,,,,,,,,,,,,,,,,,0
공도중학교,경기,중,공립,남여공학,경기도 안성시 공도읍 공도로 115-12 공도중학교 (공도읍),0,,,0,,,,,,,,,,,,,,,,,,,,,0
서운중학교,경기,중,공립,남여공학,경기도 안성시 서운면 바우덕이로 25 (서운면),0,,,0,,,,,,,,,,,,,,,,,,,,,0
양진중학교,경기,중,공립,남여공학,경기도 안성시 공도읍 진사1길 37 (공도읍. 양진중학교),0,,,0,,,,,,,,,,,,,,,,,,,,,0
안성여자중학교,경기,중,공립,여자,경기도 안성시 중앙2길 111 . 안성여자중학교 (봉남동),0,,,0,,,,,,,,,,,,,,,,,,,,,0
안성중학교,경기,중,공립,남자,경기도 안성시 금산길 43 (금산동),0,,,0,,,,,,,,,,,,,,,,,,,,,0
비룡중학교,경기,중,공립,남여공학,경기도 안성시 남파로 116 (당왕동.비룡중학교),0,,,0,,,,,,,,,,,,,,,,,,,,,0
양성중학교,경기,중,공립,남여공학,경기도 안성시 양성면 양성로 51 . 양성중학교 (양성면),0,,,0,,,,,,,,,,,,,,,,,,,,,0
일죽중학교,경기,중,공립,남여공학,경기도 안성시 일죽면 서동대로 7446 (일죽면.일죽종합고교),0,,,0,,,,,,,,,,,,,,,,,,,,,0
죽산중학교,경기,중,공립,남여공학,경기도 안성시 죽산면 죽산향교길 52-9 (죽산면),0,,,0,,,,,,,,,,,,,,,,,,,,,0
명륜여자중학교,경기,중,사립,여자,경기도 안성시 장기로103번길 22 . 명륜여자중학교 (낙원동),1,2023.0,정보교육실 구축교,0,,,,,,,,,,,,,,,,,,,,,0
안청중학교,경기,중,사립,남자,경기도 안성시 당목길 68 (당왕동. 안청중학교),0,,,0,,,,,,,,,,,,,,,,,,,,,0
한겨레중학교,경기,중,사립,남여공학,경기도 안성시 죽산면 칠장로 107-9 (죽산면),0,,,0,,,,,,,,,,,,,,,,,,,,,0
가남초등학교,경기,초,공립,,경기도 여주시 가남읍 태평4길 2 (가남읍. 가남초교),0,,,1,2018.0,,,,,,,,,,,,,,,,,,,,0
강천초등학교,경기,초,공립,,경기도 여주시 강천면 간매3길 31 (강천면. 강천초등학교),0,,,0,,,,,,,,,,,,,,,,,,,,,0
금당초등학교,경기,초,공립,,경기도 여주시 가남읍 가남로 649 (가남읍. 금당초교),0,,,0,,,,,,,,,,,,,,,,,,,,,0
능북초등학교,경기,초,공립,,경기도 여주시 능서면 백석1길 8-16 (능서면. 능북초등학교),0,,,0,,,,,,,,,,,,,,,,,,,,,0
능서초등학교,경기,초,공립,,경기도 여주시 능서면 마장로 64 (능서면. 능서초등학교),0,,,1,2017.0,,,,,,,,,,,,,,,,,,,,0
대신초등학교,경기,초,공립,,경기도 여주시 대신면 여양로 1440 (대신면. 대신초등학교),0,,,0,,,,,,,,,,,,,,,,,,,,,0
북내초등학교도전분교장,경기,초,공립,,경기도 여주시 강천면 원양1로 716 (강천면),0,,,0,,,,,,,,,,,,,,,,,,,,,0
매류초등학교,경기,초,공립,,경기도 여주시 능서면 양화로 592 (능서면. 매류초등학교),0,,,0,,,,,,,,,,,,,,,,,,,,,0
문장초등학교,경기,초,공립,,경기도 여주시 흥천면 문바실길 20 (흥천면.문장초등학교),0,,,1,2018.0,,,,,,,,,,,,,,,,,,,,0
북내초등학교운암분교장,경기,초,공립,,경기도 여주시 북내면 당전로 284 . (북내면.북내초등학교 운암분교) (북내면),0,,,0,,,,,,,,,,,,,,,,,,,,,0
북내초등학교,경기,초,공립,,경기도 여주시 북내면 여양2로 304 . 북내초등학교 (북내면),0,,,0,,,,,,,,,,,,,,,,,,,,,0
상품초등학교,경기,초,공립,,경기도 여주시 산북면 금품1로 15 . 상품초등학교 (산북면),0,,,0,,,,,,,,,,,,,,,,,,,,,0
세종초등학교,경기,초,공립,,경기도 여주시 세종로 204-19 (교동.세종초등학교),1,2023.0,정보교육실 구축교,1,2018.0,,,,,,,,,,,,,,,,,,,,1
송삼초등학교,경기,초,공립,,경기도 여주시 가남읍 송삼로 165 . 송삼초등학교 (가남읍),0,,,1,2020.0,,,,,,,,,,,,,,,,,,,,0
송촌초등학교,경기,초,공립,,경기도 여주시 대신면 여양1로 237 . 송촌초등학교 (대신면. 송촌초등학교),0,,,0,,,,,,,,,,,,,,,,,,,,,0
여주초등학교,경기,초,공립,,경기도 여주시 청심로 139 (여주시.여주초등학교),0,,,0,,,,,,,,,,,,,,,,,,,,,0
여흥초등학교,경기,초,공립,,경기도 여주시 여양로 91 (상동. 여흥초등학교),0,,,0,,,,,,,,,,,,,,,,,,,,,0
연라초등학교,경기,초,공립,,경기도 여주시 여주남로 116 (월송동. 연라초등학교),0,,,1,2018.0,,,,,,,,,,,,,,,,,,,,0
이포초등학교하호분교장,경기,초,공립,,경기도 여주시 금사면 이여로 1237 (금사면. 이포초등학교),0,,,0,,,,,,,,,,,,,,,,,,,,,0
오학초등학교,경기,초,공립,,경기도 여주시 도예로 117 (오학동. 오학초등학교),0,,,0,,,,,,,,,,,,,,,,,,,,,0
이포초등학교,경기,초,공립,,경기도 여주시 금사면 이여로 1237 . 이포초등학교 (금사면),0,,,1,2018.0,,,,,,,,,,,,,,,,,,,,0
점동초등학교,경기,초,공립,,경기도 여주시 점동면 청안로 106 (점동면. 점동초교),0,,,1,2020.0,,,,,,,,,,,,,,,,,,,,0
점봉초등학교,경기,초,공립,,경기도 여주시 세종로 488-4 (점봉동. 점봉초등학교),0,,,0,,,,,,,,,,,,,,,,,,,,,0
천남초등학교,경기,초,공립,,경기도 여주시 대신면 참샘2길 1 . 천남초등학교 (대신면),0,,,0,,,,,,,,,,,,,,,,,,,,,0
흥천초등학교,경기,초,공립,,경기도 여주시 흥천면 효자로 155 (흥천면. 흥천초등학교),0,,,0,,,,,,,,,,,,,,,,,,,,,0
강천중학교,경기,중,공립,남여공학,경기도 여주시 강천면 강문로 594 (강천면),0,,,0,,,,,,,,,,,,,,,,,,,,,0
상품중학교,경기,중,공립,남여공학,경기도 여주시 산북면 상품1길 28 . 상품중학교 (산북면.상품중학교),0,,,0,,,,,,,,,,,,,,,,,,,,,0
세종중학교,경기,중,공립,남여공학,경기도 여주시 세종로 204-17 . 세종중학교 (교동),0,,,1,2019.0,,,,,,,,,,,,,,,,,,,,0
여주여자중학교,경기,중,공립,여자,경기도 여주시 청심로 221 (상동. 여주여자중학교/세종고등학교),0,,,1,2015.0,,,,,,,,,,,,,,,,,,,,0
여주중학교,경기,중,공립,남자,경기도 여주시 능서면 농도원1길 78 (능서면.여주중학교),0,,,0,,,,,,,,,,,,,,,,,,,,,0
이포중학교,경기,중,공립,남여공학,경기도 여주시 흥천면 이여로 1075 (흥천면. 이포중고등학교),0,,,1,2020.0,,,,,,,,,,,,,,,,,,,,0
점동중학교,경기,중,공립,남여공학,경기도 여주시 점동면 청안로 152 . 점동중학교 (점동면. 점동중고교),0,,,0,,,,,,,,,,,,,,,,,,,,,0
흥천중학교,경기,중,공립,남여공학,경기도 여주시 흥천면 흥천로 308-27 (흥천면. 흥천중학교),0,,,0,,,,,,,,,,,,,,,,,,,,,0
대신중학교,경기,중,사립,남자,경기도 여주시 대신면 여양로 1196 . 대신중학교 (대신면),0,,,0,,,,,,,,,,,,,,,,,,,,,0
세정중학교,경기,중,사립,남여공학,경기도 여주시 능서면 양화로 697 (능서면. 세정중학교),0,,,0,,,,,,,,,,,,,,,,,,,,,0
여강중학교,경기,중,사립,남여공학,경기도 여주시 북내면 여강로 337-8 여강중고등학교 (북내면. 여강중고등학교),1,2023.0,교육활동 모델교,0,,,,,,,,,,,,,,,,,,,,,0
여주제일중학교,경기,중,사립,남여공학,경기도 여주시 가남읍 여주남로 1155-15 . 여주제일중학교 (가남읍. 여주제일중고교),0,,,1,2018.0,,,,,,,,,,,,,,,,,,,,0
창명여자중학교,경기,중,사립,여자,경기도 여주시 대신면 여양로 1416 (대신면. 경기관광고등학교),0,,,0,,,,,,,,,,,,,,,,,,,,,0
강상초등학교,경기,초,공립,,경기도 양평군 강상면 신화길 86 (강상면.강상초등학교),0,,,0,,,,,,,,,,,,,,,,,,,,,0
강하초등학교,경기,초,공립,,경기도 양평군 강하면 운심길 33 (강하면),0,,,0,,,,,,,,,,,,,,,,,,,,,0
개군초등학교,경기,초,공립,,경기도 양평군 개군면 자진개1길 23 (개군면),0,,,0,,,,,,,,,,,,,,,,,,,,,0
곡수초등학교,경기,초,공립,,경기도 양평군 지평면 곡수길56번길 17 (지평면. 곡수초등학교),0,,,0,,,,,,,,,,,,,,,,,,,,,0
다문초등학교,경기,초,공립,,경기도 양평군 용문면 다문중앙2길 27 . 다문초등학교 (용문면. 다문초등학교),0,,,0,,,,,,,,,,,,,,,,,,,,,0
대아초등학교,경기,초,공립,,경기도 양평군 양서면 방죽들길 5 (양서면. 대아초등학교),0,,,0,,,,,,,,,,,,,,,,,,,,,0
서종초등학교,경기,초,공립,,경기도 양평군 서종면 북한강로789번길 8 (서종면),0,,,0,,,,,,,,,,,,,,,,,,,,,0
정배초등학교,경기,초,공립,,경기도 양평군 서종면 명덕길 10 . 정배초등학교,0,,,0,,,,,,,,,,,,,,,,,,,,,0
세월초등학교,경기,초,공립,,경기도 양평군 강상면 세월길147번길 2 . 세월초등학교 (강상면),0,,,0,,,,,,,,,,,,,,,,,,,,,0
수입초등학교,경기,초,공립,,경기도 양평군 서종면 무드리2길 20 수입초등학교,0,,,0,,,,,,,,,,,,,,,,,,,,,0
양동초등학교,경기,초,공립,,경기도 양평군 양동면 양동로 1671 . 양동초등학교 (양동면),0,,,0,,,,,,,,,,,,,,,,,,,,,0
양동초등학교고송분교장,경기,초,공립,,경기도 양평군 양동면 고송길 32-16 . 양동초고송분교장 (양동면.양동초등학교  고송분교장),0,,,0,,,,,,,,,,,,,,,,,,,,,0
양서초등학교,경기,초,공립,,경기도 양평군 양서면 양서도곡길 8 (양서면. 양서초등학교),0,,,0,,,,,,,,,,,,,,,,,,,,,0
양수초등학교,경기,초,공립,,경기도 양평군 양서면 용담3길 15 . 양수초등학교 (양서면),0,,,0,,,,,,,,,,,,,,,,,,,,,0
양평초등학교,경기,초,공립,,경기도 양평군 양평읍 양근로 142 . 양평초등학교 (양평읍),0,,,0,,,,,,,,,,,,,,,,,,,,,0
양평단월초등학교,경기,초,공립,,경기도 양평군 단월면 보룡길 65 (단월면),0,,,0,,,,,,,,,,,,,,,,,,,,,0
양평동초등학교,경기,초,공립,,경기도 양평군 양평읍 창대길 20-8 (양평읍. 양평동초등학교),1,2023.0,정보교육실 구축교,1,2019.0,,,,,,,,,,,,,,,,,,,,1
옥천초등학교,경기,초,공립,,경기도 양평군 옥천면 옥천길 51 . 옥천초등학교 (옥천면),0,,,0,,,,,,,,,,,,,,,,,,,,,0
용문초등학교,경기,초,공립,,경기도 양평군 용문면 용문로 837 (용문면. 용문초등학교),0,,,0,,,,,,,,,,,,,,,,,,,,,0
원덕초등학교,경기,초,공립,,경기도 양평군 양평읍 원덕흑천길 180 . 원덕초등학교 (양평읍.원덕초등학교),0,,,0,,,,,,,,,,,,,,,,,,,,,0
조현초등학교,경기,초,공립,,경기도 양평군 용문면 중원산로 157 (용문면. 조현초등학교),0,,,0,,,,,,,,,,,,,,,,,,,,,0
지평초등학교,경기,초,공립,,경기도 양평군 지평면 지평의병로 107 . 지평초등학교 (지평면. 지평초등학교),0,,,0,,,,,,,,,,,,,,,,,,,,,0
청운초등학교,경기,초,공립,,경기도 양평군 청운면 용두로156번길 30 . 청운초등학교 (청운면. 청운초등학교),0,,,0,,,,,,,,,,,,,,,,,,,,,0
강하중학교,경기,중,공립,남여공학,경기도 양평군 강하면 왕창부로길 74-3 (강하면.강하중학교),1,2023.0,교육활동 모델교,0,,,,,,,,,,,,,,,,,,,,,0
국수중학교,경기,중,공립,남여공학,경기도 양평군 양서면 대심상심길 13 . 국수중학교 (양서면. 양평전자과학고등학교),0,,,0,,,,,,,,,,,,,,,,,,,,,0
양수중학교,경기,중,공립,남여공학,경기도 양평군 양서면 용담3길 15 . 양수중학교 (양서면),0,,,0,,,,,,,,,,,,,,,,,,,,,0
양평중학교,경기,중,공립,남여공학,경기도 양평군 양평읍 양평중학교길 29 (양평읍),0,,,0,,,,,,,,,,,,,,,,,,,,,0
지평중학교,경기,중,공립,남여공학,경기도 양평군 지평면 지평로 418 . 지평중학교 (지평면),0,,,0,,,,,,,,,,,,,,,,,,,,,0
청운중학교,경기,중,공립,남여공학,경기도 양평군 청운면 청운로 28 (청운면),0,,,0,,,,,,,,,,,,,,,,,,,,,0
개군중학교,경기,중,사립,남여공학,경기도 양평군 개군면 추읍로 15 (개군면),0,,,0,,,,,,,,,,,,,,,,,,,,,0
단월중학교,경기,중,사립,남여공학,경기도 양평군 단월면 보룡길 83 . 단월중학교 (단월면),0,,,0,,,,,,,,,,,,,,,,,,,,,0
서종중학교,경기,중,사립,남여공학,경기도 양평군 서종면 북한강로 854 서종중학교 (서종면),0,,,0,,,,,,,,,,,,,,,,,,,,,0
양동중학교,경기,중,사립,남여공학,경기도 양평군 양동면 학둔지윗길 47-7 . 양동중학교 (양동면),0,,,0,,,,,,,,,,,,,,,,,,,,,0
양일중학교,경기,중,사립,남여공학,경기도 양평군 양평읍 관문2길 9 (양평읍),0,,,0,,,,,,,,,,,,,,,,,,,,,0
용문중학교,경기,중,사립,남여공학,경기도 양평군 용문면 용문로 437 . 용문중고등학교 (용문면),0,,,0,,,,,,,,,,,,,,,,,,,,,0
백송초등학교,경기,초,공립,,경기도 고양시 일산서구 하이파크3로 110 (덕이동),0,,,0,,,,,,,,,,,,,,,,,,,,,0
양일초등학교,경기,초,공립,,경기도 고양시 일산동구 위시티로 151 (식사동),0,,,1,2020.0,,,,,,,,,,,,,,,,,,,,0
한산초등학교,경기,초,공립,,경기도 고양시 일산서구 하이파크1로 56 (덕이동. 한산초등학교),1,2023.0,교육활동 모델교,1,2018.0,,,,,,,,,,,,,,,,,,,,1
고양오금초등학교,경기,초,공립,,경기도 고양시 덕양구 오금1로 10 . 고양오금초등학교 (오금동),1,2023.0,교육활동 모델교,1,2018.0,,,,,,,,,,,,,,,,,,,,1
가람초등학교,경기,초,공립,,경기도 고양시 덕양구 행신로311번길 78 (행신동. 가람초등학교),0,,,0,,,,,,,,,,,,,,,,,,,,,0
아람초등학교,경기,초,공립,,경기도 고양시 덕양구 서정마을로 36 (행신동),0,,,0,,,,,,,,,,,,,,,,,,,,,0
강선초등학교,경기,초,공립,,경기도 고양시 일산서구 강선로 77 . 강선초등학교 (주엽동),0,,,1,2016.0,,,,,,,,,,,,,,,,,,,,0
고봉초등학교,경기,초,공립,,경기도 고양시 일산동구 중산로 280 고봉초등학교,0,,,0,,,,,,,,,,,,,,,,,,,,,0
고양관산초등학교,경기,초,공립,,경기도 고양시 덕양구 통일로726번길 130 . 고양관산초등학교 (관산동),0,,,0,,,,,,,,,,,,,,,,,,,,,0
고양백석초등학교,경기,초,공립,,경기도 고양시 일산동구 강촌로 140 (백석동. 고양백석초등학교),0,,,0,,,,,,,,,,,,,,,,,,,,,0
고양신일초등학교,경기,초,공립,,경기도 고양시 일산서구 강선로 183 . 고양신일초등학교 (일산동),0,,,0,,,,,,,,,,,,,,,,,,,,,0
고양용현초등학교,경기,초,공립,,경기도 고양시 덕양구 화신로 21 (행신동.고양용현초등학교),0,,,0,,,,,,,,,,,,,,,,,,,,,0
고양초등학교,경기,초,공립,,경기도 고양시 덕양구 혜음로13번길 22-7 . 고양초등학교 (고양동),0,,,0,,,,,,,,,,,,,,,,,,,,,0
고양한내초등학교,경기,초,공립,,경기도 고양시 일산서구 고양대로255번길 27 (대화동. 고양한내초등학교),0,,,1,2020.0,,,,,,,,,,,,,,,,,,,,0
고양화수초등학교,경기,초,공립,,경기도 고양시 덕양구 화수로 25 . 고양화수초등학교 (화정동),0,,,0,,,,,,,,,,,,,,,,,,,,,0
고양동산초등학교,경기,초,공립,,경기도 고양시 덕양구 동세로 32 (동산동),0,,,0,,,,,,,,,,,,,,,,,,,,,0
고양화정초등학교,경기,초,공립,,경기도 고양시 덕양구 화신로 333 . 고양화정초등학교 (화정동),0,,,0,,,,,,,,,,,,,,,,,,,,,0
금계초등학교,경기,초,공립,,경기도 고양시 일산동구 강촌로 90 . 금계초등학교 (백석동),0,,,0,,,,,,,,,,,,,,,,,,,,,0
낙민초등학교,경기,초,공립,,경기도 고양시 일산동구 강석로 134 (마두동. 낙민초등학교),0,,,0,,,,,,,,,,,,,,,,,,,,,0
내유초등학교,경기,초,공립,,경기도 고양시 덕양구 통일로 1132 . 내유초등학교 (내유동),0,,,0,,,,,,,,,,,,,,,,,,,,,0
냉천초등학교,경기,초,공립,,경기도 고양시 일산동구 산두로 99 . 냉천초등학교 (마두동),0,,,0,,,,,,,,,,,,,,,,,,,,,0
능곡초등학교,경기,초,공립,,경기도 고양시 덕양구 토당로67번길 66 (토당동),0,,,0,,,,,,,,,,,,,,,,,,,,,0
대곡초등학교,경기,초,공립,,경기도 고양시 덕양구 대주로 138-50 . 대곡초등학교 (대장동. 대곡초등학교),0,,,0,,,,,,,,,,,,,,,,,,,,,0
대화초등학교,경기,초,공립,,경기도 고양시 일산서구 송포로 50 (대화동),0,,,0,,,,,,,,,,,,,,,,,,,,,0
덕은초등학교,경기,초,공립,,경기도 고양시 덕양구 중앙로176번길 18-4 (화전동),0,,,0,,,,,,,,,,,,,,,,,,,,,0
덕이초등학교,경기,초,공립,,경기도 고양시 일산서구 덕이로 104 (덕이동),0,,,1,2015.0,,,,,,,,,,,,,,,,,,,,0
도래울초등학교,경기,초,공립,,경기도 고양시 덕양구 도래울3로 5 . 도래울초등학교 (도내동),0,,,1,2020.0,,,,,,,,,,,,,,,,,,,,0
무원초등학교,경기,초,공립,,경기도 고양시 덕양구 무원로 47 (행신동.무원초등학교),0,,,1,2016.0,,,,,,,,,,,,,,,,,,,,0
문촌초등학교,경기,초,공립,,경기도 고양시 일산서구 주엽로 168 168. 문촌초등학교 (주엽동),0,,,0,,,,,,,,,,,,,,,,,,,,,0
문화초등학교,경기,초,공립,,경기도 고양시 일산서구 강선로 123 (주엽동.문화초등학교),0,,,0,,,,,,,,,,,,,,,,,,,,,0
백마초등학교,경기,초,공립,,경기도 고양시 일산동구 일산로 230 (마두동),1,2023.0,교육활동 모델교,0,,,,,,,,,,,,,,,,,,,,,0
백신초등학교,경기,초,공립,,경기도 고양시 일산동구 강촌로26번길 66 (백석동.백신초등학교),1,2023.0,교육활동 모델교,0,,,,,,,,,,,,,,,,,,,,,0
백양초등학교,경기,초,공립,,경기도 고양시 덕양구 화신로 238 (화정동),0,,,0,,,,,,,,,,,,,,,,,,,,,0
벽제초등학교,경기,초,공립,,경기도 고양시 일산동구 공릉천로 13 (사리현동.벽제초등학교),0,,,0,,,,,,,,,,,,,,,,,,,,,0
삼송초등학교,경기,초,공립,,경기도 고양시 덕양구 세솔로 150 (원흥동),0,,,0,,,,,,,,,,,,,,,,,,,,,0
상탄초등학교,경기,초,공립,,경기도 고양시 일산서구 현중로 47 . 상탄초등학교 (탄현동),0,,,0,,,,,,,,,,,,,,,,,,,,,0
성라초등학교,경기,초,공립,,경기도 고양시 덕양구 호국로716번길 13-19 . 성라초등학교 (성사동),0,,,0,,,,,,,,,,,,,,,,,,,,,0
성사초등학교,경기,초,공립,,경기도 고양시 덕양구 호국로834번길 89 . 성사초등학교 (성사동. 성사초등학교),0,,,0,,,,,,,,,,,,,,,,,,,,,0
성석초등학교,경기,초,공립,,경기도 고양시 일산동구 문봉길 110 (문봉동. 성석초등학교),0,,,0,,,,,,,,,,,,,,,,,,,,,0
성신초등학교,경기,초,공립,,경기도 고양시 덕양구 성신로 104 . 성신초등학교 (행신동),0,,,0,,,,,,,,,,,,,,,,,,,,,0
성저초등학교,경기,초,공립,,경기도 고양시 일산서구 성저로 92 . 성저초등학교 (대화동),0,,,0,,,,,,,,,,,,,,,,,,,,,0
소만초등학교,경기,초,공립,,경기도 고양시 덕양구 화신로 48 . 소만초등학교 (행신동. 소만초등학교),0,,,0,,,,,,,,,,,,,,,,,,,,,0
송포초등학교,경기,초,공립,,경기도 고양시 일산서구 송산로 379 . 송포초등학교 (가좌동),0,,,0,,,,,,,,,,,,,,,,,,,,,0
일산은행초등학교,경기,초,공립,,경기도 고양시 일산동구 은행마을로 70 (식사동. 일산은행초등학교),0,,,0,,,,,,,,,,,,,,,,,,,,,0
신능초등학교,경기,초,공립,,경기도 고양시 덕양구 충장로123번길 37 (행신동.신능초등학교),0,,,0,,,,,,,,,,,,,,,,,,,,,0
신원초등학교,경기,초,공립,,경기도 고양시 덕양구 신원3로 21 (신원동),0,,,0,,,,,,,,,,,,,,,,,,,,,0
신촌초등학교,경기,초,공립,,경기도 고양시 일산서구 후곡로 52 (일산동),0,,,0,,,,,,,,,,,,,,,,,,,,,0
안곡초등학교,경기,초,공립,,경기도 고양시 일산동구 중산로 142 (중산동),0,,,0,,,,,,,,,,,,,,,,,,,,,0
오마초등학교,경기,초,공립,,경기도 고양시 일산서구 주엽로 214 (주엽동),0,,,1,2017.0,,,,,,,,,,,,,,,,,,,,0
용두초등학교,경기,초,공립,,경기도 고양시 덕양구 용두로121번길 121-20 . 용두초등학교 (용두동),0,,,0,,,,,,,,,,,,,,,,,,,,,0
용정초등학교,경기,초,공립,,경기도 고양시 덕양구 은빛로17번길 . 53  (화정동),0,,,0,,,,,,,,,,,,,,,,,,,,,0
원당초등학교,경기,초,공립,,경기도 고양시 덕양구 마상로107번길 13 (주교동.원당초등학교),0,,,0,,,,,,,,,,,,,,,,,,,,,0
원중초등학교,경기,초,공립,,경기도 고양시 일산동구 위시티3로 67 (식사동),0,,,0,,,,,,,,,,,,,,,,,,,,,0
율동초등학교,경기,초,공립,,경기도 고양시 일산동구 산두로 223 (정발산동),0,,,0,,,,,,,,,,,,,,,,,,,,,0
일산초등학교,경기,초,공립,,경기도 고양시 일산서구 일중로15번길 38 (일산동),0,,,0,,,,,,,,,,,,,,,,,,,,,0
장성초등학교,경기,초,공립,,경기도 고양시 일산서구 일산로 738 (대화동.장성초등학교),0,,,0,,,,,,,,,,,,,,,,,,,,,0
장촌초등학교,경기,초,공립,,경기도 고양시 일산서구 호수로856번길 43 (대화동),0,,,0,,,,,,,,,,,,,,,,,,,,,0
저동초등학교,경기,초,공립,,경기도 고양시 일산동구 대산로11번길 37 . 저동초등학교 (정발산동),0,,,0,,,,,,,,,,,,,,,,,,,,,0
정발초등학교,경기,초,공립,,경기도 고양시 일산동구 강송로 190 (마두동),0,,,0,,,,,,,,,,,,,,,,,,,,,0
주엽초등학교,경기,초,공립,,경기도 고양시 일산서구 강선로 29 (주엽동.주엽초등학교),0,,,0,,,,,,,,,,,,,,,,,,,,,0
중산초등학교,경기,초,공립,,경기도 고양시 일산동구 탄중로 373 (중산초등학교),1,2023.0,정보교육실 구축교,0,,,,,,,,,,,,,,,,,,,,,0
지도초등학교,경기,초,공립,,경기도 고양시 덕양구 성신로 49 . 지도초등학교 (화정동),0,,,0,,,,,,,,,,,,,,,,,,,,,0
지축초등학교,경기,초,공립,,경기 고양시 덕양구 지축초교길 45 (지축동.지축초등학교),0,,,0,,,,,,,,,,,,,,,,,,,,,0
풍산초등학교,경기,초,공립,,경기도 고양시 일산동구 숲속마을로 51 . 풍산초등학교 (풍동),0,,,0,,,,,,,,,,,,,,,,,,,,,0
한수초등학교,경기,초,공립,,경기도 고양시 일산서구 주엽로 118 . 한수초등학교 (주엽동),0,,,1,2016.0,,,,,,,,,,,,,,,,,,,,0
행남초등학교,경기,초,공립,,경기도 고양시 덕양구 소만로 22 . 행남초등학교 (행신동 행남초등학교),0,,,0,,,,,,,,,,,,,,,,,,,,,0
행신초등학교,경기,초,공립,,경기도 고양시 덕양구 중앙로 527 . 행신초등학교 (행신동),0,,,0,,,,,,,,,,,,,,,,,,,,,0
행주초등학교,경기,초,공립,,경기도 고양시 덕양구 행주로17번길 70 . 임의로수정 (행주내동),0,,,0,,,,,,,,,,,,,,,,,,,,,0
현산초등학교,경기,초,공립,,경기도 고양시 일산서구 산현로 87 (탄현동),0,,,1,2020.0,,,,,,,,,,,,,,,,,,,,0
호곡초등학교,경기,초,공립,,경기도 고양시 일산서구 탄현로 109 . 호곡초등학교 (탄현동),0,,,0,,,,,,,,,,,,,,,,,,,,,0
호수초등학교,경기,초,공립,,경기도 고양시 일산동구 강촌로 27 (장항동),0,,,0,,,,,,,,,,,,,,,,,,,,,0
화중초등학교,경기,초,공립,,경기도 고양시 덕양구 화중로152번길 43 (화정동. 화중초등학교),0,,,0,,,,,,,,,,,,,,,,,,,,,0
황룡초등학교,경기,초,공립,,경기도 고양시 일산서구 탄현로 75 (탄현동),0,,,1,2019.0,,,,,,,,,,,,,,,,,,,,0
흥도초등학교,경기,초,공립,,경기도 고양시 덕양구 도래울1로 83 (도내동),0,,,0,,,,,,,,,,,,,,,,,,,,,0
목암초등학교,경기,초,공립,,경기도 고양시 덕양구 푸른마을로 63 . 목암초등학교 (고양동. 목암초등학교),0,,,0,,,,,,,,,,,,,,,,,,,,,0
한뫼초등학교,경기,초,공립,,경기도 고양시 일산서구 고양대로 629 (일산동),0,,,0,,,,,,,,,,,,,,,,,,,,,0
토당초등학교,경기,초,공립,,경기도 고양시 덕양구 행신로 90 (토당동. 토당초등학교),0,,,0,,,,,,,,,,,,,,,,,,,,,0
가좌초등학교,경기,초,공립,,경기도 고양시 일산서구 가좌2로 31 (가좌동.가좌초등학교),0,,,1,2016.0,,,,,,,,,,,,,,,,,,,,0
다솜초등학교,경기,초,공립,,경기도 고양시 일산동구 숲속마을로 139 (풍동. 다솜초등학교),0,,,0,,,,,,,,,,,,,,,,,,,,,0
풍동초등학교,경기,초,공립,,경기도 고양시 일산동구 숲속마을로 14-43 (풍동. 풍동초등학교),0,,,0,,,,,,,,,,,,,,,,,,,,,0
모당초등학교,경기,초,공립,,경기도 고양시 일산동구 하늘마을로 144 (중산동),0,,,0,,,,,,,,,,,,,,,,,,,,,0
하늘초등학교,경기,초,공립,,경기도 고양시 일산동구 하늘마을1로 46 . 하늘초등학교 (중산동.하늘초등학교),0,,,0,,,,,,,,,,,,,,,,,,,,,0
서정초등학교,경기,초,공립,,경기도 고양시 덕양구 소원로 251 (행신동.서정초등학교),0,,,0,,,,,,,,,,,,,,,,,,,,,0
덕이중학교,경기,중,공립,남여공학,경기도 고양시 일산서구 하이파크3로 122 (덕이동. 덕이중학교),0,,,1,2016.0,,,,,,,,,,,,,,,,,,,,0
일산양일중학교,경기,중,공립,남여공학,경기도 고양시 일산동구 위시티3로 47 . 일산양일중학교 (식사동),0,,,0,,,,,,,,,,,,,,,,,,,,,0
도래울중학교,경기,중,공립,남여공학,경기도 고양시 덕양구 도래울로 57 (도내동),0,,,0,,,,,,,,,,,,,,,,,,,,,0
고양중학교,경기,중,공립,남여공학,경기도 고양시 덕양구 동세로 82 (삼송동),0,,,1,2020.0,,,,,,,,,,,,,,,,,,,,0
능곡중학교,경기,중,공립,남여공학,경기도 고양시 덕양구 행당로11번길 48 (토당동),0,,,0,,,,,,,,,,,,,,,,,,,,,0
대송중학교,경기,중,공립,남여공학,경기도 고양시 일산서구 송포로 49 (대화동),1,2023.0,교육활동 모델교,1,2015.0,,,,,,,,,,,,,,,,,,,,1
대화중학교,경기,중,공립,남여공학,경기도 고양시 일산서구 고양대로 348 (대화동),0,,,0,,,,,,,,,,,,,,,,,,,,,0
덕양중학교,경기,중,공립,남여공학,경기도 고양시 덕양구 중앙로176번길 18-29 (화전동),0,,,0,,,,,,,,,,,,,,,,,,,,,0
무원중학교,경기,중,공립,남여공학,경기도 고양시 덕양구 무원로 45 (행신동),0,,,0,,,,,,,,,,,,,,,,,,,,,0
발산중학교,경기,중,공립,남여공학,경기도 고양시 일산서구 고봉로 99 (주엽동.발산중학교),0,,,1,2016.0,,,,,,,,,,,,,,,,,,,,0
백마중학교,경기,중,공립,남여공학,경기도 고양시 일산동구 강촌로 189 (마두동),0,,,0,,,,,,,,,,,,,,,,,,,,,0
백석중학교,경기,중,공립,남여공학,경기도 고양시 일산동구 호수로 404 . 백석중학교 (백석동. 백석중학교),0,,,0,,,,,,,,,,,,,,,,,,,,,0
백신중학교,경기,중,공립,남여공학,경기도 고양시 일산동구 강촌로 89 (마두동.백신중학교),1,2023.0,교육활동 모델교,0,,,,,,,,,,,,,,,,,,,,,0
가람중학교,경기,중,공립,남여공학,경기도 고양시 덕양구 화신로 122 (행신동.가람중학교),0,,,0,,,,,,,,,,,,,,,,,,,,,0
백양중학교,경기,중,공립,남여공학,경기도 고양시 덕양구 화신로 236 (화정동. 백양중학교),0,,,0,,,,,,,,,,,,,,,,,,,,,0
신능중학교,경기,중,공립,남여공학,경기도 고양시 덕양구 충장로 78 (행신동),1,2023.0,교육활동 모델교,0,,,,,,,,,,,,,,,,,,,,,0
신일중학교,경기,중,공립,남여공학,경기도 고양시 일산서구 고봉로 177 (일산동),0,,,0,,,,,,,,,,,,,,,,,,,,,0
신원중학교,경기,중,공립,남여공학,경기도 고양시 덕양구 신원2로 6 (신원동),0,,,0,,,,,,,,,,,,,,,,,,,,,0
오마중학교,경기,중,공립,남여공학,경기도 고양시 일산서구 주엽로 213 (주엽동),0,,,1,2020.0,,,,,,,,,,,,,,,,,,,,0
성사중학교,경기,중,공립,남여공학,경기도 고양시 덕양구 호국로 887 성사중학교 (성사동),0,,,0,,,,,,,,,,,,,,,,,,,,,0
서정중학교,경기,중,공립,남여공학,경기도 고양시 덕양구 서정마을로 22 (행신동),0,,,0,,,,,,,,,,,,,,,,,,,,,0
원당중학교,경기,중,공립,남여공학,경기도 고양시 덕양구 마상로 1 (주교동),0,,,0,,,,,,,,,,,,,,,,,,,,,0
일산동중학교,경기,중,공립,남여공학,경기도 고양시 일산서구 현중로 48 (탄현동),0,,,1,2016.0,,,,,,,,,,,,,,,,,,,,0
일산중학교,경기,중,공립,남여공학,경기도 고양시 일산서구 원일로 53 (일산동),0,,,1,2016.0,,,,,,,,,,,,,,,,,,,,0
장성중학교,경기,중,공립,남여공학,경기도 고양시 일산서구 대산로 254 (대화동),0,,,0,,,,,,,,,,,,,,,,,,,,,0
저동중학교,경기,중,공립,남여공학,경기도 고양시 일산동구 무궁화로 159 . 저동중학교 (정발산동),0,,,0,,,,,,,,,,,,,,,,,,,,,0
정발중학교,경기,중,공립,남여공학,경기도 고양시 일산동구 정발산로 115 . 정발중학교 (마두동),0,,,1,2019.0,,,,,,,,,,,,,,,,,,,,0
중산중학교,경기,중,공립,남여공학,경기도 고양시 일산동구 탄중로 361 (중산동.중산중학교),0,,,0,,,,,,,,,,,,,,,,,,,,,0
지도중학교,경기,중,공립,남여공학,경기도 고양시 덕양구 성신로 46 . 지도중학교 (화정동),0,,,0,,,,,,,,,,,,,,,,,,,,,0
한수중학교,경기,중,공립,남여공학,경기도 고양시 일산서구 주엽로 117 (주엽동),0,,,1,2017.0,,,,,,,,,,,,,,,,,,,,0
행신중학교,경기,중,공립,남여공학,경기도 고양시 덕양구 화신로 22 . 행신중학교 (행신동),0,,,0,,,,,,,,,,,,,,,,,,,,,0
현산중학교,경기,중,공립,남여공학,경기도 고양시 일산서구 일청로 85 (일산동. 현산중학교),0,,,0,,,,,,,,,,,,,,,,,,,,,0
화수중학교,경기,중,공립,남여공학,경기도 고양시 덕양구 화수로 47 (화정동. 화수중학교),0,,,0,,,,,,,,,,,,,,,,,,,,,0
호곡중학교,경기,중,공립,남여공학,경기도 고양시 일산서구 탄현로 110 (탄현동),0,,,1,2016.0,,,,,,,,,,,,,,,,,,,,0
화정중학교,경기,중,공립,남여공학,경기도 고양시 덕양구 화신로 343 (화정동.화정중학교),0,,,0,,,,,,,,,,,,,,,,,,,,,0
고양제일중학교,경기,중,사립,남여공학,경기도 고양시 덕양구 통일로 820 . (관산동.고양제일중학교),0,,,0,,,,,,,,,,,,,,,,,,,,,0
목암중학교,경기,중,공립,남여공학,경기도 고양시 덕양구 푸른마을로 65 (고양동),1,2023.0,정보교육실 구축교,1,2020.0,,,,,,,,,,,,,,,,,,,,1
고양송산중학교,경기,중,공립,남여공학,경기도 고양시 일산서구 가좌2로 15 . 고양송산중학교 (가좌동),0,,,1,2018.0,,,,,,,,,,,,,,,,,,,,0
풍동중학교,경기,중,공립,남여공학,경기도 고양시 일산동구 숲속마을1로 101 풍동중학교 (풍동),0,,,0,,,,,,,,,,,,,,,,,,,,,0
안곡중학교,경기,중,공립,남여공학,경기도 고양시 일산동구 하늘마을로 93 . 안곡중학교 (중산동),0,,,0,,,,,,,,,,,,,,,,,,,,,0
풍산중학교,경기,중,공립,남여공학,경기도 고양시 일산동구 숲속마을1로 33 (풍동),0,,,0,,,,,,,,,,,,,,,,,,,,,0
화도초등학교,경기,초,공립,,경기도 남양주시 화도읍 비룡로116번길 24-42 (화도읍),0,,,0,,,,,,,,,,,,,,,,,,,,,0
남양주덕송초등학교,경기,초,공립,,경기도 남양주시 별내3로 356 (별내동. 남양주 덕송초등학교(본관동)),0,,,0,,,,,,,,,,,,,,,,,,,,,0
남양주샛별초등학교,경기,초,공립,,경기도 남양주시 송산로307번길 50 (별내동),0,,,0,,,,,,,,,,,,,,,,,,,,,0
별가람초등학교,경기,초,공립,,경기도 남양주시 별내3로 173 . 별가람초등학교 (별내동),0,,,0,,,,,,,,,,,,,,,,,,,,,0
가곡초등학교,경기,초,공립,,경기도 남양주시 화도읍 비룡로379번길 3 (화도읍. 가곡초등학교),1,2023.0,교육활동 모델교,0,,,,,,,,,,,,,,,,,,,,,0
가양초등학교,경기,초,공립,,경기도 남양주시 수동면 비룡로1243번길 7 . 가양초등학교 (수동면),0,,,0,,,,,,,,,,,,,,,,,,,,,0
갈매초등학교,경기,초,공립,,경기도 구리시 갈매중앙로 40 (갈매동. 갈매초등학교),0,,,0,,,,,,,,,,,,,,,,,,,,,0
산마루초등학교,경기,초,공립,,경기도 구리시 갈매순환로 133 (갈매동),0,,,0,,,,,,,,,,,,,,,,,,,,,0
광릉초등학교,경기,초,공립,,경기도 남양주시 진접읍 광릉내로82번길 29 . 광릉초등학교 (진접읍),1,2023.0,정보교육실 구축교,0,,,,,,,,,,,,,,,,,,,,,0
교문초등학교,경기,초,공립,,경기도 구리시 안골로19번길 16 . 교문초등학교 (교문동),0,,,0,,,,,,,,,,,,,,,,,,,,,0
구리초등학교,경기,초,공립,,경기도 구리시 경춘로276번길 51 (수택동.구리초등학교),0,,,0,,,,,,,,,,,,,,,,,,,,,0
해밀초등학교,경기,초,공립,,경기도 남양주시 진접읍 해밀예당3로 103 . 해밀초등학교 (진접읍),0,,,0,,,,,,,,,,,,,,,,,,,,,0
구지초등학교,경기,초,공립,,경기도 구리시 건원대로76번길 40 (인창동),0,,,0,,,,,,,,,,,,,,,,,,,,,0
금교초등학교,경기,초,공립,,경기도 남양주시 미금로 194 (도농동),0,,,0,,,,,,,,,,,,,,,,,,,,,0
금남초등학교,경기,초,공립,,경기도 남양주시 화도읍 북한강로 1506 . 금남초등학교 (화도읍),0,,,0,,,,,,,,,,,,,,,,,,,,,0
남양주금곡초등학교,경기,초,공립,,경기도 남양주시 금곡로 65-6 . 금곡초등학교 (금곡동),0,,,0,,,,,,,,,,,,,,,,,,,,,0
남양주도곡초등학교,경기,초,공립,,경기도 남양주시 와부읍 덕소로 179 (와부읍),0,,,0,,,,,,,,,,,,,,,,,,,,,0
남양주미금초등학교,경기,초,공립,,경기도 남양주시 미금로56번길 32-13 (다산동. 미금초등학교),0,,,0,,,,,,,,,,,,,,,,,,,,,0
남양주동곡초등학교,경기,초,공립,,경기도 남양주시 홍유릉로248번길 56 (금곡동.남양주동곡초등학교),0,,,0,,,,,,,,,,,,,,,,,,,,,0
남양주송촌초등학교,경기,초,공립,,경기도 남양주시 조안면 북한강로499번길 30 (조안면. 남양주송촌초등학교),0,,,0,,,,,,,,,,,,,,,,,,,,,0
남양주송라초등학교,경기,초,공립,,경기도 남양주시 화도읍 마석로45번길 33 . 남양주송라초등학교 (화도읍),0,,,0,,,,,,,,,,,,,,,,,,,,,0
남양주양정초등학교,경기,초,공립,,경기도 남양주시 경춘로 468-33 . 남양주양정초등학교 (지금동),0,,,0,,,,,,,,,,,,,,,,,,,,,0
남양주양지초등학교,경기,초,공립,,경기도 남양주시 오남읍 진건오남로 808번길 . 20-37,0,,,1,2020.0,,,,,,,,,,,,,,,,,,,,0
남양주월문초등학교,경기,초,공립,,경기도 남양주시 와부읍 수레로 519 . 남양주월문초등학교 (와부읍),0,,,0,,,,,,,,,,,,,,,,,,,,,0
다산가람초등학교,경기,초,공립,,경기도 남양주시 다산중앙로81번길 51 다산가람초등학교 (다산동),0,,,0,,,,,,,,,,,,,,,,,,,,,0
내양초등학교,경기,초,공립,,경기도 구리시 동구릉로 485 (사노동.내양초등학교),0,,,0,,,,,,,,,,,,,,,,,,,,,0
답내초등학교,경기,초,공립,,경기도 남양주시 화도읍 경춘로2347번길 44-7 화도읍.답내초등학교,0,,,0,,,,,,,,,,,,,,,,,,,,,0
덕소초등학교,경기,초,공립,,경기도 남양주시 와부읍 수레로 17 . 덕소초등학교 (와부읍),0,,,1,2020.0,,,,,,,,,,,,,,,,,,,,0
도농초등학교,경기,초,공립,,경기도 남양주시 도농로 72 . 도농초등학교 (도농동),0,,,0,,,,,,,,,,,,,,,,,,,,,0
도림초등학교,경기,초,공립,,경기도 구리시 아차산로 431 (교문동.도림초등학교),0,,,0,,,,,,,,,,,,,,,,,,,,,0
도심초등학교,경기,초,공립,,경기도 남양주시 와부읍 석실로 45 . 도심초등학교 (와부읍),0,,,0,,,,,,,,,,,,,,,,,,,,,0
도제원초등학교,경기,초,공립,,경기도 남양주시 퇴계원면 경춘북로 558 . 10-1 (퇴계원면)(도제원초등학교),0,,,0,,,,,,,,,,,,,,,,,,,,,0
동구초등학교,경기,초,공립,,경기도 구리시 건원대로76번길 45 . 동구초등학교 (인창동),0,,,0,,,,,,,,,,,,,,,,,,,,,0
동인초등학교,경기,초,공립,,경기도 구리시 동구릉로103번길 37 . 동인초등학교 (인창동.동인초등학교),0,,,1,2020.0,,,,,,,,,,,,,,,,,,,,0
마석초등학교,경기,초,공립,,경기도 남양주시 화도읍 수레로 1234-52 . 마석초등학교 (화도읍),0,,,0,,,,,,,,,,,,,,,,,,,,,0
남양주다산초등학교,경기,초,공립,,경기도 남양주시 진건읍 다산중앙로146번길 55 . 남양주다산초등학교,0,,,0,,,,,,,,,,,,,,,,,,,,,0
백문초등학교,경기,초,공립,,경기도 구리시 장자대로13번길 12 (교문동),0,,,0,,,,,,,,,,,,,,,,,,,,,0
별내초등학교,경기,초,공립,,경기도 남양주시 별내면 청학로92번길 38 . 별내초등학교 (별내면),0,,,1,2020.0,,,,,,,,,,,,,,,,,,,,0
마석초등학교녹촌분교장,경기,초,공립,,경기도 남양주시 화도읍 가구단지6길 63-12 (화도읍.마석초등학교녹촌분교),0,,,0,,,,,,,,,,,,,,,,,,,,,0
부양초등학교,경기,초,공립,,경기도 구리시 장자대로 89-2 (수택동. 부양초등학교),0,,,0,,,,,,,,,,,,,,,,,,,,,0
수동초등학교,경기,초,공립,,경기도 남양주시 수동면 비룡로 832 (수동면),0,,,0,,,,,,,,,,,,,,,,,,,,,0
수택초등학교,경기,초,공립,,경기도 구리시 검배로136번길 41 (토평동. 수택초등학교),0,,,0,,,,,,,,,,,,,,,,,,,,,0
오남초등학교,경기,초,공립,,경기도 남양주시 오남읍 진건오남로 696 . 오남초등학교 (오남읍),0,,,0,,,,,,,,,,,,,,,,,,,,,0
와부초등학교,경기,초,공립,,경기도 남양주시 와부읍 월문천로 63 . 와부초등학교 (와부읍),0,,,1,2017.0,,,,,,,,,,,,,,,,,,,,0
용신초등학교,경기,초,공립,,경기도 남양주시 진건읍 사릉로 474 (진건읍),0,,,0,,,,,,,,,,,,,,,,,,,,,0
인창초등학교,경기,초,공립,,경기도 구리시 동구릉로 37-13 (인창동. 인창초등학교),0,,,0,,,,,,,,,,,,,,,,,,,,,0
한별초등학교,경기,초,공립,,경기도 남양주시 별내4로 40 (한별초등학교),0,,,0,,,,,,,,,,,,,,,,,,,,,0
장승초등학교,경기,초,공립,,경기도 남양주시 진접읍 금강로1576번길 12 (진접읍),0,,,1,2019.0,,,,,,,,,,,,,,,,,,,,0
장자초등학교,경기,초,공립,,경기도 구리시 장자대로 40 (교문동.장자초등학교),0,,,0,,,,,,,,,,,,,,,,,,,,,0
장현초등학교,경기,초,공립,,경기도 남양주시 진접읍 장현천로 37 (진접읍.장현초등학교),1,2023.0,교육활동 모델교,0,,,,,,,,,,,,,,,,,,,,,0
조안초등학교,경기,초,공립,,경기도 남양주시 조안면 북한강로229번길 20 (조안면. 조안초등학교),0,,,0,,,,,,,,,,,,,,,,,,,,,0
진건초등학교,경기,초,공립,,경기도 남양주시 진건읍 사릉로 408-9 (진건읍),0,,,0,,,,,,,,,,,,,,,,,,,,,0
창현초등학교,경기,초,공립,,경기도 남양주시 화도읍 녹촌로 12 . 창현초등학교 (화도읍),0,,,0,,,,,,,,,,,,,,,,,,,,,0
천마초등학교,경기,초,공립,,경기도 남양주시 화도읍 경춘로 1707 (화도읍. 천마초등학교),0,,,0,,,,,,,,,,,,,,,,,,,,,0
수동초등학교송천분교장,경기,초,공립,,경기도 남양주시 수동면 비룡로586번길 98 . 송천분교 (수동면),0,,,0,,,,,,,,,,,,,,,,,,,,,0
토평초등학교,경기,초,공립,,경기도 구리시 벌말로129번길 17-1 (토평동.토평초등학교),0,,,0,,,,,,,,,,,,,,,,,,,,,0
퇴계원초등학교,경기,초,공립,,경기도 남양주시 퇴계원면 퇴계원로59번길 16 (퇴계원면),0,,,1,2019.0,,,,,,,,,,,,,,,,,,,,0
평내초등학교,경기,초,공립,,경기도 남양주시 경춘로 1292-11 (평내동.평내초등학교),0,,,0,,,,,,,,,,,,,,,,,,,,,0
풍양초등학교,경기,초,공립,,경기도 남양주시 진접읍 내각1로 31-1 (진접읍.풍양초등학교),0,,,0,,,,,,,,,,,,,,,,,,,,,0
호평초등학교,경기,초,공립,,경기도 남양주시 천마산로 63 (호평동),0,,,0,,,,,,,,,,,,,,,,,,,,,0
화접초등학교,경기,초,공립,,경기도 남양주시 별내중앙로 148 . 화접초등학교 (별내동),0,,,0,,,,,,,,,,,,,,,,,,,,,0
장내초등학교,경기,초,공립,,경기도 남양주시 평내로 64 . 장내초등학교 (평내동),0,,,0,,,,,,,,,,,,,,,,,,,,,0
남양주신촌초등학교,경기,초,공립,,경기도 남양주시 평내로 122 (평내동),0,,,0,,,,,,,,,,,,,,,,,,,,,0
판곡초등학교,경기,초,공립,,경기도 남양주시 늘을3로 15 . 판곡초등학교 (호평동),0,,,1,2020.0,,,,,,,,,,,,,,,,,,,,0
평동초등학교,경기,초,공립,,경기도 남양주시 호평로68번길 16 (호평동.평동초등학교),0,,,1,2018.0,,,,,,,,,,,,,,,,,,,,0
남양주월산초등학교,경기,초,공립,,경기도 남양주시 화도읍 경춘로 2290번길 50 . 남양주월산초등학교 (화도읍),0,,,0,,,,,,,,,,,,,,,,,,,,,0
심석초등학교,경기,초,사립,,경기도 남양주시 화도읍 마석로 76번길 10,1,2023.0,교육활동 모델교,1,2018.0,,,,,,,,,,,,,,,,,,,,1
양오초등학교,경기,초,공립,,경기도 남양주시 오남읍 양지로 261-35 (오남읍. 양오초등학교),0,,,0,,,,,,,,,,,,,,,,,,,,,0
어람초등학교,경기,초,공립,,경기도 남양주시 오남읍 진건오남로550번길 25 . 어람초등학교 (오남읍),0,,,0,,,,,,,,,,,,,,,,,,,,,0
사능초등학교,경기,초,공립,,경기도 남양주시 진건읍 사릉로372번길 2 . 사능초등학교 (진건읍),0,,,0,,,,,,,,,,,,,,,,,,,,,0
남양주백봉초등학교,경기,초,공립,,경기도 남양주시 의안로 158 (평내동. 백봉초등학교),0,,,0,,,,,,,,,,,,,,,,,,,,,0
예봉초등학교,경기,초,공립,,경기도 남양주시 와부읍 수레로 108 (와부읍.예봉초등학교),0,,,0,,,,,,,,,,,,,,,,,,,,,0
가운초등학교,경기,초,공립,,경기도 남양주시 가운로2길 54 (다산동. 가운초등학교),0,,,1,2020.0,,,,,,,,,,,,,,,,,,,,0
구룡초등학교,경기,초,공립,,경기도 남양주시 늘을3로 120 . 구룡초등학교 (호평동),0,,,0,,,,,,,,,,,,,,,,,,,,,0
차산초등학교,경기,초,공립,,경기도 남양주시 화도읍 수레로 1105-23 (화도읍.차산초등학교),0,,,0,,,,,,,,,,,,,,,,,,,,,0
건원초등학교,경기,초,공립,,경기도 구리시 동구릉로 80 . 15 (인창동),0,,,0,,,,,,,,,,,,,,,,,,,,,0
진접초등학교,경기,초,공립,,경기도 남양주시 진접읍 해밀예당2로 102 . 진접초등학교 (진접읍),0,,,0,,,,,,,,,,,,,,,,,,,,,0
부평초등학교,경기,초,공립,,경기도 남양주시 진접읍 부평로48번길 27 . 부평초등학교 (진접읍),1,2023.0,정보교육실 구축교,1,2017.0,,,,,,,,,,,,,,,,,,,,1
주곡초등학교,경기,초,공립,,경기도 남양주시 진접읍 해밀예당1로 277 . 주곡초등학교 (진접읍),1,2023.0,교육활동 모델교,1,2017.0,,,,,,,,,,,,,,,,,,,,1
화봉초등학교,경기,초,공립,,경기도 남양주시 진접읍 해밀예당2로 21 (진접읍.화봉초등학교),0,,,1,2016.0,,,,,,,,,,,,,,,,,,,,0
별가람중학교,경기,중,공립,남여공학,경기도 남양주시 별내3로 232,0,,,0,,,,,,,,,,,,,,,,,,,,,0
심석중학교,경기,중,사립,남여공학,경기도 남양주시 화도읍 마석로 62 . 심석중학교 (화도읍),0,,,0,,,,,,,,,,,,,,,,,,,,,0
교문중학교,경기,중,공립,남여공학,경기도 구리시 장자대로37번길 15 (교문동),0,,,0,,,,,,,,,,,,,,,,,,,,,0
갈매중학교,경기,중,공립,남여공학,경기도 구리시 갈매순환로 121 (갈매동. 갈매중학교),0,,,0,,,,,,,,,,,,,,,,,,,,,0
구리여자중학교,경기,중,공립,여자,경기도 구리시 벌말로 168 . 구리여자중학교 (토평동),0,,,0,,,,,,,,,,,,,,,,,,,,,0
남양주다산중학교,경기,중,공립,남여공학,경기도 남양주시 다산중앙로172번길 50 . 남양주다산중학교 (다산동),0,,,0,,,,,,,,,,,,,,,,,,,,,0
구리중학교,경기,중,공립,남자,경기도 구리시 장자대로 89-1 (수택동. 구리중학교),0,,,0,,,,,,,,,,,,,,,,,,,,,0
금곡중학교,경기,중,공립,남여공학,경기도 남양주시 경춘로 1008 (금곡동),0,,,0,,,,,,,,,,,,,,,,,,,,,0
덕소중학교,경기,중,공립,남여공학,경기도 남양주시 와부읍 도곡길 7 . 덕소중학교 (와부읍),0,,,0,,,,,,,,,,,,,,,,,,,,,0
도농중학교,경기,중,공립,남여공학,경기도 남양주시 미금로 234 . 도농중학교 (다산동. 도농중학교),0,,,0,,,,,,,,,,,,,,,,,,,,,0
동구중학교,경기,중,공립,남여공학,경기도 구리시 동구릉로103번길 75 (인창동.동구중학교),0,,,0,,,,,,,,,,,,,,,,,,,,,0
진접중학교,경기,중,공립,남여공학,경기도 남양주시 진접읍 금강로 1641-1 . 진접중학교 (진접읍),1,2023.0,교육활동 모델교,1,2015.0,,,,,,,,,,,,,,,,,,,,1
마석중학교,경기,중,공립,남여공학,경기도 남양주시 화도읍 수레로 1234-38 (화도읍. 마석중학교),1,2023.0,교육활동 모델교,0,,,,,,,,,,,,,,,,,,,,,0
미금중학교,경기,중,공립,남여공학,경기도 남양주시 미금로 140 (지금동),0,,,0,,,,,,,,,,,,,,,,,,,,,0
별내중학교,경기,중,공립,남여공학,경기도 남양주시 별내면 청학로132번길 30 (별내면),0,,,1,2020.0,,,,,,,,,,,,,,,,,,,,0
송라중학교,경기,중,공립,남여공학,경기도 남양주시 화도읍 마석로45번길 31 . 송라중학교 (화도읍),0,,,1,2016.0,,,,,,,,,,,,,,,,,,,,0
오남중학교,경기,중,공립,남여공학,경기도 남양주시 오남읍 진건오남로808번길 34 (오남읍),0,,,1,2019.0,,,,,,,,,,,,,,,,,,,,0
와부중학교,경기,중,공립,남여공학,경기도 남양주시 와부읍 월문천로 65 (와부읍),0,,,1,2019.0,,,,,,,,,,,,,,,,,,,,0
인창중학교,경기,중,공립,남여공학,경기도 구리시 건원대로34번길 118 (인창동. 인창중학교),0,,,0,,,,,,,,,,,,,,,,,,,,,0
장자중학교,경기,중,공립,남여공학,경기도 구리시 장자호수길 45 (교문동),0,,,0,,,,,,,,,,,,,,,,,,,,,0
진건중학교,경기,중,공립,남여공학,경기도 남양주시 진건읍 진건오남로 39 (진건읍),0,,,0,,,,,,,,,,,,,,,,,,,,,0
토평중학교,경기,중,공립,남여공학,경기도 구리시 장자대로111번길 61 (토평동),0,,,0,,,,,,,,,,,,,,,,,,,,,0
퇴계원중학교,경기,중,공립,남여공학,경기도 남양주시 퇴계원면 퇴계원로 49-8 (퇴계원면),0,,,0,,,,,,,,,,,,,,,,,,,,,0
호평중학교,경기,중,공립,남여공학,경기도 남양주시 호평로 76-7 . 호평중학교 (호평동),0,,,0,,,,,,,,,,,,,,,,,,,,,0
화광중학교,경기,중,공립,남여공학,경기도 남양주시 화도읍 경춘로 2226 (화도읍.화광중학교),0,,,0,,,,,,,,,,,,,,,,,,,,,0
장내중학교,경기,중,공립,남여공학,경기도 남양주시 평내로 37 (평내동.장내중학교),0,,,1,2017.0,,,,,,,,,,,,,,,,,,,,0
평내중학교,경기,중,공립,남여공학,경기도 남양주시 경춘로 1286 . 23 (평내동),0,,,0,,,,,,,,,,,,,,,,,,,,,0
광동중학교,경기,중,사립,남여공학,경기도 남양주시 진접읍 장현로광동1길 10 (진접읍.광동중학교),1,2023.0,교육활동 모델교,0,,,,,,,,,,,,,,,,,,,,,0
동화중학교,경기,중,사립,남여공학,경기도 남양주시 경춘로 434 (다산동. 동화중고교),0,,,0,,,,,,,,,,,,,,,,,,,,,0
양오중학교,경기,중,공립,남여공학,경기도 남양주시 오남읍 양지로 261-31 . 양오중학교 (오남읍. 양오중학교),0,,,1,2016.0,,,,,,,,,,,,,,,,,,,,0
어람중학교,경기,중,공립,남여공학,경기도 남양주시 오남읍 진건오남로550번길 35 . 어람중학교 (오남읍),0,,,1,2019.0,,,,,,,,,,,,,,,,,,,,0
판곡중학교,경기,중,공립,남여공학,경기도 남양주시 늘을1로 115 . 판곡중학교 (호평동),0,,,1,2020.0,,,,,,,,,,,,,,,,,,,,0
광릉중학교,경기,중,공립,남여공학,경기도 남양주시 진접읍 진벌로 78-23 . 광릉중학교 (진접읍.광릉중학교),0,,,0,,,,,,,,,,,,,,,,,,,,,0
예봉중학교,경기,중,공립,남여공학,경기도 남양주시 와부읍 수레로 127-37 . 예봉중학교 (와부읍),0,,,1,2020.0,,,,,,,,,,,,,,,,,,,,0
수동중학교,경기,중,사립,남여공학,경기도 남양주시 수동면 비룡로 790-22 (수동면),0,,,0,,,,,,,,,,,,,,,,,,,,,0
천마중학교,경기,중,공립,남여공학,경기도 남양주시 화도읍 먹갓로28번길 12 . 천마중학교 (화도읍. 천마중학교),0,,,0,,,,,,,,,,,,,,,,,,,,,0
한별중학교,경기,중,공립,남여공학,경기도 남양주시 별내4로 70 (별내동),0,,,0,,,,,,,,,,,,,,,,,,,,,0
연세중학교,경기,중,사립,남여공학,경기도 남양주시 조안면 북한강로 545 (조안면.연세중학교),0,,,0,,,,,,,,,,,,,,,,,,,,,0
가운중학교,경기,중,공립,남여공학,경기도 남양주시 가운로2길 74 (가운동.가운중학교),0,,,0,,,,,,,,,,,,,,,,,,,,,0
풍양중학교,경기,중,공립,남여공학,경기도 남양주시 진접읍 해밀예당1로 109 (진접읍),0,,,0,,,,,,,,,,,,,,,,,,,,,0
주곡중학교,경기,중,공립,남여공학,경기도 남양주시 진접읍 해밀예당1로 283 (진접읍),0,,,0,,,,,,,,,,,,,,,,,,,,,0
의정부송산초등학교,경기,초,공립,,경기도 의정부시 오목로 228 (민락동),0,,,0,,,,,,,,,,,,,,,,,,,,,0
가능초등학교,경기,초,공립,,경기도 의정부시 의정로140번길 15 . 가능초등학교 (가능동),0,,,0,,,,,,,,,,,,,,,,,,,,,0
경의초등학교,경기,초,공립,,경기도 의정부시 경의로 135 (의정부동. 경의초등학교),0,,,0,,,,,,,,,,,,,,,,,,,,,0
고산초등학교,경기,초,공립,,경기도 의정부시 고산로 121 . 고산초등학교 (고산동),0,,,0,,,,,,,,,,,,,,,,,,,,,0
금오초등학교,경기,초,공립,,경기도 의정부시 천보로 418 . 금오초등학교 (금오동),0,,,0,,,,,,,,,,,,,,,,,,,,,0
녹양초등학교,경기,초,공립,,경기도 의정부시 체육로 265-25 녹양초등학교,0,,,0,,,,,,,,,,,,,,,,,,,,,0
동암초등학교,경기,초,공립,,경기도 의정부시 장곡로 206 (장암동. 동암초등학교),1,2023.0,교육활동 모델교,0,,,,,,,,,,,,,,,,,,,,,0
동오초등학교,경기,초,공립,,경기도 의정부시 추동로23번길 10 . 동오초등학교 (신곡동),0,,,0,,,,,,,,,,,,,,,,,,,,,0
민락초등학교,경기,초,공립,,경기도 의정부시 용현로159번길 26 (민락동.민락초등학교),0,,,0,,,,,,,,,,,,,,,,,,,,,0
발곡초등학교,경기,초,공립,,경기도 의정부시 동일로454번길 . 74 (신곡동),0,,,1,2020.0,,,,,,,,,,,,,,,,,,,,0
배영초등학교,경기,초,공립,,경기도 의정부시 가능로 135 . 20 (의정부동),0,,,1,2019.0,,,,,,,,,,,,,,,,,,,,0
새말초등학교,경기,초,공립,,경기도 의정부시 추동로124번길 37 . 새말초등학교 (신곡동.새말초등학교),0,,,0,,,,,,,,,,,,,,,,,,,,,0
솔뫼초등학교,경기,초,공립,,경기도 의정부시 시민로 442 . 솔뫼초등학교 (용현동),1,2023.0,교육활동 모델교,0,,,,,,,,,,,,,,,,,,,,,0
송양초등학교,경기,초,공립,,경기도 의정부시 송양로 49 . 송양초등학교 (낙양동),0,,,0,,,,,,,,,,,,,,,,,,,,,0
신동초등학교,경기,초,공립,,경기도 의정부시 시민로179번길 42 . 신동초등학교 (신곡동.신동초등학교),0,,,0,,,,,,,,,,,,,,,,,,,,,0
어룡초등학교,경기,초,공립,,경기도 의정부시 부용로 241 . 어룡초등학교 (용현동),0,,,0,,,,,,,,,,,,,,,,,,,,,0
오동초등학교,경기,초,공립,,경기도 의정부시 용민로 151 (민락동),0,,,1,2018.0,,,,,,,,,,,,,,,,,,,,0
의순초등학교,경기,초,공립,,경기도 의정부시 부용로 77 (금오동),0,,,0,,,,,,,,,,,,,,,,,,,,,0
의정부초등학교,경기,초,공립,,경기도 의정부시 동일로522번길 30 (신곡동),0,,,1,2020.0,,,,,,,,,,,,,,,,,,,,0
의정부부용초등학교,경기,초,공립,,경기도 의정부시 오목로 83 . 의정부부용초등학교 (민락동),0,,,1,2019.0,,,,,,,,,,,,,,,,,,,,0
의정부서초등학교,경기,초,공립,,경기도 의정부시 둔야로 57 (가능동.의정부서초등학교),0,,,0,,,,,,,,,,,,,,,,,,,,,0
의정부신곡초등학교,경기,초,공립,,경기도 의정부시 능곡로 31 . 의정부신곡초등학교 (신곡동),0,,,1,2020.0,,,,,,,,,,,,,,,,,,,,0
의정부용현초등학교,경기,초,공립,,경기도 의정부시 용민로 87 . 의정부용현초등학교 (용현동),0,,,0,,,,,,,,,,,,,,,,,,,,,0
의정부장암초등학교,경기,초,공립,,경기도 의정부시 동일로 417 . 장암초등학교 (장암동),0,,,0,,,,,,,,,,,,,,,,,,,,,0
의정부중앙초등학교,경기,초,공립,,경기도 의정부시 호국로1291번길 17 . 의정부중앙초등학교 (의정부동),0,,,0,,,,,,,,,,,,,,,,,,,,,0
의정부청룡초등학교,경기,초,공립,,경기도 의정부시 장곡로322번길 21 . 의정부청룡초등학교 (신곡동),1,2023.0,정보교육실 구축교,0,,,,,,,,,,,,,,,,,,,,,0
의정부호동초등학교,경기,초,공립,,경기도 의정부시 호동로 45 (호원동.의정부호동초등학교),0,,,0,,,,,,,,,,,,,,,,,,,,,0
의정부효자초등학교,경기,초,공립,,경기도 의정부시 부용로204번길 16 (신곡동),0,,,0,,,,,,,,,,,,,,,,,,,,,0
호암초등학교,경기,초,공립,,경기도 의정부시 호암로 47 (호원동),0,,,0,,,,,,,,,,,,,,,,,,,,,0
회룡초등학교,경기,초,공립,,경기도 의정부시 안말로 57 (호원동.회룡초등학교),1,2023.0,교육활동 모델교,1,2017.0,,,,,,,,,,,,,,,,,,,,1
의정부호원초등학교,경기,초,공립,,경기도 의정부시 전좌로156번길 20 (호원동.의정부호원초등학교),0,,,0,,,,,,,,,,,,,,,,,,,,,0
버들개초등학교,경기,초,공립,,경기도 의정부시 체육로 201 (녹양동. 버들개초등학교),0,,,1,2018.0,,,,,,,,,,,,,,,,,,,,0
삼현초등학교,경기,초,공립,,경기도 의정부시 송양로 87 (민락동),0,,,0,,,,,,,,,,,,,,,,,,,,,0
송양중학교,경기,중,공립,남여공학,경기도 의정부시 용민로 308 (낙양동. 송양중학교),0,,,0,,,,,,,,,,,,,,,,,,,,,0
금오중학교,경기,중,공립,남여공학,경기도 의정부시 금신로 380 . 금오중학교 (금오동.금오중학교),0,,,0,,,,,,,,,,,,,,,,,,,,,0
민락중학교,경기,중,공립,남여공학,경기도 의정부시 오목로 151 . 민락중학교 (민락동),1,2023.0,교육활동 모델교,0,,,,,,,,,,,,,,,,,,,,,0
발곡중학교,경기,중,공립,남여공학,경기도 의정부시 회룡로 185 (신곡동.발곡중학교),0,,,1,2020.0,,,,,,,,,,,,,,,,,,,,0
부용중학교,경기,중,공립,남여공학,경기도 의정부시 오목로 86 (민락동. 부용중학교),0,,,0,,,,,,,,,,,,,,,,,,,,,0
신곡중학교,경기,중,공립,남여공학,경기도 의정부시 추동로24번길 23 . 신곡중학교 (신곡동),0,,,0,,,,,,,,,,,,,,,,,,,,,0
다온중학교,경기,중,공립,남여공학,경기도 의정부시 둔야로49번길 30 (가능동),0,,,1,2020.0,,,,,,,,,,,,,,,,,,,,0
경민여자중학교,경기,중,사립,여자,경기도 의정부시 서부로 545 . 경민여자중학교 (가능동),1,2023.0,교육활동 모델교,1,2016.0,,,,,,,,,,,,,,,,,,,,1
의정부여자중학교,경기,중,공립,여자,경기도 의정부시 신흥로365번길 40 . 의정부여자중학교 (가능동),0,,,0,,,,,,,,,,,,,,,,,,,,,0
의정부중학교,경기,중,공립,남자,경기도 의정부시 가능로 75 (가능동),1,2023.0,교육활동 모델교,1,2015.0,,,,,,,,,,,,,,,,,,,,1
천보중학교,경기,중,공립,남여공학,경기도 의정부시 부용로 61 . 천보중학교 (금오동),0,,,0,,,,,,,,,,,,,,,,,,,,,0
충의중학교,경기,중,공립,남여공학,경기도 의정부시 용현로 125 (민락동),0,,,0,,,,,,,,,,,,,,,,,,,,,0
호원중학교,경기,중,공립,남여공학,경기도 의정부시 호암로 205 (호원동),0,,,0,,,,,,,,,,,,,,,,,,,,,0
효자중학교,경기,중,공립,남여공학,경기도 의정부시 부용로185번길 15 (신곡동. 효자중학교),0,,,0,,,,,,,,,,,,,,,,,,,,,0
회룡중학교,경기,중,공립,남여공학,경기도 의정부시 안말로 45 . 회룡중학교 (호원동),0,,,0,,,,,,,,,,,,,,,,,,,,,0
녹양중학교,경기,중,공립,남여공학,경기도 의정부시 체육로 187 . 녹양중학교 (녹양동),0,,,0,,,,,,,,,,,,,,,,,,,,,0
동암중학교,경기,중,공립,남여공학,경기도 의정부시 장곡로226번길 132 (장암동),0,,,0,,,,,,,,,,,,,,,,,,,,,0
솔뫼중학교,경기,중,공립,남여공학,경기 의정부시 시민로 464,0,,,1,2016.0,,,,,,,,,,,,,,,,,,,,0
경민중학교,경기,중,사립,남자,경기도 의정부시 서부로 545 . 경민중학교 (가능동),0,,,1,2018.0,,,,,,,,,,,,,,,,,,,,0
가온초등학교,경기,초,공립,,경기도 파주시 가온로 134 (목동동. 가온초등학교),0,,,0,,,,,,,,,,,,,,,,,,,,,0
자유초등학교,경기,초,공립,,경기도 파주시 문산읍 방촌로 1722 (문산읍. 자유초등학교),0,,,1,2018.0,,,,,,,,,,,,,,,,,,,,0
갈현초등학교,경기,초,공립,,경기도 파주시 탄현면 평화로591번길 76 (탄현면),0,,,0,,,,,,,,,,,,,,,,,,,,,0
검산초등학교,경기,초,공립,,경기도 파주시 검산로 10 (검산동. 검산초교병설유치원.검산초등학교),0,,,1,2016.0,,,,,,,,,,,,,,,,,,,,0
교하초등학교,경기,초,공립,,경기도 파주시 동편길 13 (교하동),0,,,0,,,,,,,,,,,,,,,,,,,,,0
운정초등학교,경기,초,공립,,경기도 파주시 와석순환로 35-34 (야당동),1,2023.0,교육활동 모델교,1,2017.0,,,,,,,,,,,,,,,,,,,,1
군내초등학교,경기,초,공립,,경기도 파주시 군내면 통일촌길 226 (군내면.군내초등학교),0,,,1,2016.0,,,,,,,,,,,,,,,,,,,,0
산내초등학교,경기,초,공립,,경기도 파주시 교하로 140 . 산내초등학교,0,,,1,2018.0,,,,,,,,,,,,,,,,,,,,0
금신초등학교,경기,초,공립,,경기도 파주시 금신초교길 10 . 금신초등학교 (금촌동),1,2023.0,교육활동 모델교,1,2016.0,,,,,,,,,,,,,,,,,,,,1
금촌초등학교,경기,초,공립,,경기도 파주시 동산3길 38-11 . 금촌초등학교 (금촌동. 금촌초등학교.공립금촌유치원),0,,,0,,,,,,,,,,,,,,,,,,,,,0
능안초등학교,경기,초,공립,,경기도 파주시 조리읍 능안로 145 (조리읍.능안초등학교),0,,,0,,,,,,,,,,,,,,,,,,,,,0
덕암초등학교,경기,초,공립,,경기도 파주시 조리읍 등원로 199 (조리읍),0,,,0,,,,,,,,,,,,,,,,,,,,,0
도마산초등학교,경기,초,공립,,경기도 파주시 광탄면 부흥로 257 . 도마산초등학교 (광탄면),0,,,0,,,,,,,,,,,,,,,,,,,,,0
두일초등학교,경기,초,공립,,경기도 파주시 책향기숲길 47 . 두일초등학교 (동패동),0,,,1,2018.0,,,,,,,,,,,,,,,,,,,,0
마정초등학교,경기,초,공립,,경기도 파주시 문산읍 마정로124번길 13 (문산읍. 마정초등학교),0,,,0,,,,,,,,,,,,,,,,,,,,,0
마지초등학교,경기,초,공립,,경기도 파주시 적성면 칠중1길 39 . 마지초등학교 (적성면),0,,,1,2018.0,,,,,,,,,,,,,,,,,,,,0
문발초등학교,경기,초,공립,,경기도 파주시 노을빛로 21 . 문발초등학교 (문발동. 문발초등학교),0,,,1,2018.0,,,,,,,,,,,,,,,,,,,,0
문산초등학교,경기,초,공립,,경기도 파주시 문산읍 문향로67번길 58 (문산읍. 문산초등학교.문산초등학교병설유치원),0,,,0,,,,,,,,,,,,,,,,,,,,,0
문산동초등학교,경기,초,공립,,경기도 파주시 문산읍 선유울3길 85 . 문산동초등학교 (문산읍),0,,,0,,,,,,,,,,,,,,,,,,,,,0
법원초등학교,경기,초,공립,,경기도 파주시 법원읍 술이홀로 970-9 (법원읍.법원초등학교),0,,,0,,,,,,,,,,,,,,,,,,,,,0
봉일천초등학교,경기,초,공립,,경기도 파주시 조리읍 통일로 333 . 봉일천초등학교 (조리읍),0,,,1,2018.0,,,,,,,,,,,,,,,,,,,,0
새금초등학교,경기,초,공립,,경기도 파주시 후곡로 104 . 새금초등학교 (금촌동),0,,,1,2019.0,,,,,,,,,,,,,,,,,,,,0
파주송화초등학교,경기,초,공립,,경기도 파주시 송화로 39 (아동동.송화초등학교),0,,,1,2019.0,,,,,,,,,,,,,,,,,,,,0
석곶초등학교,경기,초,공립,,경기도 파주시 책향기로 451 . 석곶초등학교 (동패동),0,,,1,2016.0,,,,,,,,,,,,,,,,,,,,0
신산초등학교,경기,초,공립,,경기도 파주시 광탄면 심궁로 13 (광탄면. 신산초등학교),0,,,0,,,,,,,,,,,,,,,,,,,,,0
심학초등학교,경기,초,공립,,경기도 파주시 교하로681번길 33 (동패동),0,,,1,2016.0,,,,,,,,,,,,,,,,,,,,0
연풍초등학교,경기,초,공립,,경기도 파주시 파주읍 연풍초교길 25 (파주읍. 연풍초등학교),0,,,0,,,,,,,,,,,,,,,,,,,,,0
영도초등학교,경기,초,공립,,경기도 파주시 월롱면 도감로172번길 89 (월롱면.영도초등학교),0,,,0,,,,,,,,,,,,,,,,,,,,,0
와석초등학교,경기,초,공립,,경기도 파주시 한빛로 7 (야당동),0,,,1,2019.0,,,,,,,,,,,,,,,,,,,,0
용미초등학교,경기,초,공립,,경기도 파주시 광탄면 장지산로 78 (광탄면. 용미초등학교),0,,,0,,,,,,,,,,,,,,,,,,,,,0
용연초등학교,경기,초,공립,,경기도 파주시 파평면 청송로402번길 31 . 용연초등학교 (파평면. 용연초등학교),0,,,0,,,,,,,,,,,,,,,,,,,,,0
웅담초등학교,경기,초,공립,,경기도 파주시 법원읍 수작골길 14 . 웅담초등학교 (법원읍),0,,,1,2018.0,,,,,,,,,,,,,,,,,,,,0
대성동초등학교,경기,초,공립,,경기도 파주시 군내면 대성동길 150 . 대성동초등학교 (군내면),0,,,1,2019.0,,,,,,,,,,,,,,,,,,,,0
월롱초등학교,경기,초,공립,,경기도 파주시 월롱면 월롱초교길 40 . 월롱초등학교 (월롱면),0,,,0,,,,,,,,,,,,,,,,,,,,,0
장파초등학교,경기,초,공립,,경기도 파주시 파평면 장마루5길 11 . 장파초등학교 (파평면),0,,,0,,,,,,,,,,,,,,,,,,,,,0
적서초등학교,경기,초,공립,,경기도 파주시 적성면 적서초교길 3 . 적서초등학교 (적성면),0,,,1,2016.0,,,,,,,,,,,,,,,,,,,,0
적암초등학교,경기,초,공립,,경기도 파주시 적성면 율곡로 3042 . 적암초등학교 (적성면),0,,,0,,,,,,,,,,,,,,,,,,,,,0
지산초등학교,경기,초,공립,,경기도 파주시 경의로 1274 (와동동. 지산초등학교),0,,,0,,,,,,,,,,,,,,,,,,,,,0
천현초등학교,경기,초,공립,,경기도 파주시 법원읍 사임당로 875 . 천현초등학교 (법원읍),0,,,0,,,,,,,,,,,,,,,,,,,,,0
청석초등학교,경기,초,공립,,경기도 파주시 청석로 330 청석초등학교 (다율동),0,,,1,2019.0,,,,,,,,,,,,,,,,,,,,0
청암초등학교,경기,초,공립,,경기도 파주시 청암로 16 . 청암초등학교 (목동동),0,,,0,,,,,,,,,,,,,,,,,,,,,0
탄현초등학교,경기,초,공립,,경기도 파주시 탄현면 방촌로653번길 4 (탄현면.탄현초등학교),0,,,1,2018.0,,,,,,,,,,,,,,,,,,,,0
통일초등학교,경기,초,공립,,경기도 파주시 탄현면 사슴벌레로 14 . 통일초등학교 (탄현면),1,2023.0,교육활동 모델교,1,2018.0,,,,,,,,,,,,,,,,,,,,1
파양초등학교,경기,초,공립,,경기도 파주시 문산읍 배머리길 90-70 . 파양초등학교 (문산읍),0,,,0,,,,,,,,,,,,,,,,,,,,,0
파주대원초등학교,경기,초,공립,,경기도 파주시 조리읍 대원로 30 (조리읍),0,,,0,,,,,,,,,,,,,,,,,,,,,0
파주와동초등학교,경기,초,공립,,경기도 파주시 금바위로 17 . 파주와동초등학교 (와동동),0,,,1,2018.0,,,,,,,,,,,,,,,,,,,,0
파주초등학교,경기,초,공립,,경기도 파주시 파주읍 우계로53번길 15 . 파주초등학교(파주초병설유치원) (파주읍),0,,,1,2016.0,,,,,,,,,,,,,,,,,,,,0
파평초등학교,경기,초,공립,,경기도 파주시 파평면 파평산로478번길 37 (파평면.파평초등학교),0,,,1,2019.0,,,,,,,,,,,,,,,,,,,,0
동패초등학교,경기,초,공립,,경기도 파주시 교하로 272 . 동패초등학교 (동패동),1,2023.0,정보교육실 구축교,0,,,,,,,,,,,,,,,,,,,,,0
임진초등학교,경기,초,공립,,경기도 파주시 문산읍 문향로17번길 36 (문산읍),0,,,1,2019.0,,,,,,,,,,,,,,,,,,,,0
금화초등학교,경기,초,공립,,경기도 파주시 새꽃로 55 (금촌동.금화초등학교),0,,,1,2019.0,,,,,,,,,,,,,,,,,,,,0
금향초등학교,경기,초,공립,,경기도 파주시 쇠재로 123 . 금향초등학교 (금촌동),0,,,0,,,,,,,,,,,,,,,,,,,,,0
금릉초등학교,경기,초,공립,,경기도 파주시 후곡로 56 . 금릉초등학교 (금촌동),0,,,1,2020.0,,,,,,,,,,,,,,,,,,,,0
운광초등학교,경기,초,공립,,경기도 파주시 한울로 90 (동패동),0,,,0,,,,,,,,,,,,,,,,,,,,,0
한가람초등학교,경기,초,공립,,경기도 파주시 금바위로 87 (와동동.452-6),0,,,0,,,,,,,,,,,,,,,,,,,,,0
한빛초등학교,경기,초,공립,,경기도 파주시 미래로408번길 77 (야당동.한빛초등학교),0,,,0,,,,,,,,,,,,,,,,,,,,,0
해솔초등학교,경기,초,공립,,경기도 파주시 해솔로 40 . 해솔초등학교 (목동동),0,,,0,,,,,,,,,,,,,,,,,,,,,0
한가람중학교,경기,중,공립,남여공학,경기도 파주시 금바위로 77 . 한가람중학교 (와동동),0,,,1,2017.0,,,,,,,,,,,,,,,,,,,,0
선유중학교,경기,중,공립,남여공학,경기도 파주시 문산읍 독서울1길 37 (문산읍),0,,,0,,,,,,,,,,,,,,,,,,,,,0
법원여자중학교,경기,중,공립,여자,경기도 파주시 법원읍 자운서원로 31 (법원읍. 법원여자중학교),0,,,0,,,,,,,,,,,,,,,,,,,,,0
금릉중학교,경기,중,공립,남여공학,경기도 파주시 후곡로 66 . 금릉중학교 (금촌동),0,,,0,,,,,,,,,,,,,,,,,,,,,0
교하중학교,경기,중,공립,남여공학,경기도 파주시 책향기로 194 . (동패동. 교하중학교),0,,,0,,,,,,,,,,,,,,,,,,,,,0
산내중학교,경기,중,공립,남여공학,경기도 파주시 산내로 15 (목동동 1080),0,,,0,,,,,,,,,,,,,,,,,,,,,0
금촌중학교,경기,중,공립,남여공학,경기도 파주시 쇠재1길 21 (금릉동),0,,,1,2016.0,,,,,,,,,,,,,,,,,,,,0
문산북중학교,경기,중,공립,남여공학,경기도 파주시 문산읍 당동1로 22 . 문산북중학교 (문산읍),0,,,0,,,,,,,,,,,,,,,,,,,,,0
두일중학교,경기,중,공립,남여공학,경기도 파주시 책향기숲길 39 (동패동),0,,,0,,,,,,,,,,,,,,,,,,,,,0
문산중학교,경기,중,공립,남여공학,경기도 파주시 평화로 190 . 문산중학교 (야동동),1,2023.0,교육활동 모델교,0,,,,,,,,,,,,,,,,,,,,,0
봉일천중학교,경기,중,공립,남여공학,경기도 파주시 조리읍 두루봉로 47 . 봉일천중학교 (조리읍),0,,,0,,,,,,,,,,,,,,,,,,,,,0
탄현중학교,경기,중,공립,남여공학,경기도 파주시 탄현면 열살미길 10 (탄현면),0,,,0,,,,,,,,,,,,,,,,,,,,,0
어유중학교,경기,중,공립,남여공학,경기도 파주시 적성면 율곡로 2875 (적성면),0,,,0,,,,,,,,,,,,,,,,,,,,,0
지산중학교,경기,중,공립,남여공학,경기도 파주시 미래로 532 (와동동),0,,,1,2019.0,,,,,,,,,,,,,,,,,,,,0
파평중학교,경기,중,공립,남여공학,경기도 파주시 파평면 청송로 173 . 173 (파평면),0,,,0,,,,,,,,,,,,,,,,,,,,,0
광탄중학교,경기,중,사립,남여공학,경기도 파주시 광탄면 혜음로 1128 . 16 (광탄면),1,2023.0,교육활동 모델교,0,,,,,,,,,,,,,,,,,,,,,0
문산동중학교,경기,중,사립,남여공학,경기도 파주시 문산읍 독산로31번길 39 (문산읍. 파주고등학교.문산동중학교),0,,,0,,,,,,,,,,,,,,,,,,,,,0
문산수억중학교,경기,중,사립,남여공학,경기도 파주시 파주읍 우계로 357 (파주읍.문산수억중학교),0,,,0,,,,,,,,,,,,,,,,,,,,,0
삼광중학교,경기,중,사립,남여공학,경기도 파주시 적성면 청송로 701 (삼광중학교),0,,,0,,,,,,,,,,,,,,,,,,,,,0
율곡중학교,경기,중,사립,남자,경기도 파주시 법원읍 사임당로905번길 10 율곡중학교 (법원읍),0,,,0,,,,,,,,,,,,,,,,,,,,,0
파주광일중학교,경기,중,사립,남여공학,경기도 파주시 월롱면 함영골길 10 (월롱면. 파주여자고등학교. 광일중학교),0,,,0,,,,,,,,,,,,,,,,,,,,,0
파주중학교,경기,중,사립,남여공학,경기도 파주시 파주읍 술이홀로 377 . 파주중학교 (파주읍),0,,,0,,,,,,,,,,,,,,,,,,,,,0
한빛중학교,경기,중,공립,남여공학,경기도 파주시 한빛로 56 (야당동),0,,,1,2018.0,,,,,,,,,,,,,,,,,,,,0
동패중학교,경기,중,공립,남여공학,경기도 파주시 교하로 381 (동패동. 동패중학교),0,,,0,,,,,,,,,,,,,,,,,,,,,0
해솔중학교,경기,중,공립,남여공학,경기도 파주시 해솔로 60 (목동동),0,,,1,2014.0,,,,,,,,,,,,,,,,,,,,0
만송초등학교,경기,초,공립,,경기도 양주시 고읍로 117-32 . 만송초등학교 (만송동),0,,,0,,,,,,,,,,,,,,,,,,,,,0
옥정초등학교,경기,초,공립,,경기도 양주시 옥정로5길 42-9 . 옥정초등학교 (옥정동),0,,,0,,,,,,,,,,,,,,,,,,,,,0
율정초등학교,경기,초,공립,,경기도 양주시 옥정동로 245-41 (옥정동),0,,,0,,,,,,,,,,,,,,,,,,,,,0
가납초등학교,경기,초,공립,,경기도 양주시 광적면 부흥로 793 . 가납초등학교 (광적면),1,2023.0,교육활동 모델교,1,2016.0,,,,,,,,,,,,,,,,,,,,1
고암초등학교,경기,초,공립,,경기도 양주시 고암길 320 . 고암초등학교 (덕정동),0,,,0,,,,,,,,,,,,,,,,,,,,,0
남면초등학교,경기,초,공립,,경기도 양주시 남면 개나리18길 100 (남면),0,,,1,2017.0,,,,,,,,,,,,,,,,,,,,0
덕도초등학교,경기,초,공립,,경기도 양주시 광적면 광적로224번길 122 . 덕도초등학교 (광적면. 덕도초등학교),0,,,0,,,,,,,,,,,,,,,,,,,,,0
덕정초등학교,경기,초,공립,,경기도 양주시 덕정1길 28 . 덕정초등학교 (덕정동),0,,,0,,,,,,,,,,,,,,,,,,,,,0
동두천초등학교,경기,초,공립,,경기도 동두천시 평화로2460번길 4 . 동두천초등학교 (생연동),0,,,0,,,,,,,,,,,,,,,,,,,,,0
동보초등학교,경기,초,공립,,경기도 동두천시 강변로640번길 31 (동두천동),0,,,0,,,,,,,,,,,,,,,,,,,,,0
보산초등학교,경기,초,공립,,경기도 동두천시 중앙로 427 (생연동. 보산초등학교),0,,,0,,,,,,,,,,,,,,,,,,,,,0
봉암초등학교,경기,초,공립,,경기도 양주시 은현면 삼육사로 473 . 봉암초등학교 (은현면),0,,,0,,,,,,,,,,,,,,,,,,,,,0
남면초등학교양덕분교장,경기,초,공립,,경기도 양주시 남면 은남로119번길 373 (남면),0,,,0,,,,,,,,,,,,,,,,,,,,,0
사동초등학교,경기,초,공립,,경기도 동두천시 생연로 65 (생연동.사동초등학교),0,,,0,,,,,,,,,,,,,,,,,,,,,0
산북초등학교,경기,초,공립,,경기도 양주시 평화로1261번길 96-46 (산북동),0,,,0,,,,,,,,,,,,,,,,,,,,,0
삼상초등학교,경기,초,공립,,경기도 양주시 장흥면 일영로 641 (장흥면.삼상초등학교),1,2023.0,교육활동 모델교,1,2020.0,,,,,,,,,,,,,,,,,,,,1
상수초등학교,경기,초,공립,,경기도 양주시 남면 화합로 503 . 상수초등학교 (남면),1,2023.0,교육활동 모델교,1,2017.0,,,,,,,,,,,,,,,,,,,,1
상패초등학교,경기,초,공립,,경기도 양주시 은현면 은현로312번길 121-208 (은현면. 상패초등학교),0,,,0,,,,,,,,,,,,,,,,,,,,,0
생연초등학교,경기,초,공립,,경기도 동두천시 생골로 19 . 생연초등학교 (생연동),0,,,0,,,,,,,,,,,,,,,,,,,,,0
소요초등학교,경기,초,공립,,경기도 동두천시 봉동로 64 . 소요초등학교 (상봉암동. '소요초등학교.지혜의등대'),0,,,0,,,,,,,,,,,,,,,,,,,,,0
양주덕현초등학교,경기,초,공립,,경기도 양주시 부흥로 1989 . 양주덕현초등학교 (고읍동),0,,,0,,,,,,,,,,,,,,,,,,,,,0
송추초등학교,경기,초,공립,,경기도 양주시 장흥면 호국로 499 (장흥면. 송추초등학교),0,,,0,,,,,,,,,,,,,,,,,,,,,0
양주덕산초등학교,경기,초,공립,,경기도 양주시 평화로 1418-6 . 양주덕산초등학교 (덕계동),0,,,0,,,,,,,,,,,,,,,,,,,,,0
양주백석초등학교,경기,초,공립,,경기도 양주시 백석읍 중앙로223번길 10-11 . 양주백석초등학교 (백석읍),0,,,0,,,,,,,,,,,,,,,,,,,,,0
연곡초등학교,경기,초,공립,,경기도 양주시 백석읍 월암로170번길 107 (백석읍.연곡초등학교),0,,,0,,,,,,,,,,,,,,,,,,,,,0
유양초등학교,경기,초,공립,,경기도 양주시 부흥로 1373-7 . 유양초등학교 (유양동),0,,,0,,,,,,,,,,,,,,,,,,,,,0
은봉초등학교,경기,초,공립,,경기도 양주시 백석읍 꿈나무로 321 . 은봉초등학교 (백석읍),0,,,0,,,,,,,,,,,,,,,,,,,,,0
은현초등학교,경기,초,공립,,경기도 양주시 은현면 화합로 912-20 (은현면. 은현초등학교),0,,,1,2019.0,,,,,,,,,,,,,,,,,,,,0
지행초등학교,경기,초,공립,,경기도 동두천시 행선로 40 (지행동. 지행초등학교),0,,,0,,,,,,,,,,,,,,,,,,,,,0
동두천신천초등학교,경기,초,공립,,경기도 동두천시 생연로9번길 20. 동두천신천초등학교 (지행동. 신천초등학교),0,,,0,,,,,,,,,,,,,,,,,,,,,0
동두천송내초등학교,경기,초,공립,,경기도 동두천시 중앙로 52 . 동두천송내초등학교 (송내동),0,,,0,,,,,,,,,,,,,,,,,,,,,0
천보초등학교,경기,초,공립,,경기도 양주시 옥정동로9가길 31-15 . 천보초등학교 (율정동),0,,,0,,,,,,,,,,,,,,,,,,,,,0
칠봉초등학교,경기,초,공립,,경기도 양주시 회정로 156 . 칠봉초등학교 (고암동),0,,,0,,,,,,,,,,,,,,,,,,,,,0
회정초등학교,경기,초,공립,,경기도 양주시 평화로 1567 (회정동. 회정초등학교),0,,,0,,,,,,,,,,,,,,,,,,,,,0
회천초등학교,경기,초,공립,,경기도 양주시 고암길 73 (고암동. 회천초등학교),0,,,0,,,,,,,,,,,,,,,,,,,,,0
효촌초등학교,경기,초,공립,,경기도 양주시 광적면 화합로 248번길18 . 효촌초등학교 (광적면),0,,,1,2020.0,,,,,,,,,,,,,,,,,,,,0
이담초등학교,경기,초,공립,,경기도 동두천시 이담로 21 (지행동. 이담초등학교),0,,,1,2017.0,,,,,,,,,,,,,,,,,,,,0
덕계초등학교,경기,초,공립,,경기도 양주시 평화로1489번길 29 (덕계동.덕계초등학교),0,,,0,,,,,,,,,,,,,,,,,,,,,0
삼숭초등학교,경기,초,공립,,경기도 양주시 삼숭로38번길 112 . 삼숭초등학교 (삼숭동),0,,,0,,,,,,,,,,,,,,,,,,,,,0
신지초등학교,경기,초,공립,,경기도 양주시 백석읍 양주산성로574번길 20 . 신지초등학교 (백석읍),0,,,0,,,,,,,,,,,,,,,,,,,,,0
광숭초등학교,경기,초,공립,,경기도 양주시 삼숭로58번길 100 . 광숭초등학교 (삼숭동),0,,,0,,,,,,,,,,,,,,,,,,,,,0
도둔초등학교,경기,초,공립,,경기도 양주시 고덕로 89-1 . (덕계동. 도둔초등학교),0,,,0,,,,,,,,,,,,,,,,,,,,,0
주원초등학교,경기,초,공립,,경기도 양주시 고암길 242 (고암동. 주원초등학교),0,,,0,,,,,,,,,,,,,,,,,,,,,0
광사초등학교,경기,초,공립,,경기도 양주시 고읍남로191번길 12 . 광사초등학교 (광사동),0,,,0,,,,,,,,,,,,,,,,,,,,,0
고암중학교,경기,중,공립,남여공학,경기도 양주시 고암길 305-18 (덕정동),0,,,0,,,,,,,,,,,,,,,,,,,,,0
덕계중학교,경기,중,공립,남여공학,경기도 양주시 평화로1416번길 66-13 (덕계동),0,,,0,,,,,,,,,,,,,,,,,,,,,0
덕정중학교,경기,중,공립,남여공학,경기도 양주시 화합로 1397 . 덕정중학교 (덕정동),0,,,0,,,,,,,,,,,,,,,,,,,,,0
생연중학교,경기,중,공립,남여공학,경기도 동두천시 생연로 46 (생연동),0,,,0,,,,,,,,,,,,,,,,,,,,,0
송내중앙중학교,경기,중,공립,남여공학,경기도 동두천시 중앙로 78 . 송내중앙중학교 (송내동),0,,,1,2020.0,,,,,,,,,,,,,,,,,,,,0
양주백석중학교,경기,중,공립,남여공학,경기도 양주시 백석읍 양주산성로574번길 38 . 양주백석중학교 (백석읍),0,,,0,,,,,,,,,,,,,,,,,,,,,0
삼숭중학교,경기,중,공립,남여공학,경기도 양주시 삼숭로38번길 136 (삼숭동.삼숭중학교),0,,,0,,,,,,,,,,,,,,,,,,,,,0
회천중학교,경기,중,공립,남여공학,경기도 양주시 고암길 77 (고암동. 회천중학교),0,,,1,2020.0,,,,,,,,,,,,,,,,,,,,0
덕현중학교,경기,중,공립,남여공학,경기도 양주시 고읍로35번길 21 (고읍동)덕현중학교,0,,,0,,,,,,,,,,,,,,,,,,,,,0
남문중학교,경기,중,사립,남여공학,경기도 양주시 남면 개나리18길 1 남문중학교 (남면),0,,,1,2018.0,,,,,,,,,,,,,,,,,,,,0
동두천여자중학교,경기,중,사립,여자,경기도 동두천시 평화로2452번길 31 (생연동. 동두천여자중학교),0,,,0,,,,,,,,,,,,,,,,,,,,,0
동두천중학교,경기,중,사립,남자,경기도 동두천시 평화로2434번길 8 . 동두천중학교 (생연동),0,,,0,,,,,,,,,,,,,,,,,,,,,0
보영여자중학교,경기,중,사립,여자,경기도 동두천시 동광로 124 . 보영여자중학교 (생연동),0,,,0,,,,,,,,,,,,,,,,,,,,,0
신흥중학교,경기,중,사립,남자,경기도 동두천시 신천로 159 . 신흥중학교 (안흥동. '신흥중학교.신흥고등학교'),1,2023.0,정보교육실 구축교,0,,,,,,,,,,,,,,,,,,,,,0
옥정중학교,경기,중,공립,남여공학,경기도 양주시 옥정로5길 55 (옥정동),0,,,0,,,,,,,,,,,,,,,,,,,,,0
조양중학교,경기,중,사립,남여공학,경기도 양주시 광적면 부흥로 757 (광적면),0,,,1,2018.0,,,,,,,,,,,,,,,,,,,,0
가산초등학교,경기,초,공립,,경기도 포천시 가산면 가산로309번길 25 . 가산초등학교 (가산면),0,,,0,,,,,,,,,,,,,,,,,,,,,0
관인초등학교,경기,초,공립,,경기도 포천시 관인면 관인로 5 . 관인초등학교 (관인면),0,,,0,,,,,,,,,,,,,,,,,,,,,0
금주초등학교,경기,초,공립,,경기 포천시 영중면 궁들길 50 (영중면.금주초등학교),0,,,0,,,,,,,,,,,,,,,,,,,,,0
내촌초등학교,경기,초,공립,,경기도 포천시 내촌면 내촌로 88 . 내촌초등학교 (내촌면),0,,,0,,,,,,,,,,,,,,,,,,,,,0
도평초등학교,경기,초,공립,,경기도 포천시 이동면 도리돌길 21 (이동면.도평초등학교),0,,,0,,,,,,,,,,,,,,,,,,,,,0
선단초등학교,경기,초,공립,,경기도 포천시 삼육사로2111번길 29 . 선단초등학교 (선단동),0,,,0,,,,,,,,,,,,,,,,,,,,,0
송우초등학교,경기,초,공립,,경기도 포천시 소흘읍 송우로 42 . 송우초등학교 (소흘읍. 송우초등학교),0,,,1,2020.0,,,,,,,,,,,,,,,,,,,,0
신봉초등학교,경기,초,공립,,경기도 포천시 소흘읍 송우로 98 (소흘읍. 신봉초등학교),0,,,1,2019.0,,,,,,,,,,,,,,,,,,,,0
신북초등학교,경기,초,공립,,경기도 포천시 신북면 청신로 2079-19 . 신북초등학교 (신북면),0,,,1,2018.0,,,,,,,,,,,,,,,,,,,,0
영북초등학교,경기,초,공립,,경기도 포천시 영북면 영북로148번길 46 (영북면. 영북초등학교),0,,,0,,,,,,,,,,,,,,,,,,,,,0
영중초등학교,경기,초,공립,,경기도 포천시 영중면 호국로 3054 (영중면.영중초등학교),0,,,0,,,,,,,,,,,,,,,,,,,,,0
영평초등학교,경기,초,공립,,경기도 포천시 영중면 전영로 1429 . 5 영평초등학교 (영중면),0,,,0,,,,,,,,,,,,,,,,,,,,,0
왕방초등학교,경기,초,공립,,경기도 포천시 학동로 52 (신읍동),0,,,1,2018.0,,,,,,,,,,,,,,,,,,,,0
외북초등학교,경기,초,공립,,경기도 포천시 신북면 포천로 2199 (신북면.외북초교),0,,,0,,,,,,,,,,,,,,,,,,,,,0
운담초등학교,경기,초,공립,,경기도 포천시 일동면 화동로 1239 (일동면),0,,,1,2018.0,,,,,,,,,,,,,,,,,,,,0
유암초등학교,경기,초,공립,,경기도 포천시 가산면 유교로88번길 8 . 유암초등학교 (가산면),0,,,0,,,,,,,,,,,,,,,,,,,,,0
이곡초등학교,경기,초,공립,,경기도 포천시 소흘읍 이곡길 5 . 이곡초등학교 (소흘읍),0,,,0,,,,,,,,,,,,,,,,,,,,,0
이동초등학교,경기,초,공립,,경기도 포천시 이동면 화동로 2034 (이동면),0,,,0,,,,,,,,,,,,,,,,,,,,,0
일동초등학교,경기,초,공립,,경기도 포천시 일동면 화동로 1019 . 일동초등학교 (일동면),0,,,1,2017.0,,,,,,,,,,,,,,,,,,,,0
정교초등학교,경기,초,공립,,경기도 포천시 가산면 정금로 77 (가산면. 정교초등학교),0,,,1,2020.0,,,,,,,,,,,,,,,,,,,,0
중리초등학교,경기,초,공립,,경기도 포천시 관인면 한탄강2로 125-32 (관인면. 중리초등학교),0,,,0,,,,,,,,,,,,,,,,,,,,,0
지현초등학교,경기,초,공립,,경기도 포천시 화현면 봉화로 926-9 . 지현초등학교 (화현면),0,,,0,,,,,,,,,,,,,,,,,,,,,0
창수초등학교,경기,초,공립,,경기도 포천시 창수면 옥수로58번길 4 (창수면.창수초등학교),0,,,0,,,,,,,,,,,,,,,,,,,,,0
청성초등학교,경기,초,공립,,경기도 포천시 군내면 솔밭길 12-1. 청성초등학교 (군내면. 청성초교),0,,,0,,,,,,,,,,,,,,,,,,,,,0
추산초등학교,경기,초,공립,,경기도 포천시 소흘읍 솔모루로3번길 52-20 . 추산초등학교 (소흘읍),0,,,1,2017.0,,,,,,,,,,,,,,,,,,,,0
축석초등학교,경기,초,공립,,경기도 포천시 소흘읍 무란1길 25 (소흘읍. 축석초등학교),0,,,0,,,,,,,,,,,,,,,,,,,,,0
포천노곡초등학교,경기,초,공립,,경기도 포천시 이동면 성장로869번길 4 . 포천노곡초등학교 (이동면. 노곡초교),0,,,0,,,,,,,,,,,,,,,,,,,,,0
포천삼정초등학교,경기,초,공립,,경기도 포천시 신북면 청신로947번길 17 (신북면),0,,,0,,,,,,,,,,,,,,,,,,,,,0
포천초등학교,경기,초,공립,,경기도 포천시 신읍길 40 (신읍동.포천초등학교),0,,,1,2018.0,,,,,,,,,,,,,,,,,,,,0
화현초등학교,경기,초,공립,,경기도 포천시 화현면 달인동로1길 29 (화현면. 화현초등학교),0,,,0,,,,,,,,,,,,,,,,,,,,,0
태봉초등학교,경기,초,공립,,경기도 포천시 소흘읍 송선로 8 . 포천 태봉초등학교 (소흘읍),0,,,0,,,,,,,,,,,,,,,,,,,,,0
갈월중학교,경기,중,공립,남여공학,경기도 포천시 소흘읍 죽엽산로 56-12 (소흘읍.갈월중학교),0,,,0,,,,,,,,,,,,,,,,,,,,,0
경북중학교,경기,중,공립,남여공학,경기도 포천시 가산면 감암길 16 . 경북중학교 (가산면.경북중학교),0,,,0,,,,,,,,,,,,,,,,,,,,,0
관인중학교,경기,중,공립,남여공학,경기도 포천시 관인면 관인로 20 관인중학교,0,,,0,,,,,,,,,,,,,,,,,,,,,0
내촌중학교,경기,중,공립,남여공학,경기도 포천시 내촌면 금강로2259번길 7-7 (내촌면.내촌중학교),0,,,0,,,,,,,,,,,,,,,,,,,,,0
대경중학교,경기,중,공립,남여공학,경기도 포천시 소흘읍 봉솔로 23 (소흘읍. 대경중학교),0,,,0,,,,,,,,,,,,,,,,,,,,,0
송우중학교,경기,중,공립,남여공학,경기도 포천시 소흘읍 송선로 18 . 송우중학교 (소흘읍),1,2023.0,교육활동 모델교,0,,,,,,,,,,,,,,,,,,,,,0
삼성중학교,경기,중,공립,남여공학,경기도 포천시 신북면 삼성당길 7 (신북면. 삼성중학교),0,,,0,,,,,,,,,,,,,,,,,,,,,0
영북중학교,경기,중,공립,남여공학,경기도 포천시 영북면 영북로 214 (영북면),0,,,0,,,,,,,,,,,,,,,,,,,,,0
영중중학교,경기,중,공립,남여공학,경기도 포천시 영중면 양문로1길 23 (영중면.영중중학교),0,,,0,,,,,,,,,,,,,,,,,,,,,0
이동중학교,경기,중,공립,남여공학,경기도 포천시 이동면 늠바위1길 13 (이동면),0,,,0,,,,,,,,,,,,,,,,,,,,,0
일동중학교,경기,중,공립,남여공학,경기도 포천시 일동면 화동로 1099번길 39 . 일동중학교 (일동면),0,,,0,,,,,,,,,,,,,,,,,,,,,0
포천여자중학교,경기,중,공립,여자,경기도 포천시 신북면 중앙로197번길 65 (신북면. 포천여중),0,,,0,,,,,,,,,,,,,,,,,,,,,0
포천중학교,경기,중,공립,남자,경기도 포천시 신북면 중앙로207번길 65 (신북면. 포천중학교),0,,,0,,,,,,,,,,,,,,,,,,,,,0
동남중학교,경기,중,사립,남여공학,경기도 포천시 소흘읍 솔모루로3번길 69 (소흘읍),0,,,0,,,,,,,,,,,,,,,,,,,,,0
가평마장초등학교,경기,초,공립,,경기도 가평군 가평읍 각담말길 15 (가평읍),0,,,1,2017.0,,,,,,,,,,,,,,,,,,,,0
가평초등학교,경기,초,공립,,경기도 가평군 가평읍 향교로 23 (가평읍),1,2023.0,교육활동 모델교,1,2015.0,,,,,,,,,,,,,,,,,,,,1
대성초등학교,경기,초,공립,,경기도 가평군 청평면 경춘로 75 . 대성초등학교 (청평면),0,,,0,,,,,,,,,,,,,,,,,,,,,0
목동초등학교명지분교장,경기,초,공립,,경기도 가평군 북면 가화로 2680 (북면),0,,,0,,,,,,,,,,,,,,,,,,,,,0
목동초등학교,경기,초,공립,,경기도 가평군 북면 석장모루길 13 . 목동초등학교 (북면),0,,,0,,,,,,,,,,,,,,,,,,,,,0
미원초등학교,경기,초,공립,,경기도 가평군 설악면 신천중앙로120번길 11 (설악면.미원초등학교),0,,,0,,,,,,,,,,,,,,,,,,,,,0
방일초등학교,경기,초,공립,,경기도 가평군 설악면 양방가루재길 76 . 방일초등학교 (설악면),0,,,0,,,,,,,,,,,,,,,,,,,,,0
상면초등학교,경기,초,공립,,경기도 가평군 상면 청군로 700-22 (상면. 상면초등학교),0,,,1,2018.0,,,,,,,,,,,,,,,,,,,,0
미원초등학교위곡분교장,경기,초,공립,,경기도 가평군 설악면 한서로 233 (설악면),0,,,0,,,,,,,,,,,,,,,,,,,,,0
미원초등학교장락분교장,경기,초,공립,,경기도 가평군 설악면 미사리로 588 (설악면. 미원초등학교장락분교),0,,,0,,,,,,,,,,,,,,,,,,,,,0
상색초등학교,경기,초,공립,,경기도 가평군 가평읍 태봉두밀로 34-31 (가평읍. 상색초등학교),0,,,0,,,,,,,,,,,,,,,,,,,,,0
상천초등학교,경기,초,공립,,경기도 가평군 청평면 상천역로19번길 38 상천초등학교,0,,,1,2019.0,,,,,,,,,,,,,,,,,,,,0
연하초등학교,경기,초,공립,,경기도 가평군 상면 비룡로 2199-19 (상면),1,2023.0,교육활동 모델교,0,,,,,,,,,,,,,,,,,,,,,0
율길초등학교,경기,초,공립,,경기도 가평군 상면 청군로 2090 . 율길초등학교 (상면),0,,,1,2020.0,,,,,,,,,,,,,,,,,,,,0
조종초등학교,경기,초,공립,,경기도 가평군 조종면 조종새싹로 13-9 (하면),1,2023.0,교육활동 모델교,0,,,,,,,,,,,,,,,,,,,,,0
청평초등학교,경기,초,공립,,경기도 가평군 청평면 잠곡로 27 (청평면),0,,,1,2017.0,,,,,,,,,,,,,,,,,,,,0
가평중학교,경기,중,공립,남여공학,경기도 가평군 가평읍 광장로 10 (가평읍),0,,,1,2016.0,,,,,,,,,,,,,,,,,,,,0
청평중학교,경기,중,공립,남여공학,경기도 가평군 청평면 골안길 7 (청평면.청평중학교),0,,,0,,,,,,,,,,,,,,,,,,,,,0
설악중학교,경기,중,공립,남여공학,경기도 가평군 설악면 한양부로 21-1 . 설악중학교 (설악면),0,,,0,,,,,,,,,,,,,,,,,,,,,0
조종중학교,경기,중,공립,남여공학,경기도 가평군 조종면 연등윗길 22 . 조종중학교 (조종면),0,,,0,,,,,,,,,,,,,,,,,,,,,0
가평북중학교,경기,중,공립,남여공학,경기도 가평군 북면 석장모루길 13 . 가평북중학교,0,,,0,,,,,,,,,,,,,,,,,,,,,0
청심국제중학교,경기,중,사립,남여공학,경기도 가평군 설악면 미사리로 324-213 (설악면. 청심국제중고등학교),0,,,0,,,,,,,,,,,,,,,,,,,,,0
군남초등학교,경기,초,공립,,경기도 연천군 군남면 진상17길 46 . 군남초등학교(군남면),1,2023.0,교육활동 모델교,1,2018.0,,,,,,,,,,,,,,,,,,,,1
궁평초등학교,경기,초,공립,,경기도 연천군 청산면 궁평로45번길 52 . 52 (청산면.궁평초등학교),1,2023.0,교육활동 모델교,0,,,,,,,,,,,,,,,,,,,,,0
대광초등학교,경기,초,공립,,경기도 연천군 신서면 연신로 1127-1 (신서면. 대광초등학교),1,2023.0,정보교육실 구축교,0,,,,,,,,,,,,,,,,,,,,,0
백의초등학교,경기,초,공립,,경기도 연천군 청산면 청창로 726 . 38. 백의초등학교 (청산면),0,,,0,,,,,,,,,,,,,,,,,,,,,0
백학초등학교,경기,초,공립,,경기도 연천군 백학면 백학로 40 . 23 (백학면),1,2023.0,교육활동 모델교,0,,,,,,,,,,,,,,,,,,,,,0
상리초등학교,경기,초,공립,,경기도 연천군 연천읍 상리로 70 . 상리초등학교 (연천읍),0,,,0,,,,,,,,,,,,,,,,,,,,,0
연천왕산초등학교,경기,초,공립,,경기도 연천군 미산면 왕산로 15 (미산면. 연천왕산초등학교),0,,,0,,,,,,,,,,,,,,,,,,,,,0
연천노곡초등학교,경기,초,공립,,경기도 연천군 백학면 진목로 26 . 연천노곡초등학교 (백학면),1,2023.0,교육활동 모델교,1,2018.0,,,,,,,,,,,,,,,,,,,,1
연천초등학교,경기,초,공립,,경기도 연천군 연천읍 연천로 228 . 연천초등학교 (연천읍. 연천초등학교),0,,,1,2018.0,,,,,,,,,,,,,,,,,,,,0
은대초등학교,경기,초,공립,,경기도 연천군 전곡읍 은대로 210 . 은대초등학교 (전곡읍. 은대초등학교. 다목적관),0,,,0,,,,,,,,,,,,,,,,,,,,,0
전곡초등학교,경기,초,공립,,경기도 연천군 전곡읍 선사로 433 (전곡읍.전곡초등학교),1,2023.0,교육활동 모델교,1,2016.0,,,,,,,,,,,,,,,,,,,,1
초성초등학교,경기,초,공립,,경기도 연천군 청산면 학담로 104 . 초성초등학교 (청산면),1,2023.0,교육활동 모델교,0,,,,,,,,,,,,,,,,,,,,,0
화진초등학교,경기,초,공립,,경기도 연천군 군남면 청정로 2289 . 화진초등학교 (군남면),0,,,0,,,,,,,,,,,,,,,,,,,,,0
군남중학교,경기,중,공립,남여공학,경기도 연천군 군남면 진상17길 46 .군남중학교(군남면),0,,,0,,,,,,,,,,,,,,,,,,,,,0
대광중학교,경기,중,공립,남여공학,경기도 연천군 신서면 구시울길 23 . 대광중학교 (신서면. 대광중학교),0,,,0,,,,,,,,,,,,,,,,,,,,,0
백학중학교,경기,중,공립,남여공학,경기도 연천군 백학면 두일로 79 . 백학중학교 (백학면),0,,,0,,,,,,,,,,,,,,,,,,,,,0
연천중학교,경기,중,공립,남여공학,경기도 연천군 연천읍 연천로336번길 13 (연천읍. 연천중고등학교),0,,,0,,,,,,,,,,,,,,,,,,,,,0
전곡중학교,경기,중,공립,남여공학,경기도 연천군 전곡읍 전은길 21 . 전곡중학교 (전곡읍),0,,,0,,,,,,,,,,,,,,,,,,,,,0
청산중학교,경기,중,공립,남여공학,경기도 연천군 청산면 아우라지길 13-32 (청산면),0,,,0,,,,,,,,,,,,,,,,,,,,,0
강원대학교사범대학부설고등학교,강원,고,국립,남여공학,강원도 춘천시 서부대성로 257 (후평동),0,,,0,,,,,,,,,,,,,,,,,,,,,0
가곡고등학교,강원,고,공립,남여공학,강원도 삼척시 가곡면 가곡천로 1427 . 가곡고등학교 (가곡면),0,,,0,,,,,,,,,,,,,,,,,,,,,0
간동고등학교,강원,고,공립,남여공학,강원도 화천군 간동면 파로호로 945-21 . 간동고등학교 (간동면),0,,,0,,,,,,,,,,,,,,,,,,,,,0
갑천고등학교,강원,고,공립,남여공학,강원도 횡성군 갑천면 갑천로 17 . 갑천고등학교 (갑천면),0,,,0,,,,,,,,,,,,,,,,,,,,,0
강릉제일고등학교,강원,고,공립,남자,강원도 강릉시 화부산로8번길 37 (교동),0,,,0,,,,,,,,,,,,,,,,,,,,,0
강릉고등학교,강원,고,공립,남자,강원도 강릉시 강릉대로587번길 68 (초당동.강릉고등학교),0,,,0,,,,,,,,,,,,,,,,,,,,,0
강릉여자고등학교,강원,고,공립,여자,강원도 강릉시 용지로 107. 강릉여자고등학교(옥천동),0,,,0,,,,,,,,,,,,,,,,,,,,,0
경포고등학교,강원,고,공립,남여공학,강원도 강릉시 강릉대로547번길 14 . 경포고등학교 (포남동),0,,,0,,,,,,,,,,,,,,,,,,,,,0
고성고등학교,강원,고,공립,남여공학,강원도 고성군 간성읍 수성로 125 (간성읍),0,,,0,,,,,,,,,,,,,,,,,,,,,0
기린고등학교,강원,고,공립,남여공학,강원도 인제군 기린면 창암길 20 .기린고등학교(기린면. 기린중고등학교),0,,,0,,,,,,,,,,,,,,,,,,,,,0
대화고등학교,강원,고,공립,남여공학,강원도 평창군 대화면 대화중앙로 32-8 (대화면),0,,,0,,,,,,,,,,,,,,,,,,,,,0
김화고등학교,강원,고,공립,남여공학,강원도 철원군 서면 와수1로 90 (서면),0,,,0,,,,,,,,,,,,,,,,,,,,,0
내면고등학교,강원,고,공립,남여공학,강원도 홍천군 내면 구룡령로 5174 (내면.내면고등학교),0,,,0,,,,,,,,,,,,,,,,,,,,,0
대진고등학교,강원,고,공립,남여공학,강원도 고성군 현내면 화진포길 476 (현내면),0,,,0,,,,,,,,,,,,,,,,,,,,,0
둔내고등학교,강원,고,공립,남여공학,강원도 횡성군 둔내면 둔내로 22 (둔내면),0,,,0,,,,,,,,,,,,,,,,,,,,,0
마차고등학교,강원,고,공립,남여공학,강원도 영월군 북면 문학로길 25-8 (북면. 마차중고등학교),0,,,0,,,,,,,,,,,,,,,,,,,,,0
묵호고등학교,강원,고,공립,남여공학,강원도 동해시 승지로 37 (부곡동),0,,,0,,,,,,,,,,,,,,,,,,,,,0
봉평고등학교,강원,고,공립,남여공학,강원도 평창군 봉평면 기풍4길 27-6 (봉평면),0,,,0,,,,,,,,,,,,,,,,,,,,,0
봉의고등학교,강원,고,공립,남여공학,강원도 춘천시 후석로250번길 22 (후평동. 봉의고등학교),0,,,0,,,,,,,,,,,,,,,,,,,,,0
북원여자고등학교,강원,고,공립,여자,강원도 원주시 원문로137번길 32 . 북원여자고등학교 (단계동),0,,,1,2019.0,,,,,,,,,,,,,,,,,,,,0
문막고등학교,강원,고,공립,남여공학,강원도 원주시 문막읍 문막시장1길 58 (문막읍. 문막중학교),0,,,0,,,,,,,,,,,,,,,,,,,,,0
북평고등학교,강원,고,공립,남자,강원도 동해시 효자남길 51 (동회동. 북평고등학교),0,,,0,,,,,,,,,,,,,,,,,,,,,0
사북고등학교,강원,고,공립,남여공학,강원도 정선군 사북읍 소금강로 3640 . 사북고등학교 (사북읍),0,,,0,,,,,,,,,,,,,,,,,,,,,0
삼척여자고등학교,강원,고,공립,여자,강원도 삼척시 남산길 6 (남양동),0,,,0,,,,,,,,,,,,,,,,,,,,,0
북평여자고등학교,강원,고,공립,여자,강원도 동해시 동굴로 55 (천곡동. 북평여자고등학교),0,,,0,,,,,,,,,,,,,,,,,,,,,0
사내고등학교,강원,고,공립,남여공학,강원도 화천군 사내면 포화로 1093 (사내면.사내중·고등학교),0,,,0,,,,,,,,,,,,,,,,,,,,,0
신철원고등학교,강원,고,공립,남여공학,강원도 철원군 갈말읍 명성로149번길 64 (갈말읍.신철원중.고등학교),0,,,0,,,,,,,,,,,,,,,,,,,,,0
삼척고등학교,강원,고,공립,남자,강원도 삼척시 사대안길 21 (당저동.삼척고등학교),0,,,0,,,,,,,,,,,,,,,,,,,,,0
양구여자고등학교,강원,고,공립,여자,강원도 양구군 양구읍 박수근로 327 (양구읍),0,,,0,,,,,,,,,,,,,,,,,,,,,0
양구고등학교,강원,고,공립,남자,강원도 양구군 양구읍 중심로 115 (양구읍.양구중.고등학교),0,,,0,,,,,,,,,,,,,,,,,,,,,0
상동고등학교,강원,고,공립,남여공학,강원도 영월군 상동읍 태백산로 3147 . 상동고등학교 (상동읍),0,,,0,,,,,,,,,,,,,,,,,,,,,0
서석고등학교,강원,고,공립,남여공학,강원도 홍천군 서석면 구룡령로 2570 . 서석고등학교 (서석면),0,,,0,,,,,,,,,,,,,,,,,,,,,0
속초고등학교,강원,고,공립,남자,강원도 속초시 사진용촌길 42 (장사동),0,,,0,,,,,,,,,,,,,,,,,,,,,0
속초여자고등학교,강원,고,공립,여자,강원도 속초시 배움터길 16 (교동),0,,,0,,,,,,,,,,,,,,,,,,,,,0
신남고등학교,강원,고,공립,남여공학,강원도 인제군 남면 신남로 47-35 . 신남고등학교 (남면),0,,,0,,,,,,,,,,,,,,,,,,,,,0
안흥고등학교,강원,고,공립,남여공학,강원도 횡성군 안흥면 서동로 1121 (안흥면. 안흥고등학교),0,,,0,,,,,,,,,,,,,,,,,,,,,0
양양고등학교,강원,고,공립,남자,강원도 양양군 양양읍 복개길 23-12 (양양읍),0,,,0,,,,,,,,,,,,,,,,,,,,,0
인제고등학교,강원,고,공립,남여공학,강원도 인제군 인제읍 인제로249번길 22 (인제읍),0,,,0,,,,,,,,,,,,,,,,,,,,,0
여량고등학교,강원,고,공립,남여공학,강원도 정선군 여량면 여량7길 42 . 여량고등학교 (여량면),0,,,0,,,,,,,,,,,,,,,,,,,,,0
영월고등학교,강원,고,공립,남자,강원도 영월군 영월읍 오무개길 51 . 영월고등학교,0,,,0,,,,,,,,,,,,,,,,,,,,,0
원덕고등학교,강원,고,공립,남여공학,강원도 삼척시 원덕읍 삼척로 480 (원덕읍. 원덕중고등학교),0,,,0,,,,,,,,,,,,,,,,,,,,,0
원주고등학교,강원,고,공립,남자,강원도 원주시 치악로 1765 (개운동. 원주고등학교),0,,,1,2017.0,,,,,,,,,,,,,,,,,,,,0
원주여자고등학교,강원,고,공립,여자,강원도 원주시 배울로 227. 원주여자고등학교 (반곡동. 원주여자고등학교),1,2023.0,교육활동 모델교,0,,,,,,,,,,,,,,,,,,,,,0
원통고등학교,강원,고,공립,남여공학,강원도 인제군 북면 원통로 285 (북면. 원통중고등학교),0,,,0,,,,,,,,,,,,,,,,,,,,,0
임계고등학교,강원,고,공립,남여공학,강원도 정선군 임계면 백두대간로 1313 (임계면),0,,,0,,,,,,,,,,,,,,,,,,,,,0
진부고등학교,강원,고,공립,남여공학,강원도 평창군 진부면 솔천길 69 (진부면),0,,,0,,,,,,,,,,,,,,,,,,,,,0
장성여자고등학교,강원,고,공립,여자,강원도 태백시 일광마을길 8-12 (문곡동),0,,,0,,,,,,,,,,,,,,,,,,,,,0
정선고등학교,강원,고,공립,남여공학,강원도 정선군 정선읍 봉양4길 15 (정선읍. 정선중학교.정선고등학교),0,,,0,,,,,,,,,,,,,,,,,,,,,0
철원여자고등학교,강원,고,공립,여자,강원도 철원군 동송읍 이평로123번길 40 (동송읍. 철원여자중고등학교),0,,,0,,,,,,,,,,,,,,,,,,,,,0
주문진고등학교,강원,고,공립,남여공학,강원도 강릉시 주문진읍 학교길 28 (주문진읍. 주문진고등학교),0,,,0,,,,,,,,,,,,,,,,,,,,,0
철암고등학교,강원,고,공립,남여공학,강원도 태백시 상철암길 10-32 (철암동),0,,,0,,,,,,,,,,,,,,,,,,,,,0
철원고등학교,강원,고,공립,남자,강원도 철원군 철원읍 금학로251번안길 12 . 철원고등학교 (철원읍),0,,,0,,,,,,,,,,,,,,,,,,,,,0
춘천고등학교,강원,고,공립,남자,강원도 춘천시 중앙로68번길 37 (소양로3가),0,,,0,,,,,,,,,,,,,,,,,,,,,0
춘천여자고등학교,강원,고,공립,여자,강원도 춘천시 동면 만천양지길 95 (동면. 춘천여자고등학교),0,,,0,,,,,,,,,,,,,,,,,,,,,0
치악고등학교,강원,고,공립,남여공학,강원도 원주시 치악고교길 16 (관설동. 치악고등학교),0,,,0,,,,,,,,,,,,,,,,,,,,,0
평창고등학교,강원,고,공립,남여공학,강원도 평창군 평창읍 노람들길 141 . 평창고등학교 (평창읍),0,,,0,,,,,,,,,,,,,,,,,,,,,0
하장고등학교,강원,고,공립,남여공학,강원도 삼척시 하장면 백두대간로 2600 (하장면),0,,,0,,,,,,,,,,,,,,,,,,,,,0
홍천고등학교,강원,고,공립,남자,강원도 홍천군 홍천읍 석화로 109-10 (홍천읍),0,,,1,2017.0,,,,,,,,,,,,,,,,,,,,0
홍천여자고등학교,강원,고,공립,여자,강원도 홍천군 홍천읍 꽃뫼로 71 . 홍천여자고등학교 (홍천읍),0,,,0,,,,,,,,,,,,,,,,,,,,,0
화천고등학교,강원,고,공립,남여공학,강원도 화천군 하남면 춘화로 3348-9 (하남면),0,,,0,,,,,,,,,,,,,,,,,,,,,0
횡성여자고등학교,강원,고,공립,여자,강원도 횡성군 횡성읍 횡성로 252 . 횡성여자고등학교 (횡성읍),0,,,0,,,,,,,,,,,,,,,,,,,,,0
황지고등학교,강원,고,공립,남자,강원도 태백시 번영로 179 . 황지고등학교 (황지동),0,,,0,,,,,,,,,,,,,,,,,,,,,0
횡성고등학교,강원,고,공립,남자,강원도 횡성군 횡성읍 교항로 33 . 횡성고등학교 (횡성읍. 횡성중고등학교),0,,,0,,,,,,,,,,,,,,,,,,,,,0
강릉명륜고등학교,강원,고,사립,남자,강원도 강릉시 율곡로 2920-8 (교동. 강릉명륜고등학교),0,,,0,,,,,,,,,,,,,,,,,,,,,0
강원고등학교,강원,고,사립,남자,강원도 춘천시 동면 장학길 24 (동면.강원중고등학교),0,,,0,,,,,,,,,,,,,,,,,,,,,0
강일여자고등학교,강원,고,사립,여자,강원도 강릉시 화부산로 89 (교동),1,2023.0,교육활동 모델교,1,2020.0,,,,,,,,,,,,,,,,,,,,1
대성고등학교,강원,고,사립,남자,강원도 원주시 북원로 2001 (무실동.대성중.고등학교),0,,,0,,,,,,,,,,,,,,,,,,,,,0
동해삼육고등학교,강원,고,사립,남여공학,강원도 동해시 동해대로 5367 (천곡동. 동해삼육고등학교),0,,,0,,,,,,,,,,,,,,,,,,,,,0
민족사관고등학교,강원,고,사립,남여공학,강원도 횡성군 안흥면 봉화로 800 (안흥면),0,,,0,,,,,,,,,,,,,,,,,,,,,0
상지여자고등학교,강원,고,사립,여자,강원도 원주시 개운4길 25 . 상지여자중고등학교 (개운동),0,,,0,,,,,,,,,,,,,,,,,,,,,0
삼일고등학교,강원,고,사립,남여공학,강원도 삼척시 사직로 22 (남양동. 삼일중고등학교),0,,,0,,,,,,,,,,,,,,,,,,,,,0
성수고등학교,강원,고,사립,남자,강원도 춘천시 중앙로68번길 21 . 성수고등학교 (낙원동),0,,,0,,,,,,,,,,,,,,,,,,,,,0
원주삼육고등학교,강원,고,사립,남여공학,강원도 원주시 북원로 1996 원주삼육고등학교 (무실동),0,,,0,,,,,,,,,,,,,,,,,,,,,0
유봉여자고등학교,강원,고,사립,여자,강원도 춘천시 봉의산길22번길 28 . 유봉여자고등학교 (교동. 유봉여자고등학교),0,,,1,2019.0,,,,,,,,,,,,,,,,,,,,0
육민관고등학교,강원,고,사립,남여공학,강원도 원주시 흥업면 북원로 1800 육민관고등학교,1,2023.0,정보교육실 구축교,0,,,,,,,,,,,,,,,,,,,,,0
전인고등학교,강원,고,사립,남여공학,강원도 춘천시 동산면 새술막길 630 . 전인고등학교 (동산면),0,,,0,,,,,,,,,,,,,,,,,,,,,0
팔렬고등학교,강원,고,사립,남여공학,강원도 홍천군 내촌면 동창로 207 . 팔렬고등학교 (내촌면),0,,,0,,,,,,,,,,,,,,,,,,,,,0
진광고등학교,강원,고,사립,남자,강원도 원주시 진광길 50 (우산동.진광중고등학교),0,,,0,,,,,,,,,,,,,,,,,,,,,0
강원체육고등학교,강원,고,공립,남여공학,강원도 춘천시 자라우새길 126 (송암동).(강원체육중고등학교),0,,,0,,,,,,,,,,,,,,,,,,,,,0
강원과학고등학교,강원,고,공립,남여공학,강원도 원주시 치악로 2242 (태장동),1,2023.0,교육활동 모델교,1,2016.0,,,,,,,,,,,,,,,,,,,,1
강원예술고등학교,강원,고,공립,남여공학,강원도 강릉시 구정면 칠봉로 670-34 (구정면.강원예술고교),0,,,0,,,,,,,,,,,,,,,,,,,,,0
강원외국어고등학교,강원,고,사립,남여공학,강원도 양구군 양구읍 금강산로 437-12 강원외국어고등학교 (양구읍),0,,,0,,,,,,,,,,,,,,,,,,,,,0
현천고등학교,강원,고,공립,남여공학,강원도 횡성군 둔내면 경강로 4119 (둔내면),0,,,0,,,,,,,,,,,,,,,,,,,,,0
홍천농업고등학교,강원,고,공립,남여공학,강원도 홍천군 홍천읍 홍천로 678-15 (홍천읍.홍천농업고등학교),0,,,0,,,,,,,,,,,,,,,,,,,,,0
강원애니고등학교,강원,고,공립,남여공학,강원도 춘천시 서면 박사로 1025 (서면. 강원애니고등학교),0,,,0,,,,,,,,,,,,,,,,,,,,,0
삼척마이스터고등학교,강원,고,공립,남여공학,강원도 삼척시 근덕면 삼척로 3700 . 삼척마이스터고등학교 (근덕면. 근덕중학교·삼척마이스터고등학교),0,,,0,,,,,,,,,,,,,,,,,,,,,0
김화공업고등학교,강원,고,공립,남여공학,강원도 철원군 서면 와수1로 72 (서면. 김화중.공업고등학교),0,,,0,,,,,,,,,,,,,,,,,,,,,0
영월공업고등학교,강원,고,공립,남여공학,강원도 영월군 영월읍 영모전길 108 (영월읍),0,,,0,,,,,,,,,,,,,,,,,,,,,0
원주공업고등학교,강원,고,공립,남여공학,강원도 원주시 고문골길 54 (행구동. 원주공업고등학교),0,,,0,,,,,,,,,,,,,,,,,,,,,0
춘천기계공업고등학교,강원,고,공립,남자,강원도 춘천시 후석로462번길 53 (후평동. 춘천기계공업고등학교),0,,,0,,,,,,,,,,,,,,,,,,,,,0
태백기계공업고등학교,강원,고,공립,남여공학,강원도 태백시 평화길 8-24 (장성동. 태백기계공고),0,,,0,,,,,,,,,,,,,,,,,,,,,0
도계전산정보고등학교,강원,고,공립,남여공학,강원도 삼척시 도계읍 도계느티로 24 . 도계전산정보고등학교 (도계읍),0,,,0,,,,,,,,,,,,,,,,,,,,,0
동해상업고등학교,강원,고,공립,남여공학,강원도 동해시 느릅재길 65 (발한동),0,,,0,,,,,,,,,,,,,,,,,,,,,0
원주금융회계고등학교,강원,고,공립,남여공학,강원도 원주시 부론면 부귀로 35 (부론면),0,,,0,,,,,,,,,,,,,,,,,,,,,0
황지정보산업고등학교,강원,고,공립,남여공학,강원도 태백시 문화로1길 1 (황지동. 황지 정보산업고등학교),1,2023.0,교육활동 모델교,1,2020.0,,,,,,,,,,,,,,,,,,,,1
강원생활과학고등학교,강원,고,공립,남여공학,강원도 홍천군 남면 새작들길 11 (남면. 강원생활과학고등학교),0,,,0,,,,,,,,,,,,,,,,,,,,,0
강릉중앙고등학교,강원,고,공립,남자,강원도 강릉시 강변로 422 (입암동.강릉중앙고등학교),0,,,1,2020.0,,,,,,,,,,,,,,,,,,,,0
거진정보공업고등학교,강원,고,공립,남여공학,강원도 고성군 거진읍 거탄진로 39-7 (거진읍. 거진정보공업고등학교),0,,,0,,,,,,,,,,,,,,,,,,,,,0
동광산업과학고등학교,강원,고,공립,남여공학,강원도 고성군 토성면 백촌길 30-15 (토성면. 동광중ㆍ산업과학고등학교),0,,,0,,,,,,,,,,,,,,,,,,,,,0
원주의료고등학교,강원,고,공립,남여공학,강원도 원주시 문막읍 원문로 1756 (문막읍. 원주의료고등학교),0,,,0,,,,,,,,,,,,,,,,,,,,,0
영서고등학교,강원,고,공립,남여공학,강원도 원주시 치악로 1384 (반곡동. 원주영서고등학교),0,,,0,,,,,,,,,,,,,,,,,,,,,0
정선정보공업고등학교,강원,고,공립,남여공학,강원도 정선군 정선읍 용담샛길 2 (정선읍. 정선정보공업고등학교),0,,,0,,,,,,,,,,,,,,,,,,,,,0
강릉정보공업고등학교,강원,고,공립,남여공학,강원도 강릉시 주문진읍 학교길 26 (주문진읍.강릉정보공업고등학교),0,,,0,,,,,,,,,,,,,,,,,,,,,0
소양고등학교,강원,고,공립,남여공학,강원도 춘천시 영서로 2872 . 소양고등학교 (사농동),0,,,0,,,,,,,,,,,,,,,,,,,,,0
춘천한샘고등학교,강원,고,공립,남여공학,강원도 춘천시 신북읍 신샘밭로 363-12 (신북읍.춘천한샘고등학교),0,,,0,,,,,,,,,,,,,,,,,,,,,0
화천정보산업고등학교,강원,고,공립,남여공학,강원도 화천군 화천읍 상승로 69 . 화천정보산업고등학교 (화천읍),0,,,1,2017.0,,,,,,,,,,,,,,,,,,,,0
고한고등학교,강원,고,공립,남여공학,강원도 정선군 고한읍 고한9길 160 . 고한중고등학교 (고한읍),0,,,0,,,,,,,,,,,,,,,,,,,,,0
도계고등학교,강원,고,공립,남여공학,강원도 삼척시 도계읍 도계느티로 69 (도계읍.도계고등학교),0,,,0,,,,,,,,,,,,,,,,,,,,,0
설악고등학교,강원,고,공립,남여공학,강원도 속초시 청대로 219 (조양동. 설악고등학교),0,,,0,,,,,,,,,,,,,,,,,,,,,0
양양여자고등학교,강원,고,공립,여자,강원도 양양군 양양읍 서문3길 12 . 양양여자고등학교 (양양읍),0,,,0,,,,,,,,,,,,,,,,,,,,,0
주천고등학교,강원,고,공립,남여공학,강원도 영월군 주천면 주천로89번길 41 (주천면.주천중고등학교),0,,,0,,,,,,,,,,,,,,,,,,,,,0
함백고등학교,강원,고,공립,남여공학,강원도 정선군 신동읍 함백로 376 (신동읍),0,,,0,,,,,,,,,,,,,,,,,,,,,0
강릉문성고등학교,강원,고,사립,남여공학,강원도 강릉시 지변길 158 (지변동),0,,,0,,,,,,,,,,,,,,,,,,,,,0
상지대관령고등학교,강원,고,사립,남여공학,강원도 평창군 대관령면 해당화3길 24 (대관령면),0,,,0,,,,,,,,,,,,,,,,,,,,,0
동해광희고등학교,강원,고,사립,남여공학,강원도 동해시 청운로 112 (동회동.동해광희고등학교),0,,,0,,,,,,,,,,,,,,,,,,,,,0
석정여자고등학교,강원,고,사립,여자,강원도 영월군 영월읍 영월로 1914-11 . 석정여자고등학교 (영월읍),0,,,0,,,,,,,,,,,,,,,,,,,,,0
성수여자고등학교,강원,고,사립,여자,강원도 춘천시 학당길 28 . 낙원동 45-1 (낙원동. 성수여자고등학교),0,,,0,,,,,,,,,,,,,,,,,,,,,0
춘천교육대학교부설초등학교,강원,초,국립,,강원도 춘천시 공지로 316 (효자동. 춘천교육대학교부설초등학교),0,,,0,,,,,,,,,,,,,,,,,,,,,0
가산초등학교,강원,초,공립,,강원도 춘천시 동면 가산로 52 (동면. 가산초등학교),0,,,0,,,,,,,,,,,,,,,,,,,,,0
광판초등학교,강원,초,공립,,강원도 춘천시 남산면 김유정로 159-12 (남산면. 광판초등학교),0,,,0,,,,,,,,,,,,,,,,,,,,,0
교동초등학교,강원,초,공립,,강원도 춘천시 교동길 29 . (교동113-4) (교동. 교동초등학교),0,,,0,,,,,,,,,,,,,,,,,,,,,0
근화초등학교,강원,초,공립,,강원도 춘천시 소양로163번길 23 (근화동),0,,,0,,,,,,,,,,,,,,,,,,,,,0
금병초등학교,강원,초,공립,,강원도 춘천시 신동면 김유정로 1394 (신동면. 금병초등학교),1,2023.0,정보교육실 구축교,0,,,,,,,,,,,,,,,,,,,,,0
금산초등학교,강원,초,공립,,강원도 춘천시 서면 금산2길 21 (서면),0,,,0,,,,,,,,,,,,,,,,,,,,,0
남부초등학교,강원,초,공립,,강원도 춘천시 춘주로 159 (퇴계동). 남부초등학교,0,,,0,,,,,,,,,,,,,,,,,,,,,0
남산초등학교,강원,초,공립,,강원도 춘천시 남산면 한치로 59 (남산면),0,,,0,,,,,,,,,,,,,,,,,,,,,0
남춘천초등학교,강원,초,공립,,강원도 춘천시 충혼길 33 . 남춘천초등학교 (온의동),0,,,0,,,,,,,,,,,,,,,,,,,,,0
당림초등학교,강원,초,공립,,강원도 춘천시 서면 당숲안길 81 (서면),0,,,0,,,,,,,,,,,,,,,,,,,,,0
동내초등학교,강원,초,공립,,강원도 춘천시 동내면 동내로 131 . 동내초등학교 (동내면),0,,,0,,,,,,,,,,,,,,,,,,,,,0
동부초등학교,강원,초,공립,,강원도 춘천시 서부대성로 339 (후평동) 동부초등학교,0,,,0,,,,,,,,,,,,,,,,,,,,,0
동춘천초등학교,강원,초,공립,,강원도 춘천시 성심로 77 (효자동) 동춘천초등학교,0,,,0,,,,,,,,,,,,,,,,,,,,,0
만천초등학교,강원,초,공립,,강원도 춘천시 동면 후석로326번길 89 (동면. 만천초등학교),0,,,0,,,,,,,,,,,,,,,,,,,,,0
봄내초등학교,강원,초,공립,,강원도 춘천시 퇴계로 220-10 (석사동.봄내초등학교),0,,,0,,,,,,,,,,,,,,,,,,,,,0
봉의초등학교,강원,초,공립,,강원도 춘천시 춘천로 141 (약사동)봉의초등학교,0,,,0,,,,,,,,,,,,,,,,,,,,,0
부안초등학교,강원,초,공립,,강원도 춘천시 서부대성로239번길 70 . 부안초등학교 (후평동),0,,,0,,,,,,,,,,,,,,,,,,,,,0
상천초등학교,강원,초,공립,,강원도 춘천시 신북읍 상천2길 19 . (상천초등학교) (신북읍),0,,,0,,,,,,,,,,,,,,,,,,,,,0
서상초등학교,강원,초,공립,,강원도 춘천시 서면 박사로 1348 . 서상초등학교 (서면),0,,,1,2019.0,,,,,,,,,,,,,,,,,,,,0
남산초등학교서천분교장,강원,초,공립,,강원도 춘천시 남산면 서백길 152 (남산면.남산초등학교서천분교장),0,,,0,,,,,,,,,,,,,,,,,,,,,0
석사초등학교,강원,초,공립,,강원도 춘천시 공지로 108-17 (석사동). 석사초등학교,1,2023.0,교육활동 모델교,1,2016.0,,,,,,,,,,,,,,,,,,,,1
성림초등학교,강원,초,공립,,강원도 춘천시 지석로 47 (석사동). 성림초등학교,0,,,1,2017.0,,,,,,,,,성림,1.0,40.0,Windows10,60.0,120명,,,,,,0
성원초등학교,강원,초,공립,,강원도 춘천시 승지골길16번길 36 (퇴계동).성원초등학교,0,,,0,,,,,,,,,,성원,1.0,37.0,Windows10,65.0,100명,,,,,,0
소양초등학교,강원,초,공립,,강원도 춘천시 충열로 134 .소양초등학교,0,,,0,,,,,,,,,,,,,,,,,,,,,0
송화초등학교,강원,초,공립,,강원도 춘천시 사북면 춘화로 510-5 . 송화초등학교 (사북면),0,,,0,,,,,,,,,,,,,,,,,,,,,0
신남초등학교,강원,초,공립,,강원도 춘천시 칠전서길 37 . 신남초등학교 (칠전동),0,,,0,,,,,,,,,,,,,,,,,,,,,0
신동초등학교,강원,초,공립,,강원도 춘천시 영서로 3116 (신동. 신동초등학교),0,,,0,,,,,,,,,,,,,,,,,,,,,0
오동초등학교,강원,초,공립,,강원도 춘천시 신북읍 장본길 74 (신북읍. 오동초등학교),0,,,1,2019.0,,,,,,,,,,,,,,,,,,,,0
우석초등학교,강원,초,공립,,강원도 춘천시 애막골길16번길 6 (석사동). 우석초등학교,0,,,0,,,,,,,,,,,,,,,,,,,,,0
조양초등학교,강원,초,공립,,강원도 춘천시 동산면 조양길 257 (동산면),0,,,0,,,,,,,,,,,,,,,,,,,,,0
중앙초등학교,강원,초,공립,,강원도 춘천시 중앙로88번길 14 (낙원동),0,,,0,,,,,,,,,,중앙,1.0,43.0,Windows 10,78.0,170명,,,,,,0
지촌초등학교,강원,초,공립,,강원도 춘천시 사북면 지촌길 130 (사북면. 지촌초등학교),0,,,0,,,,,,,,,,,,,,,,,,,,,0
천전초등학교,강원,초,공립,,강원도 춘천시 신북읍 율문1길 16-9 (신북읍),0,,,0,,,,,,,,,,,,,,,,,,,,,0
추곡초등학교,강원,초,공립,,강원도 춘천시 북산면 북산로 34 (북산면),0,,,0,,,,,,,,,,,,,,,,,,,,,0
지촌초등학교지암분교장,강원,초,공립,,강원도 춘천시 사북면 화악지암길 431 (사북면. 지촌초등학교지암분교),0,,,0,,,,,,,,,,,,,,,,,,,,,0
춘천초등학교,강원,초,공립,,강원도 춘천시 방송길7번길 14-5 (중앙로3가. 춘천초등학교),0,,,0,,,,,,,,,,,,,,,,,,,,,0
호반초등학교,강원,초,공립,,강원도 춘천시 후만로126번길 35 (후평동)호반초등학교,0,,,0,,,,,,,,,,,,,,,,,,,,,0
효제초등학교,강원,초,공립,,강원도 춘천시 효제길 40 (효자동) 효제초등학교,0,,,0,,,,,,,,,,,,,,,,,,,,,0
후평초등학교,강원,초,공립,,강원도 춘천시 춘천로295번길 17 . 후평초등학교 (후평동),0,,,0,,,,,,,,,,,,,,,,,,,,,0
장학초등학교,강원,초,공립,,강원도 춘천시 동면 춘천로449번길 33 (동면)장학초등학교,0,,,1,2019.0,,,,,,,,,,,,,,,,,,,,0
춘천삼육초등학교,강원,초,사립,,강원도 춘천시 동면 방죽길 56-10 (동면. 삼육초등학교),0,,,0,,,,,,,,,,,,,,,,,,,,,0
강서중학교,강원,중,공립,남여공학,강원도 춘천시 서면 박사로 1027 (서면). 강서중학교,0,,,0,,,,,,,,,,,,,,,,,,,,,0
광판중학교,강원,중,공립,남여공학,강원도 춘천시 남산면 김유정로 83 (남산면),0,,,0,,,,,,,,,,,,,,,,,,,,,0
남춘천여자중학교,강원,중,공립,여자,강원도 춘천시 충혼길 55 (온의동),0,,,0,,,,,,,,,,,,,,,,,,,,,0
남춘천중학교,강원,중,공립,남자,강원도 춘천시 충혼길 51 . 남춘천중학교 (온의동),1,2023.0,교육활동 모델교,0,,,,,,,,,,,,,,,,,,,,,0
동산중학교,강원,중,공립,남여공학,강원도 춘천시 동산면 영서로 461-22 (동산면. 동산중학교),0,,,0,,,,,,,,,,,,,,,,,,,,,0
대룡중학교,강원,중,공립,남여공학,강원도 춘천시 퇴계농공로 65 (퇴계동.대룡중학교),0,,,0,,,,,,,,,,,,,,,,,,,,,0
봉의중학교,강원,중,공립,남여공학,강원도 춘천시 춘천로296번길 55 (후평동. 봉의중학교),0,,,0,,,,,,,,,,,,,,,,,,,,,0
소양중학교,강원,중,공립,남여공학,강원도 춘천시 사우로 10 (사농동.소양중학교),0,,,0,,,,,,,,,,,,,,,,,,,,,0
신포중학교,강원,중,공립,남여공학,강원도 춘천시 사북면 토둔1길 34 . 신포중학교 (사북면),0,,,0,,,,,,,,,,,,,,,,,,,,,0
우석중학교,강원,중,공립,남여공학,강원도 춘천시 우석로101번길 17 (석사동.우석중학교),0,,,0,,,,,,,,,,,,,,,,,,,,,0
창촌중학교,강원,중,공립,남여공학,강원도 춘천시 남산면 강촌로 136 (남산면. 창촌중학교),0,,,0,,,,,,,,,,,,,,,,,,,,,0
춘성중학교,강원,중,공립,남여공학,강원도 춘천시 신북읍 율문길 95-8 (신북읍.춘성중학교),0,,,0,,,,,,,,,,,,,,,,,,,,,0
춘천여자중학교,강원,중,공립,여자,강원도 춘천시 공지로200번길 36 (효자동. 춘천여자중학교),0,,,0,,,,,,,,,,,,,,,,,,,,,0
춘천중학교,강원,중,공립,남자,강원도 춘천시 공지로 442-10 (중앙로3가) 춘천중학교,0,,,0,,,,,,,,,,,,,,,,,,,,,0
후평중학교,강원,중,공립,남자,강원도 춘천시 서부대성로239번길 58 (후평동. 후평중학교),0,,,0,,,,,,,,,,,,,,,,,,,,,0
강원중학교,강원,중,사립,남여공학,강원도 춘천시 동면 장학길 24 (동면.강원중고등학교),0,,,1,2020.0,,,,,,,,,,,,,,,,,,,,0
유봉여자중학교,강원,중,사립,여자,강원도 춘천시 봉의산길22번길 28 . 유봉여자중학교 (교동),0,,,0,,,,,,,,,,,,,,,,,,,,,0
가정중학교,강원,중,공립,남여공학,강원도 춘천시 남면 여우내길 20 (남면) 가정중학교,0,,,1,2019.0,,,,,,,,,,,,,,,,,,,,0
강원체육중학교,강원,중,공립,남여공학,강원도 춘천시 자라우새길 126 (송암동).(강원체육중고등학교),0,,,0,,,,,,,,,,,,,,,,,,,,,0
만대초등학교,강원,초,공립,,강원도 원주시 만대로 65 (무실동),0,,,1,2018.0,,,,,,,,,,,,,,,,,,,,0
솔샘초등학교,강원,초,공립,,강원도 원주시 무실로 381 (무실동. 솔샘초등학교),0,,,1,2017.0,,,,,,,,,,,,,,,,,,,,0
고산초등학교,강원,초,공립,,강원도 원주시 호저면 호저로 873 . 고산초등학교 (호저면),0,,,0,,,,,,,,,,,,,,,,,,,,,0
관설초등학교,강원,초,공립,,강원도 원주시 치악로 1355 (관설동),0,,,0,,,,,,,,,,,,,,,,,,,,,0
교학초등학교,강원,초,공립,,강원도 원주시 소초면 토동길 20 (소초면),0,,,0,,,,,,,,,,,,,,,,,,,,,0
구곡초등학교,강원,초,공립,,강원도 원주시 늘품로 64 (단구동.구곡초등학교),0,,,1,2016.0,,,,,,,,,구곡,1.0,42.0,Windows10,76.0,63명,,,,,,0
귀래초등학교,강원,초,공립,,강원도 원주시 귀래면 북원로 89 . 귀래초등학교 (귀래면),0,,,0,,,,,,,,,,,,,,,,,,,,,0
금대초등학교,강원,초,공립,,강원도 원주시 판부면 금대길 10 (판부면),1,2023.0,교육활동 모델교,0,,,,,,,,,,,,,,,,,,,,,0
남원주초등학교,강원,초,공립,,강원도 원주시 늘품로 28 (단구동),0,,,1,2016.0,,,,,,,,,남원주,1.0,42.0,Windows 10,70.0,180명,,,,,,0
단계초등학교,강원,초,공립,,강원도 원주시 북원로 2387 (단계동. 단계초등학교),0,,,0,,,,,,,,,,,,,,,,,,,,,0
단관초등학교,강원,초,공립,,강원도 원주시 단관초교길 14 . 단관초등학교 (관설동),0,,,0,,,,,,,,,,단관,1.0,42.0,Windows 10,86.0,95명,,,,,,0
단구초등학교,강원,초,공립,,강원도 원주시 단구초교길 5 (단구동.단구초등학교),0,,,0,,,,,,,,,,,,,,,,,,,,,0
동화초등학교,강원,초,공립,,강원도 원주시 문막읍 왕건로 83 (문막읍. 동화초등학교),0,,,0,,,,,,,,,,,,,,,,,,,,,0
둔둔초등학교,강원,초,공립,,강원도 원주시 소초면 버덩마을길 7 (소초면. 둔둔초등학교),0,,,0,,,,,,,,,,,,,,,,,,,,,0
만종초등학교,강원,초,공립,,강원도 원주시 호저면 원문로 599 . 만종초등학교 (호저면),0,,,0,,,,,,,,,,,,,,,,,,,,,0
매지초등학교,강원,초,공립,,강원도 원주시 흥업면 북원로 1324 (흥업면. 매지초등학교),0,,,0,,,,,,,,,,,,,,,,,,,,,0
명륜초등학교,강원,초,공립,,강원도 원주시 행구로 25 (개운동),0,,,0,,,,,,,,,,명륜,1.0,36.0,Windows 10,72.0,100명,,,,,,0
무실초등학교,강원,초,공립,,강원도 원주시 만대로 155 (무실동),0,,,0,,,,,,,,,,무실,1.0,34.0,Windows 11,60.0,120명,,,,,,0
문막초등학교,강원,초,공립,,강원도 원주시 문막읍 건등로 28-11 (문막읍),1,2023.0,교육활동 모델교,1,2018.0,,,,,,,,,,,,,,,,,,,,1
반계초등학교,강원,초,공립,,강원도 원주시 문막읍 원문로 2265 (문막읍. 반계초등학교),0,,,0,,,,,,,,,,,,,,,,,,,,,0
반곡초등학교,강원,초,공립,,강원도 원주시 동부순환로 247 . (반곡동),0,,,0,,,,,,,,,,,,,,,,,,,,,0
봉대초등학교,강원,초,공립,,강원도 원주시 혁신로 300 . 봉대초등학교 (반곡동),0,,,0,,,,,,,,,,,,,,,,,,,,,0
부론초등학교,강원,초,공립,,강원도 원주시 부론면 법천시장길 58 (부론면.부론초등학교),0,,,0,,,,,,,,,,,,,,,,,,,,,0
북원초등학교,강원,초,공립,,강원도 원주시 단구로 60 (단계동),1,2023.0,교육활동 모델교,0,,,,,,,,,,,,,,,,,,,,,0
비두초등학교,강원,초,공립,,강원도 원주시 문막읍 귀문로 1070 (문막읍. 비두초등학교),0,,,0,,,,,,,,,,,,,,,,,,,,,0
산현초등학교,강원,초,공립,,강원도 원주시 호저면 칠봉로 347 (호저면. 산현초등학교),0,,,0,,,,,,,,,,,,,,,,,,,,,0
서곡초등학교,강원,초,공립,,강원도 원주시 판부면 용수골길 159 서곡초등학교,0,,,0,,,,,,,,,,,,,,,,,,,,,0
서원주초등학교,강원,초,공립,,강원도 원주시 남원로469번길 61 . 서원주초등학교 (명륜동),0,,,0,,,,,,,,,,서원주,1.0,31.0,Windows 11,60.0,100명,,,,,,0
소초초등학교,강원,초,공립,,강원도 원주시 소초면 평장안골1길 15 소초초등학교 (소초면. 소초초등학교),0,,,0,,,,,,,,,,,,,,,,,,,,,0
신림초등학교,강원,초,공립,,강원도 원주시 신림면 치악로 34 . 신림초등학교 (신림면),0,,,1,2018.0,,,,,,,,,,,,,,,,,,,,0
신평초등학교,강원,초,공립,,강원도 원주시 지정면 신무로 336 (지정면.신평초등학교),0,,,0,,,,,,,,,,,,,,,,,,,,,0
우산초등학교,강원,초,공립,,강원도 원주시 우산초교길 84 (우산동.우산초등학교),0,,,1,2019.0,,,,,,,,,,,,,,,,,,,,0
원주초등학교,강원,초,공립,,강원도 원주시 봉산로 15 (봉산동),0,,,1,2018.0,,,,,,,,,,,,,,,,,,,,0
일산초등학교,강원,초,공립,,강원도 원주시 일산초교길 1 일산초등학교 (일산동),0,,,0,,,,,,,,,,,,,,,,,,,,,0
장양초등학교,강원,초,공립,,강원도 원주시 북원로 2868 (태장동. 장양초등학교),0,,,0,,,,,,,,,,,,,,,,,,,,,0
지정초등학교,강원,초,공립,,강원도 원주시 지정면 지정로 103 (지정면),0,,,0,,,,,,,,,,,,,,,,,,,,,0
치악초등학교,강원,초,공립,,강원도 원주시 한지공원길 77 (명륜동),0,,,1,2018.0,,,,,,,,,치악,1.0,27.0,Windows 10,78.0,62명,,,,,,0
태봉초등학교,강원,초,공립,,강원도 원주시 흥양로51번길 113 (태장동.태봉초등학교),0,,,0,,,,,,,,,,,,,,,,,,,,,0
태장초등학교,강원,초,공립,,강원도 원주시 현충로 260 (태장동. 태장초등학교),0,,,0,,,,,,,,,,태장,1.0,36.0,Windows 11,60.0,120명,,,,,,0
평원초등학교,강원,초,공립,,강원도 원주시 금불2길 20 . 평원초등학교 (단계동. 평원초등학교),0,,,1,2016.0,,,,,,,,,평원,1.0,42.0,Windows 10,55.0,97명,,,,,,0
학성초등학교,강원,초,공립,,강원도 원주시 천사로 255 학성초등학교 (학성동),0,,,0,,,,,,,,,,학성,1.0,30.0,Windows 11,64.0,60명,,,,,,0
호저초등학교,강원,초,공립,,강원도 원주시 호저면 호저로 428 (호저면. 호저초등학교),0,,,0,,,,,,,,,,,,,,,,,,,,,0
황둔초등학교,강원,초,공립,,강원도 원주시 신림면 신림황둔로 1185 황둔초등학교 (신림면),0,,,1,2018.0,,,,,,,,,,,,,,,,,,,,0
흥양초등학교,강원,초,공립,,강원도 원주시 소초면 하초구길 6 . 흥양초등학교 (소초면. 흥양초등학교),0,,,0,,,,,,,,,,,,,,,,,,,,,0
흥업초등학교,강원,초,공립,,강원도 원주시 흥업면 사제로 101 흥업초등학교 (흥업면),0,,,1,2019.0,,,,,,,,,,,,,,,,,,,,0
버들초등학교,강원,초,공립,,강원도 원주시 건강로 80 . 버들초등학교 (반곡동),0,,,1,2019.0,,,,,,,,,,,,,,,,,,,,0
원주삼육초등학교,강원,초,사립,,강원도 원주시 북원로 1996 (무실동),1,2023.0,정보교육실 구축교,0,,,,,,,,,,,,,,,,,,,,,0
단구중학교,강원,중,공립,남여공학,강원도 원주시 단구로 405 (단구동. 단구중학교),0,,,1,2016.0,,,,,,,,,,,,,,,,,,,,0
문막중학교,강원,중,공립,남여공학,강원도 원주시 문막읍 문막시장1길 58 . 문막중학교 (문막읍. 문막중학교),0,,,0,,,,,,,,,,,,,,,,,,,,,0
반곡중학교,강원,중,공립,남여공학,강원도 원주시 동부순환로 225 (반곡동),0,,,0,,,,,,,,,,,,,,,,,,,,,0
부론중학교,강원,중,공립,남여공학,강원도 원주시 부론면 부귀로 35 부론중고등학교 (부론면),0,,,0,,,,,,,,,,,,,,,,,,,,,0
북원여자중학교,강원,중,공립,여자,강원도 원주시 북원여중길 48 북원여자중학교 (태장동),0,,,0,,,,,,,,,,,,,,,,,,,,,0
신림중학교,강원,중,공립,남여공학,강원도 원주시 신림면 마지동길 91 . 신림중학교 (신림면),0,,,0,,,,,,,,,,,,,,,,,,,,,0
원주여자중학교,강원,중,공립,여자,강원도 원주시 단구로 147 . 원주여자중학교 (명륜동),0,,,1,2019.0,,,,,,,,,,,,,,,,,,,,0
원주중학교,강원,중,공립,남자,강원도 원주시 치악로 1724 (단구동. 원주중학교),0,,,1,2019.0,,,,,,,,,,,,,,,,,,,,0
지정중학교,강원,중,공립,남여공학,강원도 원주시 지정면 능골길 19 지정중학교,0,,,0,,,,,,,,,,,,,,,,,,,,,0
치악중학교,강원,중,공립,남여공학,강원도 원주시 원문로137번길 36 (단계동. 치악중학교),0,,,1,2019.0,,,,,,,,,,,,,,,,,,,,0
태장중학교,강원,중,공립,남여공학,강원도 원주시 치악로 2006 (태장동. 태장중학교),0,,,1,2016.0,,,,,,,,,,,,,,,,,,,,0
평원중학교,강원,중,공립,남여공학,강원도 원주시 무실로 222 (단계동),0,,,1,2016.0,,,,,,,,,,,,,,,,,,,,0
학성중학교,강원,중,공립,남자,강원도 원주시 동진골2길 24 (일산동. 학성중학교),0,,,0,,,,,,,,,,,,,,,,,,,,,0
호저중학교,강원,중,공립,남여공학,강원도 원주시 호저면 호저로 507 . 호저중학교 (호저면),0,,,0,,,,,,,,,,,,,,,,,,,,,0
황둔중학교,강원,중,공립,남여공학,강원도 원주시 신림면 중골길 6 (신림면),0,,,0,,,,,,,,,,,,,,,,,,,,,0
귀래중학교,강원,중,사립,남여공학,강원도 원주시 귀래면 북원로 130 (귀래면. 귀래중학교),0,,,0,,,,,,,,,,,,,,,,,,,,,0
남원주중학교,강원,중,공립,남여공학,강원도 원주시 시청로 333 (단구동. 남원주중학교),1,2023.0,교육활동 모델교,1,2016.0,,,,,,,,,,,,,,,,,,,,1
원주대성중학교,강원,중,사립,남자,강원도 원주시 북원로 2001 (무실동),0,,,0,,,,,,,,,,,,,,,,,,,,,0
상지여자중학교,강원,중,사립,여자,강원도 원주시 개운4길 25 상지여자중학교 (개운동),0,,,0,,,,,,,,,,,,,,,,,,,,,0
원주삼육중학교,강원,중,사립,남여공학,강원도 원주시 북원로 1996 원주삼육중학교 (무실동),0,,,0,,,,,,,,,,,,,,,,,,,,,0
육민관중학교,강원,중,사립,남여공학,강원도 원주시 흥업면 북원로 1800 (흥업면.육민관중학교),0,,,0,,,,,,,,,,,,,,,,,,,,,0
진광중학교,강원,중,사립,남자,강원도 원주시 진광길 50 . 진광중학교 (우산동. 진광중고등학교),0,,,0,,,,,,,,,,,,,,,,,,,,,0
버들중학교,강원,중,공립,남여공학,강원도 원주시 세계로 87 (반곡동),0,,,0,,,,,,,,,,,,,,,,,,,,,0
강동초등학교,강원,초,공립,,강원도 강릉시 강동면 단경로 20 (강동면. 강동초등학교),0,,,0,,,,,,,,,,,,,,,,,,,,,0
강릉초등학교,강원,초,공립,,강원도 강릉시 토성로 103 (홍제동),0,,,0,,,,,,,,,,강릉,1.0,32.0,Windows 11,60.0,100명,,,,,,0
경포초등학교,강원,초,공립,,강원도 강릉시 솔올로 90 . 경포초등학교 (교동),0,,,0,,,,,,,,,,,,,,,,,,,,,0
경포대초등학교,강원,초,공립,,강원도 강릉시 경포로475번길 23-11 . 경포대초등학교 (안현동. 경포대초등학교),0,,,0,,,,,,,,,,,,,,,,,,,,,0
구정초등학교,강원,초,공립,,강원도 강릉시 구정면 범일로 266-14 (구정면.구정초등학교),0,,,1,2016.0,,,,,,,,,,,,,,,,,,,,0
금광초등학교,강원,초,공립,,강원도 강릉시 구정면 금평로 575 . 금광초등학교 (구정면),0,,,0,,,,,,,,,,,,,,,,,,,,,0
금진초등학교,강원,초,공립,,강원도 강릉시 옥계면 금진안길 2 . 금진초교 (옥계면),0,,,0,,,,,,,,,,,,,,,,,,,,,0
남강초등학교,강원,초,공립,,강원도 강릉시 경강로2310번길 7 . 남강초등학교 (포남동),0,,,1,2016.0,,,,,,,,,,,,,,,,,,,,0
노암초등학교,강원,초,공립,,강원도 강릉시 노암등길 71 (노암동),1,2023.0,교육활동 모델교,1,2020.0,,,,,,,,,,,,,,,,,,,,1
동명초등학교,강원,초,공립,,강원도 강릉시 경강로 2473 (송정동.동명초등학교),0,,,0,,,,,,,,,,,,,,,,,,,,,0
명주초등학교,강원,초,공립,,강원도 강릉시 강변로 86-1 (회산동),0,,,0,,,,,,,,,,,,,,,,,,,,,0
모산초등학교,강원,초,공립,,강원도 강릉시 모산로224번길 3 (장현동),0,,,0,,,,,,,,,,,,,,,,,,,,,0
사천초등학교,강원,초,공립,,강원도 강릉시 사천면 미노길 46 (사천면),0,,,0,,,,,,,,,,,,,,,,,,,,,0
성덕초등학교,강원,초,공립,,강원도 강릉시 용지로 60 성덕초등학교 (입암동),0,,,0,,,,,,,,,,성덕,1.0,36.0,Windows 10,60.0,100명,,,,,,0
성산초등학교,강원,초,공립,,강원도 강릉시 성산면 구산길 15 . 성산초등학교 (성산면),0,,,0,,,,,,,,,,,,,,,,,,,,,0
송양초등학교,강원,초,공립,,강원도 강릉시 성산면 위촌길 198 . 송양초등학교 (성산면),0,,,0,,,,,,,,,,,,,,,,,,,,,0
신영초등학교,강원,초,공립,,강원도 강릉시 주문진읍 주문북로 160 (주문진읍),0,,,0,,,,,,,,,,,,,,,,,,,,,0
신왕초등학교,강원,초,공립,,강원도 강릉시 연곡면 진고개로 2265-11 (연곡면),0,,,0,,,,,,,,,,,,,,,,,,,,,0
연곡초등학교,강원,초,공립,,강원도 강릉시 연곡면 진고개로 2656 (연곡면),0,,,0,,,,,,,,,,,,,,,,,,,,,0
옥천초등학교운산분교장,강원,초,공립,,강원도 강릉시 운산길 79-15 (운산동. 옥천초등학교운산분교),0,,,0,,,,,,,,,,,,,,,,,,,,,0
영동초등학교,강원,초,공립,,강원도 강릉시 화부산로 28 (교동),0,,,0,,,,,,,,,,,,,,,,,,,,,0
옥계초등학교,강원,초,공립,,강원도 강릉시 옥계면 옥계로 1074 . 옥계초등학교 (옥계면),0,,,0,,,,,,,,,,,,,,,,,,,,,0
옥천초등학교,강원,초,공립,,강원도 강릉시 수문길 25 (옥천동. 옥천초등학교),1,2023.0,교육활동 모델교,0,,,,,,,,,,,,,,,,,,,,,0
왕산초등학교,강원,초,공립,,강원도 강릉시 왕산면 백두대간로 2011-8 . 왕산초등학교 (왕산면),0,,,0,,,,,,,,,,,,,,,,,,,,,0
운양초등학교,강원,초,공립,,강원도 강릉시 사천면 이설당1길 36 . 운양초등학교 (사천면),0,,,0,,,,,,,,,,,,,,,,,,,,,0
율곡초등학교,강원,초,공립,,강원도 강릉시 원대로 129 (교동),0,,,0,,,,,,,,,,율곡,1.0,38.0,Windows 11,60.0,120명,,,,,,0
임곡초등학교,강원,초,공립,,강원도 강릉시 강동면 임곡로 890-14 (강동면),0,,,0,,,,,,,,,,,,,,,,,,,,,0
정동초등학교,강원,초,공립,,강원도 강릉시 강동면 헌화로 1055 (강동면. 정동초등학교),0,,,0,,,,,,,,,,,,,,,,,,,,,0
주문진초등학교,강원,초,공립,,강원도 강릉시 주문진읍 주문로 26 (주문진읍. 주문진초등학교),0,,,0,,,,,,,,,,주문진,1.0,34.0,Windows 10,76.0,54명,,,,,,0
주영초등학교,강원,초,공립,,강원도 강릉시 주문진읍 약수동길 15-12 (주문진읍. 주영초등학교),0,,,0,,,,,,,,,,,,,,,,,,,,,0
초당초등학교,강원,초,공립,,강원도 강릉시 연당길 35-11 . 초당초등학교 (초당동),0,,,0,,,,,,,,,,,,,,,,,,,,,0
한솔초등학교,강원,초,공립,,강원도 강릉시 하평2길 45 (포남동),0,,,1,2018.0,,,,,,,,,,,,,,,,,,,,0
포남초등학교,강원,초,공립,,강원도 강릉시 가작로287번길 20 (포남동),0,,,0,,,,,,,,,,,,,,,,,,,,,0
주문진초등학교삼덕분교장,강원,초,공립,,강원도 강릉시 주문진읍 신리천로 410-8 (주문진읍. 주문진초등학교삼덕분교),0,,,0,,,,,,,,,,,,,,,,,,,,,0
강릉해람중학교,강원,중,공립,남여공학,강원도 강릉시 명주로 25 . 강릉해람중학교 (용강동),0,,,0,,,,,,,,,,,,,,,,,,,,,0
강릉중학교,강원,중,공립,남여공학,강원도 강릉시 강중길44번길 8 강릉중학교 (입암동),0,,,0,,,,,,,,,,,,,,,,,,,,,0
하슬라중학교,강원,중,공립,남여공학,강원도 강릉시 보래미길 9 하슬라중학교 (포남동),0,,,0,,,,,,,,,,,,,,,,,,,,,0
경포중학교,강원,중,공립,남여공학,강원도 강릉시 노암등길 76 (노암동),0,,,0,,,,,,,,,,,,,,,,,,,,,0
관동중학교,강원,중,공립,남여공학,강원도 강릉시 하슬라로 20 . 14 (홍제동),1,2023.0,정보교육실 구축교,0,,,,,,,,,,,,,,,,,,,,,0
동명중학교,강원,중,공립,남여공학,강원도 강릉시 보래미하길79번길 21 (포남동.동명중학교),0,,,0,,,,,,,,,,,,,,,,,,,,,0
사천중학교,강원,중,공립,남여공학,강원도 강릉시 사천면 석교골말길 8 (사천면),0,,,0,,,,,,,,,,,,,,,,,,,,,0
솔올중학교,강원,중,공립,남여공학,강원도 강릉시 솔올로 102 (교동),1,2023.0,교육활동 모델교,1,2020.0,,,,,,,,,,,,,,,,,,,,1
옥계중학교,강원,중,공립,남여공학,강원도 강릉시 옥계면 천남길 38-13 . 옥계중학교 (옥계면),0,,,0,,,,,,,,,,,,,,,,,,,,,0
왕산중학교,강원,중,공립,남여공학,강원도 강릉시 왕산면 백두대간로 2005 (왕산면. 왕산중학교),0,,,0,,,,,,,,,,,,,,,,,,,,,0
율곡중학교,강원,중,공립,남여공학,강원도 강릉시 가작로 125 (교동),0,,,0,,,,,,,,,,,,,,,,,,,,,0
주문진중학교,강원,중,공립,남여공학,강원도 강릉시 주문진읍 연주로 294 . 주문진중학교 (주문진읍),0,,,0,,,,,,,,,,,,,,,,,,,,,0
남호초등학교,강원,초,공립,,강원도 동해시 평원로 120 (평릉동. 남호초등학교),0,,,0,,,,,,,,,,,,,,,,,,,,,0
동해초등학교,강원,초,공립,,강원도 동해시 봉오주택길 22 (용정동),0,,,0,,,,,,,,,,,,,,,,,,,,,0
동해중앙초등학교,강원,초,공립,,강원도 동해시 천곡로 35 . 동해중앙초등학교 (천곡동),0,,,0,,,,,,,,,,,,,,,,,,,,,0
동호초등학교,강원,초,공립,,강원도 동해시 발한로 123 (발한동. 동호초등학교),0,,,0,,,,,,,,,,,,,,,,,,,,,0
망상초등학교,강원,초,공립,,강원도 동해시 동해대로 6251 (망상동),0,,,0,,,,,,,,,,,,,,,,,,,,,0
묵호초등학교,강원,초,공립,,강원도 동해시 발한천길 30 . 묵호초등학교 (발한동),0,,,0,,,,,,,,,,,,,,,,,,,,,0
북삼초등학교,강원,초,공립,,강원도 동해시 지양길 77 . 북삼초등학교 (지흥동),0,,,0,,,,,,,,,,,,,,,,,,,,,0
북평초등학교,강원,초,공립,,강원도 동해시 오일장1길 22 . 북평초등학교 (북평동),0,,,0,,,,,,,,,,,,,,,,,,,,,0
삼화초등학교,강원,초,공립,,강원도 동해시 파수길 38 (이로동),0,,,0,,,,,,,,,,,,,,,,,,,,,0
송정초등학교,강원,초,공립,,강원도 동해시 동해역길 25 (송정동. 송정초등학교),0,,,0,,,,,,,,,,,,,,,,,,,,,0
창호초등학교,강원,초,공립,,강원도 동해시 해맞이길 183 (묵호진동. 창호초등학교),0,,,0,,,,,,,,,,,,,,,,,,,,,0
천곡초등학교,강원,초,공립,,강원도 동해시 동굴로 33 (천곡동),0,,,0,,,,,,,,,,,,,,,,,,,,,0
청운초등학교,강원,초,공립,,강원도 동해시 청운로 60 (쇄운동),0,,,0,,,,,,,,,,청운,1.0,43.0,Windows 10,83.0,100명,,,,,,0
동해삼육초등학교,강원,초,사립,,강원도 동해시 동해대로 5367 . 동해삼육초등학교 (천곡동),0,,,0,,,,,,,,,,,,,,,,,,,,,0
동해중학교,강원,중,공립,남여공학,강원도 동해시 느릅재길 37 (발한동),0,,,0,,,,,,,,,,,,,,,,,,,,,0
묵호여자중학교,강원,중,공립,여자,강원도 동해시 발한로 347 (발한동),0,,,0,,,,,,,,,,,,,,,,,,,,,0
묵호중학교,강원,중,공립,남자,강원도 동해시 향로3길 42 (발한동.묵호중학교),0,,,0,,,,,,,,,,,,,,,,,,,,,0
북평여자중학교,강원,중,공립,여자,강원도 동해시 선돌길 21 (북평동),0,,,0,,,,,,,,,,,,,,,,,,,,,0
북평중학교,강원,중,공립,남자,강원도 동해시 용정로 40-7 (용정동. 북평중학교),0,,,0,,,,,,,,,,,,,,,,,,,,,0
동해삼육중학교,강원,중,사립,남여공학,강원도 동해시 동해대로 5367 (천곡동. 동해삼육중학교),0,,,0,,,,,,,,,,,,,,,,,,,,,0
동해광희중학교,강원,중,사립,남자,강원도 동해시 청운로 112 . 동해광희중학교 (동회동),0,,,0,,,,,,,,,,,,,,,,,,,,,0
동점초등학교,강원,초,공립,,강원도 태백시 방터골1길 59 (동점동),0,,,0,,,,,,,,,,,,,,,,,,,,,0
미동초등학교,강원,초,공립,,강원도 태백시 역둔원동로 1405 . 미동초등학교 (원동),0,,,0,,,,,,,,,,,,,,,,,,,,,0
삼성초등학교,강원,초,공립,,강원도 태백시 평화길 44 . 삼성초등학교 (장성동),0,,,1,2019.0,,,,,,,,,,,,,,,,,,,,0
상장초등학교,강원,초,공립,,강원도 태백시 태백로 1223 (황지동. 상장초등학교),0,,,0,,,,,,,,,,,,,,,,,,,,,0
장성초등학교,강원,초,공립,,강원도 태백시 보드미길 26 (장성동),0,,,0,,,,,,,,,,,,,,,,,,,,,0
철암초등학교,강원,초,공립,,강원도 태백시 동태백로 584 (철암동.철암초등학교),0,,,1,2016.0,,,,,,,,,,,,,,,,,,,,0
태백초등학교,강원,초,공립,,강원도 태백시 태백로 1811 (장성동. 태백초등학교),0,,,1,2017.0,,,,,,,,,,,,,,,,,,,,0
태서초등학교,강원,초,공립,,강원도 태백시 태백로 802 (황지동. 태서초등학교),0,,,0,,,,,,,,,,,,,,,,,,,,,0
통리초등학교,강원,초,공립,,강원도 태백시 통골2길 9 (통동),0,,,0,,,,,,,,,,,,,,,,,,,,,0
함태초등학교,강원,초,공립,,강원도 태백시 소도길 69 (소도동.함태초등학교),0,,,1,2019.0,,,,,,,,,,,,,,,,,,,,0
황지초등학교,강원,초,공립,,강원도 태백시 황지로 63 . 황지동 (황지동),0,,,1,2019.0,,,,,,,,,,,,,,,,,,,,0
황지중앙초등학교,강원,초,공립,,강원도 태백시 태백로 810 (황지동),1,2023.0,정보교육실 구축교,0,,,,,,,,,,,,,,,,,,,,,0
상장중학교,강원,중,공립,남여공학,강원도 태백시 태백로 1221 . 상장중학교 (황지동),0,,,0,,,,,,,,,,,,,,,,,,,,,0
장성여자중학교,강원,중,공립,여자,강원도 태백시 하장성1길 10 . 장성여자중학교 (장성동. 장성여자중학교),0,,,0,,,,,,,,,,,,,,,,,,,,,0
철암중학교,강원,중,공립,남여공학,강원도 태백시 상철암길 10-32 (철암동),0,,,0,,,,,,,,,,,,,,,,,,,,,0
태백중학교,강원,중,공립,남자,강원도 태백시 장성로 265 (장성동),0,,,0,,,,,,,,,,,,,,,,,,,,,0
함태중학교,강원,중,공립,남여공학,강원도 태백시 번영로 11 (황지동),0,,,0,,,,,,,,,,,,,,,,,,,,,0
황지여자중학교,강원,중,공립,여자,강원도 태백시 연지로 33번길 26 . 황지여자중학교 (황지동),0,,,0,,,,,,,,,,,,,,,,,,,,,0
황지중학교,강원,중,공립,남자,강원도 태백시 문화로 16 (황지동. 황지중학교),0,,,0,,,,,,,,,,,,,,,,,,,,,0
강현초등학교,강원,초,공립,,강원도 양양군 강현면 진미로12번길 22 (강현면),1,2023.0,교육활동 모델교,0,,,,,,,,,,,,,,,,,,,,,0
광정초등학교,강원,초,공립,,강원도 양양군 현북면 하조대1길 38 (현북면),0,,,0,,,,,,,,,,,,,,,,,,,,,0
남애초등학교,강원,초,공립,,강원도 양양군 현남면 갯마을길 10 (현남면),0,,,0,,,,,,,,,,,,,,,,,,,,,0
상평초등학교공수전분교장,강원,초,공립,,강원도 양양군 서면 구룡령로 2855 (서면),0,,,0,,,,,,,,,,,,,,,,,,,,,0
대포초등학교,강원,초,공립,,강원도 속초시 동해대로 3797 (대포동.대포초등학교),0,,,0,,,,,,,,,,,,,,,,,,,,,0
상평초등학교,강원,초,공립,,강원도 양양군 서면 물윗구미길 25 (서면),1,2023.0,교육활동 모델교,0,,,,,,,,,,,,,,,,,,,,,0
설악초등학교,강원,초,공립,,강원도 속초시 청봉로 51 (설악동.설악초등학교),0,,,1,2017.0,,,,,,,,,,,,,,,,,,,,0
소야초등학교,강원,초,공립,,강원도 속초시 배움터길 42 . 소야초등학교 (노학동),0,,,0,,,,,,,,,,,,,,,,,,,,,0
속초초등학교,강원,초,공립,,강원도 속초시 수복로 117 . 속초초등학교,0,,,0,,,,,,,,,,,,,,,,,,,,,0
손양초등학교,강원,초,공립,,강원도 양양군 손양면 손중로 202 (손양면),0,,,0,,,,,,,,,,,,,,,,,,,,,0
상평초등학교현서분교장,강원,초,공립,,강원도 양양군 서면 구룡령로 2115 (서면),0,,,0,,,,,,,,,,,,,,,,,,,,,0
송포초등학교,강원,초,공립,,강원도 양양군 손양면 동명로 321-11 . 송포초등학교 (손양면),0,,,0,,,,,,,,,,,,,,,,,,,,,0
양양초등학교,강원,초,공립,,강원도 양양군 양양읍 군청길 39 . 양양초등학교 (양양읍),0,,,0,,,,,,,,,,,,,,,,,,,,,0
영랑초등학교,강원,초,공립,,강원도 속초시 중앙로 331 . (영랑동.영랑초등학교) (영랑동),0,,,0,,,,,,,,,,,,,,,,,,,,,0
오색초등학교,강원,초,공립,,강원도 양양군 서면 설악로 1173 (서면),0,,,0,,,,,,,,,,,,,,,,,,,,,0
인구초등학교임호분교장,강원,초,공립,,강원도 양양군 현남면 화상천로 164 (현남면),0,,,0,,,,,,,,,,,,,,,,,,,,,0
온정초등학교,강원,초,공립,,강원도 속초시 온천로 107 . 온정초등학교 (노학동),0,,,0,,,,,,,,,,,,,,,,,,,,,0
인구초등학교,강원,초,공립,,강원도 양양군 현남면 해송천로 10 (현남면),0,,,0,,,,,,,,,,,,,,,,,,,,,0
조산초등학교,강원,초,공립,,강원도 양양군 양양읍 동해대로 3020 . 조산초등학교 (양양읍),0,,,0,,,,,,,,,,,,,,,,,,,,,0
청대초등학교,강원,초,공립,,강원도 속초시 소평로 175 (조양동),0,,,0,,,,,,,,,,,,,,,,,,,,,0
청봉초등학교,강원,초,공립,,강원도 속초시 조양로118번길 9 . 청봉초등학교 (조양동),0,,,0,,,,,,,,,,,,,,,,,,,,,0
청호초등학교,강원,초,공립,,강원도 속초시 청호로 60 (청호동. 청호초등학교),0,,,0,,,,,,,,,,,,,,,,,,,,,0
한남초등학교,강원,초,공립,,강원도 양양군 서면 남대천로 218 (서면),0,,,0,,,,,,,,,,,,,,,,,,,,,0
현북초등학교,강원,초,공립,,강원도 양양군 현북면 송이로 222 (현북면),0,,,1,2019.0,,,,,,,,,,,,,,,,,,,,0
현성초등학교,강원,초,공립,,강원도 양양군 현북면 어성전길 114 (현북면),0,,,0,,,,,,,,,,,,,,,,,,,,,0
회룡초등학교,강원,초,공립,,강원도 양양군 강현면 소금재길 161 . 회룡초등학교 (강현면),0,,,0,,,,,,,,,,,,,,,,,,,,,0
강현중학교,강원,중,공립,남여공학,강원도 양양군 강현면 진미로54번길 14 (강현면),0,,,0,,,,,,,,,,,,,,,,,,,,,0
설악여자중학교,강원,중,공립,여자,강원도 속초시 배움터길 29 (노학동),0,,,0,,,,,,,,,,,,,,,,,,,,,0
설악중학교,강원,중,공립,남자,강원도 속초시 미시령로 3402 .  설악중학교 (교동.설악중학교),0,,,1,2019.0,,,,,,,,,,,,,,,,,,,,0
속초여자중학교,강원,중,공립,여자,강원도 속초시 번영로 81 (금호동),0,,,0,,,,,,,,,,,,,,,,,,,,,0
속초중학교,강원,중,공립,남자,강원도 속초시 미시령로 3358 (교동.속초중학교),0,,,1,2016.0,,,,,,,,,,,,,,,,,,,,0
양양여자중학교,강원,중,공립,여자,강원도 양양군 양양읍 서문3길 12 . 양양여자중학교 (양양읍),0,,,0,,,,,,,,,,,,,,,,,,,,,0
양양중학교,강원,중,공립,남자,강원도 양양군 양양읍 복개길 23-12. 양양중학교 (양양읍),0,,,0,,,,,,,,,,,,,,,,,,,,,0
현남중학교,강원,중,공립,남여공학,강원도 양양군 현남면 매호길 14 (현남면),0,,,0,,,,,,,,,,,,,,,,,,,,,0
현북중학교,강원,중,공립,남여공학,강원도 양양군 현북면 송이로 254 (현북면),0,,,0,,,,,,,,,,,,,,,,,,,,,0
근덕초등학교궁촌분교장,강원,초,공립,,강원도 삼척시 근덕면 궁촌길 66 . 궁촌분교 (근덕면),0,,,0,,,,,,,,,,,,,,,,,,,,,0
근덕초등학교,강원,초,공립,,강원도 삼척시 근덕면 삼척로 3653 . 근덕초등학교 (근덕면),0,,,0,,,,,,,,,,,,,,,,,,,,,0
도계초등학교,강원,초,공립,,강원도 삼척시 도계읍 도계로 265 (도계읍. 도계초등학교),0,,,0,,,,,,,,,,,,,,,,,,,,,0
맹방초등학교,강원,초,공립,,강원도 삼척시 근덕면 삼척로 3884-4 맹방초등학교 (근덕면),0,,,0,,,,,,,,,,,,,,,,,,,,,0
삼척초등학교,강원,초,공립,,강원도 삼척시 교동로 43 (교동),1,2023.0,교육활동 모델교,1,2019.0,,,,,,,,,,,,,,,,,,,,1
미로초등학교,강원,초,공립,,강원도 삼척시 미로면 미로강변로1길 10-11 (미로면),1,2023.0,교육활동 모델교,0,,,,,,,,,,,,,,,,,,,,,0
삼척남초등학교,강원,초,공립,,강원도 삼척시 동해대로 3783-22 (오분동),0,,,0,,,,,,,,,,,,,,,,,,,,,0
삼척중앙초등학교,강원,초,공립,,강원도 삼척시 새천년도로 630-121 . 삼척중앙초등학교 (갈천동),0,,,0,,,,,,,,,,,,,,,,,,,,,0
서부초등학교,강원,초,공립,,강원도 삼척시 오십천로 279 (원당동.서부초등학교),0,,,0,,,,,,,,,,,,,,,,,,,,,0
소달초등학교,강원,초,공립,,강원도 삼척시 도계읍 소달길 54-30 (도계읍. 소달초등학교),0,,,0,,,,,,,,,,,,,,,,,,,,,0
오저초등학교,강원,초,공립,,강원도 삼척시 가곡면 가곡천로 1430 (가곡면. 오저초등학교),0,,,0,,,,,,,,,,,,,,,,,,,,,0
임원초등학교,강원,초,공립,,강원도 삼척시 원덕읍 삼척로 1246 . 임원초등학교 (원덕읍),0,,,0,,,,,,,,,,,,,,,,,,,,,0
장원초등학교,강원,초,공립,,강원도 삼척시 도계읍 장원길 25 장원초등학교,0,,,0,,,,,,,,,,,,,,,,,,,,,0
장호초등학교,강원,초,공립,,강원도 삼척시 근덕면 용화안길 24 . 장호초등학교 (근덕면),0,,,0,,,,,,,,,,,,,,,,,,,,,0
정라초등학교,강원,초,공립,,강원도 삼척시 정상로3길 5 (정상동),0,,,0,,,,,,,,,,정라,1.0,38.0,Windows 10,62.0,120명,,,,,,0
진주초등학교,강원,초,공립,,강원도 삼척시 사직로1길 23 . 진주초등학교 (남양동),1,2023.0,교육활동 모델교,0,,,,,,,,,,,,,,,,,,,,,0
하장초등학교,강원,초,공립,,강원도 삼척시 하장면 하장길 84 (하장면. 하장초등학교),0,,,0,,,,,,,,,,,,,,,,,,,,,0
호산초등학교,강원,초,공립,,강원도 삼척시 원덕읍 삼척로 462-12 (원덕읍.호산초등학교),0,,,0,,,,,,,,,,,,,,,,,,,,,0
흥전초등학교,강원,초,공립,,강원도 삼척시 도계읍 흥전안길 137 (도계읍. 흥전초등학교),0,,,0,,,,,,,,,,,,,,,,,,,,,0
가곡중학교,강원,중,공립,남여공학,강원도 삼척시 가곡면 가곡천로 1427 . 가곡중학교 (가곡면),0,,,0,,,,,,,,,,,,,,,,,,,,,0
근덕중학교,강원,중,공립,남여공학,강원도 삼척시 근덕면 삼척로 3700 . 근덕중학교 (근덕면.근덕중학교),0,,,0,,,,,,,,,,,,,,,,,,,,,0
도계여자중학교,강원,중,공립,여자,강원도 삼척시 도계읍 도계느티로 36 . 도계여자중학교 (도계읍.도계여자중학교),0,,,0,,,,,,,,,,,,,,,,,,,,,0
도계중학교,강원,중,공립,남자,강원도 삼척시 도계읍 도계느티로 15 . 도계중학교 (도계읍),0,,,0,,,,,,,,,,,,,,,,,,,,,0
미로중학교,강원,중,공립,남여공학,강원도 삼척시 미로면 강원남부로 3907 (미로면),0,,,0,,,,,,,,,,,,,,,,,,,,,0
삼척여자중학교,강원,중,공립,여자,강원도 삼척시 성당길 63-7 (당저동),0,,,0,,,,,,,,,,,,,,,,,,,,,0
삼척중학교,강원,중,공립,남자,강원도 삼척시 회강길 627 (자원동),0,,,0,,,,,,,,,,,,,,,,,,,,,0
원덕중학교,강원,중,공립,남여공학,강원도 삼척시 원덕읍 삼척로 480 . 원덕중학교 (원덕읍),0,,,0,,,,,,,,,,,,,,,,,,,,,0
임원중학교,강원,중,공립,남여공학,강원도 삼척시 원덕읍 삼척로 1313 (원덕읍. 임원중학교),0,,,0,,,,,,,,,,,,,,,,,,,,,0
장호중학교,강원,중,공립,남여공학,강원도 삼척시 근덕면 삼척로 2101 (근덕면),0,,,0,,,,,,,,,,,,,,,,,,,,,0
하장중학교,강원,중,공립,남여공학,강원도 삼척시 하장면 백두대간로 2600 . 하장중학교 (하장면),0,,,0,,,,,,,,,,,,,,,,,,,,,0
삼일중학교,강원,중,사립,남자,강원도 삼척시 사직로 22 (남양동),0,,,1,2020.0,,,,,,,,,,,,,,,,,,,,0
구송초등학교,강원,초,공립,,강원도 홍천군 화촌면 홍천로 1105 (화촌면),0,,,0,,,,,,,,,,,,,,,,,,,,,0
내촌초등학교,강원,초,공립,,강원도 홍천군 내촌면 내촌길 21 (내촌면. 내촌초등학교),0,,,0,,,,,,,,,,,,,,,,,,,,,0
대곡초등학교,강원,초,공립,,강원도 홍천군 서면 한서로 1843 (서면.대곡초등학교),0,,,0,,,,,,,,,,,,,,,,,,,,,0
속초초등학교월운분교장,강원,초,공립,,강원도 홍천군 동면 월운로 413 (동면),0,,,0,,,,,,,,,,,,,,,,,,,,,0
동창초등학교,강원,초,공립,,강원도 홍천군 내촌면 동창로 143 . 동창초등학교 (내촌면),0,,,0,,,,,,,,,,,,,,,,,,,,,0
두촌초등학교,강원,초,공립,,강원도 홍천군 두촌면 자은로 329 . 두촌초등학교 (두촌면),0,,,1,2020.0,,,,,,,,,,,,,,,,,,,,0
매산초등학교,강원,초,공립,,강원도 홍천군 남면 시동안로 351 (남면),0,,,0,,,,,,,,,,,,,,,,,,,,,0
명덕초등학교,강원,초,공립,,강원도 홍천군 남면 양덕원로 117 명덕초등학교 (남면),0,,,0,,,,,,,,,,,,,,,,,,,,,0
모곡초등학교,강원,초,공립,,강원도 홍천군 서면 설밀길 76 (서면. 모곡초등학교),0,,,0,,,,,,,,,,,,,,,,,,,,,0
삼생초등학교,강원,초,공립,,강원도 홍천군 서석면 구룡령로 2933 (서석면. 삼생초등학교),0,,,0,,,,,,,,,,,,,,,,,,,,,0
삼포초등학교,강원,초,공립,,강원도 홍천군 화촌면 구룡령로 339 (화촌면. 삼포초등학교),0,,,0,,,,,,,,,,,,,,,,,,,,,0
서석초등학교,강원,초,공립,,강원도 홍천군 서석면 풍암길 58 (서석면),0,,,0,,,,,,,,,,,,,,,,,,,,,0
석화초등학교,강원,초,공립,,강원도 홍천군 홍천읍 석화안길1길 12 (홍천읍. 석화초등학교),0,,,0,,,,,,,,,,,,,,,,,,,,,0
서석초등학교청량분교장,강원,초,공립,,강원도 홍천군 서석면 청량로 25 (서석면),0,,,0,,,,,,,,,,,,,,,,,,,,,0
화계초등학교대룡분교장,강원,초,공립,,강원도 홍천군 북방면 성동로 1144-5 . (화계초등학교 대룡분교) (북방면),0,,,0,,,,,,,,,,,,,,,,,,,,,0
오안초등학교,강원,초,공립,,강원도 홍천군 홍천읍 오안로 12 오안초등학교,0,,,0,,,,,,,,,,,,,,,,,,,,,0
원당초등학교,강원,초,공립,,강원도 홍천군 내면 구룡령로 5931 (내면. 원당초등학교),0,,,0,,,,,,,,,,,,,,,,,,,,,0
율전초등학교,강원,초,공립,,강원도 홍천군 내면 방내로 12 (내면. 율전초등학교),0,,,1,2019.0,,,,,,,,,,,,,,,,,,,,0
속초초등학교좌운분교장,강원,초,공립,,강원도 홍천군 동면 금계로 1534 (동면),0,,,0,,,,,,,,,,,,,,,,,,,,,0
주봉초등학교,강원,초,공립,,강원도 홍천군 홍천읍 두루봉1길 16 (홍천읍. 주봉초등학교),0,,,0,,,,,,,,,,,,,,,,,,,,,0
창촌초등학교,강원,초,공립,,강원도 홍천군 내면 구룡령로 5198 . 창촌초등학교 (내면),0,,,0,,,,,,,,,,,,,,,,,,,,,0
한서초등학교,강원,초,공립,,강원도 홍천군 서면 밤벌길2번길 12 (서면. 한서초등학교),0,,,0,,,,,,,,,,,,,,,,,,,,,0
협신초등학교,강원,초,공립,,강원도 홍천군 남면 시동안로 89 (남면),0,,,0,,,,,,,,,,,,,,,,,,,,,0
홍천초등학교,강원,초,공립,,강원도 홍천군 홍천읍 희망로4길 12 (홍천읍. 홍천초등학교),0,,,0,,,,,,,,,,,,,,,,,,,,,0
화계초등학교,강원,초,공립,,강원도 홍천군 북방면 능평길 10 (북방면.화계초등학교),0,,,0,,,,,,,,,,,,,,,,,,,,,0
화촌초등학교,강원,초,공립,,강원도 홍천군 화촌면 성산로147번길 8 . 화촌초등학교 (화촌면),0,,,0,,,,,,,,,,,,,,,,,,,,,0
내면중학교,강원,중,공립,남여공학,강원도 홍천군 내면 구룡령로 5174 . 내면중학교,0,,,0,,,,,,,,,,,,,,,,,,,,,0
내촌중학교,강원,중,공립,남여공학,강원도 홍천군 내촌면 도관길 44 . 내촌중학교 (내촌면),0,,,0,,,,,,,,,,,,,,,,,,,,,0
동화중학교,강원,중,공립,남여공학,강원도 홍천군 동면 속초길 22 . 동화중학교 (동면),0,,,0,,,,,,,,,,,,,,,,,,,,,0
두촌중학교,강원,중,공립,남여공학,강원도 홍천군 두촌면 증골길 61 (두촌면. 두촌중학교),0,,,0,,,,,,,,,,,,,,,,,,,,,0
서석중학교,강원,중,공립,남여공학,강원도 홍천군 서석면 구룡령로 2570 (서석면),0,,,0,,,,,,,,,,,,,,,,,,,,,0
양덕중학교,강원,중,공립,남여공학,강원도 홍천군 남면 새작들길 11 (남면. 강원생활과학고등학교),0,,,0,,,,,,,,,,,,,,,,,,,,,0
한서중학교,강원,중,공립,남여공학,강원도 홍천군 서면 보리울길 3 (서면. 한서중학교),0,,,0,,,,,,,,,,,,,,,,,,,,,0
홍천여자중학교,강원,중,공립,여자,강원도 홍천군 홍천읍 갈마로11길 12 (홍천읍. 홍천여자중학교),0,,,0,,,,,,,,,,,,,,,,,,,,,0
홍천중학교,강원,중,공립,남자,강원도 홍천군 홍천읍 석화로 109-10 . 홍천중학교 (홍천읍),0,,,0,,,,,,,,,,,,,,,,,,,,,0
화촌중학교,강원,중,공립,남여공학,강원도 홍천군 화촌면 삼포5길 5. 화촌중학교 (화촌면. 화촌중학교),0,,,0,,,,,,,,,,,,,,,,,,,,,0
팔렬중학교,강원,중,사립,남여공학,강원도 홍천군 내촌면 동창로 207 . 팔렬중학교 (내촌면),0,,,0,,,,,,,,,,,,,,,,,,,,,0
갑천초등학교,강원,초,공립,,강원도 횡성군 갑천면 청정로 262 (갑천면),0,,,0,,,,,,,,,,,,,,,,,,,,,0
강림초등학교,강원,초,공립,,강원도 횡성군 강림면 태종로강림4길 11 . 강림초등학교 (강림면. 강림초등학교),0,,,0,,,,,,,,,,,,,,,,,,,,,0
공근초등학교,강원,초,공립,,강원도 횡성군 공근면 영서로 207 . 공근초등학교 (공근면),0,,,0,,,,,,,,,,,,,,,,,,,,,0
둔내초등학교,강원,초,공립,,강원도 횡성군 둔내면 둔내로 47 . 6 (둔내면),0,,,1,2019.0,,,,,,,,,,,,,,,,,,,,0
청일초등학교신대분교장,강원,초,공립,,강원도 횡성군 청일면 청일로779번길 117 (청일면),0,,,0,,,,,,,,,,,,,,,,,,,,,0
서원초등학교,강원,초,공립,,강원도 횡성군 서원면 서원로 173 (서원면),0,,,1,2020.0,,,,,,,,,,,,,,,,,,,,0
성남초등학교,강원,초,공립,,강원도 횡성군 횡성읍 횡성로 109 (횡성읍),0,,,0,,,,,,,,,,,,,,,,,,,,,0
성북초등학교,강원,초,공립,,강원도 횡성군 횡성읍 성북로 10 (횡성읍),0,,,0,,,,,,,,,,,,,,,,,,,,,0
수백초등학교,강원,초,공립,,강원도 횡성군 공근면 공근남로 446 (공근면),0,,,0,,,,,,,,,,,,,,,,,,,,,0
안흥초등학교,강원,초,공립,,강원도 횡성군 안흥면 서동로 1257 . 안흥초등학교 (안흥면),0,,,0,,,,,,,,,,,,,,,,,,,,,0
우천초등학교,강원,초,공립,,강원도 횡성군 우천면 수남로 319 (우천면. 우천초등학교),0,,,0,,,,,,,,,,,,,,,,,,,,,0
유현초등학교,강원,초,공립,,강원도 횡성군 서원면 경강로 711 (서원면),0,,,0,,,,,,,,,,,,,,,,,,,,,0
안흥초등학교덕천분교장,강원,초,공립,,강원도 횡성군 안흥면 덕송로 23 . 안흥초등학교 덕천분교 (안흥면),0,,,0,,,,,,,,,,,,,,,,,,,,,0
정금초등학교,강원,초,공립,,강원도 횡성군 우천면 경강로 3276 . 정금초등학교 (우천면),0,,,0,,,,,,,,,,,,,,,,,,,,,0
창림초등학교,강원,초,공립,,강원도 횡성군 횡성읍 한우로 789 (횡성읍. 창림초등학교),0,,,0,,,,,,,,,,,,,,,,,,,,,0
청일초등학교,강원,초,공립,,강원도 횡성군 청일면 청정로 795 (청일면),0,,,0,,,,,,,,,,,,,,,,,,,,,0
춘당초등학교,강원,초,공립,,강원도 횡성군 청일면 청정로 1461 (청일면.춘당초등학교),0,,,0,,,,,,,,,,,,,,,,,,,,,0
횡성초등학교,강원,초,공립,,강원도 횡성군 횡성읍 교항북로 35 (횡성읍. 횡성초등학교),1,2023.0,교육활동 모델교,0,,,,,,,,,,,,,,,,,,,,,0
갑천중학교,강원,중,공립,남여공학,강원도 횡성군 갑천면 갑천로 17 (갑천면. 갑천중고등학교),0,,,0,,,,,,,,,,,,,,,,,,,,,0
강림중학교,강원,중,공립,남여공학,강원도 횡성군 강림면 주천강로 1145 강림중학교 (강림면),0,,,0,,,,,,,,,,,,,,,,,,,,,0
공근중학교,강원,중,공립,남여공학,강원도 횡성군 공근면 학담4길 21 (공근면.공근중학교),0,,,0,,,,,,,,,,,,,,,,,,,,,0
둔내중학교,강원,중,공립,남여공학,강원도 횡성군 둔내면 둔내로 22 (둔내면),0,,,0,,,,,,,,,,,,,,,,,,,,,0
서원중학교,강원,중,공립,남여공학,강원도 횡성군 서원면 서원로 131 (서원면),0,,,0,,,,,,,,,,,,,,,,,,,,,0
안흥중학교,강원,중,공립,남여공학,강원도 횡성군 안흥면 서동로 1121 (안흥면),0,,,0,,,,,,,,,,,,,,,,,,,,,0
우천중학교,강원,중,공립,남여공학,강원도 횡성군 우천면 수남로59번길 37 (우천면),0,,,0,,,,,,,,,,,,,,,,,,,,,0
청일중학교,강원,중,공립,남여공학,강원도 횡성군 청일면 청정로 807 (청일면. 청일중학교),0,,,0,,,,,,,,,,,,,,,,,,,,,0
횡성중학교,강원,중,공립,남자,강원도 횡성군 횡성읍 교항로 33 . 횡성중학교 (횡성읍),0,,,0,,,,,,,,,,,,,,,,,,,,,0
대동여자중학교,강원,중,사립,여자,강원도 횡성군 횡성읍 대동로 28 (횡성읍),1,2023.0,교육활동 모델교,0,,,,,,,,,,,,,,,,,,,,,0
마차초등학교공기분교장,강원,초,공립,,강원도 영월군 북면 굴앞마을길 3 (북면),0,,,0,,,,,,,,,,,,,,,,,,,,,0
구래초등학교,강원,초,공립,,강원도 영월군 상동읍 교촌길 20 (상동읍.구래초등학교),0,,,0,,,,,,,,,,,,,,,,,,,,,0
내성초등학교,강원,초,공립,,강원도 영월군 영월읍 내성안길 9 (영월읍. 내성초등학교),0,,,0,,,,,,,,,,,,,,,,,,,,,0
녹전초등학교,강원,초,공립,,강원도 영월군 중동면 유전길 3-2 (중동면. 녹전초등학교),0,,,0,,,,,,,,,,,,,,,,,,,,,0
마차초등학교,강원,초,공립,,강원도 영월군 북면 밤재로 221 . 마차리 1141 (북면),0,,,0,,,,,,,,,,,,,,,,,,,,,0
무릉초등학교,강원,초,공립,,강원도 영월군 무릉도원면 중방안길 68 (무릉도원면),0,,,1,2019.0,,,,,,,,,,,,,,,,,,,,0
봉래초등학교거운분교장,강원,초,공립,,강원도 영월군 영월읍 동강로 871-4 (영월읍),0,,,0,,,,,,,,,,,,,,,,,,,,,0
봉래초등학교,강원,초,공립,,강원도 영월군 영월읍 중앙로 168-17 (영월읍),0,,,0,,,,,,,,,,,,,,,,,,,,,0
쌍룡초등학교,강원,초,공립,,강원도 영월군 한반도면 무동길 50 . 쌍룡초등학교 (한반도면),0,,,0,,,,,,,,,,,,,,,,,,,,,0
신천초등학교,강원,초,공립,,강원도 영월군 한반도면 신천길 4 . 신천초등학교 (한반도면),0,,,1,2020.0,,,,,,,,,,,,,,,,,,,,0
연당초등학교,강원,초,공립,,강원도 영월군 남면 연당로 17 . 연당초등학교 (남면),0,,,0,,,,,,,,,,,,,,,,,,,,,0
영월초등학교연상분교장,강원,초,공립,,강원도 영월군 중동면 영월로 3815-1 (중동면. 영월초등학교연상분교),0,,,0,,,,,,,,,,,,,,,,,,,,,0
영월초등학교연하분교장,강원,초,공립,,강원도 영월군 영월읍 영월로 2986-5 (영월읍),0,,,0,,,,,,,,,,,,,,,,,,,,,0
영월초등학교,강원,초,공립,,강원도 영월군 영월읍 하송안길 100 (영월읍),0,,,0,,,,,,,,,,,,,,,,,,,,,0
옥동초등학교,강원,초,공립,,강원도 영월군 김삿갓면 영월동로 1679 (김삿갓면.옥동초등학교),0,,,0,,,,,,,,,,,,,,,,,,,,,0
주천초등학교,강원,초,공립,,강원도 영월군 주천면 주천로89. 14 (주천면),0,,,0,,,,,,,,,,,,,,,,,,,,,0
청령포초등학교,강원,초,공립,,강원도 영월군 영월읍 청령포로 191 . 청령포초등학교 (영월읍),0,,,0,,,,,,,,,,,,,,,,,,,,,0
쌍룡초등학교토교분교장,강원,초,공립,,강원도 영월군 남면 토교로 301 (남면.쌍룡초등학교 토교분교),0,,,0,,,,,,,,,,,,,,,,,,,,,0
녹전중학교,강원,중,공립,남여공학,강원도 영월군 중동면 중동시장길 3-1 (중동면. 녹전중학교),0,,,0,,,,,,,,,,,,,,,,,,,,,0
마차중학교,강원,중,공립,남여공학,강원도 영월군 북면 문학로길 25-8 (북면),0,,,0,,,,,,,,,,,,,,,,,,,,,0
봉래중학교,강원,중,공립,남여공학,강원도 영월군 영월읍 중리1길 172-17 (영월읍. 봉래중학교),0,,,0,,,,,,,,,,,,,,,,,,,,,0
상동중학교,강원,중,공립,남여공학,강원도 영월군 상동읍 태백산로 3147 . 상동중학교 (상동읍),0,,,0,,,,,,,,,,,,,,,,,,,,,0
쌍룡중학교,강원,중,공립,남여공학,강원도 영월군 한반도면 쌍용삼거리길 4 (한반도면),0,,,0,,,,,,,,,,,,,,,,,,,,,0
신천중학교,강원,중,공립,남여공학,강원도 영월군 한반도면 안새내길 64 (한반도면. 신천중학교),0,,,0,,,,,,,,,,,,,,,,,,,,,0
연당중학교,강원,중,공립,남여공학,강원도 영월군 남면 연당로 101-8 (남면.연당중학교),0,,,0,,,,,,,,,,,,,,,,,,,,,0
영월중학교,강원,중,공립,남자,강원도 영월군 영월읍 오무개길 51 (영월읍. 영월중고등학교),0,,,0,,,,,,,,,,,,,,,,,,,,,0
옥동중학교,강원,중,공립,남여공학,강원도 영월군 김삿갓면 영월동로 1664 (김삿갓면.옥동중학교),0,,,0,,,,,,,,,,,,,,,,,,,,,0
주천중학교,강원,중,공립,남여공학,강원도 영월군 주천면 주천로89번길 41 .주천중고등학교(주천면),0,,,0,,,,,,,,,,,,,,,,,,,,,0
석정여자중학교,강원,중,사립,여자,강원도 영월군 영월읍 영월로 1914-11 석정여자중학교,0,,,0,,,,,,,,,,,,,,,,,,,,,0
가평초등학교,강원,초,공립,,강원도 평창군 대화면 가평로 400 (대화면),0,,,0,,,,,,,,,,,,,,,,,,,,,0
거문초등학교,강원,초,공립,,강원도 평창군 진부면 거문길 24 . 거문초등학교 (진부면),0,,,1,2019.0,,,,,,,,,,,,,,,,,,,,0
계촌초등학교,강원,초,공립,,강원도 평창군 방림면 계촌길 63 (방림면),0,,,0,,,,,,,,,,,,,,,,,,,,,0
대화초등학교,강원,초,공립,,강원도 평창군 대화면 대화중앙로 92-9 대화초등학교(대화면. 대화초등학교),0,,,0,,,,,,,,,,,,,,,,,,,,,0
도성초등학교,강원,초,공립,,강원도 평창군 대관령면 경강로 4177-6 (대관령면. 도성초등학교),0,,,0,,,,,,,,,,,,,,,,,,,,,0
대관령초등학교,강원,초,공립,,강원도 평창군 대관령면 도암새싹길 11 . 대관령초등학교(대관령면),0,,,0,,,,,,,,,,,,,,,,,,,,,0
면온초등학교,강원,초,공립,,강원도 평창군 봉평면 태기로 493-11 (봉평면. 면온초등학교),0,,,1,2019.0,,,,,,,,,,,,,,,,,,,,0
미탄초등학교,강원,초,공립,,강원도 평창군 미탄면 미탄중앙로 49 (미탄면),0,,,0,,,,,,,,,,,,,,,,,,,,,0
방림초등학교,강원,초,공립,,강원도 평창군 방림면 방림1길 9 . 방림초등학교 (방림면),0,,,0,,,,,,,,,,,,,,,,,,,,,0
봉평초등학교,강원,초,공립,,강원도 평창군 봉평면 기풍8길 22 (봉평면),0,,,0,,,,,,,,,,,,,,,,,,,,,0
속사초등학교,강원,초,공립,,강원도 평창군 용평면 운두령로 100 (용평면),0,,,1,2018.0,,,,,,,,,,,,,,,,,,,,0
신리초등학교,강원,초,공립,,강원도 평창군 대화면 하송빈1길 23 (대화면. 신리초등학교),0,,,0,,,,,,,,,,,,,,,,,,,,,0
안미초등학교,강원,초,공립,,강원도 평창군 대화면 하안미길 11-8 . 안미초등학교 (대화면. 안미초등학교),0,,,1,2019.0,,,,,,,,,,,,,,,,,,,,0
장평초등학교,강원,초,공립,,강원도 평창군 용평면 갈정지길 35-43 (용평면. 장평초등학교),0,,,1,2018.0,,,,,,,,,,,,,,,,,,,,0
주진초등학교,강원,초,공립,,강원도 평창군 평창읍 서동로 2051-11 (평창읍. 주진초등학교),0,,,0,,,,,,,,,,,,,,,,,,,,,0
진부초등학교,강원,초,공립,,강원도 평창군 진부면 진부새싹길 52 (진부면.진부초등학교),0,,,0,,,,,,,,,,,,,,,,,,,,,0
평창초등학교,강원,초,공립,,강원도 평창군 평창읍 송학로 71 (평창읍. 평창초등학교),0,,,0,,,,,,,,,,,,,,,,,,,,,0
호명초등학교,강원,초,공립,,강원도 평창군 진부면 약수동길 11 (진부면.호명초등학교),0,,,1,2019.0,,,,,,,,,,,,,,,,,,,,0
횡계초등학교,강원,초,공립,,강원도 평창군 대관령면 꽃밭양지길 16-3 . 횡계초등학교 (대관령면),0,,,0,,,,,,,,,,,,,,,,,,,,,0
계촌중학교,강원,중,공립,남여공학,강원도 평창군 방림면 계촌길 139 (방림면.계촌중학교),0,,,0,,,,,,,,,,,,,,,,,,,,,0
대화중학교,강원,중,공립,남여공학,강원도 평창군 대화면 대화중앙로 32-8 (대화면. 대화고등학교),0,,,0,,,,,,,,,,,,,,,,,,,,,0
대관령중학교,강원,중,공립,남여공학,강원도 평창군 대관령면 올림픽로 58-17 . 대관령중학교 (대관령면),0,,,0,,,,,,,,,,,,,,,,,,,,,0
미탄중학교,강원,중,공립,남여공학,강원도 평창군 미탄면 서동로 3647 . 미탄중학교 (미탄면),0,,,0,,,,,,,,,,,,,,,,,,,,,0
봉평중학교,강원,중,공립,남여공학,강원도 평창군 봉평면 기풍4길 27-6 . 봉평중고등학교 (봉평면. 봉평중고등학교),0,,,0,,,,,,,,,,,,,,,,,,,,,0
용전중학교,강원,중,공립,남여공학,강원도 평창군 용평면 도사길 9 . 용전중학교 (용평면),0,,,0,,,,,,,,,,,,,,,,,,,,,0
진부중학교,강원,중,공립,남여공학,강원도 평창군 진부면 솔천길 69 (진부면),0,,,0,,,,,,,,,,,,,,,,,,,,,0
평창중학교,강원,중,공립,남여공학,강원도 평창군 평창읍 노성로 145 (평창읍),0,,,1,2018.0,,,,,,,,,,,,,,,,,,,,0
갈래초등학교,강원,초,공립,,강원도 정선군 고한읍 고한로 300 . 갈래초등학교 (고한읍. 갈래초등학교),0,,,0,,,,,,,,,,,,,,,,,,,,,0
고한초등학교,강원,초,공립,,강원도 정선군 고한읍 고한4길 11 . 고한초등학교 (고한읍),0,,,0,,,,,,,,,,,,,,,,,,,,,0
남선초등학교남창분교장,강원,초,공립,,강원도 정선군 남면 광락로 22 (남면.남선초등학교남창분교),0,,,0,,,,,,,,,,,,,,,,,,,,,0
남선초등학교,강원,초,공립,,강원도 정선군 남면 칠현로 70 (남면),0,,,0,,,,,,,,,,,,,,,,,,,,,0
남평초등학교,강원,초,공립,,강원도 정선군 북평면 송석길 137 (북평면),0,,,0,,,,,,,,,,,,,,,,,,,,,0
백전초등학교,강원,초,공립,,강원도 정선군 화암면 대지산길 22 (화암면. 백전초등학교),0,,,0,,,,,,,,,,,,,,,,,,,,,0
벽탄초등학교,강원,초,공립,,강원도 정선군 정선읍 벽탄길 32 (정선읍. 벽탄초등학교),0,,,0,,,,,,,,,,,,,,,,,,,,,0
봉양초등학교,강원,초,공립,,강원도 정선군 정선읍 녹송7길 1 (정선읍),0,,,0,,,,,,,,,,,,,,,,,,,,,0
사북초등학교,강원,초,공립,,강원도 정선군 사북읍 소금강로 3561 (사북읍),0,,,0,,,,,,,,,,,,,,,,,,,,,0
예미초등학교운치분교장,강원,초,공립,,강원도 정선군 신동읍 운치길 51 (신동읍),0,,,0,,,,,,,,,,,,,,,,,,,,,0
여량초등학교,강원,초,공립,,강원도 정선군 여량면 서동로 2950 (여량면),0,,,1,2019.0,,,,,,,,,,,,,,,,,,,,0
예미초등학교,강원,초,공립,,강원도 정선군 신동읍 의림로 327 . 예미초등학교 (신동읍),0,,,1,2019.0,,,,,,,,,,,,,,,,,,,,0
임계초등학교,강원,초,공립,,강원도 정선군 임계면 송계1길 7 (임계면),0,,,1,2019.0,,,,,,,,,,,,,,,,,,,,0
정선초등학교가수분교장,강원,초,공립,,강원도 정선군 정선읍 수미길 7 . 가수분교장 (정선읍),0,,,0,,,,,,,,,,,,,,,,,,,,,0
정선초등학교,강원,초,공립,,강원도 정선군 정선읍 비봉로 15 (정선읍.정선초등학교),0,,,0,,,,,,,,,,,,,,,,,,,,,0
증산초등학교,강원,초,공립,,강원도 정선군 남면 민둥산로 12 . 증산초등학교 (남면),0,,,1,2020.0,,,,,,,,,,,,,,,,,,,,0
함백초등학교,강원,초,공립,,강원도 정선군 신동읍 조동6길 17-12 (신동읍),0,,,1,2020.0,,,,,,,,,,,,,,,,,,,,0
화동초등학교,강원,초,공립,,강원도 정선군 화암면 그림바위길 66-20 . 화동초등학교 (화암면),0,,,0,,,,,,,,,,,,,,,,,,,,,0
정선중학교,강원,중,공립,남여공학,강원도 정선군 정선읍 봉양4길 15 . 정선중학교 (정선읍),0,,,0,,,,,,,,,,,,,,,,,,,,,0
고한중학교,강원,중,공립,남여공학,강원도 정선군 고한읍 고한9길 160 . 고한중학교 (고한읍),0,,,0,,,,,,,,,,,,,,,,,,,,,0
나전중학교,강원,중,공립,남여공학,강원도 정선군 북평면 남평강변로 406 (북평면),0,,,0,,,,,,,,,,,,,,,,,,,,,0
사북중학교,강원,중,공립,남여공학,강원도 정선군 사북읍 소금강로 3640 . 사북중학교 (사북읍),0,,,0,,,,,,,,,,,,,,,,,,,,,0
여량중학교,강원,중,공립,남여공학,강원도 정선군 여량면 여량7길 42 . 여량중학교 (여량면),0,,,0,,,,,,,,,,,,,,,,,,,,,0
임계중학교,강원,중,공립,남여공학,강원 정선군 임계면 백두대간로 1313 (임계면),0,,,0,,,,,,,,,,,,,,,,,,,,,0
함백중학교,강원,중,공립,남여공학,강원도 정선군 신동읍 함백로 376 (신동읍),0,,,0,,,,,,,,,,,,,,,,,,,,,0
화동중학교,강원,중,공립,남여공학,강원도 정선군 화암면 그림바위길 50 (화암면),0,,,0,,,,,,,,,,,,,,,,,,,,,0
문곡중학교,강원,중,사립,남여공학,강원도 정선군 남면 칠현로 46 . 문곡중학교 (남면),0,,,0,,,,,,,,,,,,,,,,,,,,,0
근남초등학교,강원,초,공립,,강원도 철원군 근남면 육단2길 34 (근남면.근남초등학교),0,,,0,,,,,,,,,,,,,,,,,,,,,0
김화초등학교,강원,초,공립,,강원도 철원군 김화읍 김화로 551 (김화읍),0,,,0,,,,,,,,,,,,,,,,,,,,,0
내대초등학교,강원,초,공립,,강원도 철원군 갈말읍 두루미로 422-21 (갈말읍. 내대초교),0,,,0,,,,,,,,,,,,,,,,,,,,,0
도창초등학교,강원,초,공립,,강원도 철원군 김화읍 도창2길 7-2 도창초등학교 (김화읍),0,,,0,,,,,,,,,,,,,,,,,,,,,0
동송초등학교,강원,초,공립,,강원도 철원군 동송읍 금학로187번길 16-13 (동송읍. 동송초등학교),0,,,1,2019.0,,,,,,,,,,,,,,,,,,,,0
묘장초등학교,강원,초,공립,,강원도 철원군 철원읍 묘장로 344 (철원읍. 묘장초등학교),0,,,0,,,,,,,,,,,,,,,,,,,,,0
문혜초등학교,강원,초,공립,,강원도 철원군 갈말읍 태봉로 1556 (갈말읍. 문혜초등학교),0,,,0,,,,,,,,,,,,,,,,,,,,,0
서면초등학교,강원,초,공립,,강원도 철원군 서면 자등로 634 (서면. 서면초등학교),0,,,0,,,,,,,,,,,,,,,,,,,,,0
신철원초등학교,강원,초,공립,,강원도 철원군 갈말읍 명성로139번안길 45 (갈말읍) 지포리 7,0,,,1,2017.0,,,,,,,,,,,,,,,,,,,,0
오덕초등학교,강원,초,공립,,강원도 철원군 동송읍 오덕로 159 (동송읍.오덕초교),0,,,0,,,,,,,,,,,,,,,,,,,,,0
와수초등학교,강원,초,공립,,강원도 철원군 서면 와수로 119 (서면.와수 초등학교),0,,,0,,,,,,,,,,,,,,,,,,,,,0
용정초등학교,강원,초,공립,,강원도 철원군 동송읍 상노2길 11 (동송읍),0,,,0,,,,,,,,,,,,,,,,,,,,,0
장흥초등학교,강원,초,공립,,강원도 철원군 동송읍 태봉로 2017 (동송읍),0,,,1,2020.0,,,,,,,,,,,,,,,,,,,,0
철원초등학교,강원,초,공립,,강원도 철원군 철원읍 금학로 297-18 . 화지리. 철원초등학교 (철원읍),0,,,0,,,,,,,,,,,,,,,,,,,,,0
청양초등학교,강원,초,공립,,강원도 철원군 김화읍 청양로 381-19 (김화읍. 청양초교),0,,,0,,,,,,,,,,,,,,,,,,,,,0
토성초등학교,강원,초,공립,,강원도 철원군 갈말읍 토성길 43 (갈말읍.토성초등학교),0,,,0,,,,,,,,,,,,,,,,,,,,,0
김화여자중학교,강원,중,공립,여자,강원도 철원군 서면 와수1로 90 (서면.김화여중고등학교),0,,,0,,,,,,,,,,,,,,,,,,,,,0
김화중학교,강원,중,공립,남자,강원도 철원군 서면 와수1로 72 (서면),0,,,0,,,,,,,,,,,,,,,,,,,,,0
신철원중학교,강원,중,공립,남여공학,강원도 철원군 갈말읍 명성로149번길 64 . (신철원중.고등학교),0,,,0,,,,,,,,,,,,,,,,,,,,,0
철원여자중학교,강원,중,공립,여자,강원도 철원군 동송읍 이평로123번길 40 (동송읍. 철원여자중고등학교),0,,,0,,,,,,,,,,,,,,,,,,,,,0
철원중학교,강원,중,공립,남자,강원도 철원군 철원읍 금학로251번안길 12 (철원읍. 철원중고교),0,,,0,,,,,,,,,,,,,,,,,,,,,0
상승초등학교노동분교장,강원,초,공립,,강원도 화천군 상서면 가둔지길 10-13 .상승초등학교 노동분교장(상서면),0,,,0,,,,,,,,,,,,,,,,,,,,,0
화천초등학교논미분교장,강원,초,공립,,강원도 화천군 하남면 논미1길 153 (하남면. 화천초교논미분교),0,,,0,,,,,,,,,,,,,,,,,,,,,0
광덕초등학교,강원,초,공립,,강원도 화천군 사내면 포화로 817 (사내면),0,,,0,,,,,,,,,,,,,,,,,,,,,0
다목초등학교,강원,초,공립,,강원도 화천군 상서면 다파로 9-4 (상서면. 다목초등학교),0,,,0,,,,,,,,,,,,,,,,,,,,,0
봉오초등학교,강원,초,공립,,강원도 화천군 상서면 봉오새싹길 31 (상서면),0,,,0,,,,,,,,,,,,,,,,,,,,,0
사내초등학교,강원,초,공립,,강원도 화천군 사내면 사내로3길 13 . 사내초등학교  (사내면),0,,,0,,,,,,,,,,,,,,,,,,,,,0
산양초등학교,강원,초,공립,,강원도 화천군 상서면 영서로 7778 (상서면),1,2023.0,교육활동 모델교,0,,,,,,,,,,,,,,,,,,,,,0
상승초등학교,강원,초,공립,,강원도 화천군 상서면 평촌길 126-30 상승초등학교,0,,,0,,,,,,,,,,,,,,,,,,,,,0
실내초등학교,강원,초,공립,,강원도 화천군 사내면 실내길 26 (사내면. 실내초등학교),0,,,0,,,,,,,,,,,,,,,,,,,,,0
오음초등학교,강원,초,공립,,강원도 화천군 간동면 동림길 47 . 오음초등학교 (간동면. 오음초등학교),0,,,0,,,,,,,,,,,,,,,,,,,,,0
용암초등학교,강원,초,공립,,강원도 화천군 하남면 용화산로 1325번지 (하남면. 용암초등학교),0,,,0,,,,,,,,,,,,,,,,,,,,,0
원천초등학교,강원,초,공립,,강원도 화천군 하남면 원천새싹길 16 (하남면. 원천초등학교),0,,,0,,,,,,,,,,,,,,,,,,,,,0
유촌초등학교,강원,초,공립,,강원도 화천군 간동면 파로호로 935-9 (간동면. 유촌초등학교),0,,,0,,,,,,,,,,,,,,,,,,,,,0
풍산초등학교,강원,초,공립,,강원도 화천군 화천읍 평화로 1284 (화천읍),0,,,1,2019.0,,,,,,,,,,,,,,,,,,,,0
화천초등학교,강원,초,공립,,강원도 화천군 화천읍 화천새싹길 57 (화천읍),0,,,0,,,,,,,,,,,,,,,,,,,,,0
간동중학교,강원,중,공립,남여공학,강원도 화천군 간동면 파로호로 945-21 . 간동중학교 (간동면),0,,,0,,,,,,,,,,,,,,,,,,,,,0
사내중학교,강원,중,공립,남여공학,강원도 화천군 사내면 포화로 1093 (사내면.사내중·고등학교),0,,,0,,,,,,,,,,,,,,,,,,,,,0
상서중학교,강원,중,공립,남여공학,강원도 화천군 상서면 평촌길 126-44 (상서면. 상서중학교),0,,,0,,,,,,,,,,,,,,,,,,,,,0
화천중학교,강원,중,공립,남여공학,강원도 화천군 하남면 춘화로 3348-9 화천중학교 (하남면),0,,,0,,,,,,,,,,,,,,,,,,,,,0
도촌초등학교,강원,초,공립,,강원도 양구군 남면 정중앙로 259 . 도촌초등학교,0,,,0,,,,,,,,,,,,,,,,,,,,,0
방산초등학교,강원,초,공립,,강원도 양구군 방산면 평화로 5121-7 . 방산초등학교 (방산면),0,,,0,,,,,,,,,,,,,,,,,,,,,0
비봉초등학교,강원,초,공립,,강원도 양구군 양구읍 관공서로 56 (양구읍. 비봉초등학교),0,,,0,,,,,,,,,,,,,,,,,,,,,0
양구초등학교,강원,초,공립,,강원도 양구군 양구읍 양구새싹로 48 (양구읍. 양구초등학교),0,,,0,,,,,,,,,,,,,,,,,,,,,0
용하초등학교,강원,초,공립,,강원도 양구군 남면 정중앙로 624-7 (남면. 용하초등학교),0,,,0,,,,,,,,,,,,,,,,,,,,,0
임당초등학교,강원,초,공립,,강원도 양구군 동면 금강산로 1673 (동면),0,,,0,,,,,,,,,,,,,,,,,,,,,0
죽리초등학교,강원,초,공립,,강원도 양구군 남면 춘양로 2726 (남면),0,,,0,,,,,,,,,,,,,,,,,,,,,0
한전초등학교,강원,초,공립,,강원도 양구군 양구읍 금강산로 858 (양구읍.한전초등학교),0,,,0,,,,,,,,,,,,,,,,,,,,,0
해안초등학교,강원,초,공립,,강원도 양구군 해안면 펀치볼로 1341-33 (해안면. 해안초등학교),0,,,0,,,,,,,,,,,,,,,,,,,,,0
대암중학교,강원,중,공립,남여공학,강원도 양구군 동면 남동로 651 (동면),0,,,0,,,,,,,,,,,,,,,,,,,,,0
방산중학교,강원,중,공립,남여공학,강원도 양구군 방산면 평화로 5057 (방산면. 방산중학교),0,,,0,,,,,,,,,,,,,,,,,,,,,0
양구여자중학교,강원,중,공립,여자,강원도 양구군 양구읍 박수근로 327 . 양구여자중학교 (양구읍),0,,,0,,,,,,,,,,,,,,,,,,,,,0
양구중학교,강원,중,공립,남자,강원도 양구군 양구읍 중심로 115 (양구읍.양구중.고등학교),0,,,0,,,,,,,,,,,,,,,,,,,,,0
용하중학교,강원,중,공립,남여공학,강원도 양구군 남면 정중앙로658번길 19 (남면. 용하중학교),0,,,0,,,,,,,,,,,,,,,,,,,,,0
해안중학교,강원,중,공립,남여공학,강원도 양구군 해안면 펀치볼로 1279 (해안면),0,,,0,,,,,,,,,,,,,,,,,,,,,0
기린초등학교방동분교장,강원,초,공립,,강원도 인제군 기린면 조침령로 671 (기린면),0,,,0,,,,,,,,,,,,,,,,,,,,,0
귀둔초등학교,강원,초,공립,,강원도 인제군 인제읍 점봉산로 51 (인제읍. 귀둔초등학교),0,,,1,2016.0,,,,,,,,,,,,,,,,,,,,0
기린초등학교진동분교장,강원,초,공립,,강원도 인제군 기린면 설피밭길 432 (기린면),0,,,0,,,,,,,,,,,,,,,,,,,,,0
기린초등학교,강원,초,공립,,강원도 인제군 기린면 기린로 76 . 기린초등학교 (기린면),0,,,0,,,,,,,,,,,,,,,,,,,,,0
부평초등학교,강원,초,공립,,강원도 인제군 남면 신남로94번길 7 . 부평초등학교 (남면),0,,,0,,,,,,,,,,,,,,,,,,,,,0
어론초등학교,강원,초,공립,,강원도 인제군 남면 설악로 198 (남면.어론초등학교),0,,,0,,,,,,,,,,,,,,,,,,,,,0
부평초등학교신월분교장,강원,초,공립,,강원도 인제군 남면 신월로 431 . 부평초등학교 신월분교장 (남면),0,,,0,,,,,,,,,,,,,,,,,,,,,0
상남초등학교,강원,초,공립,,강원도 인제군 상남면 내린천로 2548 (상남면),0,,,0,,,,,,,,,,,,,,,,,,,,,0
서성초등학교,강원,초,공립,,강원도 인제군 서화면 금강로 1801-42 . 서성초등학교 (서화면),0,,,0,,,,,,,,,,,,,,,,,,,,,0
서화초등학교,강원,초,공립,,강원도 인제군 서화면 금강로 1490,0,,,0,,,,,,,,,,,,,,,,,,,,,0
용대초등학교,강원,초,공립,,강원도 인제군 북면 미시령로 1031 . 용대초등학교 (북면),0,,,0,,,,,,,,,,,,,,,,,,,,,0
원통초등학교,강원,초,공립,,강원도 인제군 북면 원통로 129 (북면. 원통초등학교),0,,,0,,,,,,,,,,,,,,,,,,,,,0
원통초등학교신덕분교장,강원,초,공립,,강원도 인제군 인제읍 신덕길 63 (인제읍. 신덕분교),0,,,0,,,,,,,,,,,,,,,,,,,,,0
월학초등학교,강원,초,공립,,강원도 인제군 북면 금강로 732 (북면),0,,,0,,,,,,,,,,,,,,,,,,,,,0
인제초등학교,강원,초,공립,,강원도 인제군 인제읍 인제로277번길 20 (인제읍.인제초등학교),1,2023.0,교육활동 모델교,0,,,,,,,,,,,,,,,,,,,,,0
인제남초등학교,강원,초,공립,,강원도 인제군 인제읍 인제로156번길 34 . 인제남초등학교 (인제읍),0,,,0,,,,,,,,,,,,,,,,,,,,,0
하남초등학교,강원,초,공립,,강원도 인제군 상남면 내린천로 3195 . 하남초등학교 (상남면. 하남초등학교),0,,,0,,,,,,,,,,,,,,,,,,,,,0
한계초등학교,강원,초,공립,,강원도 인제군 북면 한계1길 33 (북면),0,,,0,,,,,,,,,,,,,,,,,,,,,0
기린중학교,강원,중,공립,남여공학,강원도 인제군 기린면 창암길 20 . 기린중학교 (기린면. 기린중고등학교),0,,,0,,,,,,,,,,,,,,,,,,,,,0
상남중학교,강원,중,공립,남여공학,강원도 인제군 상남면 상남로 47 .16 (상남면),0,,,0,,,,,,,,,,,,,,,,,,,,,0
서화중학교,강원,중,공립,남여공학,강원도 인제군 서화면 천도로 112 (서화면),0,,,0,,,,,,,,,,,,,,,,,,,,,0
신남중학교,강원,중,공립,남여공학,강원도 인제군 남면 신남로 47-35 (남면. 신남중고등학교),0,,,0,,,,,,,,,,,,,,,,,,,,,0
원통중학교,강원,중,공립,남여공학,강원도 인제군 북면 원통로 285 (북면),0,,,0,,,,,,,,,,,,,,,,,,,,,0
인제중학교,강원,중,공립,남여공학,강원도 인제군 인제읍 인제로 231 . 12 (인제읍),0,,,0,,,,,,,,,,,,,,,,,,,,,0
간성초등학교,강원,초,공립,,강원도 고성군 간성읍 간성로 39 . 20 (간성읍),0,,,0,,,,,,,,,,,,,,,,,,,,,0
거성초등학교,강원,초,공립,,강원도 고성군 거진읍 거성길 38 (거진읍. 거성초등학교),0,,,1,2020.0,,,,,,,,,,,,,,,,,,,,0
거진초등학교,강원,초,공립,,강원도 고성군 거진읍 자산길 19 . 거진초등학교 (거진읍. 거진초등학교),0,,,0,,,,,,,,,,,,,,,,,,,,,0
공현진초등학교,강원,초,공립,,강원도 고성군 죽왕면 공현진한옥길 49 (죽왕면. 공현진초등학교),0,,,0,,,,,,,,,,,,,,,,,,,,,0
광산초등학교,강원,초,공립,,강원도 고성군 간성읍 진부령로 2427 (간성읍.광산초등학교),0,,,0,,,,,,,,,,,,,,,,,,,,,0
대진초등학교,강원,초,공립,,강원도 고성군 현내면 대진3길 15 . 대진리. 대진초등학교 (현내면),0,,,1,2019.0,,,,,,,,,,,,,,,,,,,,0
도학초등학교,강원,초,공립,,강원도 고성군 토성면 무릉도원로 486 (토성면),0,,,0,,,,,,,,,,,,,,,,,,,,,0
광산초등학교흘리분교장,강원,초,공립,,강원도 고성군 간성읍 흘리령길 3-15 . 광산초등학교 흘리분교 (간성읍.광산초등학교흘리분교),0,,,0,,,,,,,,,,,,,,,,,,,,,0
동광초등학교,강원,초,공립,,강원도 고성군 토성면 교암1길 15 . 동광초등학교 (토성면),0,,,0,,,,,,,,,,,,,,,,,,,,,0
명파초등학교,강원,초,공립,,강원도 고성군 현내면 금강산로 840 (현내면),0,,,0,,,,,,,,,,,,,,,,,,,,,0
아야진초등학교,강원,초,공립,,강원도 고성군 토성면 아야진길 15 (토성면),0,,,0,,,,,,,,,,,,,,,,,,,,,0
오호초등학교,강원,초,공립,,강원도 고성군 죽왕면 황포길 28 (죽왕면. 오호초등학교),0,,,0,,,,,,,,,,,,,,,,,,,,,0
인흥초등학교,강원,초,공립,,강원도 고성군 토성면 인흥1길 26 . 인흥초등학교 (토성면),0,,,0,,,,,,,,,,,,,,,,,,,,,0
죽왕초등학교,강원,초,공립,,강원도 고성군 죽왕면 송지호로 6 . 죽왕초등학교 (죽왕면),0,,,1,2018.0,,,,,,,,,,,,,,,,,,,,0
천진초등학교,강원,초,공립,,강원도 고성군 토성면 천진1길 14 (토성면. 천진초등학교),0,,,0,,,,,,,,,,,,,,,,,,,,,0
거진중학교,강원,중,공립,남여공학,강원도 고성군 거진읍 거평로 69 (거진읍. 거진중학교),0,,,0,,,,,,,,,,,,,,,,,,,,,0
고성중학교,강원,중,공립,남여공학,강원도 고성군 간성읍 수성로 125 (간성읍. 고성중고등학교),0,,,0,,,,,,,,,,,,,,,,,,,,,0
대진중학교,강원,중,공립,남여공학,강원도 고성군 현내면 화진포길 476 (현내면.대진중고등학교),0,,,0,,,,,,,,,,,,,,,,,,,,,0
동광중학교,강원,중,공립,남여공학,강원도 고성군 토성면 백촌길 30-15 (토성면.동광중.산업과학고등학교),0,,,0,,,,,,,,,,,,,,,,,,,,,0
충북대학교사범대학부설고등학교,충북,고,국립,남여공학,충청북도 청주시 흥덕구 장구봉로41번길 12 (가경동. 충북대학교사범대학중고등학교),0,,,0,,,,,,,,,,,,,,,,,,,,,0
금천고등학교,충북,고,공립,남여공학,충청북도 청주시 상당구 호미로233번길 65 . 금천고등학교 (금천동),0,,,0,,,,,,,,,,,,,,,,,,,,,0
상당고등학교,충북,고,공립,남여공학,충청북도 청주시 상당구 월평로238번길 3-10 (용암동),0,,,0,,,,,,,,,,,,,,,,,,,,,0
청주고등학교,충북,고,공립,남자,충청북도 청주시 흥덕구 사직대로 79 (복대동.청주고등학교),1,2023.0,정보교육실 구축교,1,2019.0,,,,,,,,,,,,,,,,,,,,1
청주여자고등학교,충북,고,공립,여자,충청북도 청주시 청원구 충청대로107번길 82 (율량동. 청주여자고등학교),0,,,1,2016.0,,,,,,,,,,,,,,,,,,,,0
청주중앙여자고등학교,충북,고,공립,여자,충청북도 청주시 서원구 천석로 15 (사창동),1,2023.0,정보교육실 구축교,1,2019.0,,,,,,,,,,,,,,,,,,,,1
충북고등학교,충북,고,공립,남자,충청북도 청주시 서원구 청남로 1969 . 충북고등학교 (분평동),0,,,0,,,,,,,,,,,,,,,,,,,,,0
국원고등학교,충북,고,공립,남여공학,충청북도 충주시 탄금대로 88 . 국원고등학교 (봉방동 72),0,,,0,,,,,,,,,,,,,,,,,,,,,0
세광고등학교,충북,고,사립,남자,충청북도 청주시 서원구 2순환로 1572 (미평동. 세광고등학교),0,,,0,,,,,,,,,,,,,,,,,,,,,0
양청고등학교,충북,고,공립,남여공학,충청북도 청주시 청원구 오창읍 양청6길 33 (오창읍),1,2023.0,정보교육실 구축교,0,,,,,,,,,,,,,,,,,,,,,0
청주신흥고등학교,충북,고,사립,남자,충청북도 청주시 청원구 율봉로 229 (율량동.청주신흥고등학교),0,,,0,,,,,,,,,,,,,,,,,,,,,0
운호고등학교,충북,고,사립,남자,충청북도 청주시 서원구 무심서로 375 . 운호고등학교 (모충동),0,,,0,,,,,,,,,,,,,,,,,,,,,0
일신여자고등학교,충북,고,사립,여자,충청북도 청주시 상당구 영운로 126 (탑동),0,,,0,,,,,,,,,,,,,,,,,,,,,0
제천제일고등학교,충북,고,공립,남여공학,충청북도 제천시 의병대로 177 . 제천제일고등학교 (동현동),0,,,1,2019.0,,,,,,,,,,,,,,,,,,,,0
청석고등학교,충북,고,사립,남자,충청북도 청주시 상당구 원봉로 75 (용암동),1,2023.0,정보교육실 구축교,0,,,,,,,,,,,,,,,,,,,,,0
충북여자고등학교,충북,고,사립,여자,충청북도 청주시 서원구 무심서로 377-2. 충북여자고등학교,0,,,0,,,,,,,,,,,,,,,,,,,,,0
주덕고등학교,충북,고,공립,남여공학,충청북도 충주시 주덕읍 창전길 223 . 주덕고등학교 (주덕읍),0,,,0,,,,,,,,,,,,,,,,,,,,,0
충주고등학교,충북,고,공립,남자,충청북도 충주시 예성로 37 . 충주고 (호암동. 충주고등학교),0,,,1,2019.0,,,,,,,,,,,,,,,,,,,,0
충주여자고등학교,충북,고,공립,여자,충청북도 충주시 형설로 77 (용산동),0,,,0,,,,,,,,,,,,,,,,,,,,,0
충주예성여자고등학교,충북,고,공립,여자,충청북도 충주시 호암대로 42 (호암동. 충주예성여자고등학교),0,,,0,,,,,,,,,,,,,,,,,,,,,0
충주대원고등학교,충북,고,사립,남자,충청북도 충주시 안림로 43 (안림동.충주대원고등학교),1,2023.0,교육활동 모델교,0,,,,,,,,,,,,,,,,,,,,,0
충주중산고등학교,충북,고,사립,남여공학,충청북도 충주시 방아길 20 (호암동. 충주중산고등학교),1,2023.0,정보교육실 구축교,0,,,,,,,,,,,,,,,,,,,,,0
충원고등학교,충북,고,사립,남여공학,충청북도 충주시 엄정면 동막강현길 377 . 충원고등학교 (엄정면),0,,,0,,,,,,,,,,,,,,,,,,,,,0
제천고등학교,충북,고,공립,남자,충청북도 제천시 칠성로 105 (청전동.제천고등학교),0,,,1,2018.0,,,,,,,,,,,,,,,,,,,,0
학산고등학교,충북,고,공립,남여공학,충청북도 영동군 학산면 학산양산로 12 (학산면),0,,,0,,,,,,,,,,,,,,,,,,,,,0
제천여자고등학교,충북,고,공립,여자,충청북도 제천시 내제로6길 13 (서부동),0,,,1,2017.0,,,,,,,,,,,,,,,,,,,,0
세명고등학교,충북,고,사립,남여공학,충청북도 제천시 세명로 88 (신월동. 세명고등학교),0,,,0,,,,,,,,,,,,,,,,,,,,,0
한국교원대학교부설고등학교,충북,고,국립,남여공학,충청북도 청주시 흥덕구 강내면 태성탑연로 250,0,,,0,,,,,,,,,,,,,,,,,,,,,0
오창고등학교,충북,고,공립,남여공학,충청북도 청주시 청원구 오창읍 괴정1길 10 (오창읍. 오창고등학교),0,,,0,,,,,,,,,,,,,,,,,,,,,0
양업고등학교,충북,고,사립,남여공학,충청북도 청주시 흥덕구 옥산면 환희길 277 (옥산면),0,,,0,,,,,,,,,,,,,,,,,,,,,0
보은여자고등학교,충북,고,공립,여자,충청북도 보은군 보은읍 보은로 223 (보은읍. 보은여자중고등학교),0,,,0,,,,,,,,,,,,,,,,,,,,,0
보은고등학교,충북,고,사립,남여공학,충청북도 보은군 보은읍 보은로 17 . 보은고등학교 (보은읍),1,2023.0,정보교육실 구축교,0,,,,,,,,,,,,,,,,,,,,,0
옥천고등학교,충북,고,공립,남여공학,충청북도 옥천군 옥천읍 중앙로 115 (옥천읍),0,,,1,2019.0,,,,,,,,,,,,,,,,,,,,0
청산고등학교,충북,고,공립,남여공학,충청북도 옥천군 청산면 청산로 92 (청산면. 관공서(청산고등학교)),0,,,0,,,,,,,,,,,,,,,,,,,,,0
영동고등학교,충북,고,공립,남여공학,충청북도 영동군 영동읍 계산로 122 (영동읍),0,,,1,2018.0,,,,,,,,,,,,,,,,,,,,0
황간고등학교,충북,고,공립,남여공학,충청북도 영동군 황간면 남성동3길 4-22 . 황간고등학교 (황간면),0,,,0,,,,,,,,,,,,,,,,,,,,,0
진천고등학교,충북,고,공립,남여공학,충청북도 진천군 진천읍 문화12길 48 (진천고등학교),1,2023.0,교육활동 모델교,0,,,,,,,,,,,,,,,,,,,,,0
광혜원고등학교,충북,고,공립,남여공학,충청북도 진천군 광혜원면 덕성산로 56 (광혜원면),0,,,0,,,,,,,,,,,,,,,,,,,,,0
괴산고등학교,충북,고,공립,남여공학,충청북도 괴산군 괴산읍 읍내로 106 (괴산읍. 괴산고교),0,,,0,,,,,,,,,,,,,,,,,,,,,0
목도고등학교,충북,고,공립,남여공학,충청북도 괴산군 불정면 한불로청덕1길 50-15 . 목도고등학교 (불정면),0,,,0,,,,,,,,,,,,,,,,,,,,,0
형석고등학교,충북,고,사립,남여공학,충청북도 증평군 증평읍 미암로 26 (증평읍.형석고등학교),0,,,0,,,,,,,,,,,,,,,,,,,,,0
음성고등학교,충북,고,공립,남여공학,충청북도 음성군 음성읍 중앙로 109-16 (음성읍),1,2023.0,정보교육실 구축교,0,,,,,,,,,,,,,,,,,,,,,0
대금고등학교,충북,고,공립,남여공학,충청북도 음성군 금왕읍 신내로 507 (금왕읍. 대금고등학교),0,,,0,,,,,,,,,,,,,,,,,,,,,0
단양고등학교,충북,고,공립,남여공학,충청북도 단양군 단양읍 수변로 2 (단양읍. 단양고등학교),0,,,0,,,,,,,,,,,,,,,,,,,,,0
청주대성고등학교,충북,고,사립,남여공학,충청북도 청주시 청원구 대성로300번길 18 . 청주대성고등학교 (내덕동),0,,,0,,,,,,,,,,,,,,,,,,,,,0
주성고등학교,충북,고,공립,남여공학,충청북도 청주시 상당구 호미로 310 (용담동. 주성고등학교),0,,,0,,,,,,,,,,,,,,,,,,,,,0
흥덕고등학교,충북,고,공립,남여공학,충청북도 청주시 흥덕구 증안로 9 (복대동),1,2023.0,정보교육실 구축교,0,,,,,,,,,,,,,,,,,,,,,0
서원고등학교,충북,고,공립,남여공학,충청북도 청주시 흥덕구 가경로 49 (가경동.서원고등학교),1,2023.0,정보교육실 구축교,0,,,,,,,,,,,,,,,,,,,,,0
매괴고등학교,충북,고,사립,남여공학,충북 음성군 감곡면 매괴길 10 . 매괴고등학교,0,,,0,,,,,,,,,,,,,,,,,,,,,0
봉명고등학교,충북,고,공립,남여공학,충청북도 청주시 흥덕구 월명로220번길 19 (봉명동),0,,,0,,,,,,,,,,,,,,,,,,,,,0
산남고등학교,충북,고,공립,여자,충청북도 청주시 서원구 두꺼비로 7 (산남동. 산남고등학교),1,2023.0,교육활동 모델교,0,,,,,,,,,,,,,,,,,,,,,0
청원고등학교,충북,고,공립,남여공학,충청북도 청주시 청원구 오창읍 구룡5길 9 (오창읍. 청원고등학교),0,,,0,,,,,,,,,,,,,,,,,,,,,0
오송고등학교,충북,고,공립,남여공학,충청북도 청주시 흥덕구 오송읍 오송생명3로 95 (오송읍. 오송고등학교),1,2023.0,교육활동 모델교,1,2020.0,,,,,,,,,,,,,,,,,,,,1
서전고등학교,충북,고,공립,남여공학,충청북도 진천군 덕산면 대하로 47 . 서전고등학교 (덕산면),0,,,0,,,,,,,,,,,,,,,,,,,,,0
충북체육고등학교,충북,고,공립,남여공학,충청북도 진천군 문백면 도하3길 120 (문백면),0,,,0,,,,,,,,,,,,,,,,,,,,,0
충북과학고등학교,충북,고,공립,남여공학,충청북도 청주시 상당구 가덕면 교육원로 153-135 . 충북과학고등학교 (가덕면),0,,,0,,,,,,,,,,,,,,,,,,,,,0
충북예술고등학교,충북,고,공립,남여공학,충청북도 청주시 흥덕구 서부로 1185 (가경동.충북예술고등학교),0,,,0,,,,,,,,,,,,,,,,,,,,,0
청주외국어고등학교,충북,고,공립,남여공학,충청북도 청주시 흥덕구 장구봉로 107 (복대동),0,,,0,,,,,,,,,,,,,,,,,,,,,0
청주농업고등학교,충북,고,공립,남여공학,충청북도 청주시 청원구 내덕로 45 (내덕동),0,,,0,,,,,,,,,,,,,,,,,,,,,0
충북생명산업고등학교,충북,고,공립,남여공학,충청북도 보은군 보은읍 자영고길 10 . 충북생명산업고등학교 (보은읍),0,,,0,,,,,,,,,,,,,,,,,,,,,0
영동산업과학고등학교,충북,고,공립,남여공학,충청북도 영동군 영동읍 학산영동로 1213 (영동읍),0,,,0,,,,,,,,,,,,,,,,,,,,,0
한국바이오마이스터고등학교,충북,고,공립,남여공학,충청북도 진천군 진천읍 남산4길 13 한국바이오마이스터고등학교,0,,,0,,,,,,,,,,,,,,,,,,,,,0
청주공업고등학교,충북,고,공립,남자,충청북도 청주시 상당구 교서로 17 (영동),0,,,0,,,,,,,,,,,,,,,,,,,,,0
청주하이텍고등학교,충북,고,공립,남여공학,충청북도 청주시 서원구 1순환로1137번길 59 (분평동),0,,,0,,,,,,,,,,,,,,,,,,,,,0
충북공업고등학교,충북,고,공립,남여공학,충청북도 청주시 흥덕구 서부로1205번길 52 (가경동.충북공업고등학교),0,,,0,,,,,,,,,,,,,,,,,,,,,0
충주공업고등학교,충북,고,공립,남여공학,충청북도 충주시 형설로 120 . 충주공업고등학교 (용산동),0,,,0,,,,,,,,,,,,,,,,,,,,,0
제천디지털전자고등학교,충북,고,공립,남여공학,충청북도 제천시 봉양읍 팔송로 84 . 제천디지털전자고등학교 (봉양읍),0,,,0,,,,,,,,,,,,,,,,,,,,,0
제천산업고등학교,충북,고,공립,남여공학,충청북도 제천시 단양로10길 160 (고명동),0,,,0,,,,,,,,,,,,,,,,,,,,,0
충북에너지고등학교,충북,고,공립,남여공학,충청북도 청주시 상당구 미원면 미원초정로 27 (미원면),0,,,0,,,,,,,,,,,,,,,,,,,,,0
증평공업고등학교,충북,고,공립,남여공학,충청북도 증평군 증평읍 광장로 180 . 증평공업고등학교 (증평읍),0,,,0,,,,,,,,,,,,,,,,,,,,,0
충북반도체고등학교,충북,고,공립,남여공학,충청북도 음성군 금왕읍 무극로 393-1 (금왕읍),0,,,0,,,,,,,,,,,,,,,,,,,,,0
충북상업정보고등학교,충북,고,공립,남여공학,충청북도 청주시 청원구 율천북로 73 . 충북상업정보고등학교 (율량동),0,,,0,,,,,,,,,,,,,,,,,,,,,0
대성여자상업고등학교,충북,고,사립,여자,충청북도 청주시 상당구 대성로 220 (수동),0,,,0,,,,,,,,,,,,,,,,,,,,,0
청주여자상업고등학교,충북,고,사립,여자,충청북도 청주시 서원구 무심서로 377-1 . 청주여자상업고등학교 (모충동),0,,,1,2020.0,,,,,,,,,,,,,,,,,,,,0
충북산업과학고등학교,충북,고,공립,남여공학,충청북도 옥천군 옥천읍 중앙로 144 (옥천읍),0,,,0,,,,,,,,,,,,,,,,,,,,,0
충주상업고등학교,충북,고,사립,남여공학,충청북도 충주시 방아길 20 . 충주상업고등학교(호암동),0,,,0,,,,,,,,,,,,,,,,,,,,,0
한림디자인고등학교,충북,고,사립,여자,충청북도 충주시 야현1길 21 한림디자인고등학교(교현동),0,,,0,,,,,,,,,,,,,,,,,,,,,0
제천상업고등학교,충북,고,공립,남여공학,충청북도 제천시 의병대로 243 . 제천상업고등학교 (신백동),0,,,0,,,,,,,,,,,,,,,,,,,,,0
현도정보고등학교,충북,고,사립,남여공학,충청북도 청주시 서원구 현도면 죽암도원로 34-13 현도정보고등학교(현도면. 현도정보고등학교),0,,,0,,,,,,,,,,,,,,,,,,,,,0
보은정보고등학교,충북,고,공립,남여공학,충청북도 보은군 보은읍 성주길 27 . 보은정보고등학교 (보은읍),0,,,0,,,,,,,,,,,,,,,,,,,,,0
영동인터넷고등학교,충북,고,사립,남여공학,충청북도 영동군 영동읍 대학로 10 . 영동인터넷고등학교 (영동읍),0,,,0,,,,,,,,,,,,,,,,,,,,,0
진천상업고등학교,충북,고,공립,남여공학,충청북도 진천군 진천읍 문화3길 25 (진천읍.진천상업고등학교),0,,,0,,,,,,,,,,,,,,,,,,,,,0
증평정보고등학교,충북,고,공립,남여공학,충청북도 증평군 증평읍 중앙로 132 (증평읍),0,,,0,,,,,,,,,,,,,,,,,,,,,0
한국호텔관광고등학교,충북,고,공립,남여공학,충청북도 단양군 단성면 북상하리길 69 (단성면),0,,,0,,,,,,,,,,,,,,,,,,,,,0
청주교육대학교부설초등학교,충북,초,국립,,충청북도 청주시 서원구 청남로 2067 . 청주교육대학교부설초등학교 (수곡동),0,,,0,,,,,,,,,,,,,,,,,,,,,0
중앙초등학교,충북,초,공립,,충청북도 청주시 청원구 율봉로 287 (율량동),0,,,0,,,,,,,,,,,,,,,,,,,,,0
가경초등학교,충북,초,공립,,충청북도 청주시 흥덕구 장구봉로 93 (복대동. 가경초등학교),0,,,1,2020.0,,,,,,,,,,,,,,,,,,,,0
강서초등학교,충북,초,공립,,충청북도 청주시 흥덕구 비하로9번길 38 . 강서초등학교 (비하동),0,,,0,,,,,,,,,,,,,,,,,,,,,0
경산초등학교,충북,초,공립,,충청북도 청주시 흥덕구 경산로 82-12 (가경동),0,,,0,,,,,,,,,,,,,,,,,,,,,0
교동초등학교,충북,초,공립,,충청북도 청주시 상당구 용암로 6 . 교동초등학교 (용암동),0,,,1,2019.0,,,,,,,,,,,,,,,,,,,,0
금천초등학교,충북,초,공립,,충청북도 청주시 상당구 수영로 248 (금천동),0,,,0,,,,,,,,,,,,,,,,,,,,,0
남성초등학교,충북,초,공립,,충청북도 청주시 서원구 청남로 1964 (분평동. 남성초등학교),0,,,0,,,,,,,,,,,,,,,,,,,,,0
내곡초등학교,충북,초,공립,,충청북도 청주시 흥덕구 내곡로 6 (내곡동.내곡초등학교),0,,,0,,,,,,,,,,,,,,,,,,,,,0
청주내덕초등학교,충북,초,공립,,충청북도 청주시 청원구 안덕벌로52번길 22-1 . 청주내덕초등학교 (내덕동),0,,,0,,,,,,,,,,,,,,,,,,,,,0
덕벌초등학교,충북,초,공립,,충청북도 청주시 청원구 1순환로339번길 86 . 덕벌초등학교 (우암동),0,,,0,,,,,,,,,,,,,,,,,,,,,0
덕성초등학교,충북,초,공립,,충청북도 청주시 청원구 공항로 113 (율량동.덕성초등학교),0,,,0,,,,,,,,,,,,,,,,,,,,,0
모충초등학교,충북,초,공립,,충청북도 청주시 서원구 쌍샘로 49 (모충동.모충초등학교),0,,,0,,,,,,,,,,,,,,,,,,,,,0
복대초등학교,충북,초,공립,,충청북도 청주시 흥덕구 풍산로 167 (복대동.복대초등학교),0,,,0,,,,,,,,,,,,,,,,,,,,,0
봉명초등학교,충북,초,공립,,충청북도 청주시 흥덕구 봉명로141번길 3 (봉명동),0,,,0,,,,,,,,,,,,,,,,,,,,,0
봉정초등학교,충북,초,공립,,충청북도 청주시 흥덕구 월명로140번길 37 (봉명동. 봉정초등학교),0,,,0,,,,,,,,,,,,,,,,,,,,,0
북일초등학교,충북,초,공립,,충청북도 청주시 청원구 주중로 13-19 (주중동),0,,,0,,,,,,,,,,,,,,,,,,,,,0
분평초등학교,충북,초,공립,,충청북도 청주시 서원구 무심서로 205 (분평동),1,2023.0,교육활동 모델교,0,,,,,,,,,,,,,,,,,,,,,0
사직초등학교,충북,초,공립,,충청북도 청주시 서원구 남사로 25 . 사직초등학교 (사직동),0,,,0,,,,,,,,,,,,,,,,,,,,,0
상당초등학교,충북,초,공립,,충청북도 청주시 상당구 무농정로 62 . 상당초등학교 (용암동),0,,,0,,,,,,,,,,,,,,,,,,,,,0
새터초등학교,충북,초,공립,,충청북도 청주시 청원구 새터로 224 (사천동),0,,,0,,,,,,,,,,,,,,,,,,,,,0
서원초등학교,충북,초,공립,,충청북도 청주시 흥덕구 가로수로 1340-6 (복대동. 서원초등학교),0,,,0,,,,,,,,,,,,,,,,,,,,,0
서촌초등학교,충북,초,공립,,충청북도 청주시 흥덕구 동촌로 126 (서촌동),0,,,0,,,,,,,,,,,,,,,,,,,,,0
석교초등학교,충북,초,공립,,충청북도 청주시 상당구 대성로 14 . 석교초등학교 (석교동),0,,,0,,,,,,,,,,,,,,,,,,,,,0
수곡초등학교,충북,초,공립,,충청북도 청주시 서원구 수곡로 73 (수곡동. 수곡초등학교),0,,,0,,,,,,,,,,,,,,,,,,,,,0
용담초등학교,충북,초,공립,,충청북도 청주시 상당구 용담로105번길 32 . 용담초등학교 (용담동),0,,,0,,,,,,,,,,,,,,,,,,,,,0
용암초등학교,충북,초,공립,,충청북도 청주시 상당구 원봉로 55 . 용암초등학교 (용암동),0,,,0,,,,,,,,,,,,,,,,,,,,,0
우암초등학교,충북,초,공립,,충청북도 청주시 청원구 상당로 204 (우암동),0,,,0,,,,,,,,,,,,,,,,,,,,,0
운동초등학교,충북,초,공립,,충청북도 청주시 상당구 목련로117번길 109 (용암동. 운동초등학교),0,,,0,,,,,,,,,,,,,,,,,,,,,0
운천초등학교,충북,초,공립,,충청북도 청주시 흥덕구 무심서로 721 . 운천초등학교 (운천동),0,,,1,2019.0,,,,,,,,,,,,,,,,,,,,0
원봉초등학교,충북,초,공립,,충청북도 청주시 상당구 월평로 153번길 25 . 원봉초등학교 (용암동),0,,,0,,,,,,,,,,,,,,,,,,,,,0
원평초등학교,충북,초,공립,,충청북도 청주시 서원구 원마루로 32 . 원평초등학교 (분평동),0,,,0,,,,,,,,,,,,,,,,,,,,,0
율량초등학교,충북,초,공립,,충청북도 청주시 청원구 율봉로212번길 14 (율량동),0,,,0,,,,,,,,,,,,,,,,,,,,,0
주성초등학교,충북,초,공립,,충청북도 청주시 상당구 교서로 45 . 주성초등학교 (영동),0,,,0,,,,,,,,,,,,,,,,,,,,,0
창신초등학교,충북,초,공립,,충청북도 청주시 서원구 1순환로709번길 44 (사창동. 창신초등학교),0,,,0,,,,,,,,,,,,,,,,,,,,,0
청남초등학교,충북,초,공립,,충청북도 청주시 상당구 단재로 109 (영운동),0,,,1,2020.0,,,,,,,,,,,,,,,,,,,,0
풍광초등학교,충북,초,공립,,충청북도 청주시 흥덕구 풍산로47번길 58 . 풍광초등학교 (가경동),0,,,0,,,,,,,,,,,,,,,,,,,,,0
한벌초등학교,충북,초,공립,,충청북도 청주시 서원구 흥덕로 16 . 한벌초등학교 (사직동),0,,,0,,,,,,,,,,,,,,,,,,,,,0
한솔초등학교,충북,초,공립,,충청북도 청주시 서원구 구룡산로 291 . 한솔초등학교 (수곡동),0,,,0,,,,,,,,,,,,,,,,,,,,,0
흥덕초등학교,충북,초,공립,,충청북도 청주시 흥덕구 흥덕로 121 . 흥덕초등학교 (운천동),0,,,0,,,,,,,,,,,,,,,,,,,,,0
청주대성초등학교,충북,초,사립,,충청북도 청주시 청원구 대성로300번길 34 . 청주대성초등학교 (내덕동),0,,,0,,,,,,,,,,,,,,,,,,,,,0
용담초등학교현양원분교장,충북,초,공립,,충청북도 청주시 상당구 산성로658번길 301 . 용담초등학교 현양원분교장 (월오동),0,,,0,,,,,,,,,,,,,,,,,,,,,0
경덕초등학교,충북,초,공립,,충청북도 청주시 흥덕구 장구봉로 36 (가경동),0,,,0,,,,,,,,,,,,,,,,,,,,,0
남평초등학교,충북,초,공립,,충청북도 청주시 서원구 월평로 35 . 남평초등학교 (분평동. 남평초등학교),0,,,0,,,,,,,,,,,,,,,,,,,,,0
진흥초등학교,충북,초,공립,,충청북도 청주시 흥덕구 증안로 107 . 진흥초등학교 (복대동),0,,,0,,,,,,,,,,,,,,,,,,,,,0
증안초등학교,충북,초,공립,,충청북도 청주시 흥덕구 진재로47번길 45 (복대동),0,,,0,,,,,,,,,,,,,,,,,,,,,0
용성초등학교,충북,초,공립,,충청북도 청주시 상당구 호미로 167 . 14 (용암동),0,,,1,2016.0,,,,,,,,,,,,,,,,,,,,0
개신초등학교,충북,초,공립,,충청북도 청주시 서원구 신율로 20 (개신동.개신초등학교),0,,,0,,,,,,,,,,,,,,,,,,,,,0
동주초등학교,충북,초,공립,,충청북도 청주시 상당구 호미로 269 (금천동),0,,,0,,,,,,,,,,,,,,,,,,,,,0
봉덕초등학교,충북,초,공립,,충청북도 청주시 흥덕구 덕암로68번길 9 . 봉덕초등학교 (봉명동),0,,,0,,,,,,,,,,,,,,,,,,,,,0
서경초등학교,충북,초,공립,,충청북도 청주시 흥덕구 서경로 19 (가경동),0,,,0,,,,,,,,,,,,,,,,,,,,,0
주중초등학교,충북,초,공립,,충청북도 청주시 청원구 주성로 223 . 주중초등학교 (주중동),0,,,1,2017.0,,,,,,,,,,,,,,,,,,,,0
사천초등학교,충북,초,공립,,충청북도 청주시 청원구 주성로 121 (사천동),0,,,0,,,,,,,,,,,,,,,,,,,,,0
죽림초등학교,충북,초,공립,,충청북도 청주시 서원구 대림로 473 . 죽림초등학교 (죽림동),0,,,0,,,,,,,,,,,,,,,,,,,,,0
산성초등학교,충북,초,공립,,충청북도 청주시 상당구 호미로 306 (용담동),0,,,0,,,,,,,,,,,,,,,,,,,,,0
산남초등학교,충북,초,공립,,충청북도 청주시 서원구 산남로 102 (산남동. 산남초등학교),0,,,0,,,,,,,,,,,,,,,,,,,,,0
샛별초등학교,충북,초,공립,,충청북도 청주시 서원구 원흥로 24 (산남동),0,,,0,,,,,,,,,,,,,,,,,,,,,0
성화초등학교,충북,초,공립,,충청북도 청주시 서원구 신화로 22 . 성화초등학교 (성화동),0,,,0,,,,,,,,,,,,,,,,,,,,,0
서현초등학교,충북,초,공립,,충청북도 청주시 흥덕구 서현중로 7 . 서현초등학교 (가경동),0,,,1,2020.0,,,,,,,,,,,,,,,,,,,,0
직지초등학교,충북,초,공립,,충청북도 청주시 흥덕구 공단로99번길 22 . 직지초등학교 (복대동),0,,,0,,,,,,,,,,,,,,,,,,,,,0
솔밭초등학교,충북,초,공립,,충청북도 청주시 흥덕구 대농로 42 (복대동),0,,,0,,,,,,,,,,,,,,,,,,,,,0
한국교원대학교부설월곡초등학교,충북,초,국립,,충청북도 청주시 흥덕구 강내면 가로수로 562 . 한국교원대학교부설월곡초등학교 (강내면),0,,,0,,,,,,,,,,,,,,,,,,,,,0
가덕초등학교,충북,초,공립,,충청북도 청주시 상당구 가덕면 단재로 1448 (가덕면),0,,,0,,,,,,,,,,,,,,,,,,,,,0
각리초등학교,충북,초,공립,,충청북도 청주시 청원구 오창읍 오창중앙로 47-8 . 각리초등학교 (오창읍),0,,,0,,,,,,,,,,,,,,,,,,,,,0
갈원초등학교,충북,초,공립,,충청북도 청주시 서원구 남이면 저산척북로 375 (남이면. 갈원초등학교),0,,,1,2016.0,,,,,,,,,,,,,,,,,,,,0
강내초등학교,충북,초,공립,,충청북도 청주시 흥덕구 강내면 태성탑연로 117 . 강내초등학교 (강내면),0,,,0,,,,,,,,,,,,,,,,,,,,,0
오송초등학교,충북,초,공립,,충청북도 청주시 흥덕구 오송읍 오송2길 26 . 오송초등학교 (오송읍),0,,,0,,,,,,,,,,,,,,,,,,,,,0
수성초등학교구성분교장,충북,초,공립,,충청북도 청주시 청원구 내수읍 충청대로 452 (내수읍),0,,,0,,,,,,,,,,,,,,,,,,,,,0
미원초등학교금관분교장,충북,초,공립,,충청북도 청주시 상당구 미원면 운암계원로 601 (미원면),0,,,0,,,,,,,,,,,,,,,,,,,,,0
남이초등학교,충북,초,공립,,충청북도 청주시 서원구 남이면 대련길 61 (남이면),0,,,0,,,,,,,,,,,,,,,,,,,,,0
남일초등학교,충북,초,공립,,충청북도 청주시 상당구 남일면 단재로 630 . 남일초등학교,0,,,0,,,,,,,,,,,,,,,,,,,,,0
낭성초등학교,충북,초,공립,,충청북도 청주시 상당구 낭성면 낭성시내길 5 . 낭성초등학교 (낭성면),0,,,1,2020.0,,,,,,,,,,,,,,,,,,,,0
내수초등학교,충북,초,공립,,충청북도 청주시 청원구 내수읍 마산1길 114-1 (내수읍.내수초등학교),1,2023.0,정보교육실 구축교,0,,,,,,,,,,,,,,,,,,,,,0
대길초등학교,충북,초,공립,,충청북도 청주시 청원구 북이면 대길길 28-24 . 대길초등학교 (북이면),0,,,0,,,,,,,,,,,,,,,,,,,,,0
문의초등학교도원분교장,충북,초,공립,,충청북도 청주시 상당구 문의면 두모1길 13-14 (문의면),0,,,0,,,,,,,,,,,,,,,,,,,,,0
동화초등학교,충북,초,공립,,충청북도 청주시 상당구 남일면 척산화당로 539 (남일면.동화초등학교),0,,,0,,,,,,,,,,,,,,,,,,,,,0
만수초등학교,충북,초,공립,,충청북도 청주시 흥덕구 오송읍 만수2길 11 . 만수초등학교 (오송읍),1,2023.0,교육활동 모델교,1,2016.0,,,,,,,,,,,,,,,,,,,,1
문의초등학교,충북,초,공립,,충청북도 청주시 상당구 문의면 문의시내1길 28-23 (문의면),0,,,0,,,,,,,,,,,,,,,,,,,,,0
미원초등학교,충북,초,공립,,충청북도 청주시 상당구 미원면 단재로 2482 (미원면),0,,,0,,,,,,,,,,,,,,,,,,,,,0
북이초등학교,충북,초,공립,,충청북도 청주시 청원구 북이면 의암로 342 (북이면. 북이초등학교),0,,,0,,,,,,,,,,,,,,,,,,,,,0
비상초등학교,충북,초,공립,,충청북도 청주시 청원구 내수읍 세교초정로 171 . 비상초등학교 (내수읍),0,,,0,,,,,,,,,,,,,,,,,,,,,0
상봉초등학교,충북,초,공립,,충청북도 청주시 흥덕구 오송읍 상봉길 9 . 상봉초등학교 (오송읍),0,,,0,,,,,,,,,,,,,,,,,,,,,0
석성초등학교,충북,초,공립,,충청북도 청주시 청원구 북이면 화상석성로 505 (북이면),0,,,0,,,,,,,,,,,,,,,,,,,,,0
옥산초등학교소로분교장,충북,초,공립,,충청북도 청주시 흥덕구 옥산면 소로1길 65 (옥산면),0,,,0,,,,,,,,,,,,,,,,,,,,,0
수성초등학교,충북,초,공립,,충청북도 청주시 청원구 내수읍 내수로 601 . 수성초등학교 (내수읍.수성초등학교),0,,,0,,,,,,,,,,,,,,,,,,,,,0
신송초등학교,충북,초,공립,,충청북도 청주시 상당구 남일면 신송2길 46 (남일면),0,,,0,,,,,,,,,,,,,,,,,,,,,0
오창초등학교,충북,초,공립,,충청북도 청주시 청원구 오창읍 팔결로 690 (오창읍),0,,,0,,,,,,,,,,,,,,,,,,,,,0
옥산초등학교,충북,초,공립,,충청북도 청주시 흥덕구 옥산면 옥산시내1길 19 (옥산면),0,,,0,,,,,,,,,,,,,,,,,,,,,0
옥포초등학교,충북,초,공립,,충청북도 청주시 서원구 현도면 죽전1길 45-7 . 옥포초등학교 (현도면),0,,,0,,,,,,,,,,,,,,,,,,,,,0
행정초등학교,충북,초,공립,,충청북도 청주시 상당구 가덕면 상장인차로 277 (가덕면),0,,,0,,,,,,,,,,,,,,,,,,,,,0
현도초등학교,충북,초,공립,,충청북도 청주시 서원구 현도면 청남로 248 (현도면),0,,,0,,,,,,,,,,,,,,,,,,,,,0
비봉초등학교,충북,초,공립,,충청북도 청주시 청원구 오창읍 구룡2길 10 (오창읍),0,,,0,,,,,,,,,,,,,,,,,,,,,0
청원초등학교,충북,초,공립,,충청북도 청주시 청원구 오창읍 과학산업3로 228 (오창읍),0,,,1,2017.0,,,,,,,,,,,,,,,,,,,,0
창리초등학교,충북,초,공립,,충청북도 청주시 청원구 2산단2로 32 (오창읍),0,,,1,2019.0,,,,,,,,,,,,,,,,,,,,0
충북대학교사범대학부설중학교,충북,중,국립,남여공학,충청북도 청주시 흥덕구 장구봉로41번길 12 . 충북대학교사범대학부설중학교 (가경동),0,,,0,,,,,,,,,,,,,,,,,,,,,0
가경중학교,충북,중,공립,남여공학,충청북도 청주시 흥덕구 장구봉로 113 (복대동.가경중학교),0,,,0,,,,,,,,,,,,,,,,,,,,,0
경덕중학교,충북,중,공립,남여공학,충청북도 청주시 흥덕구 풍년로79번길 7-2 . 경덕중학교 (가경동),0,,,0,,,,,,,,,,,,,,,,,,,,,0
남성중학교,충북,중,공립,남여공학,충청북도 청주시 서원구 청남로 1984 (분평동),0,,,1,2019.0,,,,,,,,,,,,,,,,,,,,0
봉명중학교,충북,중,공립,남여공학,충청북도 청주시 흥덕구 백봉로224번길 59 (봉명동),0,,,0,,,,,,,,,,,,,,,,,,,,,0
서원중학교,충북,중,공립,남여공학,충청북도 청주시 흥덕구 가경로189번길 61 (가경동.서원중학교),0,,,0,,,,,,,,,,,,,,,,,,,,,0
수곡중학교,충북,중,공립,남여공학,충청북도 청주시 서원구 수곡로 15 (수곡동),0,,,1,2016.0,,,,,,,,,,,,,,,,,,,,0
용암중학교,충북,중,공립,남여공학,충청북도 청주시 상당구 용암로 18 . 용암중학교 (용암동),0,,,0,,,,,,,,,,,,,,,,,,,,,0
원봉중학교,충북,중,공립,남여공학,충청북도 청주시 상당구 중흥로 99 . 원봉중학교 (용암동),0,,,0,,,,,,,,,,,,,,,,,,,,,0
율량중학교,충북,중,공립,남여공학,충청북도 청주시 청원구 2순환로 310 (주중동. 율량중학교),0,,,0,,,,,,,,,,,,,,,,,,,,,0
주성중학교,충북,중,공립,남여공학,충청북도 청주시 청원구 율량로 152 . 주성중학교 (율량동),1,2023.0,교육활동 모델교,1,2020.0,,,,,,,,,,,,,,,,,,,,1
청운중학교,충북,중,공립,남여공학,충청북도 청주시 상당구 영운천로 69 (영운동.청운중학교),0,,,0,,,,,,,,,,,,,,,,,,,,,0
청주남중학교,충북,중,공립,남자,충청북도 청주시 서원구 청남로 2039 . 청주남중학교 (수곡동),0,,,0,,,,,,,,,,,,,,,,,,,,,0
청주동중학교,충북,중,공립,남여공학,충청북도 청주시 상당구 수영로 258 (금천동),0,,,0,,,,,,,,,,,,,,,,,,,,,0
청주여자중학교,충북,중,공립,여자,충청북도 청주시 서원구 사운로 60 (사직동),0,,,0,,,,,,,,,,,,,,,,,,,,,0
청주중앙여자중학교,충북,중,공립,여자,충청북도 청주시 청원구 율천북로 59 (사천동),0,,,0,,,,,,,,,,,,,,,,,,,,,0
청주중앙중학교,충북,중,공립,남여공학,충청북도 청주시 청원구 향군로 115번길 17 (우암동. 청주중앙중학교)),0,,,0,,,,,,,,,,,,,,,,,,,,,0
청주중학교,충북,중,공립,남자,충청북도 청주시 상당구 사직대로361번길 125 (영동.청주중학교),0,,,1,2016.0,,,,,,,,,,,,,,,,,,,,0
대성여자중학교,충북,중,사립,여자,충청북도 청주시 상당구 대성로 208 . 대성여자중학교 (수동),0,,,0,,,,,,,,,,,,,,,,,,,,,0
대성중학교,충북,중,사립,남여공학,충청북도 청주시 흥덕구 사운로 342 (신봉동),0,,,0,,,,,,,,,,,,,,,,,,,,,0
세광중학교,충북,중,사립,남자,충청북도 청주시 서원구 2순환로 1574 (미평동),1,2023.0,교육활동 모델교,1,2019.0,,,,,,,,,,,,,,,,,,,,1
운호중학교,충북,중,사립,남자,충청북도 청주시 서원구 무심서로 375 (모충동),0,,,0,,,,,,,,,,,,,,,,,,,,,0
일신여자중학교,충북,중,사립,여자,충청북도 청주시 상당구 영운로 126 일신여자중학교(탑동),0,,,0,,,,,,,,,,,,,,,,,,,,,0
충북여자중학교,충북,중,사립,여자,충청북도 청주시 서원구 무심서로 377 (모충동),0,,,0,,,,,,,,,,,,,,,,,,,,,0
복대중학교,충북,중,공립,남여공학,충청북도 청주시 흥덕구 짐대로 30 (복대동),0,,,0,,,,,,,,,,,,,,,,,,,,,0
서경중학교,충북,중,공립,남여공학,충청북도 청주시 흥덕구 가경로 41 (가경동. 서경중학교),0,,,0,,,,,,,,,,,,,,,,,,,,,0
원평중학교,충북,중,공립,남여공학,충청북도 청주시 서원구 1순환로1137번길 36 (분평동.원평중학교),0,,,1,2020.0,,,,,,,,,,,,,,,,,,,,0
금천중학교,충북,중,공립,남여공학,충청북도 청주시 상당구 호미로 278 (금천동),0,,,0,,,,,,,,,,,,,,,,,,,,,0
운동중학교,충북,중,공립,남여공학,충청북도 청주시 상당구 목련로117번길 83 . 운동중학교 (운동동),0,,,0,,,,,,,,,,,,,,,,,,,,,0
송절중학교,충북,중,공립,남여공학,충청북도 청주시 흥덕구 송절로 81 (송절동),1,2023.0,교육활동 모델교,0,,,,,,,,,,,,,,,,,,,,,0
산남중학교,충북,중,공립,남여공학,충청북도 청주시 서원구 산남로 98 (산남동),0,,,1,2016.0,,,,,,,,,,,,,,,,,,,,0
성화중학교,충북,중,공립,남여공학,충청북도 청주시 서원구 신성화로 20 (성화동.성화중학교),0,,,1,2018.0,,,,,,,,,,,,,,,,,,,,0
서현중학교,충북,중,공립,남여공학,충청북도 청주시 흥덕구 서현중로 10 . 서현중학교 (가경동),0,,,1,2017.0,,,,,,,,,,,,,,,,,,,,0
용성중학교,충북,중,공립,남여공학,충청북도 청주시 상당구 영운천로203번길 36-12 . 용성중학교 (용정동),0,,,1,2019.0,,,,,,,,,,,,,,,,,,,,0
솔밭중학교,충북,중,공립,남여공학,충청북도 청주시 흥덕구 진재로103번길 15 (복대동.솔밭중학교),0,,,1,2016.0,,,,,,,,,,,,,,,,,,,,0
한국교원대학교부설미호중학교,충북,중,국립,남여공학,충청북도 청주시 흥덕구 강내면 가로수로 602 . 한국교원대학교부설미호중학교 (강내면),0,,,0,,,,,,,,,,,,,,,,,,,,,0
가덕중학교,충북,중,공립,남여공학,충청북도 청주시 상당구 가덕면 계산은행로 12 (가덕면),0,,,0,,,,,,,,,,,,,,,,,,,,,0
내수중학교,충북,중,공립,남여공학,충청북도 청주시 청원구 내수읍 마산3길 38 (내수읍.내수중학교),0,,,1,2016.0,,,,,,,,,,,,,,,,,,,,0
문의중학교,충북,중,공립,남여공학,충청북도 청주시 상당구 문의면 대청호반로 832 (문의면),0,,,0,,,,,,,,,,,,,,,,,,,,,0
미원중학교,충북,중,공립,남여공학,충청북도 청주시 상당구 미원면 단재로 2494 (미원면),0,,,0,,,,,,,,,,,,,,,,,,,,,0
오창중학교,충북,중,공립,남여공학,충청북도 청주시 청원구 오창읍 팔결로 619 (오창읍),0,,,0,,,,,,,,,,,,,,,,,,,,,0
옥산중학교,충북,중,공립,남여공학,충청북도 청주시 흥덕구 옥산면 오산1길 41 . 옥산중학교 (옥산면),0,,,0,,,,,,,,,,,,,,,,,,,,,0
현도중학교,충북,중,공립,남여공학,충청북도 청주시 서원구 현도면 청남로 332-4 (현도면),0,,,0,,,,,,,,,,,,,,,,,,,,,0
각리중학교,충북,중,공립,남여공학,충청북도 청주시 청원구 오창읍 오창중앙로 48 . 각리중학교 (오창읍),0,,,0,,,,,,,,,,,,,,,,,,,,,0
오송중학교,충북,중,공립,남여공학,충청북도 청주시 흥덕구 오송읍 만수2길 13 . 오송중학교 (오송읍),0,,,0,,,,,,,,,,,,,,,,,,,,,0
양청중학교,충북,중,공립,남여공학,충청북도 청주시 청원구 오창읍 양청택지3길 5 . (양청리 704),0,,,0,,,,,,,,,,,,,,,,,,,,,0
가흥초등학교,충북,초,공립,,충청북도 충주시 중앙탑면 가곡로 2037 . 가흥초등학교 (중앙탑면),0,,,1,2017.0,,,,,,,,,,,,,,,,,,,,0
강천초등학교,충북,초,공립,,충청북도 충주시 앙성면 학교말2길 50 . 강천초등학교 (앙성면),0,,,0,,,,,,,,,,,,,,,,,,,,,0
금가초등학교,충북,초,공립,,충청북도 충주시 금가면 가마골길 16 . 금가초등학교 (금가면),0,,,0,,,,,,,,,,,,,,,,,,,,,0
남한강초등학교,충북,초,공립,,충청북도 충주시 사직산6길 20 (문화동),0,,,0,,,,,,,,,,,,,,,,,,,,,0
노은초등학교,충북,초,공립,,충청북도 충주시 노은면 연하중앙길 27 . 노은초등학교 (노은면),0,,,1,2018.0,,,,,,,,,,,,,,,,,,,,0
단월초등학교,충북,초,공립,,충청북도 충주시 신대2길 12 . 단월초등학교 (단월동.단월초교),0,,,0,,,,,,,,,,,,,,,,,,,,,0
달천초등학교,충북,초,공립,,충청북도 충주시 중원대로 3846 . 달천초등학교 (용두동),0,,,0,,,,,,,,,,,,,,,,,,,,,0
대미초등학교,충북,초,공립,,충청북도 충주시 동량면 대미길 62 (동량면),0,,,0,,,,,,,,,,,,,,,,,,,,,0
대소원초등학교,충북,초,공립,,충청북도 충주시 대소원면 대소새마을길 10 (대소원면),0,,,0,,,,,,,,,,,,,,,,,,,,,0
덕신초등학교,충북,초,공립,,충청북도 충주시 주덕읍 매남구술길 12 . 덕신초등학교 (주덕읍.덕신초등학교),0,,,0,,,,,,,,,,,,,,,,,,,,,0
동락초등학교,충북,초,공립,,충청북도 충주시 신니면 신덕로 301 . 동락초등학교 (신니면),0,,,0,,,,,,,,,,,,,,,,,,,,,0
동량초등학교,충북,초,공립,,충청북도 충주시 동량면 대전조돈길 395 . 동량초등학교 (동량면),0,,,0,,,,,,,,,,,,,,,,,,,,,0
목행초등학교,충북,초,공립,,충청북도 충주시 목행초길 16 . 목행초등학교 (목행동),0,,,0,,,,,,,,,,,,,,,,,,,,,0
산척초등학교,충북,초,공립,,충청북도 충주시 산척면 천등박달로 134 (산척면.산척초등학교),0,,,0,,,,,,,,,,,,,,,,,,,,,0
세성초등학교,충북,초,공립,,충청북도 충주시 살미면 매남이길 31 . 세성초등학교 (살미면),0,,,0,,,,,,,,,,,,,,,,,,,,,0
소태초등학교,충북,초,공립,,충청북도 충주시 소태면 쟁골2길 1 . 소태초등학교 (소태면),0,,,0,,,,,,,,,,,,,,,,,,,,,0
수안보초등학교,충북,초,공립,,충청북도 충주시 수안보면 동진이1길 24 (수안보면),0,,,0,,,,,,,,,,,,,,,,,,,,,0
수회초등학교,충북,초,공립,,충청북도 충주시 수안보면 수회리로 88 (수안보면.수회초등학교),0,,,0,,,,,,,,,,,,,,,,,,,,,0
앙성초등학교,충북,초,공립,,충청북도 충주시 앙성면 내용2길 38 . 앙성초등학교 (앙성면),0,,,0,,,,,,,,,,,,,,,,,,,,,0
야동초등학교,충북,초,공립,,충청북도 충주시 소태면 구룡로 769 (소태면),0,,,0,,,,,,,,,,,,,,,,,,,,,0
엄정초등학교,충북,초,공립,,충청북도 충주시 엄정면 내창로 199-15 (엄정면),0,,,0,,,,,,,,,,,,,,,,,,,,,0
연수초등학교,충북,초,공립,,충청북도 충주시 번영대로 181 . 연수초등학교 (연수동),0,,,0,,,,,,,,,,,,,,,,,,,,,0
오석초등학교,충북,초,공립,,충청북도 충주시 금가면 김생로 456 (금가면),0,,,1,2020.0,,,,,,,,,,,,,,,,,,,,0
용원초등학교,충북,초,공립,,충청북도 충주시 신니면 안용원로 6 (신니면),0,,,0,,,,,,,,,,,,,,,,,,,,,0
주덕초등학교,충북,초,공립,,충청북도 충주시 주덕읍 신중신촌2길 10 . 주덕초등학교 (주덕읍),0,,,0,,,,,,,,,,,,,,,,,,,,,0
탄금초등학교,충북,초,공립,,충청북도 충주시 우륵로 55 (칠금동),0,,,0,,,,,,,,,,,,,,,,,,,,,0
충주교현초등학교,충북,초,공립,,충청북도 충주시 교동2길 15 (교현동),0,,,0,,,,,,,,,,,,,,,,,,,,,0
충주남산초등학교,충북,초,공립,,충청북도 충주시 거룡2길 31 . 충주남산초등학교 (용산동),0,,,0,,,,,,,,,,,,,,,,,,,,,0
충주대림초등학교,충북,초,공립,,충청북도 충주시 대림1길 28 (문화동.충주대림초등학교),0,,,0,,,,,,,,,,,,,,,,,,,,,0
충주삼원초등학교,충북,초,공립,,충청북도 충주시 삼원로 128 (봉방동.삼원초등학교),0,,,0,,,,,,,,,,,,,,,,,,,,,0
충주성남초등학교,충북,초,공립,,충청북도 충주시 염밭로 101 . 충주성남초등학교 (교현동),0,,,0,,,,,,,,,,,,,,,,,,,,,0
충주예성초등학교,충북,초,공립,,충청북도 충주시 주봉1길 25 . 충주예성초등학교 (교현동),0,,,0,,,,,,,,,,,,,,,,,,,,,0
충주중앙초등학교,충북,초,공립,,충청북도 충주시 연원5길 19 . 충주중앙초등학교 (연수동),0,,,1,2016.0,,,,,,,,,,,,,,,,,,,,0
칠금초등학교,충북,초,공립,,충청북도 충주시 칠금18길 21 (칠금동.칠금초등학교),0,,,0,,,,,,,,,,,,,,,,,,,,,0
달천초등학교매현분교장,충북,초,공립,,충청북도 충주시 대소원면 매현새터2길 10 . 달천초등학교 매현분교 (대소원면),0,,,0,,,,,,,,,,,,,,,,,,,,,0
충주용산초등학교,충북,초,공립,,충청북도 충주시 남산로 109 (용산동),0,,,0,,,,,,,,,,,,,,,,,,,,,0
충주금릉초등학교,충북,초,공립,,충청북도 충주시 금봉대로 792 (금릉동),0,,,0,,,,,,,,,,,,,,,,,,,,,0
국원초등학교,충북,초,공립,,충청북도 충주시 국원초1길 47 . 국원초등학교 (연수동),0,,,0,,,,,,,,,,,,,,,,,,,,,0
충주중앙탑초등학교,충북,초,공립,,충청북도 충주시 중앙탑면 원앙4길 52 . 충주중앙탑초등학교 (중앙탑면),0,,,1,2019.0,,,,,,,,,,,,,,,,,,,,0
노은중학교,충북,중,공립,남여공학,충북 충주시 노은면 감노로 1387 (노은면.노은중학교),0,,,0,,,,,,,,,,,,,,,,,,,,,0
산척중학교,충북,중,공립,남여공학,충청북도 충주시 산척면 천등박달로 56 (산척면),0,,,0,,,,,,,,,,,,,,,,,,,,,0
수안보중학교,충북,중,공립,남여공학,충북 충주시 수안보면 관동길 18 . 수안보중학교 (수안보면.수안보중학교),0,,,0,,,,,,,,,,,,,,,,,,,,,0
신니중학교,충북,중,공립,남여공학,충청북도 충주시 신니면 신의수청길 149 (신니면.신니중학교),0,,,0,,,,,,,,,,,,,,,,,,,,,0
앙성중학교,충북,중,공립,남여공학,충청북도 충주시 앙성면 앙암로 66 . 앙성중학교 (앙성면),0,,,0,,,,,,,,,,,,,,,,,,,,,0
주덕중학교,충북,중,공립,남여공학,충청북도 충주시 주덕읍 창전길 223 . 주덕중학교 (주덕읍),0,,,0,,,,,,,,,,,,,,,,,,,,,0
중원중학교,충북,중,공립,남여공학,충청북도 충주시 동량면 대미길 94 (동량면),0,,,0,,,,,,,,,,,,,,,,,,,,,0
충일중학교,충북,중,공립,남자,충청북도 충주시 만리산9길 31 (안림동),0,,,0,,,,,,,,,,,,,,,,,,,,,0
충주여자중학교,충북,중,공립,여자,충청북도 충주시 예성로 221 (교현동. 충주여자중학교),0,,,1,2020.0,,,,,,,,,,,,,,,,,,,,0
충주예성여자중학교,충북,중,공립,여자,충청북도 충주시 호암대로 34 (호암동.충주예성여자중학교),0,,,0,,,,,,,,,,,,,,,,,,,,,0
충주중앙중학교,충북,중,공립,남여공학,충청북도 충주시 대흥1길 27 (교현동),0,,,0,,,,,,,,,,,,,,,,,,,,,0
충주중학교,충북,중,공립,남자,충청북도 충주시 거룡2길 14 . 충주중학교 (호암동),0,,,0,,,,,,,,,,,,,,,,,,,,,0
충주미덕중학교,충북,중,사립,남자,충청북도 충주시 방아길 20 . 충주미덕중학교 (호암동),1,2023.0,교육활동 모델교,0,,,,,,,,,,,,,,,,,,,,,0
신명중학교,충북,중,사립,남여공학,충청북도 충주시 엄정면 동막강현길 377 . 신명중학교 (엄정면),0,,,0,,,,,,,,,,,,,,,,,,,,,0
충주북여자중학교,충북,중,사립,여자,충청북도 충주시 야현1길 21 (교현동),0,,,0,,,,,,,,,,,,,,,,,,,,,0
칠금중학교,충북,중,공립,남여공학,충청북도 충주시 칠금중앙4길 6 (칠금동)1084,1,2023.0,교육활동 모델교,1,2016.0,,,,,,,,,,,,,,,,,,,,1
탄금중학교,충북,중,공립,남여공학,충청북도 충주시 우륵로 56 . 탄금중학교 (칠금동),0,,,1,2017.0,,,,,,,,,,,,,,,,,,,,0
금성초등학교,충북,초,공립,,충청북도 제천시 금성면 국사봉로 1615 . 금성초등학교 (금성면),0,,,0,,,,,,,,,,,,,,,,,,,,,0
남당초등학교,충북,초,공립,,충청북도 제천시 청풍호로2길 4-5 . 남당초등학교 (영천동),0,,,0,,,,,,,,,,,,,,,,,,,,,0
남천초등학교,충북,초,공립,,충청북도 제천시 풍양로21안길 25 (남천동),0,,,0,,,,,,,,,,,,,,,,,,,,,0
제천덕산초등학교,충북,초,공립,,충청북도 제천시 덕산면 약초로 133 제천덕산초중학교,0,,,0,,,,,,,,,,,,,,,,,,,,,0
동명초등학교,충북,초,공립,,충청북도 제천시 원뜰로 35 (천남동),0,,,0,,,,,,,,,,,,,,,,,,,,,0
두학초등학교,충북,초,공립,,충청북도 제천시 의병대로 415 (흑석동),0,,,0,,,,,,,,,,,,,,,,,,,,,0
명지초등학교,충북,초,공립,,충청북도 제천시 강명길 21 (명지동),0,,,0,,,,,,,,,,,,,,,,,,,,,0
백운초등학교,충북,초,공립,,충청북도 제천시 백운면 구학산로 45 . 백운초등학교 (백운면),0,,,1,2017.0,,,,,,,,,,,,,,,,,,,,0
봉양초등학교,충북,초,공립,,충청북도 제천시 봉양읍 팔송로 59 (봉양읍),0,,,0,,,,,,,,,,,,,,,,,,,,,0
송학초등학교,충북,초,공립,,충청북도 제천시 송학면 시곡포전로 7 (송학면),0,,,0,,,,,,,,,,,,,,,,,,,,,0
수산초등학교,충북,초,공립,,충청북도 제천시 수산면 지곡로 12 (수산면),0,,,0,,,,,,,,,,,,,,,,,,,,,0
신백초등학교,충북,초,공립,,충청북도 제천시 관전로1길 28 (신백동.신백초등학교),0,,,0,,,,,,,,,,,,,,,,,,,,,0
왕미초등학교,충북,초,공립,,충청북도 제천시 봉양읍 용두대로 575 (봉양읍),0,,,0,,,,,,,,,,,,,,,,,,,,,0
용두초등학교,충북,초,공립,,충청북도 제천시 용두대로21길 36 (하소동),0,,,0,,,,,,,,,,,,,,,,,,,,,0
의림초등학교,충북,초,공립,,충청북도 제천시 독순로 33 . 의림초등학교 (의림동),0,,,0,,,,,,,,,,,,,,,,,,,,,0
입석초등학교,충북,초,공립,,충청북도 제천시 송학면 입석로3길 17 (송학면),0,,,0,,,,,,,,,,,,,,,,,,,,,0
제천중앙초등학교,충북,초,공립,,충청북도 제천시 고암로 7 (청전동.중앙초등학교),0,,,0,,,,,,,,,,,,,,,,,,,,,0
청풍초등학교,충북,초,공립,,충청북도 제천시 청풍면 청풍호로 2194 . 청풍초등학교 (청풍면),0,,,0,,,,,,,,,,,,,,,,,,,,,0
한송초등학교,충북,초,공립,,충청북도 제천시 한수면 미륵송계로6길 12 . 한송초중학교 (한수면),0,,,0,,,,,,,,,,,,,,,,,,,,,0
홍광초등학교,충북,초,공립,,충청북도 제천시 의림대로44길 51 . 홍광초등학교 (모산동),0,,,1,2020.0,,,,,,,,,,,,,,,,,,,,0
화당초등학교,충북,초,공립,,충청북도 제천시 백운면 화당로 33 (백운면),0,,,0,,,,,,,,,,,,,,,,,,,,,0
화산초등학교,충북,초,공립,,충청북도 제천시 내토로41길 18 . 화산초등학교 (화산동),0,,,1,2019.0,,,,,,,,,,,,,,,,,,,,0
장락초등학교,충북,초,공립,,충청북도 제천시 죽하로 25 (장락동),0,,,0,,,,,,,,,,,,,,,,,,,,,0
내토초등학교,충북,초,공립,,충청북도 제천시 관전로 99 (신백동),0,,,0,,,,,,,,,,,,,,,,,,,,,0
백운중학교,충북,중,공립,남여공학,충청북도 제천시 백운면 평동로 67 . 백운중학교 (백운면),0,,,0,,,,,,,,,,,,,,,,,,,,,0
봉양중학교,충북,중,공립,남여공학,충청북도 제천시 봉양읍 앞산로 39 (봉양읍),0,,,0,,,,,,,,,,,,,,,,,,,,,0
송학중학교,충북,중,공립,남여공학,충청북도 제천시 송학면 송학로5길 7 . 송학중학교 (송학면),0,,,0,,,,,,,,,,,,,,,,,,,,,0
수산중학교,충북,중,공립,남여공학,충청북도 제천시 수산면 지곡로 12,0,,,0,,,,,,,,,,,,,,,,,,,,,0
의림여자중학교,충북,중,공립,여자,충청북도 제천시 하소로 69 (하소동),0,,,0,,,,,,,,,,,,,,,,,,,,,0
제천동중학교,충북,중,공립,남여공학,충청북도 제천시 의병대로 301 (신백동.제천동중학교),1,2023.0,교육활동 모델교,0,,,,,,,,,,,,,,,,,,,,,0
제천여자중학교,충북,중,공립,여자,충청북도 제천시 용두천로 312 . 제천여자중학교 (청전동),0,,,1,2018.0,,,,,,,,,,,,,,,,,,,,0
제천중학교,충북,중,공립,남자,충청북도 제천시 의병대로 29 (서부동),1,2023.0,교육활동 모델교,0,,,,,,,,,,,,,,,,,,,,,0
한송중학교,충북,중,공립,남여공학,충청북도 제천시 한수면 미륵송계로6길 12 . 한송초중학교 (한수면),0,,,0,,,,,,,,,,,,,,,,,,,,,0
대제중학교,충북,중,사립,남자,충청북도 제천시 청전대로1길 29 (청전동.대제중학교),0,,,0,,,,,,,,,,,,,,,,,,,,,0
청풍중학교,충북,중,공립,남여공학,충청북도 제천시 청풍면 청풍호로 2194 (청풍면.청풍초등학교),0,,,0,,,,,,,,,,,,,,,,,,,,,0
제천덕산중학교,충북,중,공립,남여공학,충청북도 제천시 덕산면 약초로 133 제천덕산초중학교,0,,,0,,,,,,,,,,,,,,,,,,,,,0
내토중학교,충북,중,공립,남여공학,충청북도 제천시 장락로 18 (장락동),1,2023.0,교육활동 모델교,0,,,,,,,,,,,,,,,,,,,,,0
관기초등학교,충북,초,공립,,충청북도 보은군 마로면 관기송현로 109 (마로면),0,,,0,,,,,,,,,,,,,,,,,,,,,0
내북초등학교,충북,초,공립,,충청북도 보은군 내북면 화전길 20 . 내북초등학교 (내북면),0,,,0,,,,,,,,,,,,,,,,,,,,,0
동광초등학교,충북,초,공립,,충청북도 보은군 보은읍 동광길 26 . 동광초등학교 (보은읍),1,2023.0,교육활동 모델교,0,,,,,,,,,,,,,,,,,,,,,0
산외초등학교,충북,초,공립,,충청북도 보은군 산외면 구티1길 27 (산외면.산외초등학교),0,,,0,,,,,,,,,,,,,,,,,,,,,0
보은삼산초등학교,충북,초,공립,,충청북도 보은군 보은읍 보은로 109-6 (보은읍),0,,,0,,,,,,,,,,,,,,,,,,,,,0
세중초등학교,충북,초,공립,,충청북도 보은군 마로면 세중1길 2 . 세중초등학교 (마로면),0,,,1,2017.0,,,,,,,,,,,,,,,,,,,,0
속리초등학교,충북,초,공립,,충청북도 보은군 장안면 장안2길 2 (장안면. 속리초등학교),0,,,0,,,,,,,,,,,,,,,,,,,,,0
송죽초등학교,충북,초,공립,,충청북도 보은군 삼승면 남부로 3927 (삼승면),0,,,0,,,,,,,,,,,,,,,,,,,,,0
수정초등학교,충북,초,공립,,충청북도 보은군 속리산면 사내1길 125 . 수정초등학교 (속리산면),0,,,0,,,,,,,,,,,,,,,,,,,,,0
수한초등학교,충북,초,공립,,충청북도 보은군 수한면 안내보은로 1022 (수한면),0,,,0,,,,,,,,,,,,,,,,,,,,,0
종곡초등학교,충북,초,공립,,충청북도 보은군 보은읍 강신1길 12-7 (보은읍. 종곡초등학교),0,,,0,,,,,,,,,,,,,,,,,,,,,0
탄부초등학교,충북,초,공립,,충청북도 보은군 탄부면 덕동벽지길 13 . 탄부초등학교 (탄부면),0,,,0,,,,,,,,,,,,,,,,,,,,,0
판동초등학교,충북,초,공립,,충청북도 보은군 삼승면 삼승탄부로 78-15 (삼승면.판동초등학교),0,,,0,,,,,,,,,,,,,,,,,,,,,0
회남초등학교,충북,초,공립,,충청북도 보은군 회남면 회남로 1901-1 (회남면),0,,,0,,,,,,,,,,,,,,,,,,,,,0
회인초등학교,충북,초,공립,,충청북도 보은군 회인면 회인로1길 10-8 . 회인초등학교 (회인면),0,,,0,,,,,,,,,,,,,,,,,,,,,0
보덕중학교,충북,중,공립,남여공학,충청북도 보은군 탄부면 삼승탄부로 843-21 . 보덕중학교 (탄부면),0,,,0,,,,,,,,,,,,,,,,,,,,,0
보은여자중학교,충북,중,공립,여자,충청북도 보은군 보은읍 보은로 . 223,0,,,0,,,,,,,,,,,,,,,,,,,,,0
보은중학교,충북,중,공립,남자,충청북도 보은군 보은읍 뱃들로 55-23 (보은읍.보은중학교),0,,,0,,,,,,,,,,,,,,,,,,,,,0
속리산중학교,충북,중,공립,남여공학,충청북도 보은군 삼승면 능월1길 11 (삼승면),0,,,0,,,,,,,,,,,,,,,,,,,,,0
회인중학교,충북,중,공립,남여공학,충청북도 보은군 회인면 회인로 73 (회인면),0,,,0,,,,,,,,,,,,,,,,,,,,,0
군남초등학교,충북,초,공립,,충청북도 옥천군 옥천읍 서대구일로 10 (옥천읍),0,,,0,,,,,,,,,,,,,,,,,,,,,0
군서초등학교,충북,초,공립,,충청북도 옥천군 군서면 성왕로 517 (군서면),0,,,0,,,,,,,,,,,,,,,,,,,,,0
장야초등학교,충북,초,공립,,충청북도 옥천군 옥천읍 장야3길 25 (옥천읍),0,,,1,2020.0,,,,,,,,,,,,,,,,,,,,0
동이초등학교,충북,초,공립,,충청북도 옥천군 동이면 평산길 6 . 동이초등학교 (동이면),0,,,0,,,,,,,,,,,,,,,,,,,,,0
삼양초등학교,충북,초,공립,,충청북도 옥천군 옥천읍 성암1길 9 (옥천읍),0,,,0,,,,,,,,,,,,,,,,,,,,,0
안남초등학교,충북,초,공립,,충청북도 옥천군 안남면 연주길 60 . 안남초등학교 (안남면),0,,,0,,,,,,,,,,,,,,,,,,,,,0
안내초등학교,충북,초,공립,,충청북도 옥천군 안내면 현리길 74 . 안내초등학교 (안내면),0,,,0,,,,,,,,,,,,,,,,,,,,,0
이원초등학교,충북,초,공립,,충청북도 옥천군 이원면 신흥길 25 (이원면),0,,,0,,,,,,,,,,,,,,,,,,,,,0
죽향초등학교,충북,초,공립,,충청북도 옥천군 옥천읍 향수1길 26 (옥천읍),0,,,1,2020.0,,,,,,,,,,,,,,,,,,,,0
증약초등학교,충북,초,공립,,충청북도 옥천군 군북면 옥천로 1006-22 (군북면),0,,,0,,,,,,,,,,,,,,,,,,,,,0
청산초등학교,충북,초,공립,,충청북도 옥천군 청산면 지전길 36-19 . 청산초등학교 (청산면),0,,,0,,,,,,,,,,,,,,,,,,,,,0
청성초등학교,충북,초,공립,,충청북도 옥천군 청성면 산계길 63 . 청성초등학교 (청성면),0,,,0,,,,,,,,,,,,,,,,,,,,,0
동이초등학교우산분교장,충북,초,공립,,충청북도 옥천군 동이면 우산로2길 23 (동이면.관공서(동이초교 우산분교)),0,,,0,,,,,,,,,,,,,,,,,,,,,0
증약초등학교대정분교장,충북,초,공립,,충청북도 옥천군 군북면 방아실길 3-2 . 증약초등학교대정분교장 (군북면),0,,,0,,,,,,,,,,,,,,,,,,,,,0
안내중학교,충북,중,공립,남여공학,충청북도 옥천군 안내면 안남로 29 (안내면),0,,,0,,,,,,,,,,,,,,,,,,,,,0
옥천여자중학교,충북,중,공립,여자,충청북도 옥천군 옥천읍 중앙로 90 (옥천읍),0,,,0,,,,,,,,,,,,,,,,,,,,,0
옥천중학교,충북,중,공립,남자,충청북도 옥천군 옥천읍 삼양로 81 . 옥천중학교 (옥천읍),0,,,0,,,,,,,,,,,,,,,,,,,,,0
이원중학교,충북,중,공립,남여공학,충청북도 옥천군 이원면 건진3길 16 (이원면),0,,,0,,,,,,,,,,,,,,,,,,,,,0
청산중학교,충북,중,공립,남여공학,충청북도 옥천군 청산면 청산로 88 . 청산중학교 (청산면),0,,,0,,,,,,,,,,,,,,,,,,,,,0
매곡초등학교,충북,초,공립,,충청북도 영동군 매곡면 민주지산로 3609 (매곡면),0,,,0,,,,,,,,,,,,,,,,,,,,,0
부용초등학교,충북,초,공립,,충청북도 영동군 영동읍 학산영동로 1155 (영동읍),0,,,0,,,,,,,,,,,,,,,,,,,,,0
상촌초등학교,충북,초,공립,,충청북도 영동군 상촌면 임산2길 20 . 상촌초등학교 (상촌면),0,,,0,,,,,,,,,,,,,,,,,,,,,0
심천초등학교,충북,초,공립,,충청북도 영동군 심천면 심천로 52 . 심천초등학교 (심천면),0,,,0,,,,,,,,,,,,,,,,,,,,,0
양강초등학교,충북,초,공립,,충청북도 영동군 양강면 학산영동로 817 (양강면),0,,,0,,,,,,,,,,,,,,,,,,,,,0
양산초등학교,충북,초,공립,,충청북도 영동군 양산면 금강로 1500 (양산면. 양산초등학교),0,,,0,,,,,,,,,,,,,,,,,,,,,0
영동초등학교,충북,초,공립,,충청북도 영동군 영동읍 영동천2길 47 (영동읍),0,,,1,2020.0,,,,,,,,,,,,,,,,,,,,0
구룡초등학교,충북,초,공립,,충청북도 영동군 용산면 용산로 366 . 구룡초등학교 (용산면.구룡초교),0,,,0,,,,,,,,,,,,,,,,,,,,,0
용화초등학교,충북,초,공립,,충청북도 영동군 용화면 용화양강로 32 (용화면 용화초등학교),0,,,0,,,,,,,,,,,,,,,,,,,,,0
이수초등학교,충북,초,공립,,충청북도 영동군 영동읍 영산로4길 9 . 이수초등학교 (영동읍),0,,,0,,,,,,,,,,,,,,,,,,,,,0
초강초등학교,충북,초,공립,,충청북도 영동군 심천면 초강로 97 (심천면. 초강초등학교),0,,,0,,,,,,,,,,,,,,,,,,,,,0
추풍령초등학교,충북,초,공립,,충청북도 영동군 추풍령면 추풍령로2길 7 (추풍령면.추풍령초등학교),0,,,0,,,,,,,,,,,,,,,,,,,,,0
학산초등학교,충북,초,공립,,충청북도 영동군 학산면 서산동길 12-9 (학산면),0,,,0,,,,,,,,,,,,,,,,,,,,,0
황간초등학교,충북,초,공립,,충청북도 영동군 황간면 남성1길 25 (황간면.황간초등학교),0,,,0,,,,,,,,,,,,,,,,,,,,,0
상촌중학교,충북,중,공립,남여공학,충청북도 영동군 상촌면 상촌로 1264 . 상촌중학교 (상촌면. 상촌중학교),0,,,0,,,,,,,,,,,,,,,,,,,,,0
영동중학교,충북,중,공립,남여공학,충청북도 영동군 영동읍 계산로 106 (영동읍),0,,,0,,,,,,,,,,,,,,,,,,,,,0
용문중학교,충북,중,공립,남여공학,충청북도 영동군 용산면 용산로9길 24 (용산면. 용문중학교),0,,,0,,,,,,,,,,,,,,,,,,,,,0
학산중학교,충북,중,공립,남여공학,충청북도 영동군 학산면 학산양산로 12 (학산면),0,,,0,,,,,,,,,,,,,,,,,,,,,0
황간중학교,충북,중,공립,남여공학,충청북도 영동군 황간면 황간로 66 (황간면),0,,,0,,,,,,,,,,,,,,,,,,,,,0
심천중학교,충북,중,사립,남여공학,충청북도 영동군 심천면 초강로 143 . 심천중학교 (심천면),0,,,0,,,,,,,,,,,,,,,,,,,,,0
영신중학교,충북,중,사립,남여공학,충청북도 영동군 영동읍 영동황간로 22 . 영신중학교 (영동읍),0,,,0,,,,,,,,,,,,,,,,,,,,,0
정수중학교,충북,중,사립,남여공학,충청북도 영동군 양산면 송호로1길 56 (양산면),0,,,0,,,,,,,,,,,,,,,,,,,,,0
추풍령중학교,충북,중,사립,남여공학,충청북도 영동군 추풍령면 신안로 106 . 추풍령중학교 (추풍령면),0,,,0,,,,,,,,,,,,,,,,,,,,,0
구정초등학교,충북,초,공립,,충청북도 진천군 초평면 원댕이길 3 . 구정초등학교 (초평면),0,,,1,2020.0,,,,,,,,,,,,,,,,,,,,0
금구초등학교,충북,초,공립,,충청북도 진천군 이월면 진광로 972-12 (이월면),1,2023.0,교육활동 모델교,0,,,,,,,,,,,,,,,,,,,,,0
만승초등학교,충북,초,공립,,충청북도 진천군 광혜원면 중리길 11 (광혜원면. 만승초등학교),0,,,0,,,,,,,,,,,,,,,,,,,,,0
문백초등학교,충북,초,공립,,충청북도 진천군 문백면 봉죽길 22 . 문백초등학교 (문백면),0,,,0,,,,,,,,,,,,,,,,,,,,,0
문상초등학교,충북,초,공립,,충청북도 진천군 문백면 농다리로 1232 . 문상초등학교 (문백면),0,,,1,2020.0,,,,,,,,,,,,,,,,,,,,0
백곡초등학교,충북,초,공립,,충청북도 진천군 백곡면 안구수길 20 . 백곡초등학교 (백곡면),0,,,0,,,,,,,,,,,,,,,,,,,,,0
상신초등학교,충북,초,공립,,충청북도 진천군 이월면 신정길 15 (이월면),0,,,0,,,,,,,,,,,,,,,,,,,,,0
성암초등학교,충북,초,공립,,충청북도 진천군 진천읍 금사로 359 (진천읍.성암초등학교),0,,,0,,,,,,,,,,,,,,,,,,,,,0
옥동초등학교,충북,초,공립,,충청북도 진천군 덕산면 예지로 43 (덕산면),0,,,1,2019.0,,,,,,,,,,,,,,,,,,,,0
이월초등학교,충북,초,공립,,충청북도 진천군 이월면 송림6길 26 . 이월초등학교 (이월면),1,2023.0,교육활동 모델교,1,2020.0,,,,,,,,,,,,,,,,,,,,1
진천삼수초등학교,충북,초,공립,,충청북도 진천군 진천읍 중앙서3길 6 (진천읍. 삼수초등학교),0,,,0,,,,,,,,,,,,,,,,,,,,,0
진천상산초등학교,충북,초,공립,,충청북도 진천군 진천읍 상산로 35 (진천읍. 상산초등학교),0,,,1,2020.0,,,,,,,,,,,,,,,,,,,,0
초평초등학교,충북,초,공립,,충청북도 진천군 초평면 초동로 143 (초평면.초평초등학교),1,2023.0,교육활동 모델교,1,2019.0,,,,,,,,,,,,,,,,,,,,1
학성초등학교,충북,초,공립,,충청북도 진천군 이월면 진광로 398 (이월면.학성초등학교),0,,,0,,,,,,,,,,,,,,,,,,,,,0
한천초등학교,충북,초,공립,,충청북도 진천군 덕산면 초금로 687-2 (덕산면)한천초등학교,0,,,0,,,,,,,,,,,,,,,,,,,,,0
광혜원중학교,충북,중,공립,남여공학,충청북도 진천군 광혜원면 화랑길 137 . 광혜원중학교 (광혜원면),0,,,0,,,,,,,,,,,,,,,,,,,,,0
덕산중학교,충북,중,공립,남여공학,충청북도 진천군 덕산면 몽촌2길 19 . 덕산중학교 (덕산면),0,,,0,,,,,,,,,,,,,,,,,,,,,0
이월중학교,충북,중,공립,남여공학,충청북도 진천군 이월면 진광로 753 (이월면),0,,,0,,,,,,,,,,,,,,,,,,,,,0
진천여자중학교,충북,중,공립,여자,충청북도 진천군 진천읍 덕금로 65-16 (진천읍.진천여자중학교),0,,,0,,,,,,,,,,,,,,,,,,,,,0
진천중학교,충북,중,공립,남자,충청북도 진천군 진천읍 성중로 27-5 (진천읍. 진천중학교),1,2023.0,교육활동 모델교,0,,,,,,,,,,,,,,,,,,,,,0
서전중학교,충북,중,공립,남여공학,충청북도 진천군 덕산면 예지로 42 (덕산면),0,,,0,,,,,,,,,,,,,,,,,,,,,0
감물초등학교,충북,초,공립,,충청북도 괴산군 감물면 남양동길 38 (감물면),0,,,0,,,,,,,,,,,,,,,,,,,,,0
도안초등학교,충북,초,공립,,충청북도 증평군 도안면 화성로 101 (도안면. 도안초등학교),0,,,0,,,,,,,,,,,,,,,,,,,,,0
동인초등학교,충북,초,공립,,충청북도 괴산군 괴산읍 읍내로2길 15-8 (괴산읍),0,,,0,,,,,,,,,,,,,,,,,,,,,0
괴산명덕초등학교,충북,초,공립,,충청북도 괴산군 괴산읍 읍내로4길 53 . 괴산명덕초등학교 (괴산읍),0,,,0,,,,,,,,,,,,,,,,,,,,,0
목도초등학교,충북,초,공립,,충청북도 괴산군 불정면 목도로 42-1 . 목도초등학교 (불정면),0,,,0,,,,,,,,,,,,,,,,,,,,,0
문광초등학교,충북,초,공립,,충청북도 괴산군 문광면 괴산로 3446 . 문광초등학교 (문광면),1,2023.0,교육활동 모델교,0,,,,,,,,,,,,,,,,,,,,,0
백봉초등학교,충북,초,공립,,충청북도 괴산군 청안면 질마로 1456 . 백봉초등학교 (청안면),0,,,0,,,,,,,,,,,,,,,,,,,,,0
보광초등학교,충북,초,공립,,충청북도 괴산군 사리면 사리로 246 . 보광초등학교 (사리면.보광초등학교) (사리면),0,,,0,,,,,,,,,,,,,,,,,,,,,0
삼보초등학교,충북,초,공립,,충청북도 증평군 증평읍 삼보로 140 (증평읍),0,,,1,2017.0,,,,,,,,,,,,,,,,,,,,0
소수초등학교,충북,초,공립,,충청북도 괴산군 소수면 소수로 131 (소수면),0,,,0,,,,,,,,,,,,,,,,,,,,,0
송면초등학교,충북,초,공립,,충청북도 괴산군 청천면 송면2길 13 (청천면. 송면초등학교),0,,,0,,,,,,,,,,,,,,,,,,,,,0
연풍초등학교,충북,초,공립,,충청북도 괴산군 연풍면 중앙로 53 (연풍면.연풍초등학교),0,,,0,,,,,,,,,,,,,,,,,,,,,0
장연초등학교,충북,초,공립,,충청북도 괴산군 장연면 미선로오가5길 1 . 장연초등학교 (장연면),0,,,0,,,,,,,,,,,,,,,,,,,,,0
죽리초등학교,충북,초,공립,,충청북도 증평군 증평읍 남하길 233 (증평읍),0,,,0,,,,,,,,,,,,,,,,,,,,,0
증평초등학교,충북,초,공립,,충청북도 증평군 증평읍 광장로 152 . 증평초등학교 (증평읍),0,,,0,,,,,,,,,,,,,,,,,,,,,0
청안초등학교,충북,초,공립,,충청북도 괴산군 청안면 청안읍내로3길 8 . 청안초등학교 (청안면),0,,,0,,,,,,,,,,,,,,,,,,,,,0
청천초등학교,충북,초,공립,,충청북도 괴산군 청천면 청천6길 10 (청천면. 청천초등학교),0,,,0,,,,,,,,,,,,,,,,,,,,,0
칠성초등학교,충북,초,공립,,충청북도 괴산군 칠성면 칠성로 26 (칠성면),0,,,0,,,,,,,,,,,,,,,,,,,,,0
괴산북중학교,충북,중,공립,여자,충청북도 괴산군 괴산읍 임꺽정로 139 . 괴산북중학교 (괴산읍),0,,,0,,,,,,,,,,,,,,,,,,,,,0
괴산중학교,충북,중,공립,남자,충청북도 괴산군 괴산읍 괴산로 3527 (괴산읍),0,,,0,,,,,,,,,,,,,,,,,,,,,0
송면중학교,충북,중,공립,남여공학,충청북도 괴산군 청천면 문장로 2915 . 송면중학교 (청천면),0,,,0,,,,,,,,,,,,,,,,,,,,,0
연풍중학교,충북,중,공립,남여공학,충청북도 괴산군 연풍면 향교로 55 . 연풍중학교 (연풍면),0,,,0,,,,,,,,,,,,,,,,,,,,,0
증평여자중학교,충북,중,공립,여자,충청북도 증평군 증평읍 중앙로 132 (증평읍),0,,,0,,,,,,,,,,,,,,,,,,,,,0
증평중학교,충북,중,공립,남여공학,충청북도 증평군 증평읍 광장로 158 . 증평중학교 (증평읍),0,,,0,,,,,,,,,,,,,,,,,,,,,0
청천중학교,충북,중,공립,남여공학,충청북도 괴산군 청천면 선평길 75 . 청천중학교 (청천면),0,,,0,,,,,,,,,,,,,,,,,,,,,0
칠성중학교,충북,중,공립,남여공학,충청북도 괴산군 칠성면 사평길 28 . 교무실 (칠성면),0,,,0,,,,,,,,,,,,,,,,,,,,,0
청안중학교,충북,중,사립,남여공학,충청북도 괴산군 청안면 청안읍내로3길 20 (청안면. 청안중학교),0,,,0,,,,,,,,,,,,,,,,,,,,,0
형석중학교,충북,중,사립,남자,충청북도 증평군 증평읍 미암로 26 (증평읍),0,,,0,,,,,,,,,,,,,,,,,,,,,0
괴산오성중학교,충북,중,공립,남여공학,충청북도 괴산군 감물면 오창로 56 (감물면),0,,,0,,,,,,,,,,,,,,,,,,,,,0
감곡초등학교,충북,초,공립,,충청북도 음성군 감곡면 장감로 207 . 감곡초등학교 (감곡면),0,,,0,,,,,,,,,,,,,,,,,,,,,0
남신초등학교,충북,초,공립,,충청북도 음성군 음성읍 설성로 33-20 . (음성읍.남신초등학교(병설유치원)),0,,,0,,,,,,,,,,,,,,,,,,,,,0
능산초등학교,충북,초,공립,,충청북도 음성군 삼성면 금율로389번길 30 . 능산초등학교 (삼성면),0,,,0,,,,,,,,,,,,,,,,,,,,,0
대소초등학교,충북,초,공립,,충청북도 음성군 대소면 오태로 110-12 . 대소초등학교 (대소면),0,,,1,2017.0,,,,,,,,,,,,,,,,,,,,0
대장초등학교,충북,초,공립,,충청북도 음성군 소이면 장금로 79 . 대장초등학교 (소이면),0,,,0,,,,,,,,,,,,,,,,,,,,,0
맹동초등학교,충북,초,공립,,충청북도 음성군 맹동면 대동로 9 . 맹동초등학교 (맹동면),0,,,1,2019.0,,,,,,,,,,,,,,,,,,,,0
무극초등학교,충북,초,공립,,충청북도 음성군 금왕읍 금석로 64 . 무극초등학교 (금왕읍),0,,,1,2018.0,,,,,,,,,,,,,,,,,,,,0
부윤초등학교,충북,초,공립,,충청북도 음성군 대소면 신내로 110 . 부윤초등학교 (대소면),0,,,0,,,,,,,,,,,,,,,,,,,,,0
삼성초등학교,충북,초,공립,,충청북도 음성군 삼성면 덕정로 41 . 삼성초등학교 (삼성면),0,,,0,,,,,,,,,,,,,,,,,,,,,0
생극초등학교,충북,초,공립,,충청북도 음성군 생극면 음성로 1649-8 . (생극면. 생극초등학교),0,,,0,,,,,,,,,,,,,,,,,,,,,0
소이초등학교,충북,초,공립,,충청북도 음성군 소이면 한불로 564 . 소이초등학교 (소이면),0,,,0,,,,,,,,,,,,,,,,,,,,,0
수봉초등학교,충북,초,공립,,충청북도 음성군 음성읍 시장로126번길 19 (음성읍),0,,,0,,,,,,,,,,,,,,,,,,,,,0
쌍봉초등학교,충북,초,공립,,충청북도 음성군 금왕읍 금일로371번길 58-17 (금왕읍),0,,,0,,,,,,,,,,,,,,,,,,,,,0
오갑초등학교,충북,초,공립,,충청북도 음성군 감곡면 가곡로 326-7 . 오갑초등학교 (감곡면),0,,,0,,,,,,,,,,,,,,,,,,,,,0
오선초등학교,충북,초,공립,,충청북도 음성군 금왕읍 초금로752번길 17 (금왕읍).오선초등학교,0,,,0,,,,,,,,,,,,,,,,,,,,,0
용천초등학교,충북,초,공립,,충청북도 음성군 금왕읍 덕금로 1204 (금왕읍.용천초등학교),0,,,1,2020.0,,,,,,,,,,,,,,,,,,,,0
원남초등학교,충북,초,공립,,충청북도 음성군 원남면 보천로65번길 22 (원남면),0,,,0,,,,,,,,,,,,,,,,,,,,,0
원당초등학교,충북,초,공립,,충청북도 음성군 감곡면 음성로 2142 (감곡면. 원당초등학교),0,,,0,,,,,,,,,,,,,,,,,,,,,0
청룡초등학교,충북,초,공립,,충청북도 음성군 삼성면 대청로 255-22 (삼성면. 청룡초등학교),0,,,0,,,,,,,,,,,,,,,,,,,,,0
평곡초등학교,충북,초,공립,,충청북도 음성군 음성읍 약현길 8 . 평곡초등학교 (음성읍),0,,,0,,,,,,,,,,,,,,,,,,,,,0
하당초등학교,충북,초,공립,,충청북도 음성군 원남면 하초로 35-4 (원남면.하당초등학교),0,,,0,,,,,,,,,,,,,,,,,,,,,0
동성초등학교,충북,초,공립,,충청북도 음성군 맹동면 학예로 50 . 동성초등학교 (맹동면),0,,,1,2016.0,,,,,,,,,,,,,,,,,,,,0
감곡중학교,충북,중,공립,남자,충청북도 음성군 감곡면 음성로 2629 (감곡면),0,,,0,,,,,,,,,,,,,,,,,,,,,0
대소중학교,충북,중,공립,남여공학,충청북도 음성군 대소면 대동로869번길 15 . 대소중학교 (대소면),0,,,0,,,,,,,,,,,,,,,,,,,,,0
무극중학교,충북,중,공립,남여공학,충청북도 음성군 금왕읍 응천서길27번길 37 . 무극중학교 (금왕읍),0,,,0,,,,,,,,,,,,,,,,,,,,,0
삼성중학교,충북,중,공립,남여공학,충청북도 음성군 삼성면 덕호로 39 . 삼성중학교 (삼성면),0,,,0,,,,,,,,,,,,,,,,,,,,,0
음성여자중학교,충북,중,공립,여자,충청북도 음성군 음성읍 한불로 10 (음성읍),0,,,0,,,,,,,,,,,,,,,,,,,,,0
음성중학교,충북,중,공립,남자,충청북도 음성군 음성읍 수정로 79 . 음성중학교 (음성읍),0,,,0,,,,,,,,,,,,,,,,,,,,,0
매괴여자중학교,충북,중,사립,여자,충청북도 음성군 감곡면 매괴길 10 . 매괴여자중학교 (감곡면),0,,,0,,,,,,,,,,,,,,,,,,,,,0
생극중학교,충북,중,사립,남여공학,충청북도 음성군 생극면 음성로 1672 (생극면. 생극중학교),0,,,0,,,,,,,,,,,,,,,,,,,,,0
한일중학교,충북,중,사립,남자,충청북도 음성군 음성읍 예술로 34 (음성읍.한일중학교),0,,,0,,,,,,,,,,,,,,,,,,,,,0
동성중학교,충북,중,공립,남여공학,충청북도 음성군 맹동면 학예로 32 (맹동면),0,,,0,,,,,,,,,,,,,,,,,,,,,0
가곡초등학교,충북,초,공립,,충청북도 단양군 가곡면 남한강로 548 . 가곡초등학교 (가곡면),0,,,0,,,,,,,,,,,,,,,,,,,,,0
가평초등학교,충북,초,공립,,충청북도 단양군 매포읍 가평길 58 (매포읍),0,,,0,,,,,,,,,,,,,,,,,,,,,0
단양초등학교,충북,초,공립,,충청북도 단양군 단양읍 도전2길 15 . 단양초등학교 (단양읍),0,,,1,2017.0,,,,,,,,,,,,,,,,,,,,0
단천초등학교,충북,초,공립,,충청북도 단양군 단성면 북상하리길 53 . 단천초등학교 (단성면),0,,,0,,,,,,,,,,,,,,,,,,,,,0
대가초등학교,충북,초,공립,,충청북도 단양군 적성면 적성로 453 (적성면),0,,,0,,,,,,,,,,,,,,,,,,,,,0
대강초등학교,충북,초,공립,,충청북도 단양군 대강면 대강로 6 . 대강초등학교 (대강면),0,,,0,,,,,,,,,,,,,,,,,,,,,0
매포초등학교,충북,초,공립,,충청북도 단양군 매포읍 단양로 1929 (매포읍.매포초등학교),0,,,0,,,,,,,,,,,,,,,,,,,,,0
별방초등학교,충북,초,공립,,충청북도 단양군 영춘면 별방창원로 449 . 별방초중학교 (영춘면.별방초중교),0,,,0,,,,,,,,,,,,,,,,,,,,,0
상진초등학교,충북,초,공립,,충청북도 단양군 단양읍 상진12길 17 . 상진초등학교 (단양읍),0,,,1,2016.0,,,,,,,,,,,,,,,,,,,,0
어상천초등학교,충북,초,공립,,충청북도 단양군 어상천면 어상천로 930 . 어상천초등학교 (어상천면),0,,,0,,,,,,,,,,,,,,,,,,,,,0
영춘초등학교,충북,초,공립,,충청북도 단양군 영춘면 온달평강로 63-6 (영춘면.영춘초등학교),0,,,0,,,,,,,,,,,,,,,,,,,,,0
가곡초등학교대곡분교장,충북,초,공립,,충청북도 단양군 가곡면 대대길 51 . 가곡초등학교대곡분교장 (가곡면),0,,,0,,,,,,,,,,,,,,,,,,,,,0
가곡초등학교보발분교장,충북,초,공립,,충청북도 단양군 가곡면 보발본동1길 17 . 가곡초등학교 보발분교장 (가곡면),0,,,0,,,,,,,,,,,,,,,,,,,,,0
단천초등학교가산분교장,충북,초,공립,,충청북도 단양군 단성면 선암계곡로 1092 (단성면.단천초등학교가산분교장),0,,,0,,,,,,,,,,,,,,,,,,,,,0
단성중학교,충북,중,공립,남여공학,충청북도 단양군 단성면 월악로 4633 . 단성중학교,0,,,0,,,,,,,,,,,,,,,,,,,,,0
단양중학교,충북,중,공립,남여공학,충청북도 단양군 단양읍 도전9길 12 . 단양중학교 (단양읍),0,,,0,,,,,,,,,,,,,,,,,,,,,0
매포중학교,충북,중,공립,남여공학,충청북도 단양군 매포읍 평동1로 13 . 매포중학교 (매포읍),0,,,0,,,,,,,,,,,,,,,,,,,,,0
영춘중학교,충북,중,공립,남여공학,충청북도 단양군 영춘면 온달평강로 105 (영춘면),0,,,0,,,,,,,,,,,,,,,,,,,,,0
단양소백산중학교,충북,중,공립,남여공학,충청북도 단양군 영춘면 장발선돌길 14 (영춘면),0,,,1,2020.0,,,,,,,,,,,,,,,,,,,,0
공주대학교사범대학부설고등학교,충남,고,국립,남여공학,충청남도 공주시 봉황로 75 (반죽동. 공주대학교사범대학부설고등학교),0,,,0,,,,,,,,19.0,453.0,,,,,,,,,,,,0
공주영명고등학교,충남,고,사립,남여공학,충청남도 공주시 영명학당2길 33 . 공주영명고등학교 (중동),0,,,0,,,,,,,,18.0,348.0,,,,,,,,,,,,0
한마음고등학교,충남,고,사립,남여공학,충청남도 천안시 동남구 동면 장송1길 47-24 (동면),0,,,0,,,,,,,,,,,,,,,,,,,,,0
공동체비전고등학교,충남,고,사립,남여공학,충청남도 서천군 서천읍 서문로 327 (서천읍),0,,,0,,,,,,,,,,,,,,,,,,,,,0
갈산고등학교,충남,고,공립,남여공학,충청남도 홍성군 갈산면 상촌로9번길 39 (갈산면),0,,,1,2018.0,,,,,,,10.0,179.0,,,,,,,,,,,,0
배방고등학교,충남,고,공립,남여공학,충청남도 아산시 배방읍 배방산길359번길 61 (배방읍. 배방고등학교),0,,,0,,,,,,,,41.0,1338.0,,,,,,,,,,,,0
충남삼성고등학교,충남,고,사립,남여공학,충청남도 아산시 탕정면 삼성로 77 충남삼성고등학교,1,2023.0,교육활동 모델교,1,2017.0,,,,,,,36.0,1100.0,,,,,,,,,,,,1
강경고등학교,충남,고,공립,남여공학,충청남도 논산시 강경읍 계백로 188 (강경읍. 강경고등학교),0,,,0,,,,,,,,8.0,148.0,,,,,,,,,,,,0
공주고등학교,충남,고,공립,남자,충청남도 공주시 공주고담길 2 (중학동. 공주고등학교),1,2023.0,정보교육실 구축교,0,,,,,,,,25.0,496.0,,,,,,,,,,,,0
공주여자고등학교,충남,고,공립,여자,충청남도 공주시 공주여고길 14-1 (금학동. 공주여자고등학교),0,,,0,,,,,,,,22.0,408.0,,,,,,,,,,,,0
금산고등학교,충남,고,공립,남자,충청남도 금산군 금산읍 탑선길 5 (금산읍. 금산중고등학교),1,2023.0,교육활동 모델교,0,,,,,,,,16.0,349.0,,,,,,,,,,,,0
금산여자고등학교,충남,고,공립,여자,충청남도 금산군 금산읍 인삼로 21 (금산읍. 금산여자고등학교),0,,,0,,,,,,,,16.0,341.0,,,,,,,,,,,,0
논산고등학교,충남,고,공립,남자,충청남도 논산시 시민로 173-9 (내동),0,,,0,,,,,,,,12.0,245.0,,,,,,,,,,,,0
논산여자고등학교,충남,고,공립,여자,충청남도 논산시 중앙로 325 (취암동),0,,,0,,,,,,,,17.0,284.0,,,,,,,,,,,,0
당진고등학교,충남,고,공립,남여공학,충청남도 당진시 백암로 219-20 (채운동),0,,,0,,,,,,,,31.0,894.0,,,,,,,,,,,,0
대천고등학교,충남,고,공립,남자,충청남도 보령시 대고로 58 (죽정동),0,,,0,,,,,,,,22.0,463.0,,,,,,,,,,,,0
덕산고등학교,충남,고,공립,남여공학,충청남도 예산군 봉산면 하평1길 46 (봉산면. 덕산고등학교),0,,,0,,,,,,,,20.0,483.0,,,,,,,,,,,,0
대천여자고등학교,충남,고,공립,여자,충청남도 보령시 중앙로 264 (대천동),0,,,0,,,,,,,,23.0,462.0,,,,,,,,,,,,0
만리포고등학교,충남,고,공립,남여공학,충청남도 태안군 소원면 서해로 631 (소원면. 만리포고등학교),0,,,0,,,,,,,,6.0,90.0,,,,,,,,,,,,0
서산여자고등학교,충남,고,공립,여자,충청남도 서산시 정주골6길 27 (석림동),0,,,0,,,,,,,,31.0,826.0,,,,,,,,,,,,0
천안불당고등학교,충남,고,공립,남여공학,충청남도 천안시 서북구 불당29길 22 (불당동),0,,,0,,,,,,,,40.0,1292.0,,,,,,,,,,,,0
목천고등학교,충남,고,공립,남여공학,충청남도 천안시 동남구 목천읍 삼방로 145 . 목천고등학교 (목천읍),0,,,0,,,,,,,,13.0,290.0,,,,,,,,,,,,0
부석고등학교,충남,고,공립,남여공학,충청남도 서산시 부석면 무학로 1180-9 (부석면) 부석고등학교,0,,,0,,,,,,,,15.0,367.0,,,,,,,,,,,,0
부여고등학교,충남,고,공립,남자,충청남도 부여군 부여읍 금성로91번길 3 (부여읍.부여고등학교),0,,,0,,,,,,,,22.0,422.0,,,,,,,,,,,,0
부여여자고등학교,충남,고,공립,여자,충청남도 부여군 부여읍 부소로 47 (부여읍. 부여여자고등학교),0,,,0,,,,,,,,16.0,299.0,,,,,,,,,,,,0
서산고등학교,충남,고,공립,남여공학,충청남도 서산시 해미면 서문3길 37 (해미면. 서산고등학교),0,,,0,,,,,,,,15.0,376.0,,,,,,,,,,,,0
온양여자고등학교,충남,고,공립,여자,충청남도 아산시 온여고길21번길 24 (풍기동. 온양여자고등학교),0,,,0,,,,,,,,36.0,1001.0,,,,,,,,,,,,0
서천고등학교,충남,고,공립,남자,충청남도 서천군 서천읍 사곡로43번길 13-16 (서천읍),0,,,0,,,,,,,,16.0,274.0,,,,,,,,,,,,0
서천여자고등학교,충남,고,공립,여자,충청남도 서천군 서천읍 군청로 84 . 서천여자중고등학교 (서천읍),0,,,0,,,,,,,,10.0,173.0,,,,,,,,,,,,0
성환고등학교,충남,고,공립,남여공학,충청남도 천안시 서북구 성환읍 신방로 354 (성환읍),0,,,0,,,,,,,,16.0,356.0,,,,,,,,,,,,0
안면고등학교,충남,고,공립,남여공학,충청남도 태안군 안면읍 조운막터길 73 (안면읍. 안면고등학교),0,,,0,,,,,,,,8.0,131.0,,,,,,,,,,,,0
예산여자고등학교,충남,고,공립,여자,충청남도 예산군 예산읍 주교로 36 (예산읍),0,,,0,,,,,,,,18.0,352.0,,,,,,,,,,,,0
온양고등학교,충남,고,공립,남자,충청남도 아산시 온천대로 1411 (온천동),0,,,0,,,,,,,,35.0,1029.0,,,,,,,,,,,,0
용남고등학교,충남,고,공립,남여공학,충청남도 계룡시 신도안면 신도안1길 32 (신도안면. 용남고등학교),0,,,0,,,,,,,,31.0,817.0,,,,,,,,,,,,0
웅천고등학교,충남,고,공립,남여공학,충청남도 보령시 웅천읍 방축길 87 (웅천읍. 웅천고등학교),0,,,0,,,,,,,,9.0,179.0,,,,,,,,,,,,0
정산고등학교,충남,고,공립,남여공학,충청남도 청양군 정산면 칠갑산로 1897 (정산면.정산고등학교),1,2023.0,교육활동 모델교,0,,,,,,,,10.0,166.0,,,,,,,,,,,,0
천안여자고등학교,충남,고,공립,여자,충청남도 천안시 동남구 삼룡3길 30 . 천안여자고등학교 (삼룡동),0,,,0,,,,,,,,35.0,959.0,,,,,,,,,,,,0
천안중앙고등학교,충남,고,공립,남자,충청남도 천안시 동남구 충절로 91 (원성동. 천안중앙고등학교),1,2023.0,교육활동 모델교,0,,,,,,,,39.0,1286.0,,,,,,,,,,,,0
공주금성여자고등학교,충남,고,사립,여자,충청남도 공주시 무령로 103 (웅진동. 공주금성여자고등학교),0,,,0,,,,,,,,21.0,393.0,,,,,,,,,,,,0
태안고등학교,충남,고,공립,남여공학,충청남도 태안군 태안읍 백화로 251 (태안읍),0,,,0,,,,,,,,22.0,396.0,,,,,,,,,,,,0
합덕여자고등학교,충남,고,공립,여자,충청남도 당진시 합덕읍 면천로 1583 (합덕읍),0,,,0,,,,,,,,,,,,,,,,,,,,,0
홍성고등학교,충남,고,공립,남여공학,충청남도 홍성군 홍북읍 홍학로 49 (홍북읍),0,,,0,,,,,,,,33.0,751.0,,,,,,,,,,,,0
천안두정고등학교,충남,고,공립,남여공학,충청남도 천안시 서북구 두정고2길 13 (두정동. 두정고등학교),0,,,0,,,,,,,,44.0,1426.0,,,,,,,,,,,,0
천안오성고등학교,충남,고,공립,남여공학,충청남도 천안시 서북구 과수원길 27 (성성동),0,,,0,,,,,,,,40.0,1293.0,,,,,,,,,,,,0
홍성여자고등학교,충남,고,공립,여자,충청남도 홍성군 홍성읍 충서로 1575번길 10 (홍성읍),0,,,1,2020.0,,,,,,,19.0,414.0,,,,,,,,,,,,0
천안월봉고등학교,충남,고,공립,남여공학,충청남도 천안시 서북구 불당11로 51 (불당동),0,,,0,,,,,,,,40.0,1272.0,,,,,,,,,,,,0
천안쌍용고등학교,충남,고,공립,남여공학,충청남도 천안시 서북구 월봉7길 10 (쌍용동),1,2023.0,교육활동 모델교,0,,,,,,,,44.0,1385.0,,,,,,,,,,,,0
온양용화고등학교,충남,고,공립,남여공학,충청남도 아산시 용화고길 10 (용화동. 온양용화고등학교),0,,,0,,,,,,,,43.0,1254.0,,,,,,,,,,,,0
천안신당고등학교,충남,고,공립,남여공학,충청남도 천안시 서북구 신당새터2길 36 . (신당동.천안신당고등학교) (신당동. 천안신당고등학교),0,,,0,,,,,,,,32.0,1000.0,,,,,,,,,,,,0
계룡고등학교,충남,고,공립,남여공학,충청남도 계룡시 두마면 서금암로 89 (두마면),0,,,0,,,,,,,,22.0,579.0,,,,,,,,,,,,0
천안업성고등학교,충남,고,공립,남여공학,충청남도 천안시 서북구 업성3길 65-11 천안업성고등학교 (업성동),0,,,1,2019.0,,,,,,,36.0,1037.0,,,,,,,,,,,,0
건양대학교병설건양고등학교,충남,고,사립,남여공학,충청남도 논산시 양촌면 황산벌로 486-21 (양촌면),0,,,0,,,,,,,,12.0,248.0,,,,,,,,,,,,0
광천고등학교,충남,고,사립,남여공학,충청남도 홍성군 광천읍 광천로373번길 14 (광천읍),0,,,0,,,,,,,,,,,,,,,,,,,,,0
서해삼육고등학교,충남,고,사립,남여공학,충청남도 홍성군 광천읍 홍남로705번길 23 (광천읍),0,,,0,,,,,,,,9.0,175.0,,,,,,,,,,,,0
논산대건고등학교,충남,고,사립,남자,충청남도 논산시 논산대로 119 (등화동),1,2023.0,정보교육실 구축교,0,,,,,,,,24.0,489.0,,,,,,,,,,,,0
삽교고등학교,충남,고,사립,남여공학,충청남도 예산군 삽교읍 삽교로 161 (삽교읍. 삽교고등학교),0,,,0,,,,,,,,15.0,324.0,,,,,,,,,,,,0
대흥고등학교,충남,고,사립,남여공학,충청남도 예산군 대흥면 예당로 845 (대흥면),1,2023.0,교육활동 모델교,0,,,,,,,,6.0,132.0,,,,,,,,,,,,0
복자여자고등학교,충남,고,사립,여자,충청남도 천안시 동남구 복자1길 1 (성황동),1,2023.0,정보교육실 구축교,1,2020.0,,,,,,,24.0,614.0,,,,,,,,,,,,1
설화고등학교,충남,고,공립,남여공학,충청남도 아산시 배방읍 용연로 111 (배방읍. 설화고등학교),0,,,0,,,,,,,,43.0,1394.0,,,,,,,,,,,,0
서령고등학교,충남,고,사립,남자,충청남도 서산시 서령로 117-1 (동문동.서령고등학교),0,,,1,2020.0,,,,,,,27.0,806.0,,,,,,,,,,,,0
서야고등학교,충남,고,사립,남여공학,충청남도 당진시 합덕읍 덕평로 335 (합덕읍),1,2023.0,교육활동 모델교,1,2020.0,,,,,,,12.0,280.0,,,,,,,,,,,,1
송악고등학교,충남,고,사립,남여공학,충청남도 당진시 송악읍 송악로 165 (송악읍),0,,,0,,,,,,,,20.0,621.0,,,,,,,,,,,,0
신평고등학교,충남,고,사립,남여공학,충청남도 당진시 신평면 서해로 7076 (신평면. 신평고등학교),0,,,1,2016.0,,,,,,,23.0,670.0,,,,,,,,,,,,0
온양한올고등학교,충남,고,사립,여자,충청남도 아산시 청운로 158 (권곡동. 온양한올중고등학교),0,,,0,,,,,,,,,,,,,,,,,,,,,0
쌘뽈여자고등학교,충남,고,사립,여자,충청남도 논산시 시민로 411 (부창동),1,2023.0,정보교육실 구축교,0,,,,,,,,18.0,356.0,,,,,,,,,,,,0
대산고등학교,충남,고,공립,남여공학,충청남도 서산시 대산읍 대산1로 36 (대산읍),1,2023.0,정보교육실 구축교,0,,,,,,,,21.0,576.0,,,,,,,,,,,,0
아산고등학교,충남,고,사립,남자,충청남도 아산시 번영로115번길 21 . 아산고등학교 (온천동),0,,,0,,,,,,,,32.0,1007.0,,,,,,,,,,,,0
연무고등학교,충남,고,사립,남여공학,충청남도 논산시 연무읍 동안로887번길 5 (연무읍. 연무고등학교.연무여자중학교),0,,,0,,,,,,,,18.0,366.0,,,,,,,,,,,,0
천안청수고등학교,충남,고,공립,남여공학,충청남도 천안시 동남구 청수로 82-46 (청수동),0,,,0,,,,,,,,41.0,1226.0,,,,,,,,,,,,0
예산고등학교,충남,고,사립,남자,충청남도 예산군 예산읍 예산로 101 (예산읍),0,,,0,,,,,,,,25.0,516.0,,,,,,,,,,,,0
장항고등학교,충남,고,사립,남여공학,충청남도 서천군 장항읍 성화로193번길 6 (장항읍.장항고등학교),0,,,0,,,,,,,,9.0,179.0,,,,,,,,,,,,0
서일고등학교,충남,고,사립,남여공학,충청남도 서산시 지곡면 화천3길 56 (지곡면.서일고등학교),0,,,0,,,,,,,,18.0,505.0,,,,,,,,,,,,0
태안여자고등학교,충남,고,사립,여자,충청남도 태안군 태안읍 원이로 7-1 (태안읍. 태안여고),0,,,0,,,,,,,,22.0,414.0,,,,,,,,,,,,0
천안고등학교,충남,고,사립,남자,충청남도 천안시 동남구 봉명로 53 . 천안고등학교,0,,,0,,,,,,,,33.0,1094.0,,,,,,,,,,,,0
북일고등학교,충남,고,사립,남여공학,충청남도 천안시 동남구 단대로 69 (신부동),1,2023.0,교육활동 모델교,0,,,,,,,,36.0,1018.0,,,,,,,,,,,,0
북일여자고등학교,충남,고,사립,여자,충청남도 천안시 동남구 단대로 71 (신부동),0,,,0,,,,,,,,24.0,671.0,,,,,,,,,,,,0
한일고등학교,충남,고,사립,남자,충청남도 공주시 정안면 어물길 81 (정안면),0,,,0,,,,,,,,15.0,379.0,,,,,,,,,,,,0
호서고등학교,충남,고,사립,남여공학,충청남도 당진시 밤절로 2-13 (읍내동),0,,,0,,,,,,,,32.0,1008.0,,,,,,,,,,,,0
홍주고등학교,충남,고,사립,남여공학,충청남도 홍성군 홍성읍 문화로 78 (홍성읍),0,,,0,,,,,,,,24.0,586.0,,,,,,,,,,,,0
충남체육고등학교,충남,고,공립,남여공학,충청남도 논산시 체육로 82 (관촉동),0,,,0,,,,,,,,9.0,222.0,,,,,,,,,,,,0
충남과학고등학교,충남,고,공립,남여공학,충청남도 공주시 반포면 금벽로 1351-15 (반포면),1,2023.0,교육활동 모델교,1,2016.0,,,,,,,12.0,195.0,,,,,,,,,,,,1
충남디자인예술고등학교,충남,고,공립,남여공학,충청남도 서천군 한산면 한마로 114 (한산면. 충남디자인예술고등학교),0,,,0,,,,,,,,9.0,169.0,,,,,,,,,,,,0
충남예술고등학교,충남,고,공립,남여공학,충청남도 천안시 서북구 성거읍 천흥2길 42 . 충남예술고등학교 (성거읍),0,,,0,,,,,,,,16.0,419.0,,,,,,,,,,,,0
충남외국어고등학교,충남,고,공립,남여공학,충청남도 아산시 탕정면 탕정면로 53-60 (탕정면),0,,,0,,,,,,,,21.0,419.0,,,,,,,,,,,,0
공주생명과학고등학교,충남,고,공립,남여공학,충청남도 공주시 금벽로 317 (신관동),0,,,0,,,,,,,,18.0,259.0,,,,,,,,,,,,0
금산산업고등학교,충남,고,공립,남여공학,충청남도 금산군 금산읍 진악로 1003 (금산읍),0,,,0,,,,,,,,12.0,188.0,,,,,,,,,,,,0
서산중앙고등학교,충남,고,공립,남여공학,충청남도 서산시 벌말1길 23 (동문동. 서산중앙고등학교),0,,,0,,,,,,,,37.0,835.0,,,,,,,,,,,,0
주산산업고등학교,충남,고,공립,남여공학,충청남도 보령시 주산면 만세운동길 58 (주산면),0,,,0,,,,,,,,14.0,161.0,,,,,,,,,,,,0
천안제일고등학교,충남,고,공립,남여공학,충청남도 천안시 동남구 버들로 71 (원성동. 천안제일고등학교),0,,,0,,,,,,,,24.0,416.0,,,,,,,,,,,,0
청양고등학교,충남,고,공립,남여공학,충청남도 청양군 청양읍 문화예술로 149 (청양읍),0,,,0,,,,,,,,23.0,404.0,,,,,,,,,,,,0
한국식품마이스터고등학교,충남,고,공립,남여공학,충청남도 부여군 홍산면 홍산로 112-23 (홍산면) 한국식품마이스터고등학교,0,,,0,,,,,,,,10.0,136.0,,,,,,,,,,,,0
홍성공업고등학교,충남,고,공립,남여공학,충청남도 홍성군 결성면 구성남로 55 (결성면.홍성공업고등학교),0,,,0,,,,,,,,10.0,139.0,,,,,,,,,,,,0
논산공업고등학교,충남,고,공립,남여공학,충청남도 논산시 시민로 365 (취암동. 논산공업고등학교),0,,,0,,,,,,,,,,,,,,,,,,,,,0
아산전자기계고등학교,충남,고,공립,남여공학,충청남도 아산시 둔포면 둔포중앙로133번길 42 (둔포면. 아산전자기계고등학교),0,,,0,,,,,,,,,,,,,,,,,,,,,0
부여전자고등학교,충남,고,공립,남여공학,충청남도 부여군 임천면 충절로 1027 (임천면.부여전자고등학교),0,,,0,,,,,,,,6.0,58.0,,,,,,,,,,,,0
연무대기계공업고등학교,충남,고,공립,남여공학,충청남도 논산시 연무읍 연무로 268-9 (연무읍. 연무대기계공고),0,,,0,,,,,,,,,,,,,,,,,,,,,0
예산전자공업고등학교,충남,고,공립,남여공학,충청남도 예산군 예산읍 벚꽃로351번길 21 (예산읍),0,,,0,,,,,,,,,,,,,,,,,,,,,0
서산공업고등학교,충남,고,공립,남여공학,충청남도 서산시 운산면 운암로 1072-12 (운산면),0,,,0,,,,,,,,18.0,313.0,,,,,,,,,,,,0
공주마이스터고등학교,충남,고,공립,남여공학,충청남도 공주시 유구읍 중앙1길 27-12 . 공주마이스터고등학교 (유구읍),0,,,0,,,,,,,,13.0,190.0,,,,,,,,,,,,0
충남조선공업고등학교,충남,고,공립,남여공학,충청남도 서천군 장항읍 신창서로 77 (장항읍. 충남조선공업고등학교),0,,,0,,,,,,,,,,,,,,,,,,,,,0
금산하이텍고등학교,충남,고,공립,남여공학,충청남도 금산군 진산면 대둔산로 412,0,,,0,,,,,,,,10.0,135.0,,,,,,,,,,,,0
천안공업고등학교,충남,고,공립,남여공학,충청남도 천안시 동남구 성황5길 17 . 천안공업고등학교 (신부동),0,,,0,,,,,,,,45.0,943.0,,,,,,,,,,,,0
합덕제철고등학교,충남,고,공립,남자,충청남도 당진시 합덕읍 면천로 1601 (합덕읍),0,,,0,,,,,,,,16.0,227.0,,,,,,,,,,,,0
강경상업고등학교,충남,고,공립,남여공학,충청남도 논산시 강경읍 계백로 220 (강경읍. 강경상업정보고등학교),0,,,0,,,,,,,,15.0,241.0,,,,,,,,,,,,0
광천제일고등학교,충남,고,공립,남여공학,충청남도 홍성군 광천읍 홍남로 695 (광천읍),0,,,0,,,,,,,,,,,,,,,,,,,,,0
당진정보고등학교,충남,고,공립,남여공학,충청남도 당진시 운학길 5 (채운동. 당진정보고교),0,,,0,,,,,,,,30.0,587.0,,,,,,,,,,,,0
대천여자상업고등학교,충남,고,공립,여자,충청남도 보령시 여상길 60 . 대천여자상업고등학교 (내항동 502),0,,,0,,,,,,,,15.0,263.0,,,,,,,,,,,,0
부여정보고등학교,충남,고,공립,남여공학,충청남도 부여군 규암면 충절로2316번길 24 (규암면),0,,,0,,,,,,,,9.0,120.0,,,,,,,,,,,,0
충남인터넷고등학교,충남,고,공립,남여공학,충청남도 논산시 연산면 계백로 1958-16 (연산면.충남인터넷고등학교),0,,,0,,,,,,,,10.0,139.0,,,,,,,,,,,,0
공주정보고등학교,충남,고,사립,남여공학,충청남도 공주시 마근동길 29 (금흥동.공주정보고등학교),0,,,0,,,,,,,,12.0,183.0,,,,,,,,,,,,0
논산여자상업고등학교,충남,고,사립,여자,충청남도 논산시 시민로 197 (강산동. 논산여상),0,,,0,,,,,,,,20.0,363.0,,,,,,,,,,,,0
서천여자정보고등학교,충남,고,사립,여자,충청남도 서천군 서천읍 화금서길 45 (서천읍. 서천여자정보고등학교),0,,,0,,,,,,,,9.0,156.0,,,,,,,,,,,,0
예산예화여자고등학교,충남,고,사립,여자,충청남도 예산군 예산읍 예산로 117 .예산예화여자고등학교(예산읍. 예산예화여자고등학교),0,,,0,,,,,,,,18.0,317.0,,,,,,,,,,,,0
천안상업고등학교,충남,고,사립,남여공학,충청남도 천안시 서북구 천일고1길 43-9 (신당동),0,,,0,,,,,,,,36.0,838.0,,,,,,,,,,,,0
천안여자상업고등학교,충남,고,사립,여자,충청남도 천안시 동남구 천안여상로 44 . 천안여자상업고등학교 (봉명동),0,,,0,,,,,,,,29.0,667.0,,,,,,,,,,,,0
충남해양과학고등학교,충남,고,공립,남여공학,충청남도 보령시 대천항로 212 (신흑동. 충남해양과학고등학교),0,,,0,,,,,,,,12.0,228.0,,,,,,,,,,,,0
병천고등학교,충남,고,공립,남여공학,충청남도 천안시 동남구 병천면 충절로 1872 (병천면),0,,,0,,,,,,,,19.0,428.0,,,,,,,,,,,,0
광덕초등학교,충남,초,공립,,충청남도 천안시 동남구 광덕면 신흥리3길 36 (광덕면),0,,,0,,,,,,,,7.0,50.0,,,,,,,,,,,,0
대홍초등학교,충남,초,공립,,충청남도 천안시 서북구 성환읍 잠실길 4 (성환읍),0,,,0,,,,,,,,6.0,29.0,,,,,,,,,,,,0
도장초등학교,충남,초,공립,,충청남도 천안시 동남구 목천읍 도장1길 73 (목천읍),0,,,0,,,,,,,,6.0,46.0,,,,,,,,,,,,0
천안차암초등학교,충남,초,공립,,충청남도 천안시 서북구 3공단6로 85-20 (차암동. 천안차암초등학교),0,,,0,,,,,,,,59.0,1309.0,,,,,,,,,,,,0
도하초등학교,충남,초,공립,,충청남도 천안시 서북구 성환읍 연암로 382 (성환읍.도하초등학교),0,,,0,,,,,,,,6.0,44.0,,,,,,,,,,,,0
목천초등학교,충남,초,공립,,충청남도 천안시 동남구 목천읍 서리2길 31 (목천읍),0,,,0,,,,,,,,8.0,96.0,,,,,,,,,,,,0
미죽초등학교,충남,초,공립,,충청남도 천안시 동남구 풍세면 미죽2길 7 . 미죽초등학교 (풍세면),0,,,0,,,,,,,,6.0,94.0,,,,,,,,,,,,0
병천초등학교,충남,초,공립,,충청남도 천안시 동남구 병천면 병천2로 35 . 병천초등학교 (병천면. 병천초등학교),0,,,0,,,,,,,,7.0,113.0,,,,,,,,,,,,0
보산원초등학교,충남,초,공립,,충청남도 천안시 동남구 광덕면 보산원2길 33 . 보산원초등학교 (광덕면),0,,,0,,,,,,,,6.0,36.0,,,,,,,,,,,,0
삼은초등학교,충남,초,공립,,충청남도 천안시 서북구 직산읍 삼은2길 11 (직산읍. 삼은초등학교),0,,,0,,,,,,,,24.0,459.0,,,,,,,,,,,,0
성거초등학교,충남,초,공립,,충청남도 천안시 서북구 성거읍 소댕이3길 606-21 (성거읍. 성거초등학교),0,,,0,,,,,,,,26.0,510.0,,,,,,,,,,,,0
천안불무초등학교,충남,초,공립,,충청남도 천안시 서북구 불당23로 29 (불당동) 천안불무초등학교,1,2023.0,교육활동 모델교,0,,,,,,,,75.0,1979.0,,,,,,,,,,,,0
성남초등학교,충남,초,공립,,충청남도 천안시 동남구 성남면 대흥신덕길 95 (성남면. 성남초등학교),0,,,1,2018.0,,,,,,,6.0,42.0,,,,,,,,,,,,0
성신초등학교,충남,초,공립,,충청남도 천안시 서북구 성환읍 성환12길 7 (성환읍. 성신초등학교),0,,,0,,,,,,,,8.0,104.0,,,,,,,,,,,,0
천안아름초등학교,충남,초,공립,,충청남도 천안시 서북구 불당27길 7 (불당동. 천안 아름초등학교),0,,,1,2019.0,,,,,,,76.0,2081.0,,,,,,,,,,,,0
성환초등학교,충남,초,공립,,충청남도 천안시 서북구 성환읍 성환12길 37 . 성환초등학교 (성환읍. 성환초등학교),0,,,0,,,,,,,,22.0,447.0,,,,,,,,,,,,0
수신초등학교,충남,초,공립,,충청남도 천안시 동남구 수신면 수신로 459 (수신면. 수신초등학교),0,,,0,,,,,,,,6.0,28.0,,,,,,,,,,,,0
신가초등학교,충남,초,공립,,충청남도 천안시 서북구 성환읍 성환신흥2길 2 (성환읍. 신가초등학교),0,,,1,2018.0,,,,,,,6.0,42.0,,,,,,,,,,,,0
신계초등학교,충남,초,공립,,충청남도 천안시 동남구 목천읍 천정1길 243-9 (목천읍),0,,,0,,,,,,,,12.0,172.0,,,,,,,,,,,,0
신방초등학교,충남,초,공립,,충청남도 천안시 서북구 성환읍 신방로 73 (성환읍. 신방초등학교),0,,,0,,,,,,,,6.0,53.0,,,,,,,,,,,,0
천안신부초등학교,충남,초,공립,,충청남도 천안시 동남구 터미널5길 30 (신부동. 신부초등학교),0,,,0,,,,,,,,28.0,528.0,,,,,,,,,,,,0
신사초등학교,충남,초,공립,,충청남도 천안시 동남구 성남면 신사대화로 155 (성남면. 신사초등학교),0,,,0,,,,,,,,6.0,27.0,,,,,,,,,,,,0
안서초등학교,충남,초,공립,,충청남도 천안시 동남구 중암3길 10 (안서동. 안서초등학교),0,,,0,,,,,,,,11.0,210.0,,,,,,,,,,,,0
양당초등학교,충남,초,공립,,충청남도 천안시 서북구 직산읍 양당1길 9-12 . 양당초등학교 (직산읍. 양당초등학교),0,,,0,,,,,,,,8.0,114.0,,,,,,,,,,,,0
양대초등학교,충남,초,공립,,충청남도 천안시 서북구 입장면 성진로 858 (입장면),0,,,0,,,,,,,,6.0,41.0,,,,,,,,,,,,0
용정초등학교,충남,초,공립,,충청남도 천안시 동남구 풍세면 용정길 8-7 (풍세면),0,,,0,,,,,,,,6.0,88.0,,,,,,,,,,,,0
위례초등학교,충남,초,공립,,충청남도 천안시 동남구 북면 오곡2길 6-13 (북면),0,,,0,,,,,,,,5.0,36.0,,,,,,,,,,,,0
은석초등학교,충남,초,공립,,충청남도 천안시 동남구 북면 용암3길 10 (북면),0,,,0,,,,,,,,6.0,36.0,,,,,,,,,,,,0
입장초등학교,충남,초,공립,,충청남도 천안시 서북구 입장면 하장4길 19 (입장면),0,,,0,,,,,,,,12.0,144.0,,,,,,,,,,,,0
직산초등학교,충남,초,공립,,충청남도 천안시 서북구 직산읍 직산안길 79 (직산읍),0,,,1,2016.0,,,,,,,8.0,104.0,,,,,,,,,,,,0
천동초등학교,충남,초,공립,,충청남도 천안시 동남구 동면 동산1길 59 (동면),0,,,0,,,,,,,,7.0,15.0,,,,,,,,,,,,0
천안초등학교,충남,초,공립,,충청남도 천안시 동남구 중앙로 169 (성황동),0,,,0,,,,,,,,20.0,373.0,,,,,,,,,,,,0
천안구성초등학교,충남,초,공립,,충청남도 천안시 동남구 청수로 126 (구성동. 구성초등학교),0,,,0,,,,,,,,17.0,336.0,,,,,,,,,,,,0
천안남산초등학교,충남,초,공립,,충청남도 천안시 동남구 버들1길 30 (원성동. 남산초등학교),0,,,0,,,,,,,,18.0,365.0,,,,,,,,,,,,0
천안미라초등학교,충남,초,공립,,충청남도 천안시 서북구 미라2길 13 (쌍용동. 천안미라초등학교),0,,,0,,,,,,,,14.0,256.0,,,,,,,,,,,,0
천안봉명초등학교,충남,초,공립,,충청남도 천안시 동남구 봉명2길 11 (봉명동. 봉명초등학교),1,2023.0,교육활동 모델교,0,,,,,,,,16.0,273.0,,,,,,,,,,,,0
천안봉서초등학교,충남,초,공립,,충청남도 천안시 동남구 봉서10길 12 봉서초등학교 (봉명동),0,,,0,,,,,,,,24.0,477.0,,,,,,,,,,,,0
천안부대초등학교,충남,초,공립,,충청남도 천안시 서북구 공대길 37 (부대동),0,,,0,,,,,,,,15.0,246.0,,,,,,,,,,,,0
천안부성초등학교,충남,초,공립,,충청남도 천안시 서북구 부성1길 16 (두정동),0,,,0,,,,,,,,26.0,585.0,,,,,,,,,,,,0
천안부영초등학교,충남,초,공립,,충청남도 천안시 동남구 목천읍 삼성5길 22-14 . 천안부영초등학교 (목천읍),0,,,0,,,,,,,,12.0,237.0,,,,,,,,,,,,0
천안서초등학교,충남,초,공립,,충청남도 천안시 서북구 서부16길 27 (성정동. 천안서초등학교),0,,,1,2019.0,,,,,,,25.0,416.0,,,,,,,,,,,,0
천안성정초등학교,충남,초,공립,,충청남도 천안시 서북구 성정7길 3 (성정동),0,,,1,2020.0,,,,,,,16.0,240.0,,,,,,,,,,,,0
천안신안초등학교,충남,초,공립,,충청남도 천안시 동남구 원성25길 21 (신부동. 천안신안초등학교),0,,,1,2017.0,,,,,,,30.0,593.0,,,,,,,,,,,,0
천안신촌초등학교,충남,초,공립,,충청남도 천안시 동남구 신촌4로 9 . 천안신촌초등학교 (신방동. 신촌초등학교),0,,,0,,,,,,,,11.0,155.0,,,,,,,,,,,,0
천안신용초등학교,충남,초,공립,,충청남도 천안시 동남구 새말1길 29 (신방동),1,2023.0,정보교육실 구축교,0,,,,,,,,26.0,559.0,,,,,,,,,,,,0
천안쌍용초등학교,충남,초,공립,,충청남도 천안시 서북구 쌍용6길 9 (쌍용동.쌍용초등학교),0,,,0,,,,,,,,22.0,454.0,,,,,,,,,,,,0
천안업성초등학교,충남,초,공립,,충청남도 천안시 서북구 업성5길 20 (업성동. 업성초등학교),0,,,0,,,,,,,,6.0,43.0,,,,,,,,,,,,0
천안용암초등학교,충남,초,공립,,충청남도 천안시 서북구 월봉로 147 (쌍용동. 용암초등학교),0,,,0,,,,,,,,22.0,479.0,,,,,,,,,,,,0
천안월봉초등학교,충남,초,공립,,충청남도 천안시 서북구 월봉4로 120-8 (쌍용동),0,,,0,,,,,,,,30.0,583.0,,,,,,,,,,,,0
천안일봉초등학교,충남,초,공립,,충청남도 천안시 동남구 다가2길 3 (다가동),0,,,0,,,,,,,,19.0,354.0,,,,,,,,,,,,0
천안중앙초등학교,충남,초,공립,,충청남도 천안시 동남구 영성로 73 (오룡동),0,,,1,2017.0,,,,,,,0.0,0.0,,,,,,,,,,,,0
천안청수초등학교,충남,초,공립,,충청남도 천안시 동남구 청수로 35-3 (청수동. 청수초등학교),0,,,0,,,,,,,,16.0,287.0,,,,,,,,,,,,0
풍세초등학교,충남,초,공립,,충청남도 천안시 동남구 풍세면 풍세2길 5 (풍세면),0,,,0,,,,,,,,16.0,296.0,,,,,,,,,,,,0
행정초등학교,충남,초,공립,,충청남도 천안시 동남구 광덕면 광덕로 534 (광덕면),1,2023.0,교육활동 모델교,0,,,,,,,,6.0,12.0,,,,,,,,,,,,0
환서초등학교,충남,초,공립,,충청남도 천안시 서북구 한들2로 34-14 (백석동),0,,,0,,,,,,,,77.0,1945.0,,,,,,,,,,,,0
천안한들초등학교,충남,초,공립,,충청남도 천안시 서북구 한들2로 33 . 천안한들초등학교 (백석동. 한들초등학교),0,,,0,,,,,,,,32.0,616.0,,,,,,,,,,,,0
천안용곡초등학교,충남,초,공립,,충청남도 천안시 동남구 새말1길 73 (용곡동),0,,,0,,,,,,,,29.0,650.0,,,,,,,,,,,,0
천안가온초등학교,충남,초,공립,,충청남도 천안시 동남구 청수14로 21 (청당동),0,,,0,,,,,,,,37.0,855.0,,,,,,,,,,,,0
천안오성초등학교,충남,초,공립,,충청남도 천안시 서북구 오성5길 23 (두정동),0,,,0,,,,,,,,45.0,942.0,,,,,,,,,,,,0
천안백석초등학교,충남,초,공립,,충청남도 천안시 서북구 백석3로 98 (백석동. 백석초등학교),0,,,0,,,,,,,,30.0,668.0,,,,,,,,,,,,0
천안수곡초등학교,충남,초,공립,,충청남도 천안시 서북구 수곡로 19-32 (쌍용동. 수곡초등학교),0,,,0,,,,,,,,25.0,576.0,,,,,,,,,,,,0
천안두정초등학교,충남,초,공립,,충청남도 천안시 서북구 두정역서1길 10 (두정동. 천안두정초등학교),0,,,0,,,,,,,,39.0,816.0,,,,,,,,,,,,0
천안불당초등학교,충남,초,공립,,충청남도 천안시 서북구 불당4로 39-21 . 천안불당초등학교 (불당동. 천안불당초등학교),1,2023.0,교육활동 모델교,0,,,,,,,,46.0,1099.0,,,,,,,,,,,,0
천안서당초등학교,충남,초,공립,,충청남도 천안시 서북구 불당11로 63 (불당동),0,,,0,,,,,,,,34.0,764.0,,,,,,,,,,,,0
천안신대초등학교,충남,초,공립,,충청남도 천안시 서북구 성정두정로 130 (두정동),0,,,0,,,,,,,,24.0,496.0,,,,,,,,,,,,0
천안와촌초등학교,충남,초,공립,,충청남도 천안시 서북구 와촌4길 16 (와촌동.천안와촌초등학교),0,,,0,,,,,,,,12.0,198.0,,,,,,,,,,,,0
천안용소초등학교,충남,초,공립,,충청남도 천안시 동남구 일봉로 82-18 (용곡동. 천안용소초등학교),0,,,0,,,,,,,,25.0,589.0,,,,,,,,,,,,0
천안청룡초등학교,충남,초,공립,,충청남도 천안시 동남구 풍세로 801-28 (용곡동),0,,,0,,,,,,,,25.0,587.0,,,,,,,,,,,,0
신흥초등학교,충남,초,공립,,충청남도 천안시 동남구 목천읍 신계5길 27 (목천읍.신흥초등학교),0,,,0,,,,,,,,15.0,326.0,,,,,,,,,,,,0
소망초등학교,충남,초,공립,,충청남도 천안시 서북구 성거읍 역전말3길 102 . 소망초등학교 (성거읍),0,,,0,,,,,,,,23.0,445.0,,,,,,,,,,,,0
천안성성초등학교,충남,초,공립,,충청남도 천안시 서북구 성성10길 77 (성성동),0,,,0,,,,,,,,59.0,1485.0,,,,,,,,,,,,0
천안쌍정초등학교,충남,초,공립,,충청남도 천안시 서북구 충무로 5-44 (쌍용동),0,,,1,2019.0,,,,,,,21.0,446.0,,,,,,,,,,,,0
천안삼거리초등학교,충남,초,공립,,충청남도 천안시 동남구 충절로 340 (삼룡동. 천안삼거리초등학교),0,,,0,,,,,,,,22.0,448.0,,,,,,,,,,,,0
천안청당초등학교,충남,초,공립,,충청남도 천안시 동남구 청당2길 94 (청당동),0,,,0,,,,,,,,49.0,1248.0,,,,,,,,,,,,0
천안새샘초등학교,충남,초,공립,,충청남도 천안시 동남구 통정9로 58 . 천안새샘초등학교 (신방동. 천안새샘초등학교),1,2023.0,정보교육실 구축교,0,,,,,,,,43.0,1048.0,,,,,,,,,,,,0
목천중학교,충남,중,공립,남여공학,충청남도 천안시 동남구 목천읍 삼방로 145 (목천읍),0,,,0,,,,,,,,10.0,194.0,,,,,,,,,,,,0
병천중학교,충남,중,공립,남여공학,충청남도 천안시 동남구 병천면 충절로 1872 (병천면),0,,,0,,,,,,,,7.0,105.0,,,,,,,,,,,,0
천안쌍용중학교,충남,중,공립,남여공학,충청남도 천안시 서북구 쌍용12길 13 (쌍용동. 쌍용중학교),1,2023.0,교육활동 모델교,1,2017.0,,,,,,,38.0,1135.0,,,,,,,,,,,,1
성환중학교,충남,중,공립,남여공학,충청남도 천안시 서북구 성환읍 성환2로 79 (성환읍),0,,,0,,,,,,,,14.0,260.0,,,,,,,,,,,,0
환서중학교,충남,중,공립,남여공학,충청남도 천안시 서북구 한들3로 50 (백석동),0,,,1,2017.0,,,,,,,27.0,832.0,,,,,,,,,,,,0
입장중학교,충남,중,공립,남여공학,충청남도 천안시 서북구 입장면 연곡길 36 (입장면),0,,,0,,,,,,,,7.0,129.0,,,,,,,,,,,,0
천안불무중학교,충남,중,공립,남여공학,충청남도 천안시 서북구 불당23로 30 . 천안불무중학교 (불당동),0,,,1,2019.0,,,,,,,33.0,978.0,,,,,,,,,,,,0
천남중학교,충남,중,공립,남여공학,충청남도 천안시 동남구 성남면 신사대화로 403 (성남면),0,,,0,,,,,,,,3.0,58.0,,,,,,,,,,,,0
천안동중학교,충남,중,공립,남여공학,충청남도 천안시 동남구 충절로 363-11 (삼룡동),0,,,0,,,,,,,,21.0,638.0,,,,,,,,,,,,0
천안두정중학교,충남,중,공립,남여공학,충청남도 천안시 서북구 두정중1길 26 (두정동),0,,,0,,,,,,,,31.0,920.0,,,,,,,,,,,,0
천안봉서중학교,충남,중,공립,남여공학,충청남도 천안시 서북구 미라1길 48 (쌍용동),0,,,0,,,,,,,,21.0,459.0,,,,,,,,,,,,0
천안북중학교,충남,중,공립,남여공학,충청남도 천안시 동남구 중앙로 188 (성황동. 천안북중학교),0,,,0,,,,,,,,23.0,607.0,,,,,,,,,,,,0
천안성정중학교,충남,중,공립,남여공학,충청남도 천안시 서북구 성정중2길 40 (성정동.천안성정중학교),0,,,0,,,,,,,,32.0,941.0,,,,,,,,,,,,0
천안여자중학교,충남,중,공립,여자,충청남도 천안시 동남구 원거리11길 31 (원성동),0,,,1,2016.0,,,,,,,25.0,633.0,,,,,,,,,,,,0
천안오성중학교,충남,중,공립,남여공학,충청남도 천안시 서북구 두정고1길 25 (두정동),0,,,0,,,,,,,,29.0,844.0,,,,,,,,,,,,0
천안성성중학교,충남,중,공립,남여공학,충청남도 천안시 서북구 부성1길 83 (두정동. 천안성성중학교),0,,,1,2016.0,,,,,,,29.0,883.0,,,,,,,,,,,,0
천안중학교,충남,중,공립,남자,충청남도 천안시 동남구 충절로 90 (원성동),0,,,0,,,,,,,,23.0,632.0,,,,,,,,,,,,0
천안백석중학교,충남,중,공립,남여공학,충청남도 천안시 서북구 백석1길 56 (백석동),0,,,0,,,,,,,,31.0,905.0,,,,,,,,,,,,0
천안신방중학교,충남,중,공립,남여공학,충청남도 천안시 동남구 신촌4로 46 (신방동),1,2023.0,교육활동 모델교,0,,,,,,,,38.0,1038.0,,,,,,,,,,,,0
천안부성중학교,충남,중,공립,남여공학,충청남도 천안시 서북구 공대길 45-9 (부대동. 천안부성중학교),0,,,0,,,,,,,,22.0,556.0,,,,,,,,,,,,0
천안불당중학교,충남,중,공립,남여공학,충청남도 천안시 서북구 불당11로 3 (불당동),0,,,0,,,,,,,,36.0,1136.0,,,,,,,,,,,,0
천안용곡중학교,충남,중,공립,남여공학,충청남도 천안시 동남구 새말1길 51-14 (용곡동.천안용곡중학교),0,,,0,,,,,,,,38.0,1106.0,,,,,,,,,,,,0
천안계광중학교,충남,중,사립,남자,충청남도 천안시 동남구 봉명로 53 (봉명동),0,,,0,,,,,,,,19.0,517.0,,,,,,,,,,,,0
광풍중학교,충남,중,사립,남여공학,충청남도 천안시 동남구 풍세면 광풍로 1021-11 (풍세면. 광풍중학교),0,,,0,,,,,,,,11.0,263.0,,,,,,,,,,,,0
천안가온중학교,충남,중,공립,남여공학,충청남도 천안시 동남구 청수6로 83 (청당동),0,,,0,,,,,,,,33.0,929.0,,,,,,,,,,,,0
천안동성중학교,충남,중,사립,남여공학,충청남도 천안시 서북구 성환읍 성환1로 138 (성환읍. 천안동성중학교),0,,,0,,,,,,,,13.0,305.0,,,,,,,,,,,,0
복자여자중학교,충남,중,사립,여자,충청남도 천안시 동남구 복자1길 1 . 복자여자중학교 (성황동. 복자여고중고등학교),0,,,0,,,,,,,,16.0,492.0,,,,,,,,,,,,0
천성중학교,충남,중,사립,남자,충청남도 천안시 동남구 벌말1길 7 (유량동. 천성중학교),0,,,1,2020.0,,,,,,,16.0,414.0,,,,,,,,,,,,0
천안서여자중학교,충남,중,사립,여자,충청남도 천안시 동남구 천안여상로 44 (봉명동. 천안서여자중학교),1,2023.0,교육활동 모델교,1,2019.0,,,,,,,19.0,435.0,,,,,,,,,,,,1
천안월봉중학교,충남,중,공립,남여공학,충청남도 천안시 서북구 광장로 245 (불당동.천안월봉중학교),0,,,1,2018.0,,,,,,,35.0,1072.0,,,,,,,,,,,,0
천안새샘중학교,충남,중,공립,남여공학,충청남도 천안시 동남구 통정6로 49 (신방동. 천안새샘중학교),0,,,0,,,,,,,,31.0,924.0,,,,,,,,,,,,0
공주금학초등학교,충남,초,공립,,충청남도 공주시 공주고담길 19 (중학동),0,,,1,2016.0,,,,,,,7.0,50.0,,,,,,,,,,,,0
공주교육대학교부설초등학교,충남,초,국립,,충청남도 공주시 하선길 47 (금학동. 공주교육대학교부설초등학교),0,,,0,,,,,,,,25.0,464.0,,,,,,,,,,,,0
경천초등학교,충남,초,공립,,충청남도 공주시 계룡면 신원사로 112 (계룡면.경천초등학교),0,,,0,,,,,,,,6.0,15.0,,,,,,,,,,,,0
계룡초등학교,충남,초,공립,,충청남도 공주시 계룡면 영규대사로 459 (계룡면),0,,,0,,,,,,,,6.0,40.0,,,,,,,,,,,,0
공주교동초등학교,충남,초,공립,,충청남도 공주시 용당길 69-6 (교동),0,,,0,,,,,,,,8.0,123.0,,,,,,,,,,,,0
공주봉황초등학교,충남,초,공립,,충청남도 공주시 오거리길 5 (봉황동),0,,,0,,,,,,,,7.0,74.0,,,,,,,,,,,,0
공주중동초등학교,충남,초,공립,,충청남도 공주시 웅진로 146-5 (중동. 공주중동초등학교),0,,,0,,,,,,,,10.0,130.0,,,,,,,,,,,,0
구산초등학교,충남,초,공립,,충청남도 공주시 유구읍 유구마곡사로 61-1 . 구산초등학교 (유구읍),0,,,0,,,,,,,,6.0,34.0,,,,,,,,,,,,0
귀산초등학교,충남,초,공립,,충청남도 공주시 우성면 귀산길 81-15 (우성면. 귀산초등학교),0,,,1,2016.0,,,,,,,6.0,50.0,,,,,,,,,,,,0
덕암초등학교,충남,초,공립,,충청남도 공주시 유구읍 금계산로 943 (유구읍),1,2023.0,교육활동 모델교,0,,,,,,,,7.0,15.0,,,,,,,,,,,,0
마곡초등학교,충남,초,공립,,충청남도 공주시 사곡면 운정길 29-10 (사곡면),0,,,0,,,,,,,,7.0,22.0,,,,,,,,,,,,0
반포초등학교,충남,초,공립,,충청남도 공주시 반포면 반포초교길 97 (반포면),0,,,0,,,,,,,,8.0,38.0,,,,,,,,,,,,0
상서초등학교,충남,초,공립,,충청남도 공주시 우성면 우성길 137-37 (우성면. 상서초교),0,,,0,,,,,,,,7.0,49.0,,,,,,,,,,,,0
석송초등학교,충남,초,공립,,충청남도 공주시 정안면 마래섭들길 56 . 석송초등학교(정안면),0,,,0,,,,,,,,6.0,52.0,,,,,,,,,,,,0
수촌초등학교,충남,초,공립,,충청남도 공주시 의당면 윗태실길 1-8 (의당면),0,,,0,,,,,,,,7.0,44.0,,,,,,,,,,,,0
신관초등학교,충남,초,공립,,충청남도 공주시 번영1로 97-13 (신관동. 신관초등학교),1,2023.0,교육활동 모델교,0,,,,,,,,24.0,461.0,,,,,,,,,,,,0
신풍초등학교,충남,초,공립,,충청남도 공주시 신풍면 신풍길 50-11 (신풍면),0,,,1,2017.0,,,,,,,7.0,32.0,,,,,,,,,,,,0
우성초등학교,충남,초,공립,,충청남도 공주시 우성면 동대리길 33 (우성면),0,,,0,,,,,,,,7.0,41.0,,,,,,,,,,,,0
유구초등학교,충남,초,공립,,충청남도 공주시 유구읍 유구초교길 12 (유구읍),0,,,0,,,,,,,,7.0,75.0,,,,,,,,,,,,0
의당초등학교,충남,초,공립,,충청남도 공주시 의당면 의당초교길 49 (의당면),0,,,0,,,,,,,,7.0,45.0,,,,,,,,,,,,0
이인초등학교,충남,초,공립,,충청남도 공주시 이인면 은행길 56 (이인면. 이인초등학교),1,2023.0,교육활동 모델교,0,,,,,,,,7.0,37.0,,,,,,,,,,,,0
정안초등학교,충남,초,공립,,충청남도 공주시 정안면 정안중앙길 79 (정안면),0,,,0,,,,,,,,6.0,38.0,,,,,,,,,,,,0
탄천초등학교,충남,초,공립,,충청남도 공주시 탄천면 통산로 168 (탄천면. 탄천초등학교. 탄천중학교),0,,,0,,,,,,,,7.0,30.0,,,,,,,,,,,,0
태봉초등학교,충남,초,공립,,충청남도 공주시 원태봉길 57 (태봉동. 태봉초등학교),0,,,0,,,,,,,,6.0,29.0,,,,,,,,,,,,0
학봉초등학교,충남,초,공립,,충청남도 공주시 반포면 동학사1로 141-10 (반포면. 학봉초등학교),0,,,0,,,,,,,,6.0,23.0,,,,,,,,,,,,0
호계초등학교,충남,초,공립,,충청남도 공주시 사곡면 마곡사로 149-12 (사곡면. 호계초등학교),0,,,0,,,,,,,,6.0,24.0,,,,,,,,,,,,0
효포초등학교,충남,초,공립,,충청남도 공주시 전진배길 313 (신기동. 효포초등학교),1,2023.0,교육활동 모델교,0,,,,,,,,7.0,30.0,,,,,,,,,,,,0
공주신월초등학교,충남,초,공립,,충청남도 공주시 번영1로 193 . 공주신월초등학교 (신관동),0,,,0,,,,,,,,45.0,1072.0,,,,,,,,,,,,0
공주대학교사범대학부설중학교,충남,중,국립,남여공학,충청남도 공주시 봉황로 75 (반죽동. 공주사대부속중고등학교),0,,,0,,,,,,,,7.0,161.0,,,,,,,,,,,,0
공주여자중학교,충남,중,공립,여자,충청남도 공주시 용당길 54 공주여자중학교 (교동),0,,,1,2019.0,,,,,,,22.0,551.0,,,,,,,,,,,,0
공주중학교,충남,중,공립,남자,충청남도 공주시 왕릉로 111 (금성동),0,,,1,2016.0,,,,,,,17.0,347.0,,,,,,,,,,,,0
반포중학교,충남,중,공립,남여공학,충청남도 공주시 반포면 원당1길 28 (반포면. 반포중학교),0,,,0,,,,,,,,4.0,51.0,,,,,,,,,,,,0
봉황중학교,충남,중,공립,남자,충청남도 공주시 금벽로 301 (신관동),0,,,1,2018.0,,,,,,,14.0,328.0,,,,,,,,,,,,0
사곡중학교,충남,중,공립,남여공학,충청남도 공주시 사곡면 마곡사로 293-106 (사곡면),0,,,0,,,,,,,,4.0,25.0,,,,,,,,,,,,0
우성중학교,충남,중,공립,남여공학,충청남도 공주시 우성면 구레말길 86 (우성면),0,,,0,,,,,,,,8.0,82.0,,,,,,,,,,,,0
유구중학교,충남,중,공립,남여공학,충청남도 공주시 유구읍 중앙1길 49-10 (유구읍),0,,,0,,,,,,,,7.0,109.0,,,,,,,,,,,,0
이인중학교,충남,중,공립,남여공학,충청남도 공주시 이인면 금광로 12-5 (이인면. 이인중학교),0,,,0,,,,,,,,3.0,25.0,,,,,,,,,,,,0
정안중학교,충남,중,공립,남여공학,충청남도 공주시 정안면 정안중앙길 89-6 . 내촌리 (정안면. 정안중학교),0,,,0,,,,,,,,3.0,32.0,,,,,,,,,,,,0
탄천중학교,충남,중,공립,남여공학,충청남도 공주시 탄천면 통산로 168 (탄천면. 탄천초등학교. 탄천중학교),0,,,0,,,,,,,,4.0,18.0,,,,,,,,,,,,0
경천중학교,충남,중,사립,남여공학,충청남도 공주시 계룡면 어사길 2 (계룡면),0,,,0,,,,,,,,3.0,33.0,,,,,,,,,,,,0
공주북중학교,충남,중,사립,여자,충청남도 공주시 제민천1길 113 (반죽동. 공주북중학교),0,,,0,,,,,,,,9.0,214.0,,,,,,,,,,,,0
공주영명중학교,충남,중,사립,남자,충청남도 공주시 영명학당2길 33 (중동),0,,,0,,,,,,,,6.0,133.0,,,,,,,,,,,,0
개화초등학교,충남,초,공립,,충청남도 보령시 성주면 성주산로 735 . 개화초등학교 (성주면),0,,,0,,,,,,,,7.0,35.0,,,,,,,,,,,,0
관당초등학교,충남,초,공립,,충청남도 보령시 웅천읍 무창포로 309 관당초교 (웅천읍),0,,,1,2016.0,,,,,,,5.0,13.0,,,,,,,,,,,,0
관창초등학교,충남,초,공립,,충청남도 보령시 주교면 한술1길 17 (주교면. 관창초등학교),0,,,0,,,,,,,,7.0,81.0,,,,,,,,,,,,0
광명초등학교,충남,초,공립,,충청남도 보령시 오천면 원산도3길 151-11 (오천면),0,,,0,,,,,,,,5.0,13.0,,,,,,,,,,,,0
낙동초등학교,충남,초,공립,,충청남도 보령시 천북면 천광로 421-6 (천북면)낙동초등학교,0,,,0,,,,,,,,,,,,,,,,,,,,,0
남포초등학교,충남,초,공립,,충청남도 보령시 남포면 읍성향교길 21 (남포면),0,,,0,,,,,,,,7.0,24.0,,,,,,,,,,,,0
대관초등학교,충남,초,공립,,충청남도 보령시 대관초등길 97 . 대관초등학교 (대천동. 대관초등학교),0,,,1,2019.0,,,,,,,11.0,191.0,,,,,,,,,,,,0
대남초등학교,충남,초,공립,,충청남도 보령시 남대천로 22 . 대남초등학교 (대천동),1,2023.0,교육활동 모델교,0,,,,,,,,7.0,65.0,,,,,,,,,,,,0
대창초등학교,충남,초,공립,,충청남도 보령시 웅천읍 방축길 90-43 (웅천읍. 대창초등학고),0,,,0,,,,,,,,6.0,23.0,,,,,,,,,,,,0
대천동대초등학교,충남,초,공립,,충청남도 보령시 한내로터리길 137-12 (동대동),1,2023.0,교육활동 모델교,0,,,,,,,,36.0,813.0,,,,,,,,,,,,0
대천초등학교,충남,초,공립,,충청남도 보령시 대천로 59 (대천동),1,2023.0,교육활동 모델교,1,2017.0,,,,,,,22.0,467.0,,,,,,,,,,,,1
오천초등학교삽시분교장,충남,초,공립,,충청남도 보령시 오천면 삽시도1길 159-34 (오천면),0,,,0,,,,,,,,3.0,7.0,,,,,,,,,,,,0
성주초등학교,충남,초,공립,,충청남도 보령시 성주면 성주초교길 8 (성주면),0,,,1,2020.0,,,,,,,8.0,31.0,,,,,,,,,,,,0
송학초등학교,충남,초,공립,,충청남도 보령시 주교면 토정로 796-52 (주교면),1,2023.0,교육활동 모델교,0,,,,,,,,6.0,32.0,,,,,,,,,,,,0
오천초등학교,충남,초,공립,,충청남도 보령시 오천면 충청수영로 822 (오천면),0,,,0,,,,,,,,6.0,13.0,,,,,,,,,,,,0
옥계초등학교,충남,초,공립,,충청남도 보령시 청라면 죽성로 681 (청라면. 옥계초등학교),0,,,0,,,,,,,,7.0,40.0,,,,,,,,,,,,0
외연도초등학교,충남,초,공립,,충청남도 보령시 오천면 외연도1길 134 (오천면.외연도초등학교),0,,,0,,,,,,,,,,,,,,,,,,,,,0
웅천초등학교,충남,초,공립,,충청남도 보령시 웅천읍 충서로 1035 (웅천읍),0,,,0,,,,,,,,6.0,30.0,,,,,,,,,,,,0
월전초등학교,충남,초,공립,,충청남도 보령시 남포면 곡촌길 11 (남포면),0,,,0,,,,,,,,6.0,22.0,,,,,,,,,,,,0
주산초등학교,충남,초,공립,,충청남도 보령시 주산면 충서로 416 (주산면),0,,,0,,,,,,,,6.0,22.0,,,,,,,,,,,,0
주포초등학교,충남,초,공립,,충청남도 보령시 주포면 보령읍성길 87-22 . 주포초등학교 (주포면),0,,,0,,,,,,,,5.0,22.0,,,,,,,,,,,,0
천북초등학교,충남,초,공립,,충청남도 보령시 천북면 하궁길 45 (천북면),0,,,0,,,,,,,,7.0,43.0,,,,,,,,,,,,0
청라초등학교,충남,초,공립,,충청남도 보령시 청라면 원모루길 205 (청라면),0,,,0,,,,,,,,7.0,55.0,,,,,,,,,,,,0
청룡초등학교,충남,초,공립,,충청남도 보령시 대해로 646 . 청룡초등학교 (신흑동),0,,,0,,,,,,,,7.0,35.0,,,,,,,,,,,,0
청보초등학교,충남,초,공립,,충청남도 보령시 청라면 대청로 759 . 청보초등학교. 청보초병설유치원 (청라면.병설유치원),0,,,0,,,,,,,,7.0,50.0,,,,,,,,,,,,0
청소초등학교,충남,초,공립,,충청남도 보령시 청소면 청소큰길 225 (청소면),0,,,0,,,,,,,,7.0,26.0,,,,,,,,,,,,0
청파초등학교,충남,초,공립,,충청남도 보령시 대천항로 235 . 청파초등학교 (신흑동),0,,,1,2016.0,,,,,,,7.0,50.0,,,,,,,,,,,,0
한내초등학교,충남,초,공립,,충청남도 보령시 보령남로 39 (명천동),1,2023.0,교육활동 모델교,0,,,,,,,,16.0,236.0,,,,,,,,,,,,0
명천초등학교,충남,초,공립,,충청남도 보령시 주공로 119 (명천동),0,,,0,,,,,,,,35.0,791.0,,,,,,,,,,,,0
청룡초등학교장고분교장,충남,초,공립,,충청남도 보령시 오천면 장고도2길 18 (오천면),0,,,0,,,,,,,,2.0,5.0,,,,,,,,,,,,0
청파초등학교호도분교장,충남,초,공립,,충청남도 보령시 오천면 호도길 81 . 청파초등학교 호도분교장 (오천면),0,,,0,,,,,,,,,,,,,,,,,,,,,0
미산초등학교,충남,초,공립,,충청남도 보령시 미산면 판미로 1462-7 . 미산초등학교 (미산면.미산초),1,2023.0,교육활동 모델교,1,2020.0,,,,,,,7.0,25.0,,,,,,,,,,,,1
남포중학교,충남,중,공립,남여공학,충청남도 보령시 남포면 야동2길 24 (남포면. 남포중학교),0,,,0,,,,,,,,4.0,31.0,,,,,,,,,,,,0
대천서중학교,충남,중,공립,남여공학,충청남도 보령시 대천항로 212 (신흑동),0,,,0,,,,,,,,4.0,52.0,,,,,,,,,,,,0
대천여자중학교,충남,중,공립,여자,충청남도 보령시 옥갓티1길 31 (대천동),0,,,0,,,,,,,,18.0,455.0,,,,,,,,,,,,0
대천중학교,충남,중,공립,남자,충청남도 보령시 보령남로 23 (명천동. 대천중학교),0,,,1,2018.0,,,,,,,22.0,514.0,,,,,,,,,,,,0
미산중학교,충남,중,공립,남여공학,충청남도 보령시 미산면 판미로 1462-7 (미산면),0,,,0,,,,,,,,4.0,33.0,,,,,,,,,,,,0
보령중학교,충남,중,공립,남여공학,충청남도 보령시 주포면 보령읍성길 87-37 (주포면. 보령중학교),0,,,0,,,,,,,,4.0,51.0,,,,,,,,,,,,0
웅천중학교,충남,중,공립,남여공학,충청남도 보령시 웅천읍 방축길 87 (웅천읍) 웅천중학교,0,,,0,,,,,,,,4.0,59.0,,,,,,,,,,,,0
주산중학교,충남,중,공립,남여공학,충청남도 보령시 주산면 만세운동길 58 (주산면),0,,,0,,,,,,,,,,,,,,,,,,,,,0
천북중학교,충남,중,공립,남여공학,충청남도 보령시 천북면 천광로 107 천북중학교(천북면. 천북중학교),0,,,0,,,,,,,,4.0,20.0,,,,,,,,,,,,0
청라중학교,충남,중,공립,남여공학,충청남도 보령시 청라면 대청로 804 (청라면),0,,,0,,,,,,,,6.0,107.0,,,,,,,,,,,,0
한내여자중학교,충남,중,공립,여자,충청남도 보령시 옥마로 200 (동대동),1,2023.0,교육활동 모델교,0,,,,,,,,17.0,434.0,,,,,,,,,,,,0
대명중학교,충남,중,사립,남자,충청남도 보령시 한내로 155 (명천동),0,,,0,,,,,,,,15.0,362.0,,,,,,,,,,,,0
아산용연초등학교,충남,초,공립,,충청남도 아산시 배방읍 용연동길 25 (아산용연초등학교),0,,,0,,,,,,,,26.0,552.0,,,,,,,,,,,,0
탕정미래초등학교,충남,초,공립,,충청남도 아산시 탕정면 탕정면로 54-15 . 탕정미래초등학교 (탕정면),0,,,0,,,,,,,,34.0,737.0,,,,,,,,,,,,0
거산초등학교,충남,초,공립,,충청남도 아산시 송악면 외암로 460 (송악면),0,,,0,,,,,,,,6.0,63.0,,,,,,,,,,,,0
관대초등학교,충남,초,공립,,충청남도 아산시 둔포면 산전길 19 (둔포면. 관대초등학교),0,,,0,,,,,,,,7.0,51.0,,,,,,,,,,,,0
금곡초등학교,충남,초,공립,,충청남도 아산시 배방읍 고불로 563-4 . 금곡초등학교 (배방읍),0,,,1,2018.0,,,,,,,10.0,135.0,,,,,,,,,,,,0
금성초등학교,충남,초,공립,,충청남도 아산시 인주면 인주로 129 (인주면.금성초등학교),1,2023.0,교육활동 모델교,1,2020.0,,,,,,,6.0,47.0,,,,,,,,,,,,1
남창초등학교,충남,초,공립,,충청남도 아산시 둔포면 신남북길 16 (둔포면),0,,,0,,,,,,,,6.0,41.0,,,,,,,,,,,,0
도고초등학교,충남,초,공립,,충청남도 아산시 도고면 도고산로 598 (도고면. 도고초등학교),0,,,1,2016.0,,,,,,,6.0,58.0,,,,,,,,,,,,0
도고온천초등학교,충남,초,공립,,충청남도 아산시 도고면 도고면로 73 . 도고온천초등학교,0,,,1,2020.0,,,,,,,6.0,52.0,,,,,,,,,,,,0
동덕초등학교,충남,초,공립,,충청남도 아산시 탕정면 탕정면로 381 (탕정면. 동덕초등학교),0,,,0,,,,,,,,13.0,202.0,,,,,,,,,,,,0
동방초등학교,충남,초,공립,,충청남도 아산시 배방읍 휴대안길 10 (배방읍),0,,,1,2019.0,,,,,,,0.0,0.0,,,,,,,,,,,,0
둔포초등학교,충남,초,공립,,충청남도 아산시 둔포면 둔포중앙로161번길 7 (둔포면. 둔포초등학교),0,,,0,,,,,,,,22.0,345.0,,,,,,,,,,,,0
배방초등학교,충남,초,공립,,충청남도 아산시 배방읍 북수로25번길 11 (배방읍. 배방초등학교),0,,,1,2020.0,,,,,,,43.0,940.0,,,,,,,,,,,,0
아산초등학교,충남,초,공립,,충청남도 아산시 남부로 266 (용화동. 아산초등학교),0,,,0,,,,,,,,34.0,722.0,,,,,,,,,,,,0
선장초등학교,충남,초,공립,,충청남도 아산시 선장면 서부남로 21 (선장면) 선장초.선도중학교,0,,,1,2016.0,,,,,,,7.0,23.0,,,,,,,,,,,,0
송곡초등학교,충남,초,공립,,충청남도 아산시 염치읍 송곡길 112 . 송곡초등학교 (염치읍. 송곡초등학교),0,,,0,,,,,,,,6.0,112.0,,,,,,,,,,,,0
송남초등학교,충남,초,공립,,충청남도 아산시 송악면 송악로 802 (송악면),0,,,0,,,,,,,,12.0,158.0,,,,,,,,,,,,0
신광초등학교,충남,초,공립,,충청남도 아산시 서부북로 933-10 (배미동),0,,,0,,,,,,,,18.0,262.0,,,,,,,,,,,,0
신리초등학교,충남,초,공립,,충청남도 아산시 모종로 73-13 . 신리초등학교 (모종동),0,,,1,2020.0,,,,,,,50.0,1124.0,,,,,,,,,,,,0
신창초등학교,충남,초,공립,,충청남도 아산시 신창면 서부남로840번길 26 (신창면.신창초등학교),0,,,0,,,,,,,,28.0,415.0,,,,,,,,,,,,0
신화초등학교,충남,초,공립,,충청남도 아산시 영인면 고룡산로 636 (영인면),0,,,0,,,,,,,,7.0,48.0,,,,,,,,,,,,0
쌍룡초등학교,충남,초,공립,,충청남도 아산시 음봉면 연암율금로 499 . 쌍룡초등학교 (음봉면. 쌍룡초등학교),0,,,0,,,,,,,,6.0,44.0,,,,,,,,,,,,0
염작초등학교,충남,초,공립,,충청남도 아산시 둔포면 아산밸리중앙로 33 . 염작초등학교 (둔포면),0,,,0,,,,,,,,61.0,1345.0,,,,,,,,,,,,0
염티초등학교,충남,초,공립,,충청남도 아산시 염치읍 염치로 . 49 (염치읍),0,,,1,2018.0,,,,,,,6.0,47.0,,,,,,,,,,,,0
영인초등학교,충남,초,공립,,충청남도 아산시 영인면 여민루길 20 (영인면. 영인초등학교),0,,,0,,,,,,,,7.0,58.0,,,,,,,,,,,,0
오목초등학교,충남,초,공립,,충청남도 아산시 신창면 서부북로 547 (신창면. 오목초등학교),0,,,0,,,,,,,,7.0,73.0,,,,,,,,,,,,0
온양초등학교,충남,초,공립,,충청남도 아산시 온주길26번길 10 (읍내동),0,,,0,,,,,,,,15.0,272.0,,,,,,,,,,,,0
온양동신초등학교,충남,초,공립,,충청남도 아산시 번영로234번길 52 (모종동. 온양동신초등학교),1,2023.0,교육활동 모델교,0,,,,,,,,32.0,721.0,,,,,,,,,,,,0
온양온천초등학교,충남,초,공립,,충청남도 아산시 청운로 90 (온천동),0,,,0,,,,,,,,16.0,280.0,,,,,,,,,,,,0
온양중앙초등학교,충남,초,공립,,충청남도 아산시 중앙로 17 (온천동),0,,,0,,,,,,,,21.0,273.0,,,,,,,,,,,,0
온양천도초등학교,충남,초,공립,,충청남도 아산시 실옥로 45 (실옥동),0,,,0,,,,,,,,31.0,715.0,,,,,,,,,,,,0
온양초사초등학교,충남,초,공립,,충청남도 아산시 초사길 122 (초사동),0,,,1,2020.0,,,,,,,7.0,75.0,,,,,,,,,,,,0
용화초등학교,충남,초,공립,,충청남도 아산시 시민로258번길 3-8 (용화동),0,,,0,,,,,,,,18.0,337.0,,,,,,,,,,,,0
월랑초등학교,충남,초,공립,,충청남도 아산시 음봉면 음봉로 515-50 (음봉면),1,2023.0,교육활동 모델교,0,,,,,,,,53.0,1186.0,,,,,,,,,,,,0
음봉초등학교,충남,초,공립,,충청남도 아산시 음봉면 아산온천로 517 (음봉면),0,,,1,2017.0,,,,,,,6.0,71.0,,,,,,,,,,,,0
인주초등학교,충남,초,공립,,충청남도 아산시 인주면 서해로 486 (인주면),0,,,1,2020.0,,,,,,,7.0,77.0,,,,,,,,,,,,0
탕정초등학교,충남,초,공립,,충청남도 아산시 탕정면 탕정면로 105 (탕정면.탕정초교),0,,,0,,,,,,,,46.0,1073.0,,,,,,,,,,,,0
온양권곡초등학교,충남,초,공립,,충청남도 아산시 문화로243번길 14 (권곡동),0,,,0,,,,,,,,20.0,356.0,,,,,,,,,,,,0
온양신정초등학교,충남,초,공립,,충청남도 아산시 온천대로1333번길 29 . 온양신정초등학교  (실옥동),0,,,0,,,,,,,,12.0,215.0,,,,,,,,,,,,0
아산남성초등학교,충남,초,공립,,충청남도 아산시 신창면 남성길 152-64 (신창면),0,,,0,,,,,,,,45.0,898.0,,,,,,,,,,,,0
모산초등학교,충남,초,공립,,충청남도 아산시 배방읍 배방로 58-52 (배방읍),1,2023.0,교육활동 모델교,0,,,,,,,,39.0,846.0,,,,,,,,,,,,0
아산북수초등학교,충남,초,공립,,충청남도 아산시 배방읍 호서로 405 (배방읍. 아산북수초등학교),0,,,1,2016.0,,,,,,,28.0,632.0,,,,,,,,,,,,0
온양풍기초등학교,충남,초,공립,,충청남도 아산시 남부로 351 (풍기동),0,,,0,,,,,,,,45.0,1048.0,,,,,,,,,,,,0
충무초등학교,충남,초,공립,,충청남도 아산시 문화로 271-45 (권곡동),0,,,0,,,,,,,,19.0,377.0,,,,,,,,,,,,0
연화초등학교,충남,초,공립,,충청남도 아산시 배방읍 연화로 43 (배방읍),0,,,0,,,,,,,,35.0,627.0,,,,,,,,,,,,0
도고중학교,충남,중,공립,남여공학,충청남도 아산시 도고면 도고산로 573 (도고면),0,,,0,,,,,,,,3.0,30.0,,,,,,,,,,,,0
선도중학교,충남,중,공립,남여공학,충청남도 아산시 선장면 서부남로 21 (선장면),0,,,0,,,,,,,,3.0,21.0,,,,,,,,,,,,0
송남중학교,충남,중,공립,남여공학,충청남도 아산시 송악면 송악로714번길 37 (송악면. 송남중학교),0,,,0,,,,,,,,10.0,186.0,,,,,,,,,,,,0
신창중학교,충남,중,공립,남여공학,충청남도 아산시 신창면 서부남로667번길 70 (신창면),0,,,0,,,,,,,,26.0,556.0,,,,,,,,,,,,0
아산테크노중학교,충남,중,공립,남여공학,충청남도 아산시 둔포면 아산밸리북로 32 . 아산테크노중학교 (둔포면),0,,,1,2020.0,,,,,,,25.0,574.0,,,,,,,,,,,,0
영인중학교,충남,중,공립,남여공학,충청남도 아산시 영인면 아산온천로3번길 17 (영인면),0,,,0,,,,,,,,4.0,55.0,,,,,,,,,,,,0
온양여자중학교,충남,중,공립,여자,충청남도 아산시 온여고길21번길 22 (풍기동),0,,,0,,,,,,,,31.0,828.0,,,,,,,,,,,,0
온양중학교,충남,중,공립,남자,충청남도 아산시 온중로 48 . 온양중학교 (용화동),0,,,0,,,,,,,,28.0,732.0,,,,,,,,,,,,0
온양용화중학교,충남,중,공립,남여공학,충청남도 아산시 어의정로 101 (용화동. 온양용화중학교),0,,,0,,,,,,,,34.0,856.0,,,,,,,,,,,,0
음봉중학교,충남,중,공립,남여공학,충청남도 아산시 음봉면 음봉로 505 (음봉면. 음봉중학교),0,,,1,2016.0,,,,,,,28.0,676.0,,,,,,,,,,,,0
인주중학교,충남,중,공립,남여공학,충청남도 아산시 인주면 현대로 1209-40 (인주면. 인주중학교),0,,,0,,,,,,,,6.0,84.0,,,,,,,,,,,,0
온양신정중학교,충남,중,공립,남여공학,충청남도 아산시 온천대로 1333번길 31 (실옥동.온양신정중학교),1,2023.0,교육활동 모델교,0,,,,,,,,25.0,547.0,,,,,,,,,,,,0
탕정중학교,충남,중,공립,남여공학,충청남도 아산시 탕정면 탕정면로 53-40 (탕정면),0,,,1,2020.0,,,,,,,47.0,1332.0,,,,,,,,,,,,0
아산배방중학교,충남,중,공립,남여공학,충청남도 아산시 배방읍 배방로 216 (배방읍),0,,,0,,,,,,,,37.0,1006.0,,,,,,,,,,,,0
둔포중학교,충남,중,사립,남여공학,충청남도 아산시 둔포면 둔포중앙로161번길 26-13 . 둔포중학교 (둔포면),0,,,0,,,,,,,,10.0,226.0,,,,,,,,,,,,0
설화중학교,충남,중,공립,남여공학,충청남도 아산시 배방읍 연화로 56 (배방읍),0,,,0,,,,,,,,35.0,998.0,,,,,,,,,,,,0
온양한올중학교,충남,중,사립,여자,충청남도 아산시 청운로 158 . 온양한올중학교 (권곡동),1,2023.0,정보교육실 구축교,0,,,,,,,,,,,,,,,,,,,,,0
아산중학교,충남,중,사립,남자,충청남도 아산시 번영로115번길 21 (온천동.아산중학교),0,,,1,2017.0,,,,,,,27.0,768.0,,,,,,,,,,,,0
모산중학교,충남,중,공립,남여공학,충청남도 아산시 배방읍 배방로 90 . 모산중학교 (배방읍),0,,,0,,,,,,,,43.0,1249.0,,,,,,,,,,,,0
가사초등학교,충남,초,공립,,충청남도 서산시 부석면 강경벌로 478 . 가사초등학교(부석면. 가사초등학교),0,,,0,,,,,,,,6.0,67.0,,,,,,,,,,,,0
강당초등학교,충남,초,공립,,충청남도 서산시 부석면 인정로 183 (부석면. 강당초등학교),0,,,0,,,,,,,,6.0,36.0,,,,,,,,,,,,0
고북초등학교,충남,초,공립,,충청남도 서산시 고북면 고북3로 19 (고북면. 고북초등학교),0,,,0,,,,,,,,7.0,43.0,,,,,,,,,,,,0
대산초등학교,충남,초,공립,,충청남도 서산시 대산읍 구진로 40-5 (대산읍),0,,,0,,,,,,,,14.0,249.0,,,,,,,,,,,,0
동암초등학교,충남,초,공립,,충청남도 서산시 음암면 동암마을길 14-3 (음암면. 동암초등학교),0,,,0,,,,,,,,6.0,73.0,,,,,,,,,,,,0
명지초등학교,충남,초,공립,,충청남도 서산시 대산읍 명지3로 25 (대산읍),0,,,0,,,,,,,,6.0,49.0,,,,,,,,,,,,0
부석초등학교,충남,초,공립,,충청남도 서산시 부석면 취평2길 37-6 (부석면. 부석초등학교),0,,,0,,,,,,,,7.0,38.0,,,,,,,,,,,,0
부성초등학교,충남,초,공립,,충청남도 서산시 지곡면 화천1로 83 . 부성초등학교 (지곡면),0,,,0,,,,,,,,18.0,338.0,,,,,,,,,,,,0
부석초등학교간월도분교장,충남,초,공립,,충청남도 서산시 부석면 간월달발길 57 (부석면),0,,,0,,,,,,,,2.0,4.0,,,,,,,,,,,,0
부춘초등학교,충남,초,공립,,충청남도 서산시 양유정3로 9 (읍내동),0,,,0,,,,,,,,25.0,548.0,,,,,,,,,,,,0
서동초등학교,충남,초,공립,,충청남도 서산시 쌍연남1로 19-5 . 서동초등학교 (동문동. 서동초등학교),0,,,0,,,,,,,,23.0,481.0,,,,,,,,,,,,0
서령초등학교,충남,초,공립,,충청남도 서산시 남부순환로 749 (죽성동. 서령초등학교),0,,,1,2020.0,,,,,,,11.0,161.0,,,,,,,,,,,,0
서림초등학교,충남,초,공립,,충청남도 서산시 덕지천로 104 (석남동. 서림초등학교),0,,,0,,,,,,,,30.0,625.0,,,,,,,,,,,,0
서산초등학교,충남,초,공립,,충청남도 서산시 중앙로 38-1 (동문동),0,,,0,,,,,,,,16.0,283.0,,,,,,,,,,,,0
성연초등학교,충남,초,공립,,충청남도 서산시 성연면 성연3로 57-10 . 성연초등학교 (성연면),1,2023.0,교육활동 모델교,1,2018.0,,,,,,,66.0,1423.0,,,,,,,,,,,,1
언암초등학교,충남,초,공립,,충청남도 서산시 해미면 기지1길 27 (해미면),0,,,0,,,,,,,,7.0,102.0,,,,,,,,,,,,0
오산초등학교,충남,초,공립,,충청남도 서산시 덕지천로 436 (오남동. 오산초등학교),0,,,0,,,,,,,,6.0,38.0,,,,,,,,,,,,0
운산초등학교,충남,초,공립,,충청남도 서산시 운산면 운암로 1037 . 운산초등학교 (운산면. 운산초등학교),0,,,0,,,,,,,,7.0,42.0,,,,,,,,,,,,0
운신초등학교,충남,초,공립,,충청남도 서산시 운산면 해운로 539 (운산면),0,,,0,,,,,,,,7.0,38.0,,,,,,,,,,,,0
음암초등학교,충남,초,공립,,충청남도 서산시 음암면 도당로 5 (음암면),0,,,0,,,,,,,,12.0,177.0,,,,,,,,,,,,0
인지초등학교,충남,초,공립,,충청남도 서산시 인지면 둔산1길 1 (인지면),0,,,0,,,,,,,,16.0,270.0,,,,,,,,,,,,0
차동초등학교,충남,초,공립,,충청남도 서산시 인지면 차동길 140 (인지면),0,,,0,,,,,,,,8.0,77.0,,,,,,,,,,,,0
학돌초등학교,충남,초,공립,,충청남도 서산시 부춘1로 35 (읍내동. 학돌초등학교),0,,,0,,,,,,,,24.0,458.0,,,,,,,,,,,,0
팔봉초등학교,충남,초,공립,,충청남도 서산시 팔봉면 한재무두리1길 233 (팔봉면. 팔봉초등학교),0,,,0,,,,,,,,6.0,55.0,,,,,,,,,,,,0
해미초등학교,충남,초,공립,,충청남도 서산시 해미면 성지1로 81 (해미면),0,,,0,,,,,,,,8.0,138.0,,,,,,,,,,,,0
서산석림초등학교,충남,초,공립,,충청남도 서산시 동서1로 41-6 (석림동. 서산석림초등학교),0,,,0,,,,,,,,26.0,526.0,,,,,,,,,,,,0
서산대진초등학교,충남,초,공립,,충청남도 서산시 대산읍 기은아섬길 16 (대산읍),0,,,0,,,,,,,,7.0,25.0,,,,,,,,,,,,0
서산예천초등학교,충남,초,공립,,충청남도 서산시 예천1로 3-21 (예천동),0,,,0,,,,,,,,34.0,752.0,,,,,,,,,,,,0
팔봉초등학교고파도분교장,충남,초,공립,,충청남도 서산시 팔봉면 고파도3길 60 (팔봉면),0,,,0,,,,,,,,,,,,,,,,,,,,,0
서산동문초등학교,충남,초,공립,,충청남도 서산시 쌍연북2로 31 (동문동. 서산동문초등학교),0,,,0,,,,,,,,29.0,634.0,,,,,,,,,,,,0
서산서남초등학교,충남,초,공립,,충청남도 서산시 예천2로 19 (예천동. 서산서남초등학교),0,,,0,,,,,,,,49.0,1135.0,,,,,,,,,,,,0
고북중학교,충남,중,공립,남여공학,충청남도 서산시 고북면 고북1로 320-1 . 고북중학교 (고북면),0,,,0,,,,,,,,3.0,60.0,,,,,,,,,,,,0
부석중학교,충남,중,공립,남여공학,충청남도 서산시 부석면 무학로 1034 (부석면),0,,,1,2020.0,,,,,,,3.0,50.0,,,,,,,,,,,,0
서산부춘중학교,충남,중,공립,남여공학,충청남도 서산시 부춘2로 42 (읍내동),0,,,0,,,,,,,,19.0,471.0,,,,,,,,,,,,0
서산여자중학교,충남,중,공립,여자,충청남도 서산시 정주골6길 11 (석림동),0,,,0,,,,,,,,31.0,835.0,,,,,,,,,,,,0
서산중학교,충남,중,공립,남자,충청남도 서산시 덕지천로 90 (석남동. 서산중학교),0,,,0,,,,,,,,32.0,821.0,,,,,,,,,,,,0
서산석림중학교,충남,중,공립,남여공학,충청남도 서산시 동서2로 8 (석림동),0,,,0,,,,,,,,23.0,609.0,,,,,,,,,,,,0
서산명지중학교,충남,중,공립,남여공학,충청남도 서산시 대산읍 명지1로 15 (대산읍. 대산명지중학교),0,,,0,,,,,,,,3.0,47.0,,,,,,,,,,,,0
성연중학교,충남,중,공립,남여공학,충청남도 서산시 성연면 성연로 210-4 (성연면),0,,,0,,,,,,,,24.0,569.0,,,,,,,,,,,,0
음암중학교,충남,중,공립,남여공학,충청남도 서산시 음암면 칠거리로 147 (음암면),0,,,0,,,,,,,,7.0,133.0,,,,,,,,,,,,0
인지중학교,충남,중,공립,남여공학,충청남도 서산시 인지면 무학로 1654-9 (인지면),0,,,0,,,,,,,,8.0,153.0,,,,,,,,,,,,0
해미중학교,충남,중,공립,남여공학,충청남도 서산시 해미면 남문2로 93 (해미면. 서산해미중학교),0,,,0,,,,,,,,10.0,187.0,,,,,,,,,,,,0
대산중학교,충남,중,사립,남여공학,충청남도 서산시 대산읍 충의로 1856 . 행정실 (대산읍. 대산중학교),0,,,1,2017.0,,,,,,,10.0,176.0,,,,,,,,,,,,0
대철중학교,충남,중,사립,남여공학,충청남도 서산시 운산면 해운로 1111 (운산면. 대철중학교),0,,,0,,,,,,,,7.0,105.0,,,,,,,,,,,,0
서령중학교,충남,중,사립,남자,충청남도 서산시 서령로 117 서령중학교 (동문동),0,,,0,,,,,,,,18.0,535.0,,,,,,,,,,,,0
서일중학교,충남,중,사립,남여공학,충청남도 서산시 지곡면 화천3길 56 (지곡면),0,,,0,,,,,,,,9.0,240.0,,,,,,,,,,,,0
팔봉중학교,충남,중,사립,남여공학,충청남도 서산시 팔봉면 팔봉2로 133 (팔봉면),0,,,0,,,,,,,,7.0,157.0,,,,,,,,,,,,0
군북초등학교,충남,초,공립,,충청남도 금산군 군북면 군북로 714 (군북면.군북초등학교),0,,,0,,,,,,,,7.0,28.0,,,,,,,,,,,,0
금성초등학교금계분교장,충남,초,공립,,충청남도 금산군 금성면 어필각로 448 (금성면. 금성초등학교 금계분교장) 하신리 240-2,0,,,0,,,,,,,,2.0,4.0,,,,,,,,,,,,0
금산초등학교,충남,초,공립,,충청남도 금산군 금산읍 인삼로 69 (금산읍. 금산초등학교),0,,,1,2017.0,,,,,,,19.0,363.0,,,,,,,,,,,,0
금산동초등학교,충남,초,공립,,충청남도 금산군 금산읍 후곤천길 145 (금산읍),0,,,1,2019.0,,,,,,,8.0,87.0,,,,,,,,,,,,0
금산중앙초등학교,충남,초,공립,,충청남도 금산군 금산읍 금산로 1427 (금산읍),0,,,0,,,,,,,,23.0,450.0,,,,,,,,,,,,0
남이초등학교,충남,초,공립,,충청남도 금산군 남이면 진악로 51 (남이면),0,,,0,,,,,,,,6.0,21.0,,,,,,,,,,,,0
남일초등학교,충남,초,공립,,충청남도 금산군 남일면 봉황로 83 (남일면. 남일초등학교),0,,,0,,,,,,,,6.0,48.0,,,,,,,,,,,,0
복수초등학교,충남,초,공립,,충청남도 금산군 복수면 복수로 137 (복수면. 복수초등학교),0,,,0,,,,,,,,7.0,21.0,,,,,,,,,,,,0
부리초등학교,충남,초,공립,,충청남도 금산군 부리면 현내로 81 (부리면),0,,,0,,,,,,,,7.0,33.0,,,,,,,,,,,,0
상곡초등학교,충남,초,공립,,충청남도 금산군 군북면 상곡길 34 (군북면. 상곡초등학교),0,,,0,,,,,,,,6.0,29.0,,,,,,,,,,,,0
성대초등학교,충남,초,공립,,충청남도 금산군 추부면 군북로 1402 (추부면. 성대초등학교),0,,,0,,,,,,,,7.0,24.0,,,,,,,,,,,,0
신대초등학교,충남,초,공립,,충청남도 금산군 복수면 복수로 753 (복수면),0,,,0,,,,,,,,6.0,18.0,,,,,,,,,,,,0
용문초등학교,충남,초,공립,,충청남도 금산군 군북면 시두물길 15 (군북면),0,,,0,,,,,,,,7.0,83.0,,,,,,,,,,,,0
제원초등학교,충남,초,공립,,충청남도 금산군 제원면 제원3길 11 (제원면),0,,,0,,,,,,,,7.0,23.0,,,,,,,,,,,,0
진산초등학교,충남,초,공립,,충청남도 금산군 진산면 읍내로 41 . 진산초등학교 (진산면),0,,,0,,,,,,,,7.0,35.0,,,,,,,,,,,,0
추부초등학교,충남,초,공립,,충청남도 금산군 추부면 하마전로 23 (추부면. 추부초등학교),0,,,1,2018.0,,,,,,,9.0,111.0,,,,,,,,,,,,0
금산동중학교,충남,중,공립,남여공학,충청남도 금산군 금산읍 용머리길 25 (금산읍),0,,,0,,,,,,,,13.0,282.0,,,,,,,,,,,,0
금산여자중학교,충남,중,공립,여자,충청남도 금산군 금산읍 인삼로 11 (금산읍),0,,,0,,,,,,,,12.0,245.0,,,,,,,,,,,,0
금산중학교,충남,중,공립,남자,충청남도 금산군 금산읍 탑선길 5 (금산읍),0,,,0,,,,,,,,11.0,264.0,,,,,,,,,,,,0
복수중학교,충남,중,공립,남여공학,충청남도 금산군 복수면 복수로 333 (복수면. 복수중학교),0,,,0,,,,,,,,3.0,20.0,,,,,,,,,,,,0
부리중학교,충남,중,공립,남여공학,충청남도 금산군 부리면 말골길 57 (부리면.부리중학교),0,,,0,,,,,,,,4.0,38.0,,,,,,,,,,,,0
제원중학교,충남,중,공립,남여공학,충청남도 금산군 제원면 금강로 61 (제원면),0,,,0,,,,,,,,4.0,44.0,,,,,,,,,,,,0
진산중학교,충남,중,공립,남여공학,충청남도 금산군 진산면 대둔산로 413 (진산면. 진산중학교),1,2023.0,교육활동 모델교,0,,,,,,,,4.0,34.0,,,,,,,,,,,,0
추부중학교,충남,중,공립,남여공학,충청남도 금산군 추부면 마전2길 21 (추부면),0,,,0,,,,,,,,8.0,103.0,,,,,,,,,,,,0
논산동성초등학교,충남,초,공립,,충청남도 논산시 관촉로 263 (취암동),0,,,1,2016.0,,,,,,,24.0,506.0,,,,,,,,,,,,0
가야곡초등학교,충남,초,공립,,충청남도 논산시 가야곡면 덕은로 160 (가야곡면),0,,,0,,,,,,,,7.0,28.0,,,,,,,,,,,,0
감곡초등학교,충남,초,공립,,충청남도 논산시 부적면 계백로 1676-26 (부적면.감곡초등학교),0,,,0,,,,,,,,6.0,16.0,,,,,,,,,,,,0
강경산양초등학교,충남,초,공립,,충청남도 논산시 강경읍 산양길 45 (강경읍),0,,,0,,,,,,,,7.0,43.0,,,,,,,,,,,,0
강경중앙초등학교,충남,초,공립,,충청남도 논산시 강경읍 옥녀봉로 8 (강경읍),1,2023.0,교육활동 모델교,0,,,,,,,,6.0,35.0,,,,,,,,,,,,0
강경황산초등학교,충남,초,공립,,충청남도 논산시 강경읍 대흥로34번길 5 (강경읍),0,,,1,2019.0,,,,,,,7.0,117.0,,,,,,,,,,,,0
광석초등학교,충남,초,공립,,충청남도 논산시 광석면 사계로 451 (광석면),0,,,0,,,,,,,,8.0,64.0,,,,,,,,,,,,0
구자곡초등학교,충남,초,공립,,충청남도 논산시 연무로 369 (연무읍),0,,,0,,,,,,,,7.0,79.0,,,,,,,,,,,,0
금암초등학교,충남,초,공립,,충청남도 계룡시 장안로 104 (금암동),0,,,1,2017.0,,,,,,,19.0,382.0,,,,,,,,,,,,0
노성초등학교,충남,초,공립,,충청남도 논산시 노성면 노성로507번길 11 . 노성초등학교 (노성면),0,,,0,,,,,,,,6.0,36.0,,,,,,,,,,,,0
논산반월초등학교,충남,초,공립,,충청남도 논산시 해월로 148 (반월동),0,,,0,,,,,,,,7.0,91.0,,,,,,,,,,,,0
논산부창초등학교,충남,초,공립,,충청남도 논산시 시민로397번길 10 . 논산부창초등학교 (부창동),0,,,0,,,,,,,,14.0,221.0,,,,,,,,,,,,0
대명초등학교,충남,초,공립,,충청남도 논산시 상월면 상월로 260 (상월면. 대명초등학교),0,,,0,,,,,,,,,,,,,,,,,,,,,0
도산초등학교,충남,초,공립,,충청남도 논산시 벌곡면 수락로 23 (벌곡면),0,,,0,,,,,,,,6.0,75.0,,,,,,,,,,,,0
두마초등학교,충남,초,공립,,충청남도 계룡시 두마면 팥거리로 160 (두마면),0,,,0,,,,,,,,19.0,332.0,,,,,,,,,,,,0
반곡초등학교,충남,초,공립,,충청남도 논산시 양촌면 황산벌로1126번길 5 (양촌면. 반곡초등학교),0,,,0,,,,,,,,7.0,113.0,,,,,,,,,,,,0
백석초등학교,충남,초,공립,,충청남도 논산시 연산면 선비로 726 (연산면. 백석초등학교),0,,,0,,,,,,,,7.0,62.0,,,,,,,,,,,,0
벌곡초등학교,충남,초,공립,,충청남도 논산시 벌곡면 대둔로 821-8 (벌곡면. 벌곡초등학교),0,,,0,,,,,,,,6.0,53.0,,,,,,,,,,,,0
논산내동초등학교,충남,초,공립,,충청남도 논산시 중앙로 192 . 논산내동초등학교 (내동),0,,,0,,,,,,,,43.0,993.0,,,,,,,,,,,,0
부적초등학교,충남,초,공립,,충청남도 논산시 부적면 남마구평길 70 (부적면. 부적초등학교),0,,,0,,,,,,,,7.0,64.0,,,,,,,,,,,,0
상월초등학교,충남,초,공립,,충청남도 논산시 상월면 백일헌로 1025-13 (상월면),0,,,0,,,,,,,,7.0,43.0,,,,,,,,,,,,0
성덕초등학교,충남,초,공립,,충청남도 논산시 은진면 원앙로 1174 (은진면),0,,,0,,,,,,,,7.0,96.0,,,,,,,,,,,,0
성동초등학교,충남,초,공립,,충청남도 논산시 성동면 성동로240번길 30 (성동면),0,,,0,,,,,,,,7.0,43.0,,,,,,,,,,,,0
신도초등학교,충남,초,공립,,충청남도 계룡시 엄사면 번영3길 82 (엄사면),0,,,0,,,,,,,,18.0,318.0,,,,,,,,,,,,0
논산중앙초등학교,충남,초,공립,,충청남도 논산시 논산대로 269-10 (내동),0,,,0,,,,,,,,31.0,669.0,,,,,,,,,,,,0
양촌초등학교,충남,초,공립,,충청남도 논산시 양촌면 매죽헌로1665번길 22 (양촌면),0,,,0,,,,,,,,7.0,64.0,,,,,,,,,,,,0
엄사초등학교,충남,초,공립,,충청남도 계룡시 엄사면 번영3길 30 (엄사면. 엄사초등학교),0,,,0,,,,,,,,17.0,303.0,,,,,,,,,,,,0
연무초등학교,충남,초,공립,,충청남도 논산시 연무읍 득안대로 527 (연무읍),0,,,0,,,,,,,,7.0,70.0,,,,,,,,,,,,0
연무중앙초등학교,충남,초,공립,,충청남도 논산시 연무읍 연무로 211-14 (연무읍),0,,,1,2020.0,,,,,,,16.0,290.0,,,,,,,,,,,,0
연산초등학교,충남,초,공립,,충청남도 논산시 연산면 연산5길 13 (연산면. 연산초등학교),0,,,0,,,,,,,,7.0,63.0,,,,,,,,,,,,0
왕전초등학교,충남,초,공립,,충청남도 논산시 광석면 왕전2길 12 (광석면),0,,,1,2020.0,,,,,,,6.0,54.0,,,,,,,,,,,,0
용남초등학교,충남,초,공립,,충청남도 계룡시 신도안면 신도안1길 88 (신도안면. 용남초등학교),0,,,0,,,,,,,,40.0,894.0,,,,,,,,,,,,0
원봉초등학교,충남,초,공립,,충청남도 논산시 성동면 성동로 552 (성동면. 원봉초등학교),0,,,0,,,,,,,,6.0,43.0,,,,,,,,,,,,0
은진초등학교,충남,초,공립,,충청남도 논산시 은진면 매죽헌로25번길 1 (은진면),0,,,0,,,,,,,,7.0,76.0,,,,,,,,,,,,0
이화초등학교,충남,초,공립,,충청남도 논산시 채운면 채운로 350 (채운면),0,,,0,,,,,,,,7.0,54.0,,,,,,,,,,,,0
채운초등학교,충남,초,공립,,충청남도 논산시 채운면 채운로 112 (채운면),1,2023.0,교육활동 모델교,1,2016.0,,,,,,,7.0,77.0,,,,,,,,,,,,1
청동초등학교,충남,초,공립,,충청남도 논산시 연산면 선비로293번길 29-5 (연산면),0,,,0,,,,,,,,7.0,52.0,,,,,,,,,,,,0
황화초등학교,충남,초,공립,,충청남도 논산시 연무읍 마봉로 31-4 (연무읍. 황화초등학교),0,,,0,,,,,,,,,,,,,,,,,,,,,0
강경중학교,충남,중,공립,남자,충청남도 논산시 강경읍 계백로 28 (강경읍),0,,,0,,,,,,,,5.0,83.0,,,,,,,,,,,,0
광석중학교,충남,중,공립,남여공학,충청남도 논산시 광석면 광석로 56-3 (광석면),0,,,0,,,,,,,,5.0,50.0,,,,,,,,,,,,0
노성중학교,충남,중,공립,남여공학,충청남도 논산시 노성면 노성로 602-5 (노성면),0,,,0,,,,,,,,5.0,65.0,,,,,,,,,,,,0
논산여자중학교,충남,중,공립,여자,충청남도 논산시 중앙로 325 (취암동),0,,,0,,,,,,,,22.0,536.0,,,,,,,,,,,,0
논산중학교,충남,중,공립,남자,충청남도 논산시 시민로397번길 28 (부창동),0,,,0,,,,,,,,18.0,345.0,,,,,,,,,,,,0
엄사중학교,충남,중,공립,남여공학,충청남도 계룡시 엄사면 번영11길 3 (엄사면),0,,,1,2020.0,,,,,,,20.0,514.0,,,,,,,,,,,,0
계룡중학교,충남,중,공립,남여공학,충청남도 계룡시 서금암5길 17 (금암동),0,,,0,,,,,,,,28.0,662.0,,,,,,,,,,,,0
연무중학교,충남,중,공립,남자,충청남도 논산시 연무읍 연무로160번길 26-2 (연무읍. 연무중학교),0,,,1,2020.0,,,,,,,7.0,137.0,,,,,,,,,,,,0
연산중학교,충남,중,공립,남여공학,충청남도 논산시 연산면 청동로 113-14 (연산면. 연산중학교),0,,,0,,,,,,,,5.0,85.0,,,,,,,,,,,,0
용남중학교,충남,중,공립,남여공학,충청남도 계룡시 신도안면 신도안2길 66 (신도안면),0,,,0,,,,,,,,23.0,606.0,,,,,,,,,,,,0
강경여자중학교,충남,중,공립,여자,충청남도 논산시 강경읍 계백로 200 (강경읍. 강경여자중학교),0,,,0,,,,,,,,7.0,112.0,,,,,,,,,,,,0
건양대학교병설건양중학교,충남,중,사립,남여공학,충청남도 논산시 양촌면 황산벌로 486-21 . (양촌면.건양중학교),1,2023.0,교육활동 모델교,0,,,,,,,,6.0,103.0,,,,,,,,,,,,0
기민중학교,충남,중,사립,남자,충청남도 논산시 관촉로 113-19 (관촉동. 기민중학교),0,,,0,,,,,,,,11.0,255.0,,,,,,,,,,,,0
논산대건중학교,충남,중,사립,남자,충청남도 논산시 논산대로 119 (등화동),0,,,0,,,,,,,,11.0,300.0,,,,,,,,,,,,0
쌘뽈여자중학교,충남,중,사립,여자,충청남도 논산시 시민로 411 (부창동. 쌘뽈여자중학교),0,,,0,,,,,,,,12.0,294.0,,,,,,,,,,,,0
연무여자중학교,충남,중,사립,여자,충청남도 논산시 연무읍 동안로887번길 5 (연무읍. 연무고등학교.연무여자중학교),0,,,0,,,,,,,,6.0,126.0,,,,,,,,,,,,0
가야곡중학교,충남,중,공립,남여공학,충청남도 논산시 가야곡면 덕은로 160 (가야곡면),0,,,0,,,,,,,,4.0,14.0,,,,,,,,,,,,0
구룡초등학교,충남,초,공립,,충청남도 부여군 구룡면 태양로 25 (구룡면),0,,,1,2020.0,,,,,,,6.0,14.0,,,,,,,,,,,,0
궁남초등학교,충남,초,공립,,충청남도 부여군 부여읍 계백로 238-6 (부여읍.궁남초등학교),0,,,0,,,,,,,,6.0,43.0,,,,,,,,,,,,0
규암초등학교,충남,초,공립,,충청남도 부여군 규암면 계백로 3 (규암면),0,,,1,2018.0,,,,,,,24.0,436.0,,,,,,,,,,,,0
내산초등학교,충남,초,공립,,충청남도 부여군 내산면 성충로 906 (내산면),0,,,0,,,,,,,,7.0,25.0,,,,,,,,,,,,0
대왕초등학교,충남,초,공립,,충청남도 부여군 부여읍 금성로 150 (부여읍. 대왕초등학교),0,,,0,,,,,,,,7.0,36.0,,,,,,,,,,,,0
마정초등학교,충남,초,공립,,충청남도 부여군 남면 마정로 7-9 . 마정초등학교 (남면),0,,,0,,,,,,,,,,,,,,,,,,,,,0
백강초등학교,충남,초,공립,,충청남도 부여군 규암면 백제문로251번길 20 (규암면. 백강초등학교),0,,,0,,,,,,,,6.0,33.0,,,,,,,,,,,,0
백제초등학교,충남,초,공립,,충청남도 부여군 부여읍 계백로 321 (부여읍.백제초등학교),0,,,1,2018.0,,,,,,,8.0,80.0,,,,,,,,,,,,0
부여초등학교,충남,초,공립,,충청남도 부여군 부여읍 부소로 105-10 (부여읍),0,,,0,,,,,,,,24.0,514.0,,,,,,,,,,,,0
석성초등학교,충남,초,공립,,충청남도 부여군 석성면 석성로 113-8 (석성면.석성초등학교),0,,,1,2020.0,,,,,,,,,,,,,,,,,,,,0
석양초등학교,충남,초,공립,,충청남도 부여군 석성면 증산로39번길 31 (석성면),0,,,0,,,,,,,,7.0,40.0,,,,,,,,,,,,0
세도초등학교,충남,초,공립,,충청남도 부여군 세도면 세도로 68 (세도면),0,,,0,,,,,,,,6.0,33.0,,,,,,,,,,,,0
송간초등학교,충남,초,공립,,충청남도 부여군 부여읍 삼충로272번길 5 (부여읍),0,,,1,2018.0,,,,,,,7.0,29.0,,,,,,,,,,,,0
양화초등학교,충남,초,공립,,충청남도 부여군 양화면 충절로 215 . 33215 (양화면. 양화초등학교),0,,,0,,,,,,,,5.0,13.0,,,,,,,,,,,,0
옥산초등학교,충남,초,공립,,충청남도 부여군 옥산면 대백제로 330 (옥산면),0,,,0,,,,,,,,7.0,11.0,,,,,,,,,,,,0
외산초등학교,충남,초,공립,,충청남도 부여군 외산면 만수로 421 (외산면. 외산초등학교),0,,,0,,,,,,,,7.0,19.0,,,,,,,,,,,,0
용당초등학교,충남,초,공립,,충청남도 부여군 구룡면 용당로2번길 73 (구룡면. 용당초등학교),0,,,0,,,,,,,,4.0,11.0,,,,,,,,,,,,0
은산초등학교,충남,초,공립,,충청남도 부여군 은산면 충의로 729 (은산면),0,,,1,2016.0,,,,,,,7.0,52.0,,,,,,,,,,,,0
임천초등학교,충남,초,공립,,충청남도 부여군 임천면 성흥로97번길 15 (임천면),0,,,0,,,,,,,,7.0,49.0,,,,,,,,,,,,0
장암초등학교,충남,초,공립,,충청남도 부여군 장암면 석동로 112 (장암면. 장암초등학교),0,,,0,,,,,,,,7.0,33.0,,,,,,,,,,,,0
초촌초등학교,충남,초,공립,,충청남도 부여군 초촌면 초촌로 55 (초촌면),0,,,0,,,,,,,,6.0,22.0,,,,,,,,,,,,0
충화초등학교,충남,초,공립,,충청남도 부여군 충화면 팔충로 701 (충화면),0,,,0,,,,,,,,5.0,12.0,,,,,,,,,,,,0
합송초등학교,충남,초,공립,,충청남도 부여군 규암면 흥수로561번길 8 (규암면),0,,,0,,,,,,,,7.0,31.0,,,,,,,,,,,,0
홍산초등학교,충남,초,공립,,충청남도 부여군 홍산면 홍산로111번길 7 (홍산면. 홍산초등학교),1,2023.0,교육활동 모델교,0,,,,,,,,6.0,64.0,,,,,,,,,,,,0
부여여자중학교,충남,중,공립,여자,충청남도 부여군 부여읍 월함로 34 (부여읍),0,,,0,,,,,,,,11.0,259.0,,,,,,,,,,,,0
부여중학교,충남,중,공립,남자,충청남도 부여군 부여읍 석탑로 14 (부여읍),0,,,0,,,,,,,,13.0,299.0,,,,,,,,,,,,0
석성중학교,충남,중,공립,남여공학,충청남도 부여군 석성면 증산로 7 (석성면),0,,,0,,,,,,,,4.0,59.0,,,,,,,,,,,,0
세도중학교,충남,중,공립,남여공학,충청남도 부여군 세도면 부흥로 564-4 (세도면),0,,,0,,,,,,,,3.0,34.0,,,,,,,,,,,,0
양화중학교,충남,중,공립,남여공학,충청남도 부여군 양화면 충절로 267-6 (양화면. 양화중학교),0,,,0,,,,,,,,,,,,,,,,,,,,,0
은산중학교,충남,중,공립,남여공학,충청남도 부여군 은산면 충의로 729 (은산면),0,,,0,,,,,,,,4.0,37.0,,,,,,,,,,,,0
임천중학교,충남,중,공립,남여공학,충청남도 부여군 임천면 성흥로 210 (임천면. 임천중학교),0,,,0,,,,,,,,4.0,25.0,,,,,,,,,,,,0
홍산중학교,충남,중,공립,남여공학,충청남도 부여군 홍산면 홍산로 112-25 . 홍산중학교 (홍산면),0,,,0,,,,,,,,3.0,44.0,,,,,,,,,,,,0
백제중학교,충남,중,사립,남여공학,충청남도 부여군 규암면 흥수로 759 (규암면),0,,,1,2019.0,,,,,,,12.0,264.0,,,,,,,,,,,,0
외산중학교,충남,중,사립,남여공학,충청남도 부여군 외산면 외산로 55-14 (외산면),0,,,0,,,,,,,,3.0,37.0,,,,,,,,,,,,0
용강중학교,충남,중,사립,남여공학,충청남도 부여군 구룡면 성충로 1429 (구룡면.용강중학교),0,,,0,,,,,,,,4.0,30.0,,,,,,,,,,,,0
기산초등학교,충남,초,공립,,충청남도 서천군 기산면 기산길 107 (기산면. 기산초교),0,,,0,,,,,,,,6.0,20.0,,,,,,,,,,,,0
마동초등학교,충남,초,공립,,충청남도 서천군 마서면 원송로 229 (마서면.마동초등학교),0,,,0,,,,,,,,7.0,52.0,,,,,,,,,,,,0
마산초등학교,충남,초,공립,,충청남도 서천군 마산면 삼일로 327 (마산면.마산초등학교),0,,,0,,,,,,,,6.0,22.0,,,,,,,,,,,,0
문산초등학교,충남,초,공립,,충청남도 서천군 문산면 신농길 26-29 (문산면. 문산초등학교),0,,,1,2018.0,,,,,,,,,,,,,,,,,,,,0
부내초등학교,충남,초,공립,,충청남도 서천군 종천면 충서로363번길 23-1 (종천면),0,,,0,,,,,,,,6.0,35.0,,,,,,,,,,,,0
비인초등학교,충남,초,공립,,충청남도 서천군 비인면 비인로 192 (비인면. 성내리),0,,,1,2019.0,,,,,,,7.0,29.0,,,,,,,,,,,,0
서남초등학교,충남,초,공립,,충청남도 서천군 마서면 마서로 260-12 (마서면. 서남초등학교),0,,,1,2019.0,,,,,,,,,,,,,,,,,,,,0
서도초등학교,충남,초,공립,,충청남도 서천군 서면 공암남촌길31번길 33 . 서도초등학교 (서면. 서도초등학교),0,,,1,2020.0,,,,,,,7.0,67.0,,,,,,,,,,,,0
서면초등학교,충남,초,공립,,충청남도 서천군 서면 선합장길 15 (서면),0,,,1,2018.0,,,,,,,7.0,28.0,,,,,,,,,,,,0
서천초등학교,충남,초,공립,,충청남도 서천군 서천읍 서천로98번길 5 (서천읍),0,,,0,,,,,,,,26.0,521.0,,,,,,,,,,,,0
송림초등학교,충남,초,공립,,충청남도 서천군 장항읍 옥도로21번길 14 (장항읍),0,,,0,,,,,,,,6.0,34.0,,,,,,,,,,,,0
송석초등학교,충남,초,공립,,충청남도 서천군 마서면 송신로 432 (마서면.송석초등학교),0,,,0,,,,,,,,6.0,34.0,,,,,,,,,,,,0
시초초등학교,충남,초,공립,,충청남도 서천군 시초면 시초북로 31 (시초면),0,,,0,,,,,,,,7.0,50.0,,,,,,,,,,,,0
오성초등학교,충남,초,공립,,충청남도 서천군 판교면 종판로857번길 13 (판교면),0,,,0,,,,,,,,7.0,31.0,,,,,,,,,,,,0
장항초등학교,충남,초,공립,,충청남도 서천군 장항읍 성주길 6 (장항읍),1,2023.0,교육활동 모델교,1,2020.0,,,,,,,9.0,123.0,,,,,,,,,,,,1
장항중앙초등학교,충남,초,공립,,충청남도 서천군 장항읍 장항로121번길 7 (장항읍),0,,,0,,,,,,,,10.0,148.0,,,,,,,,,,,,0
한산초등학교,충남,초,공립,,충청남도 서천군 한산면 한마로 48 (한산면),0,,,1,2020.0,,,,,,,6.0,33.0,,,,,,,,,,,,0
화양초등학교,충남,초,공립,,충청남도 서천군 화양면 화산로 64 (화양면. 화양초등학교),0,,,0,,,,,,,,6.0,21.0,,,,,,,,,,,,0
비인중학교,충남,중,공립,남여공학,충청남도 서천군 비인면 비인로 142 (비인면. 비인중학교),0,,,1,2020.0,,,,,,,4.0,19.0,,,,,,,,,,,,0
서면중학교,충남,중,공립,남여공학,충청남도 서천군 서면 서인로777번길 3 (서면. 서면중학교),0,,,0,,,,,,,,4.0,42.0,,,,,,,,,,,,0
서천여자중학교,충남,중,공립,여자,충청남도 서천군 서천읍 군청로 84 (서천읍),0,,,0,,,,,,,,7.0,140.0,,,,,,,,,,,,0
서천중학교,충남,중,공립,남자,충청남도 서천군 서천읍 충절로 97 (서천읍),0,,,0,,,,,,,,9.0,181.0,,,,,,,,,,,,0
장항중학교,충남,중,공립,남여공학,충청남도 서천군 장항읍 장서로16번길 79 (장항읍.장항중학교),0,,,1,2020.0,,,,,,,10.0,232.0,,,,,,,,,,,,0
한산중학교,충남,중,공립,남여공학,충청남도 서천군 한산면 한마로 130-31 (한산면. 한산중학교),0,,,0,,,,,,,,4.0,19.0,,,,,,,,,,,,0
동강중학교,충남,중,사립,남여공학,충청남도 서천군 기산면 충절로 624 (기산면),0,,,1,2020.0,,,,,,,6.0,100.0,,,,,,,,,,,,0
서림여자중학교,충남,중,사립,여자,충청남도 서천군 서천읍 화금서길 45 . (서천읍.서림여자정보고등학교) (서천읍),0,,,0,,,,,,,,3.0,65.0,,,,,,,,,,,,0
판교중학교,충남,중,사립,남여공학,충청남도 서천군 판교면 종판로887번길 39-7 (판교면. 판교중학교),0,,,0,,,,,,,,4.0,47.0,,,,,,,,,,,,0
가남초등학교,충남,초,공립,,충청남도 청양군 비봉면 충절로 1962-7 가남초등학교 (비봉면. 가남초등학교),0,,,0,,,,,,,,7.0,50.0,,,,,,,,,,,,0
남양초등학교,충남,초,공립,,충청남도 청양군 남양면 구용길 324 (남양면. 남양초등학교),0,,,1,2017.0,,,,,,,7.0,41.0,,,,,,,,,,,,0
목면초등학교,충남,초,공립,,충청남도 청양군 목면 철마장길 27 (목면) 목면초등학교,0,,,0,,,,,,,,6.0,30.0,,,,,,,,,,,,0
미당초등학교,충남,초,공립,,충청남도 청양군 장평면 낙지미당로 543-53 . 미당초등학교 (장평면),0,,,0,,,,,,,,,,,,,,,,,,,,,0
수정초등학교,충남,초,공립,,충청남도 청양군 대치면 칠갑산로 514 (대치면),0,,,1,2018.0,,,,,,,6.0,53.0,,,,,,,,,,,,0
운곡초등학교,충남,초,공립,,충청남도 청양군 운곡면 청신로 882 (운곡면),0,,,1,2020.0,,,,,,,6.0,26.0,,,,,,,,,,,,0
장평초등학교,충남,초,공립,,충청남도 청양군 장평면 충의로 453 (장평면),0,,,0,,,,,,,,6.0,23.0,,,,,,,,,,,,0
정산초등학교,충남,초,공립,,충청남도 청양군 정산면 칠갑산로 1863 (정산면. 정산초등학교),0,,,1,2016.0,,,,,,,7.0,74.0,,,,,,,,,,,,0
청남초등학교,충남,초,공립,,충청남도 청양군 청남면 명덕로 207-4 (청남면),0,,,0,,,,,,,,6.0,23.0,,,,,,,,,,,,0
청송초등학교,충남,초,공립,,충청남도 청양군 청양읍 칠갑산로 97 . 청송초등학교 (청양읍),0,,,0,,,,,,,,7.0,40.0,,,,,,,,,,,,0
청양초등학교,충남,초,공립,,충청남도 청양군 청양읍 칠갑산로9길 29 (청양읍. 청양초등학교),0,,,1,2019.0,,,,,,,15.0,261.0,,,,,,,,,,,,0
합천초등학교,충남,초,공립,,충청남도 청양군 화성면 무한로 88 (화성면),0,,,0,,,,,,,,6.0,35.0,,,,,,,,,,,,0
장평중학교,충남,중,공립,남여공학,충청남도 청양군 장평면 섶적골길 14 . 장평중학교 (장평면.장평중학교),0,,,0,,,,,,,,,,,,,,,,,,,,,0
정산중학교,충남,중,공립,남여공학,충청남도 청양군 정산면 정현길 27 (정산면. 정산중학교),0,,,0,,,,,,,,7.0,121.0,,,,,,,,,,,,0
청남중학교,충남,중,공립,남여공학,충청남도 청양군 청남면 명덕로 207-10 . 청남중학교 (청남면. 청남중학교),0,,,0,,,,,,,,,,,,,,,,,,,,,0
청양중학교,충남,중,공립,남여공학,충청남도 청양군 청양읍 칠갑산로 179 (청양읍),0,,,1,2020.0,,,,,,,14.0,309.0,,,,,,,,,,,,0
화성중학교,충남,중,공립,남여공학,충청남도 청양군 화성면 무한로 226-15 (화성면),0,,,0,,,,,,,,,,,,,,,,,,,,,0
동영중학교,충남,중,사립,남여공학,충청남도 청양군 남양면 금천길 70-36 (남양면. 동영중학교),0,,,0,,,,,,,,2.0,11.0,,,,,,,,,,,,0
청신여자중학교,충남,중,사립,여자,충청남도 청양군 청양읍 학사길 5-101 (청양읍. 청신여자중학교),0,,,0,,,,,,,,3.0,41.0,,,,,,,,,,,,0
내포초등학교,충남,초,공립,,충청남도 홍성군 홍북읍 홍학로 38 (홍북읍),0,,,1,2018.0,,,,,,,51.0,1205.0,,,,,,,,,,,,0
한울초등학교,충남,초,공립,,충청남도 홍성군 홍북읍 홍학로 131 . 한울초등학교 (홍북읍. 한울초등학교),0,,,0,,,,,,,,44.0,928.0,,,,,,,,,,,,0
홍성초등학교,충남,초,공립,,충청남도 홍성군 홍성읍 조양로 43 (홍성읍),0,,,0,,,,,,,,29.0,555.0,,,,,,,,,,,,0
홍주초등학교,충남,초,공립,,충청남도 홍성군 홍성읍 조양로 100-10 (홍성읍. 홍주초등학교),0,,,0,,,,,,,,8.0,67.0,,,,,,,,,,,,0
홍남초등학교,충남,초,공립,,충청남도 홍성군 홍성읍 홍장북로 434 (홍성읍. 홍남초등학교),1,2023.0,교육활동 모델교,1,2017.0,,,,,,,31.0,630.0,,,,,,,,,,,,1
덕명초등학교,충남,초,공립,,충청남도 홍성군 광천읍 광천로 348 (광천읍),0,,,0,,,,,,,,,,,,,,,,,,,,,0
광천초등학교,충남,초,공립,,충청남도 홍성군 광천읍 홍남로705번길 16 . 광천초등학교 (광천읍),0,,,0,,,,,,,,9.0,144.0,,,,,,,,,,,,0
홍북초등학교,충남,초,공립,,충청남도 홍성군 홍북읍 매죽헌길 5 (홍북읍. 홍북초등학교),0,,,1,2016.0,,,,,,,31.0,660.0,,,,,,,,,,,,0
용봉초등학교,충남,초,공립,,충청남도 홍성군 홍북면 이응노로 277 (홍북면),0,,,0,,,,,,,,7.0,76.0,,,,,,,,,,,,0
금마초등학교,충남,초,공립,,충청남도 홍성군 금마면 광금북로 484 (금마면),0,,,1,2016.0,,,,,,,7.0,42.0,,,,,,,,,,,,0
배양초등학교,충남,초,공립,,충청남도 홍성군 금마면 금마로 23-24 (금마면. 배양초등학교),0,,,0,,,,,,,,7.0,41.0,,,,,,,,,,,,0
홍동초등학교,충남,초,공립,,충청남도 홍성군 홍동면 홍장남로672번길 59 (홍동면),0,,,0,,,,,,,,8.0,106.0,,,,,,,,,,,,0
금당초등학교,충남,초,공립,,충청남도 홍성군 홍동면 초롱산길 9 (홍동면. 금당초교),0,,,0,,,,,,,,7.0,27.0,,,,,,,,,,,,0
장곡초등학교,충남,초,공립,,충청남도 홍성군 장곡면 도산1길 2 (장곡면),0,,,0,,,,,,,,7.0,31.0,,,,,,,,,,,,0
은하초등학교,충남,초,공립,,충청남도 홍성군 은하면 은하로 220 . 은하초등학교 (은하면),0,,,0,,,,,,,,5.0,16.0,,,,,,,,,,,,0
결성초등학교,충남,초,공립,,충청남도 홍성군 결성면 홍남서로738번길 30 (결성면),0,,,0,,,,,,,,6.0,13.0,,,,,,,,,,,,0
서부초등학교,충남,초,공립,,충청남도 홍성군 서부면 서부로 505 (서부면),0,,,0,,,,,,,,7.0,31.0,,,,,,,,,,,,0
신당초등학교,충남,초,공립,,충청남도 홍성군 서부면 남당항로270번길 43 (서부면),0,,,0,,,,,,,,5.0,16.0,,,,,,,,,,,,0
갈산초등학교,충남,초,공립,,충청남도 홍성군 갈산면 갈산로 135 (갈산면. 갈산초등학교),0,,,0,,,,,,,,6.0,47.0,,,,,,,,,,,,0
구항초등학교,충남,초,공립,,충청남도 홍성군 구항면 구성남로 928 (구항면. 구항초등학교),0,,,1,2020.0,,,,,,,7.0,35.0,,,,,,,,,,,,0
대정초등학교,충남,초,공립,,충청남도 홍성군 구항면 거북로 20 (구항면. 대정초등학교),0,,,0,,,,,,,,7.0,26.0,,,,,,,,,,,,0
서해삼육초등학교,충남,초,사립,,충청남도 홍성군 광천읍 홍남로705번길 23 . 서해삼육초등학교 (광천읍),0,,,0,,,,,,,,6.0,171.0,,,,,,,,,,,,0
내포중학교,충남,중,공립,남여공학,충청남도 홍성군 홍북읍 홍학로 41 . 내포중학교 (홍북읍),0,,,0,,,,,,,,28.0,777.0,,,,,,,,,,,,0
홍성중학교,충남,중,공립,남자,충청남도 홍성군 홍성읍 충절로 994 (홍성읍),0,,,1,2018.0,,,,,,,14.0,275.0,,,,,,,,,,,,0
홍성여자중학교,충남,중,공립,여자,충청남도 홍성군 홍성읍 도청대로 29-21 (홍성읍),0,,,0,,,,,,,,22.0,522.0,,,,,,,,,,,,0
광천중학교,충남,중,공립,남여공학,충청남도 홍성군 광천읍 광천로 396-34 . 광천중학교 (광천읍),0,,,0,,,,,,,,7.0,127.0,,,,,,,,,,,,0
갈산중학교,충남,중,공립,남여공학,충청남도 홍성군 갈산면 상촌로9번길 39 (갈산면),0,,,0,,,,,,,,4.0,31.0,,,,,,,,,,,,0
홍동중학교,충남,중,공립,남여공학,충청남도 홍성군 홍동면 광금남로 735 (홍동면),0,,,0,,,,,,,,7.0,104.0,,,,,,,,,,,,0
홍성서부중학교,충남,중,공립,남여공학,충청남도 홍성군 서부면 서부로 411 (서부면. 홍성서부중교),0,,,0,,,,,,,,3.0,27.0,,,,,,,,,,,,0
금마중학교,충남,중,공립,남여공학,충청남도 홍성군 금마면 철마산길 182 (금마면),0,,,0,,,,,,,,4.0,54.0,,,,,,,,,,,,0
홍주중학교,충남,중,사립,남자,충청남도 홍성군 홍성읍 문화로 78 . 홍주중학교 (홍성읍),1,2023.0,정보교육실 구축교,0,,,,,,,,12.0,262.0,,,,,,,,,,,,0
광흥중학교,충남,중,사립,남자,충청남도 홍성군 광천읍 광천로373번길 14 (광천읍),0,,,0,,,,,,,,,,,,,,,,,,,,,0
서해삼육중학교,충남,중,사립,남여공학,충청남도 홍성군 광천읍 홍남로705번길 23 . 서해삼육중학교 (광천읍),0,,,0,,,,,,,,3.0,82.0,,,,,,,,,,,,0
예산초등학교,충남,초,공립,,충청남도 예산군 예산읍 아리랑로 205 (예산읍),0,,,0,,,,,,,,18.0,338.0,,,,,,,,,,,,0
금오초등학교,충남,초,공립,,충청남도 예산군 예산읍 역전로134번길 40 (예산읍. 금오초등학교),0,,,0,,,,,,,,22.0,468.0,,,,,,,,,,,,0
예산중앙초등학교,충남,초,공립,,충청남도 예산군 예산읍 주교로 21 (예산읍. 예산중앙초등학교),0,,,1,2020.0,,,,,,,8.0,119.0,,,,,,,,,,,,0
신례원초등학교,충남,초,공립,,충청남도 예산군 예산읍 신례원로 179 (예산읍),0,,,0,,,,,,,,7.0,115.0,,,,,,,,,,,,0
대술초등학교,충남,초,공립,,충청남도 예산군 대술면 원농리길 12 (대술면. 대술초등학교),0,,,0,,,,,,,,7.0,27.0,,,,,,,,,,,,0
신양초등학교,충남,초,공립,,충청남도 예산군 신양면 청신로 374 (신양면.신양초교),0,,,1,2020.0,,,,,,,7.0,26.0,,,,,,,,,,,,0
웅산초등학교,충남,초,공립,,충청남도 예산군 광시면 예당로 181 (광시면. 웅산초등학교),0,,,1,2016.0,,,,,,,7.0,30.0,,,,,,,,,,,,0
대흥초등학교,충남,초,공립,,충청남도 예산군 대흥면 의좋은형제길 16 . 대흥초등학교 (대흥면),0,,,1,2020.0,,,,,,,6.0,11.0,,,,,,,,,,,,0
응봉초등학교,충남,초,공립,,충청남도 예산군 응봉면 예당로 1504 (응봉면),0,,,0,,,,,,,,7.0,25.0,,,,,,,,,,,,0
평촌초등학교,충남,초,공립,,충청남도 예산군 응봉면 예당로 1211 (응봉면),0,,,0,,,,,,,,7.0,32.0,,,,,,,,,,,,0
삽교초등학교,충남,초,공립,,충청남도 예산군 삽교읍 삽교로4길 26 (삽교읍. 삽교초등학교),0,,,0,,,,,,,,7.0,61.0,,,,,,,,,,,,0
용동초등학교,충남,초,공립,,충청남도 예산군 삽교읍 삽교평야로 193 (삽교읍. 용동초등학교),0,,,0,,,,,,,,6.0,42.0,,,,,,,,,,,,0
보성초등학교,충남,초,공립,,충청남도 예산군 삽교읍 예학로 127 (삽교읍),0,,,0,,,,,,,,37.0,774.0,,,,,,,,,,,,0
덕산초등학교,충남,초,공립,,충청남도 예산군 덕산면 봉운로 38 (덕산면. 덕산초등학교),0,,,0,,,,,,,,7.0,90.0,,,,,,,,,,,,0
시량초등학교,충남,초,공립,,충청남도 예산군 덕산면 덕산온천로 91 (덕산면. 시량초등학교),0,,,0,,,,,,,,7.0,46.0,,,,,,,,,,,,0
수덕초등학교,충남,초,공립,,충청남도 예산군 덕산면 수덕사로 631 (덕산면. 수덕초등학교),0,,,1,2017.0,,,,,,,6.0,39.0,,,,,,,,,,,,0
봉산초등학교,충남,초,공립,,충청남도 예산군 봉산면 봉산로 369-10 (봉산면.봉산초등학교),0,,,0,,,,,,,,6.0,31.0,,,,,,,,,,,,0
고덕초등학교,충남,초,공립,,충남 예산군 고덕면 황금뜰로 203 (고덕면.고덕초등학교),1,2023.0,교육활동 모델교,0,,,,,,,,7.0,31.0,,,,,,,,,,,,0
구만초등학교,충남,초,공립,,충청남도 예산군 고덕면 구만윗뜸길 27 (고덕면. 구만초등학교),0,,,0,,,,,,,,6.0,14.0,,,,,,,,,,,,0
예덕초등학교,충남,초,공립,,충청남도 예산군 고덕면 몽곡상몽길 54 (고덕면. 예덕초등학교),0,,,1,2020.0,,,,,,,6.0,24.0,,,,,,,,,,,,0
신암초등학교,충남,초,공립,,충청남도 예산군 신암면 신암남로 285-6 (신암면. 신암초교),0,,,0,,,,,,,,7.0,32.0,,,,,,,,,,,,0
조림초등학교,충남,초,공립,,충청남도 예산군 신암면 조곡길 100 (신암면),0,,,0,,,,,,,,7.0,38.0,,,,,,,,,,,,0
오가초등학교,충남,초,공립,,충청남도 예산군 오가면 역말로 89 (오가면. 오가초교),0,,,0,,,,,,,,7.0,28.0,,,,,,,,,,,,0
양신초등학교,충남,초,공립,,충청남도 예산군 오가면 내양막길 5 . 양신초등학교 (오가면),0,,,0,,,,,,,,7.0,30.0,,,,,,,,,,,,0
예산중학교,충남,중,공립,남자,충청남도 예산군 예산읍 예중길 40 (예산읍.예산중학교),1,2023.0,교육활동 모델교,0,,,,,,,,18.0,414.0,,,,,,,,,,,,0
예산여자중학교,충남,중,공립,여자,충청남도 예산군 예산읍 벚꽃로 197-17 (예산읍. 예산여자중학교),0,,,1,2018.0,,,,,,,14.0,320.0,,,,,,,,,,,,0
대술중학교,충남,중,공립,남여공학,충청남도 예산군 대술면 대술로 135-7 . 대술중학교 (대술면.대술중학교),0,,,0,,,,,,,,3.0,31.0,,,,,,,,,,,,0
삽교중학교,충남,중,공립,남여공학,충청남도 예산군 삽교읍 삽교로 173 (삽교읍),0,,,0,,,,,,,,3.0,58.0,,,,,,,,,,,,0
덕산중학교,충남,중,공립,남여공학,충청남도 예산군 삽교읍 예학로 128 . 덕산중학교 (삽교읍. 덕산중학교),0,,,0,,,,,,,,29.0,700.0,,,,,,,,,,,,0
고덕중학교,충남,중,공립,남여공학,충청남도 예산군 고덕면 예덕로 546 . 고덕중학교 (고덕면),0,,,0,,,,,,,,3.0,62.0,,,,,,,,,,,,0
신암중학교,충남,중,공립,남여공학,충청남도 예산군 신암면 신암남로 413 (신암면),0,,,0,,,,,,,,4.0,44.0,,,,,,,,,,,,0
신양중학교,충남,중,사립,남여공학,충청남도 예산군 신양면 청신로 402 (신양면),0,,,0,,,,,,,,4.0,70.0,,,,,,,,,,,,0
광시중학교,충남,중,사립,남여공학,충청남도 예산군 광시면 광시소길 24 (광시면. 광시중학교),0,,,0,,,,,,,,4.0,22.0,,,,,,,,,,,,0
대흥중학교,충남,중,사립,남여공학,충청남도 예산군 대흥면 예당로 845 (대흥면),0,,,0,,,,,,,,6.0,143.0,,,,,,,,,,,,0
임성중학교,충남,중,사립,남여공학,충청남도 예산군 오가면 윤봉길로 1983-32 (오가면),0,,,0,,,,,,,,3.0,46.0,,,,,,,,,,,,0
고남초등학교,충남,초,공립,,충청남도 태안군 고남면 안면대로 4189 (고남면),0,,,0,,,,,,,,6.0,26.0,,,,,,,,,,,,0
근흥초등학교,충남,초,공립,,충청남도 태안군 근흥면 근흥로 716-8 . 근흥초등학교 (근흥면. 근흥초등학교),0,,,0,,,,,,,,3.0,11.0,,,,,,,,,,,,0
남면초등학교,충남,초,공립,,충청남도 태안군 남면 남면로 125 (남면. 남면초등학교),1,2023.0,교육활동 모델교,0,,,,,,,,7.0,26.0,,,,,,,,,,,,0
대기초등학교,충남,초,공립,,충청남도 태안군 원북면 대기길 12-21 (원북면),0,,,0,,,,,,,,7.0,40.0,,,,,,,,,,,,0
모항초등학교,충남,초,공립,,충청남도 태안군 소원면 모항파도로 116 (소원면),0,,,0,,,,,,,,5.0,20.0,,,,,,,,,,,,0
방포초등학교,충남,초,공립,,충청남도 태안군 안면읍 꽃지해안로 519 (안면읍),0,,,0,,,,,,,,5.0,30.0,,,,,,,,,,,,0
삼성초등학교,충남,초,공립,,충청남도 태안군 남면 마검포길 93-1 (남면. 삼성초등학교),0,,,0,,,,,,,,5.0,27.0,,,,,,,,,,,,0
소원초등학교,충남,초,공립,,충청남도 태안군 소원면 은골길 42 (소원면),0,,,0,,,,,,,,6.0,40.0,,,,,,,,,,,,0
송암초등학교,충남,초,공립,,충청남도 태안군 태안읍 순환길 130 (태안읍. 송암초등학교),0,,,0,,,,,,,,6.0,49.0,,,,,,,,,,,,0
소원초등학교의항분교장,충남,초,공립,,충청남도 태안군 소원면 송의로 691 (소원면),0,,,0,,,,,,,,,,,,,,,,,,,,,0
시목초등학교,충남,초,공립,,충청남도 태안군 소원면 서해로 1147-26 (소원면),0,,,0,,,,,,,,6.0,40.0,,,,,,,,,,,,0
안면초등학교,충남,초,공립,,충청남도 태안군 안면읍 장터로 230 (안면읍),0,,,0,,,,,,,,7.0,100.0,,,,,,,,,,,,0
안중초등학교,충남,초,공립,,충청남도 태안군 안면읍 율포길 31 (안면읍),0,,,0,,,,,,,,7.0,25.0,,,,,,,,,,,,0
안흥초등학교,충남,초,공립,,충청남도 태안군 근흥면 죽림길 45 (근흥면),0,,,0,,,,,,,,5.0,15.0,,,,,,,,,,,,0
백화초등학교,충남,초,공립,,충청남도 태안군 태안읍 다락미1길 85 (태안읍),0,,,1,2017.0,,,,,,,30.0,627.0,,,,,,,,,,,,0
원북초등학교,충남,초,공립,,충청남도 태안군 원북면 원이로 849-3 (원북면),0,,,1,2018.0,,,,,,,7.0,57.0,,,,,,,,,,,,0
이원초등학교,충남,초,공립,,충청남도 태안군 이원면 원이로 1536-31 (이원면),0,,,0,,,,,,,,6.0,25.0,,,,,,,,,,,,0
안흥초등학교신진도분교장,충남,초,공립,,충청남도 태안군 근흥면 신진도길 44-23 (근흥면. 안흥초등학교신진도분교장),0,,,0,,,,,,,,2.0,3.0,,,,,,,,,,,,0
창기초등학교,충남,초,공립,,충청남도 태안군 안면읍 황도로 72 (안면읍. 창기초등학교),0,,,0,,,,,,,,6.0,31.0,,,,,,,,,,,,0
태안초등학교,충남,초,공립,,충청남도 태안군 태안읍 백화로 49 (태안읍. 태안초등학교),0,,,1,2019.0,,,,,,,15.0,284.0,,,,,,,,,,,,0
원북초등학교방갈분교장,충남,초,공립,,충청남도 태안군 원북면 옥파로 815-2 (원북면),0,,,0,,,,,,,,,,,,,,,,,,,,,0
화동초등학교,충남,초,공립,,충청남도 태안군 태안읍 중앙로 321 . 화동초등학교 (태안읍. 화동초등학교),0,,,0,,,,,,,,13.0,201.0,,,,,,,,,,,,0
이원초등학교관동분교장,충남,초,공립,,충청남도 태안군 이원면 원이로 1956 (이원면.이원초등학교관동분교),0,,,0,,,,,,,,3.0,12.0,,,,,,,,,,,,0
근흥중학교,충남,중,공립,남여공학,충청남도 태안군 근흥면 근흥로 690 (근흥면),0,,,0,,,,,,,,3.0,21.0,,,,,,,,,,,,0
원이중학교이원분교장,충남,중,공립,남여공학,충청남도 태안군 이원면 원이로 1536-31 . 이원면.원이중학교이원분교장 (이원면),0,,,0,,,,,,,,,,,,,,,,,,,,,0
만리포중학교,충남,중,공립,남여공학,충청남도 태안군 소원면 소근로 63-12 (소원면),0,,,0,,,,,,,,3.0,14.0,,,,,,,,,,,,0
남면중학교,충남,중,공립,남여공학,충청남도 태안군 남면 남면로 125 (남면),0,,,0,,,,,,,,4.0,34.0,,,,,,,,,,,,0
안면중학교,충남,중,공립,남여공학,충청남도 태안군 안면읍 조운막터길 43 (안면읍. 안면중학교),0,,,0,,,,,,,,7.0,113.0,,,,,,,,,,,,0
원이중학교,충남,중,공립,남여공학,충청남도 태안군 원북면 마산길 180 (원북면),0,,,0,,,,,,,,8.0,159.0,,,,,,,,,,,,0
창기중학교,충남,중,공립,남여공학,충청남도 태안군 안면읍 황도로 3-16 . 창기중학교 (안면읍),0,,,0,,,,,,,,,,,,,,,,,,,,,0
태안여자중학교,충남,중,공립,여자,충청남도 태안군 태안읍 다락미4길 27 (태안읍. 태안여자중학교),0,,,0,,,,,,,,14.0,356.0,,,,,,,,,,,,0
태안중학교,충남,중,공립,남자,충청남도 태안군 태안읍 중앙로 115 (태안읍),0,,,1,2016.0,,,,,,,16.0,352.0,,,,,,,,,,,,0
계성초등학교,충남,초,공립,,충청남도 당진시 당진중앙1로 290 (읍내동. 계성초등학교),0,,,0,,,,,,,,29.0,612.0,,,,,,,,,,,,0
고대초등학교,충남,초,공립,,충청남도 당진시 고대면 고대로 206 . 고대초등학교 (고대면. 고대초등학교),0,,,0,,,,,,,,7.0,81.0,,,,,,,,,,,,0
고산초등학교,충남,초,공립,,충청남도 당진시 고대면 서집들길 55 (고대면. 고산초등학교),0,,,0,,,,,,,,7.0,52.0,,,,,,,,,,,,0
기지초등학교,충남,초,공립,,충청남도 당진시 송악읍 반촌로 84-3 . (기지초등학교),1,2023.0,교육활동 모델교,1,2018.0,,,,,,,69.0,1577.0,,,,,,,,,,,,1
삼봉초등학교난지분교장,충남,초,공립,,충청남도 당진시 석문면 난지1길 155 . 삼봉초등학교 난지분교장 (석문면),0,,,0,,,,,,,,1.0,1.0,,,,,,,,,,,,0
당산초등학교,충남,초,공립,,충청남도 당진시 송산면 당산2로 185 (송산면. 당산초등학교),0,,,0,,,,,,,,8.0,122.0,,,,,,,,,,,,0
당진초등학교,충남,초,공립,,충청남도 당진시 교동길 106 (읍내동. 당진초등학교),0,,,1,2017.0,,,,,,,22.0,385.0,,,,,,,,,,,,0
면천초등학교,충남,초,공립,,충청남도 당진시 면천면 면천서문1길 33 (면천면),0,,,0,,,,,,,,7.0,37.0,,,,,,,,,,,,0
북창초등학교,충남,초,공립,,충청남도 당진시 순성면 붉은재길 68 북창초등학교 (순성면),0,,,0,,,,,,,,7.0,97.0,,,,,,,,,,,,0
삼봉초등학교,충남,초,공립,,충청남도 당진시 석문면 대호만로 1722-1 (석문면),0,,,0,,,,,,,,7.0,57.0,,,,,,,,,,,,0
상록초등학교,충남,초,공립,,충청남도 당진시 송악읍 송악로 1024 (송악읍.상록초등학교),0,,,0,,,,,,,,15.0,256.0,,,,,,,,,,,,0
서정초등학교,충남,초,공립,,충청남도 당진시 신평면 거산3거리길 28-1 . 서정초등학교 (신평면),0,,,0,,,,,,,,27.0,577.0,,,,,,,,,,,,0
석문초등학교,충남,초,공립,,충청남도 당진시 석문면 다리들길 7 (석문면),0,,,1,2019.0,,,,,,,8.0,84.0,,,,,,,,,,,,0
성당초등학교,충남,초,공립,,충청남도 당진시 역천로 222 (사기소동. 성당초등학교),0,,,0,,,,,,,,7.0,98.0,,,,,,,,,,,,0
송산초등학교,충남,초,공립,,충청남도 당진시 송산면 상거길 19-1 . 송산초등학교 (송산면),0,,,0,,,,,,,,8.0,89.0,,,,,,,,,,,,0
송악초등학교,충남,초,공립,,충청남도 당진시 송악읍 송악로 663-1 . 송악초등학교 (송악읍),0,,,0,,,,,,,,12.0,168.0,,,,,,,,,,,,0
순성초등학교,충남,초,공립,,충청남도 당진시 순성면 순성로 473 . 순성초등학교 (순성면),0,,,0,,,,,,,,7.0,64.0,,,,,,,,,,,,0
신촌초등학교,충남,초,공립,,충청남도 당진시 합덕읍 상덕로 620-13 . 신촌초등학교,0,,,0,,,,,,,,6.0,34.0,,,,,,,,,,,,0
신평초등학교,충남,초,공립,,충청남도 당진시 신평면 원머리로 7 (신평면. 신평초등학교),0,,,0,,,,,,,,11.0,150.0,,,,,,,,,,,,0
우강초등학교,충남,초,공립,,충청남도 당진시 우강면 우강송산로 183-7 . 우강초등학교 (우강면. 우강초등학교),0,,,0,,,,,,,,7.0,78.0,,,,,,,,,,,,0
유곡초등학교,충남,초,공립,,충청남도 당진시 송산면 송산로 821-17 (송산면),0,,,0,,,,,,,,15.0,286.0,,,,,,,,,,,,0
전대초등학교,충남,초,공립,,충청남도 당진시 송악읍 신평로 1185 (송악읍. 전대초등학교),1,2023.0,정보교육실 구축교,1,2019.0,,,,,,,6.0,65.0,,,,,,,,,,,,1
정미초등학교,충남,초,공립,,충청남도 당진시 정미면 운정로 642 . 정미초등학교 (정미면),0,,,0,,,,,,,,6.0,32.0,,,,,,,,,,,,0
조금초등학교,충남,초,공립,,충청남도 당진시 대호지면 4.4만세로 23 (대호지면. 조금초등학교),0,,,0,,,,,,,,6.0,43.0,,,,,,,,,,,,0
천의초등학교,충남,초,공립,,충청남도 당진시 정미면 천평로 30 (정미면. 천의초등학교),0,,,0,,,,,,,,7.0,46.0,,,,,,,,,,,,0
초락초등학교,충남,초,공립,,충청남도 당진시 석문면 샛터말길 35 (석문면),0,,,0,,,,,,,,7.0,32.0,,,,,,,,,,,,0
탑동초등학교,충남,초,공립,,충청남도 당진시 대호만로 12 (채운동),0,,,0,,,,,,,,49.0,1144.0,,,,,,,,,,,,0
한정초등학교,충남,초,공립,,충청남도 당진시 신평면 샛터로 172 (신평면. 한정초등학교),0,,,0,,,,,,,,7.0,54.0,,,,,,,,,,,,0
합덕초등학교,충남,초,공립,,충청남도 당진시 합덕읍 덕평로 508 (합덕읍),0,,,0,,,,,,,,12.0,178.0,,,,,,,,,,,,0
합도초등학교,충남,초,공립,,충청남도 당진시 합덕읍 면천로 1538 (합덕읍. 합도초등학교),0,,,0,,,,,,,,8.0,63.0,,,,,,,,,,,,0
원당초등학교,충남,초,공립,,충청남도 당진시 밤절로 31 (원당동),0,,,0,,,,,,,,35.0,777.0,,,,,,,,,,,,0
고대중학교,충남,중,공립,남여공학,충청남도 당진시 고대면 고대로 215 (고대면),0,,,0,,,,,,,,4.0,61.0,,,,,,,,,,,,0
당진중학교대호지분교장,충남,중,공립,남여공학,충청남도 당진시 대호지면 4.4만세로 75-22 (대호지면. 당진중학교),0,,,0,,,,,,,,3.0,8.0,,,,,,,,,,,,0
원당중학교,충남,중,공립,남여공학,충청남도 당진시 밤절로 72-34 (원당동. 원당중학교),0,,,0,,,,,,,,36.0,976.0,,,,,,,,,,,,0
당진중학교,충남,중,공립,남여공학,충청남도 당진시 운학길 41 (채운동),0,,,0,,,,,,,,38.0,1004.0,,,,,,,,,,,,0
면천중학교,충남,중,공립,남여공학,충청남도 당진시 면천면 면천서문1길 35 (면천면. 면천중학교),0,,,0,,,,,,,,3.0,38.0,,,,,,,,,,,,0
송산중학교,충남,중,공립,남여공학,충청남도 당진시 송산면 도문로 48 (송산면),0,,,0,,,,,,,,11.0,202.0,,,,,,,,,,,,0
순성중학교,충남,중,공립,남여공학,충청남도 당진시 순성면 틀모시로 146 (순성면),0,,,0,,,,,,,,3.0,39.0,,,,,,,,,,,,0
합덕여자중학교,충남,중,공립,여자,충청남도 당진시 합덕읍 면천로 1583 (합덕읍),0,,,0,,,,,,,,4.0,51.0,,,,,,,,,,,,0
합덕중학교,충남,중,공립,남자,충청남도 당진시 합덕읍 면천로 1601 (합덕읍. 합덕중학교. 제철고등학교),0,,,0,,,,,,,,4.0,60.0,,,,,,,,,,,,0
서야중학교,충남,중,사립,남여공학,충청남도 당진시 합덕읍 덕평로 335 (합덕읍),0,,,0,,,,,,,,6.0,119.0,,,,,,,,,,,,0
석문중학교,충남,중,사립,남여공학,충청남도 당진시 석문면 대호로 1533-6 (석문면),0,,,0,,,,,,,,6.0,94.0,,,,,,,,,,,,0
신평중학교,충남,중,사립,남여공학,충청남도 당진시 신평면 솔안말길 61-40 (신평면),0,,,1,2019.0,,,,,,,24.0,639.0,,,,,,,,,,,,0
송악중학교,충남,중,사립,남여공학,충청남도 당진시 송악읍 송악로 165 (송악읍),0,,,0,,,,,,,,36.0,941.0,,,,,,,,,,,,0
호서중학교,충남,중,사립,남여공학,충청남도 당진시 밤절로 2-31 (읍내동. 호서중학교),0,,,0,,,,,,,,20.0,581.0,,,,,,,,,,,,0
부안여자고등학교,전북,고,사립,여자,전라북도 부안군 부안읍 교동1길 54 (부안읍.부안여자고등학교),0,,,0,,,,,,,,,,,,,,,,,,,,,0
전북대학교사범대학부설고등학교,전북,고,국립,남여공학,전라북도 전주시 덕진구 백제대로 567 (금암동),0,,,0,,,,,,,,,,,,,,,,,,,,,0
원광정보예술고등학교,전북,고,사립,남여공학,전라북도 익산시 선화로13길 72 (모현동1가),0,,,0,,,,,,,,,,,,,,,,,,,,,0
지평선고등학교,전북,고,사립,남여공학,전라북도 김제시 성덕면 성동길 183-4 . 지평선고등학교 (성덕면),0,,,0,,,,,,,,,,,,,,,,,,,,,0
고산고등학교,전북,고,공립,남여공학,전라북도 완주군 고산면 고산천로 551-23 . 고산고등학교 (고산면),0,,,0,,,,,,,,,,,,,,,,,,,,,0
고창고등학교,전북,고,공립,남자,전라북도 고창군 고창읍 모양성로 50 . 고창고등학교 (고창읍),0,,,0,,,,,,,,,,,,,,,,,,,,,0
김제고등학교,전북,고,공립,남자,전라북도 김제시 남북2길 25 . 김제고등학교 (신풍동),0,,,0,,,,,,,,,,,,,,,,,,,,,0
군산고등학교,전북,고,공립,남자,전라북도 군산시 팔마로 177 (동흥남동. 군산고등학교),0,,,0,,,,,,,,,,,,,,,,,,,,,0
한들고등학교,전북,고,공립,남여공학,전라북도 군산시 대야면 만자로 60 (대야면),0,,,0,,,,,,,,,,,,,,,,,,,,,0
김제여자고등학교,전북,고,공립,여자,전라북도 김제시 중앙로 193 (신풍동. 김제여고),0,,,0,,,,,,,,,,,,,,,,,,,,,0
군산동고등학교,전북,고,공립,남자,전라북도 군산시 달여길 50 (개정동),0,,,0,,,,,,,,,,,,,,,,,,,,,0
군산여자고등학교,전북,고,공립,여자,전라북도 군산시 월명1길 16 (월명동. 군산여자고등학교),0,,,0,,,,,,,,,,,,,,,,,,,,,0
남원고등학교,전북,고,공립,남자,전라북도 남원시 만인로 43 (향교동. 남원고등학교),0,,,0,,,,,,,,,,,,,,,,,,,,,0
마령고등학교,전북,고,공립,남여공학,전라북도 진안군 마령면 임진로 2076 . 마령고등학교 (마령면),0,,,0,,,,,,,,,,,,,,,,,,,,,0
남원여자고등학교,전북,고,공립,여자,전라북도 남원시 광천북길 229-11 . 남원여자고등학교 (왕정동),0,,,0,,,,,,,,,,,,,,,,,,,,,0
동계고등학교,전북,고,공립,남여공학,전라북도 순창군 동계면 강동로 74 (동계면),0,,,0,,,,,,,,,,,,,,,,,,,,,0
부안고등학교,전북,고,공립,남자,전라북도 부안군 부안읍 문정로 32 (부안읍. 부안고등학교),0,,,0,,,,,,,,,,,,,,,,,,,,,0
무풍고등학교,전북,고,공립,남여공학,전라북도 무주군 무풍면 대덕산로 914 (무풍면. 무풍중고등학교),0,,,0,,,,,,,,,,,,,,,,,,,,,0
서림고등학교,전북,고,공립,여자,전라북도 부안군 부안읍 용암로 70-5 (부안읍),0,,,0,,,,,,,,,,,,,,,,,,,,,0
산서고등학교,전북,고,공립,남여공학,전라북도 장수군 산서면 보산로 1852-6 (산서면),0,,,0,,,,,,,,,,,,,,,,,,,,,0
한별고등학교,전북,고,공립,여자,전라북도 완주군 삼례읍 충혼안길 20 (삼례읍.한별고등학교),0,,,0,,,,,,,,,,,,,,,,,,,,,0
설천고등학교,전북,고,공립,남여공학,전라북도 무주군 설천면 하평지길 19 (설천면 . 설천고등학교),0,,,0,,,,,,,,,,,,,,,,,,,,,0
안천고등학교,전북,고,공립,남여공학,전라북도 진안군 안천면 진무로 3071-9 (안천면.안천 초.중고등학교),0,,,0,,,,,,,,,,,,,,,,,,,,,0
순창제일고등학교,전북,고,공립,남여공학,전라북도 순창군 순창읍 담순로 1411 (순창읍. 순창제일고교),0,,,0,,,,,,,,,,,,,,,,,,,,,0
위도고등학교,전북,고,공립,남여공학,전라북도 부안군 위도면 위도로 245 . 위도중고등학교 (위도면. 위도중고등학교),0,,,0,,,,,,,,,,,,,,,,,,,,,0
안성고등학교,전북,고,공립,남여공학,전라북도 무주군 안성면 구량천로 147 (안성면.안성고등학교),0,,,0,,,,,,,,,,,,,,,,,,,,,0
여산고등학교,전북,고,공립,남여공학,전라북도 익산시 여산면 가람로 465 (여산면),1,2023.0,정보교육실 구축교,0,,,,,,,,,,,,,,,,,,,,,0
이리고등학교,전북,고,공립,남자,전라북도 익산시 익산대로36길. 35 (남중동. 이리고등학교),0,,,0,,,,,,,,,,,,,,,,,,,,,0
이리여자고등학교,전북,고,공립,여자,전라북도 익산시 익산대로24길 8-5 (남중동.이리여자고등학교),0,,,0,,,,,,,,,,,,,,,,,,,,,0
인월고등학교,전북,고,공립,남여공학,전라북도 남원시 인월면 인월장터로 48 . 인월중고등학교 (인월면. 인월중고등학교),0,,,0,,,,,,,,,,,,,,,,,,,,,0
임실고등학교,전북,고,공립,남여공학,전라북도 임실군 임실읍 봉황로 257 (임실읍),0,,,0,,,,,,,,,,,,,,,,,,,,,0
전라고등학교,전북,고,공립,남자,전라북도 전주시 덕진구 솔내7길 25 (송천동1가. 전라고등학교),0,,,1,2016.0,,,,,,,,,,,,,,,,,,,,0
장수고등학교,전북,고,공립,남여공학,전라북도 장수군 장수읍 장천로 254-16. 장수고등학교(장수읍),0,,,0,,,,,,,,,,,,,,,,,,,,,0
이리남성여자고등학교,전북,고,사립,여자,전라북도 익산시 동서로35길 41 (신동),0,,,0,,,,,,,,,,,,,,,,,,,,,0
전주고등학교,전북,고,공립,남자,전라북도 전주시 완산구 권삼득로 2 (중노송동. 전주고등학교),1,2023.0,교육활동 모델교,0,,,,,,,,,,,,,,,,,,,,,0
전주솔내고등학교,전북,고,공립,여자,전라북도 전주시 덕진구 송천중앙로 170 (송천동1가.전주솔내고등학교),0,,,0,,,,,,,,,,,,,,,,,,,,,0
전주여자고등학교,전북,고,공립,여자,전라북도 전주시 덕진구 모래내6길 14 (인후동2가.전주여자고등학교),0,,,0,,,,,,,,,,,,,,,,,,,,,0
전주제일고등학교,전북,고,공립,남여공학,전라북도 전주시 완산구 관선5길 15 . 전주제일고등학교 (남노송동),0,,,0,,,,,,,,,,,,,,,,,,,,,0
정읍여자고등학교,전북,고,공립,여자,전라북도 정읍시 충정로 56-11 (상동. 정읍여자고등학교),0,,,0,,,,,,,,,,,,,,,,,,,,,0
정읍고등학교,전북,고,공립,남자,전라북도 정읍시 정읍사로 594 . 정읍고등학교 (시기동),0,,,0,,,,,,,,,,,,,,,,,,,,,0
진안제일고등학교,전북,고,공립,남여공학,전라북도 진안군 진안읍 대광3길 25-5 . 진안제일고등학교 (진안읍),0,,,0,,,,,,,,,,,,,,,,,,,,,0
함열고등학교,전북,고,공립,남자,전라북도 익산시 함열읍 와리3길 19-3 . 함열고등학교 (함열읍),0,,,0,,,,,,,,,,,,,,,,,,,,,0
한국전통문화고등학교,전북,고,공립,남여공학,전라북도 전주시 완산구 중인1길 68-13 (중인동.한국전통문화고등학교),0,,,0,,,,,,,,,,,,,,,,,,,,,0
해리고등학교,전북,고,공립,남여공학,전라북도 고창군 해리면 해리중앙로 146 (해리면. 해리고등학교),0,,,0,,,,,,,,,,,,,,,,,,,,,0
군산제일고등학교,전북,고,사립,남자,전라북도 군산시 경기장로 142 (조촌동. 군산제일중고등학교),0,,,1,2016.0,,,,,,,,,,,,,,,,,,,,0
전주근영여자고등학교,전북,고,사립,여자,전라북도 전주시 완산구 영경1길 11 (중화산동2가),1,2023.0,정보교육실 구축교,0,,,,,,,,,,,,,,,,,,,,,0
고창북고등학교,전북,고,사립,남여공학,전라북도 고창군 흥덕면 선운대로 3714-32 (흥덕면. 고창북고등학교),0,,,0,,,,,,,,,,,,,,,,,,,,,0
전주기전여자고등학교,전북,고,사립,여자,전라북도 전주시 완산구 유연로 133 . 전주기전여자고등학교 (효자동3가),0,,,0,,,,,,,,,,,,,,,,,,,,,0
고창여자고등학교,전북,고,사립,여자,전라북도 고창군 고창읍 모양성로 95 (고창읍),0,,,0,,,,,,,,,,,,,,,,,,,,,0
김제서고등학교,전북,고,사립,남여공학,전라북도 김제시 죽산면 해학로 17 (죽산면. 김제서고등학교),0,,,0,,,,,,,,,,,,,,,,,,,,,0
남성고등학교,전북,고,사립,남자,전라북도 익산시 동서로35길 41-4 (신동.남성고등학교),0,,,0,,,,,,,,,,,,,,,,,,,,,0
군산중앙여자고등학교,전북,고,사립,여자,전라북도 군산시 축동2길 27 (수송동.중앙여자고등학교),1,2023.0,교육활동 모델교,0,,,,,,,,,,,,,,,,,,,,,0
남원서진여자고등학교,전북,고,사립,여자,전라북도 남원시 낙현길 17-14 (월락동. 서진여고),1,2023.0,교육활동 모델교,0,,,,,,,,,,,,,,,,,,,,,0
동국대학교사범대학부속금산고등학교,전북,고,사립,남여공학,전라북도 김제시 금산면 모악로 47 . 금산 중고등학교 (금산면),0,,,0,,,,,,,,,,,,,,,,,,,,,0
덕암고등학교,전북,고,사립,남여공학,전라북도 김제시 하공로 9 (서암동.덕암학원),0,,,0,,,,,,,,,,,,,,,,,,,,,0
동암고등학교,전북,고,사립,남자,전라북도 전주시 완산구 소태정4길 1 . 동암고등학교 (효자동2가),0,,,0,,,,,,,,,,,,,,,,,,,,,0
만경고등학교,전북,고,사립,남자,전라북도 김제시 만경읍 능제로 29 (만경읍.만경고등학교),0,,,0,,,,,,,,,,,,,,,,,,,,,0
백산고등학교,전북,고,사립,남여공학,전라북도 부안군 백산면 백산로 379 (백산면),0,,,0,,,,,,,,,,,,,,,,,,,,,0
남원국악예술고등학교,전북,고,사립,남여공학,전라북도 남원시 용성로 323 (월락동),0,,,1,2020.0,,,,,,,,,,,,,,,,,,,,0
상산고등학교,전북,고,사립,남여공학,전라북도 전주시 완산구 거마평로 130 (효자동1가. 상산고등학교),0,,,1,2020.0,,,,,,,,,,,,,,,,,,,,0
전주성심여자고등학교,전북,고,사립,여자,전라북도 전주시 완산구 경기전길 130 . 전주성심여자고등학교 (교동),0,,,0,,,,,,,,,,,,,,,,,,,,,0
성원고등학교,전북,고,사립,남자,전라북도 남원시 대복사길 41 (왕정동)성원고등학교,0,,,0,,,,,,,,,,,,,,,,,,,,,0
만경여자고등학교,전북,고,사립,여자,전라북도 김제시 만경읍 만경로 823 . 만경여자고등학교 (만경읍. 만경여중),0,,,1,2020.0,,,,,,,,,,,,,,,,,,,,0
배영고등학교,전북,고,사립,남자,전라북도 정읍시 동학로 243 . 배영고등학교 (흑암동),1,2023.0,교육활동 모델교,0,,,,,,,,,,,,,,,,,,,,,0
성일고등학교,전북,고,사립,남자,전라북도 익산시 황등면 화강암로 229 (황등면. 성일고등학교),1,2023.0,교육활동 모델교,0,,,,,,,,,,,,,,,,,,,,,0
세인고등학교,전북,고,사립,남여공학,전라북도 완주군 화산면 화산로 1486 . 세인고등학교 (화산면),0,,,0,,,,,,,,,,,,,,,,,,,,,0
순창고등학교,전북,고,사립,남여공학,전라북도 순창군 순창읍 옥천로 67-14 (순창읍. 순창고교),0,,,0,,,,,,,,,,,,,,,,,,,,,0
백화여자고등학교,전북,고,사립,여자,전라북도 장수군 장계면 백화로 4-31 . 백화여자고등학교 (장계면. 백화여자고등학교),0,,,0,,,,,,,,,,,,,,,,,,,,,0
전주신흥고등학교,전북,고,사립,남자,전라북도 전주시 완산구 서원로 399 . 전주신흥고등학교 (중화산동1가),0,,,0,,,,,,,,,,,,,,,,,,,,,0
신태인고등학교,전북,고,사립,남자,전라북도 정읍시 신태인읍 서태길 108 (신태인읍. 신태인고등학교),0,,,0,,,,,,,,,,,,,,,,,,,,,0
군산영광여자고등학교,전북,고,사립,여자,전라북도 군산시 둔배미길 21 (중앙로2가.군산영광여자고등학교/영광중학교),1,2023.0,교육활동 모델교,1,2017.0,,,,,,,,,,,,,,,,,,,,1
전주영생고등학교,전북,고,사립,남자,전라북도 전주시 완산구 천잠로 333 (효자동3가.영생고등학교),0,,,0,,,,,,,,,,,,,,,,,,,,,0
전주대학교사범대학부설고등학교,전북,고,사립,여자,전라북도 전주시 완산구 천잠로 313 (효자동3가. 전주사대부설고등학교),0,,,0,,,,,,,,,,,,,,,,,,,,,0
완산고등학교,전북,고,사립,남자,전라북도 전주시 완산구 능안자구길 55 (삼천동3가.완산고등학교),0,,,0,,,,,,,,,,,,,,,,,,,,,0
영선고등학교,전북,고,사립,남여공학,전라북도 고창군 무장면 왕제산로 713 . 영선고등학교 (무장면),0,,,0,,,,,,,,,,,,,,,,,,,,,0
완주고등학교,전북,고,사립,남여공학,전라북도 완주군 봉동읍 봉동로 172 (봉동읍.완주고등학교),1,2023.0,교육활동 모델교,0,,,,,,,,,,,,,,,,,,,,,0
우석고등학교,전북,고,사립,남자,전라북도 전주시 덕진구 쪽구름2길 22 (동산동.우석고등학교),0,,,0,,,,,,,,,,,,,,,,,,,,,0
전북여자고등학교,전북,고,사립,여자,전라북도 전주시 덕진구 여산로 232 (고랑동. 전북여자고등학교),1,2023.0,교육활동 모델교,0,,,,,,,,,,,,,,,,,,,,,0
원광고등학교,전북,고,사립,남자,전라북도 익산시 무왕로31길 139 . 원광고등학교 (부송동),0,,,0,,,,,,,,,,,,,,,,,,,,,0
왕신여자고등학교,전북,고,사립,여자,전라북도 정읍시 신태인읍 정신로 1094 (신태인읍. 왕신여중고등학교),0,,,1,2018.0,,,,,,,,,,,,,,,,,,,,0
원광여자고등학교,전북,고,사립,여자,전라북도 익산시 선화로13길 72 (모현동1가. 원광여자고등학교),0,,,0,,,,,,,,,,,,,,,,,,,,,0
유일여자고등학교,전북,고,사립,여자,전라북도 전주시 덕진구 안덕원로 301 (인후동1가),0,,,1,2018.0,,,,,,,,,,,,,,,,,,,,0
이일여자고등학교,전북,고,사립,여자,전라북도 익산시 평동로7길 30 . 이일여자고등학교 (인화동1가),1,2023.0,교육활동 모델교,1,2019.0,,,,,,,,,,,,,,,,,,,,1
인상고등학교,전북,고,사립,남여공학,전라북도 정읍시 신태인읍 벽골제로 34 (신태인읍. 인상고등학교),0,,,0,,,,,,,,,,,,,,,,,,,,,0
전북제일고등학교,전북,고,사립,남여공학,전라북도 익산시 학곤로 19 (평화동. 제일고등학교),0,,,0,,,,,,,,,,,,,,,,,,,,,0
전일고등학교,전북,고,사립,남자,전라북도 전주시 완산구 우전로 249 (효자동2가. 전일고등학교),0,,,0,,,,,,,,,,,,,,,,,,,,,0
익산고등학교,전북,고,사립,남여공학,전라북도 익산시 금마면 고도길 85 (금마면),1,2023.0,교육활동 모델교,0,,,,,,,,,,,,,,,,,,,,,0
전주중앙여자고등학교,전북,고,사립,여자,전라북도 전주시 덕진구 석소로 25 (인후동1가),1,2023.0,정보교육실 구축교,0,,,,,,,,,,,,,,,,,,,,,0
정주고등학교,전북,고,사립,남여공학,전라북도 정읍시 정주1길 42 (금붕동. 정주 고등학교),0,,,0,,,,,,,,,,,,,,,,,,,,,0
군산중앙고등학교,전북,고,사립,남자,전라북도 군산시 성산면 군장대길 13 (성산면),0,,,0,,,,,,,,,,,,,,,,,,,,,0
서영여자고등학교,전북,고,사립,여자,전북 정읍시 명덕1길 66-10 (수성동.서영여자고등학교),0,,,0,,,,,,,,,,,,,,,,,,,,,0
전주한일고등학교,전북,고,사립,남여공학,전라북도 전주시 완산구 백제대로 442 . 전주한일고등학교 (서신동),0,,,0,,,,,,,,,,,,,,,,,,,,,0
전주해성고등학교,전북,고,사립,남자,전라북도 전주시 완산구 계룡산길 88 전주해성고등학교 (삼천동2가),0,,,0,,,,,,,,,,,,,,,,,,,,,0
푸른꿈고등학교,전북,고,사립,남여공학,전라북도 무주군 안성면 진성로 2312-9 (안성면. 푸른꿈고등학교),0,,,0,,,,,,,,,,,,,,,,,,,,,0
호남고등학교,전북,고,사립,남자,전라북도 정읍시 정읍남로 1364-13 (시기동. 호남중 고등학교),1,2023.0,교육활동 모델교,0,,,,,,,,,,,,,,,,,,,,,0
태인고등학교,전북,고,사립,남여공학,전라북도 정읍시 태인면 석지로 1469 (태인면. 태인중고등학교),0,,,0,,,,,,,,,,,,,,,,,,,,,0
한국마사고등학교,전북,고,사립,남여공학,전라북도 장수군 장계면 명덕길 14 (장계면. 한국마사고등학교),0,,,0,,,,,,,,,,,,,,,,,,,,,0
함열여자고등학교,전북,고,사립,여자,전라북도 익산시 익산대로 1852 (함열읍.함열여자고등학교),0,,,0,,,,,,,,,,,,,,,,,,,,,0
양현고등학교,전북,고,공립,남여공학,전라북도 전주시 덕진구 틀못2길 9 (장동),0,,,0,,,,,,,,,,,,,,,,,,,,,0
무주고등학교,전북,고,공립,남여공학,전라북도 무주군 무주읍 한수로 32 (무주읍. 무주고등학교),0,,,0,,,,,,,,,,,,,,,,,,,,,0
호남제일고등학교,전북,고,사립,남여공학,전라북도 전주시 완산구 서원로 53 (효자동3가),1,2023.0,교육활동 모델교,0,,,,,,,,,,,,,,,,,,,,,0
전북체육고등학교,전북,고,공립,남여공학,전라북도 완주군 소양면 원암로 46 (소양면.전북체육중고교),0,,,0,,,,,,,,,,,,,,,,,,,,,0
전북과학고등학교,전북,고,공립,남여공학,전라북도 익산시 금마면 용순신기길 48-69 . 전북과학고등학교 (금마면. 전북과학고교),1,2023.0,교육활동 모델교,1,2018.0,,,,,,,,,,,,,,,,,,,,1
전주예술고등학교,전북,고,사립,남여공학,전라북도 완주군 구이면 신전길 120 (구이면. 전주예술중고등학교),0,,,1,2018.0,,,,,,,,,,,,,,,,,,,,0
전북외국어고등학교,전북,고,공립,남여공학,전라북도 군산시 해망로 525 (소룡동.전북외국어고등학교),0,,,0,,,,,,,,,,,,,,,,,,,,,0
한국한방고등학교,전북,고,사립,남여공학,전라북도 진안군 진안읍 임진로 2765 (진안읍. 한국한방고등학교),0,,,0,,,,,,,,,,,,,,,,,,,,,0
김제농생명마이스터고등학교,전북,고,공립,남여공학,전라북도 김제시 남북9길 23 . 김제농생명마이스터고등학교 (신풍동),0,,,0,,,,,,,,,,,,,,,,,,,,,0
남원용성고등학교,전북,고,공립,남여공학,전라북도 남원시 농고길 41 (도통동.용성고등학교),0,,,0,,,,,,,,,,,,,,,,,,,,,0
부안제일고등학교,전북,고,공립,남여공학,전라북도 부안군 행안면 춘헌길 1 . 부안제일고등학교 (행안면),0,,,0,,,,,,,,,,,,,,,,,,,,,0
한국치즈과학고등학교,전북,고,공립,남여공학,전라북도 임실군 강진면 갈담3길 48 (강진면. 한국치즈과학고등학교),0,,,0,,,,,,,,,,,,,,,,,,,,,0
한국경마축산고등학교,전북,고,공립,남여공학,전라북도 남원시 운봉읍 황산로 952 (운봉읍. 한국경마축산고등학교),0,,,0,,,,,,,,,,,,,,,,,,,,,0
전주생명과학고등학교,전북,고,공립,남여공학,전라북도 전주시 덕진구 안덕원로 195 (인후동2가.전주생명과학고등학교),0,,,0,,,,,,,,,,,,,,,,,,,,,0
정읍제일고등학교,전북,고,공립,남여공학,전라북도 정읍시 충정로 252 (수성동. 정읍제일고등학교),0,,,0,,,,,,,,,,,,,,,,,,,,,0
전북기계공업고등학교,전북,고,국립,남여공학,전라북도 익산시 인북로32길 41 (남중동),0,,,0,,,,,,,,,,,,,,,,,,,,,0
군산기계공업고등학교,전북,고,공립,남자,전라북도 군산시 군중길 28 . 군산기계공업고등학교 (송풍동),0,,,0,,,,,,,,,,,,,,,,,,,,,0
삼례공업고등학교,전북,고,공립,남여공학,전라북도 완주군 삼례읍 삼례역로 41-1 (삼례읍.삼례공업고등학교),0,,,0,,,,,,,,,,,,,,,,,,,,,0
오수고등학교,전북,고,공립,남여공학,전라북도 임실군 오수면 충효로 2099-23 (오수면. 오수고등학교),0,,,0,,,,,,,,,,,,,,,,,,,,,0
이리공업고등학교,전북,고,공립,남여공학,전라북도 익산시 동서로14길 30-2 (남중동.이리공업고등학교),0,,,1,2017.0,,,,,,,,,,,,,,,,,,,,0
장계공업고등학교,전북,고,공립,남여공학,전라북도 장수군 장계면 장계7길 3 (장계면. 장계공업고등학교),0,,,0,,,,,,,,,,,,,,,,,,,,,0
전주공업고등학교,전북,고,공립,남여공학,전라북도 전주시 덕진구 여산로 101 (여의동. 전주공업고등학교),0,,,0,,,,,,,,,,,,,,,,,,,,,0
줄포자동차공업고등학교,전북,고,공립,남여공학,전라북도 부안군 줄포면 우포로 10 . 줄포자동차공업고등학교 (줄포면),0,,,1,2019.0,,,,,,,,,,,,,,,,,,,,0
진안공업고등학교,전북,고,공립,남여공학,전라북도 진안군 진안읍 상역로 96 (진안읍.진안공업고등학교),0,,,0,,,,,,,,,,,,,,,,,,,,,0
칠보고등학교,전북,고,공립,남여공학,전라북도 정읍시 칠보면 건흥길 26-5 . 칠보고등학교 (칠보면),0,,,0,,,,,,,,,,,,,,,,,,,,,0
강호항공고등학교,전북,고,사립,남여공학,전라북도 고창군 고창읍 중거리당산로 78-22 (고창읍),0,,,0,,,,,,,,,,,,,,,,,,,,,0
한국게임과학고등학교,전북,고,사립,남여공학,전라북도 완주군 운주면 대둔산로 1336 (운주면.한국게임과학고등학교),0,,,0,,,,,,,,,,,,,,,,,,,,,0
군산상업고등학교,전북,고,공립,남여공학,전라북도 군산시 석치1길 17 . 군산상업고등학교 (문화동)737-1,0,,,0,,,,,,,,,,,,,,,,,,,,,0
군산여자상업고등학교,전북,고,공립,여자,전라북도 군산시 신지길 42-8 (지곡동. 군산여자상업고등학교),0,,,0,,,,,,,,,,,,,,,,,,,,,0
전주상업정보고등학교,전북,고,공립,남여공학,전라북도 전주시 완산구 따박골2길 21 . 전주상업정보고등학교 (중화산동2가),0,,,0,,,,,,,,,,,,,,,,,,,,,0
덕암정보고등학교,전북,고,사립,남여공학,전라북도 김제시 하공로 9 . 덕암정보고등학교 (서암동),0,,,0,,,,,,,,,,,,,,,,,,,,,0
완산여자고등학교,전북,고,사립,여자,전라북도 전주시 완산구 덕적골1길 60 . 완산여자고등학교 (평화동1가. 완산여자고등학교),0,,,1,2016.0,,,,,,,,,,,,,,,,,,,,0
진경여자고등학교,전북,고,사립,여자,전라북도 익산시 황등면 황등서로 40-92 진경여자고등학교 (황등면),0,,,0,,,,,,,,,,,,,,,,,,,,,0
남원제일고등학교,전북,고,사립,남여공학,전라북도 남원시 노송로 1206 (노암동),0,,,0,,,,,,,,,,,,,,,,,,,,,0
학산고등학교,전북,고,사립,여자,전라북도 정읍시 학산로 89 (상동),0,,,0,,,,,,,,,,,,,,,,,,,,,0
전주교육대학교전주부설초등학교,전북,초,국립,,전라북도 전주시 완산구 팔달로 74 (서서학동),0,,,0,,,,,,,,,,,,,,,,,,,,,0
전주초등학교,전북,초,공립,,전라북도 전주시 완산구 대동로 33 (태평동. 전주초등학교),0,,,0,,,,,,,,,,,,,,,,,,,,,0
전주금암초등학교,전북,초,공립,,전라북도 전주시 덕진구 권삼득로 210 (금암동),0,,,0,,,,,,,,,,,,,,,,,,,,,0
전주금평초등학교,전북,초,공립,,전라북도 전주시 덕진구 명주3길 16 (인후동2가. 금평초등학교),0,,,0,,,,,,,,,,,,,,,,,,,,,0
전주기린초등학교,전북,초,공립,,전라북도 전주시 덕진구 견훤로 260 (인후동1가. 전주기린초등학교),0,,,0,,,,,,,,,,,,,,,,,,,,,0
전주남초등학교,전북,초,공립,,전라북도 전주시 완산구 장승배기로 376 (서서학동. 전주남초등학교),0,,,0,,,,,,,,,,,,,,,,,,,,,0
전주대성초등학교,전북,초,공립,,전라북도 전주시 완산구 고덕산1길 20 (대성동),0,,,0,,,,,,,,,,,,,,,,,,,,,0
전주덕일초등학교,전북,초,공립,,전라북도 전주시 덕진구 하가로 71 (덕진동2가. 덕일초등학교),0,,,0,,,,,,,,,,,,,,,,,,,,,0
전주덕진초등학교,전북,초,공립,,전라북도 전주시 덕진구 들사평로 61 (덕진동1가. 전주덕진초등학교),0,,,0,,,,,,,,,,,,,,,,,,,,,0
전주동초등학교,전북,초,공립,,전라북도 전주시 완산구 물왕멀로 72 (중노송동. 전주동초등학교),0,,,0,,,,,,,,,,,,,,,,,,,,,0
전주동북초등학교,전북,초,공립,,전라북도 전주시 덕진구 견훤왕궁로 227 (인후동2가.전주동북초등학교),0,,,0,,,,,,,,,,,,,,,,,,,,,0
전주반월초등학교,전북,초,공립,,전라북도 전주시 덕진구 혁신로 707 (반월동),0,,,0,,,,,,,,,,,,,,,,,,,,,0
전주동신초등학교,전북,초,공립,,전라북도 전주시 덕진구 우아9길 1 . 동신초등학교 (우아동3가),0,,,0,,,,,,,,,,,,,,,,,,,,,0
전주만성초등학교,전북,초,공립,,전라북도 전주시 덕진구 중동로 32 (중동. 전주만성초등학교),0,,,0,,,,,,,,,,,,,,,,,,,,,0
전주문정초등학교,전북,초,공립,,전라북도 전주시 완산구 구이로 1979 (평화동3가. 전주문정초등학교),0,,,0,,,,,,,,,,,,,,,,,,,,,0
전주미산초등학교,전북,초,공립,,전라북도 전주시 덕진구 전미로 160 (전미동2가. 미산초등학교),0,,,0,,,,,,,,,,,,,,,,,,,,,0
전주북초등학교,전북,초,공립,,전라북도 전주시 덕진구 소리로 180 (호성동1가.전주북초등학교),0,,,0,,,,,,,,,,,,,,,,,,,,,0
전주북일초등학교,전북,초,공립,,전라북도 전주시 덕진구 견훤로 336 (인후동1가. 전주북일초등학교),0,,,0,,,,,,,,,,,,,,,,,,,,,0
전주삼천초등학교,전북,초,공립,,전라북도 전주시 완산구 성지산로 38 (삼천동1가.전주삼천초등학교),0,,,0,,,,,,,,,,,,,,,,,,,,,0
전주삼천남초등학교,전북,초,공립,,전라북도 전주시 완산구 거마남로 65 (삼천동1가),0,,,0,,,,,,,,,,,,,,,,,,,,,0
전주여울초등학교,전북,초,공립,,전라북도 전주시 완산구 고사평8길 11 (서신동. 여울초등학교),0,,,0,,,,,,,,,,,,,,,,,,,,,0
전주서곡초등학교,전북,초,공립,,전라북도 전주시 완산구 서곡7길 30 (효자동3가. 전주서곡초등학교),0,,,0,,,,,,,,,,,,,,,,,,,,,0
전주서문초등학교,전북,초,공립,,전라북도 전주시 완산구 서신천변11길 19 (서신동.전주서문초등학교),0,,,0,,,,,,,,,,,,,,,,,,,,,0
전주서신초등학교,전북,초,공립,,전라북도 전주시 완산구 전룡로 119 (서신동.전주서신초등학교),0,,,0,,,,,,,,,,,,,,,,,,,,,0
전주서원초등학교,전북,초,공립,,전라북도 전주시 완산구 오두정길 45 (효자동1가. 전주서원초등학교),0,,,0,,,,,,,,,,,,,,,,,,,,,0
전주서일초등학교,전북,초,공립,,전라북도 전주시 완산구 새터로 73 . 전주서일초등학교 (서신동),0,,,0,,,,,,,,,,,,,,,,,,,,,0
전주서천초등학교,전북,초,공립,,전라북도 전주시 완산구 당산로 9 (서신동. 전주서천초등학교),0,,,1,2020.0,,,,,,,,,,,,,,,,,,,,0
전주송북초등학교,전북,초,공립,,전라북도 전주시 덕진구 천마산로 16 . 전주송북초등학교 (송천동1가),1,2023.0,교육활동 모델교,1,2016.0,,,,,,,,,,,,,,,,,,,,1
전주하가초등학교,전북,초,공립,,전라북도 전주시 덕진구 경동로 11 . 전주하가초등학교 (덕진동2가),0,,,0,,,,,,,,,,,,,,,,,,,,,0
전주새연초등학교,전북,초,공립,,전라북도 전주시 완산구 봉곡로 60 (효자동2가),0,,,0,,,,,,,,,,,,,,,,,,,,,0
전주송천초등학교,전북,초,공립,,전라북도 전주시 덕진구 송천1길 10 (송천동1가.전주송천초등학교),0,,,0,,,,,,,,,,,,,,,,,,,,,0
전주송원초등학교,전북,초,공립,,전라북도 전주시 덕진구 와룡로 25 (송천동1가),1,2023.0,교육활동 모델교,0,,,,,,,,,,,,,,,,,,,,,0
전주신동초등학교,전북,초,공립,,전라북도 전주시 덕진구 솔내로 211 (송천동2가.전주신동초등학교),1,2023.0,교육활동 모델교,1,2020.0,,,,,,,,,,,,,,,,,,,,1
전주신성초등학교,전북,초,공립,,전라북도 전주시 완산구 평화8길 16-36 . 전주신성초등학교 (평화동2가),0,,,0,,,,,,,,,,,,,,,,,,,,,0
전주아중초등학교,전북,초,공립,,전라북도 전주시 덕진구 인교5길 23 (우아동1가),0,,,0,,,,,,,,,,,,,,,,,,,,,0
전주양지초등학교,전북,초,공립,,전라북도 전주시 완산구 양지2길 11-26 (평화동2가. 양지초등학교),0,,,0,,,,,,,,,,,,,,,,,,,,,0
전주완산초등학교,전북,초,공립,,전라북도 전주시 완산구 동완산동 167,0,,,0,,,,,,,,,,,,,,,,,,,,,0
전주완산서초등학교,전북,초,공립,,전라북도 전주시 완산구 안행로 127 (서완산동1가),0,,,0,,,,,,,,,,,,,,,,,,,,,0
전주용덕초등학교,전북,초,공립,,전라북도 전주시 덕진구 용덕길 30 (용정동. 용덕초등학교),0,,,1,2019.0,,,,,,,,,,,,,,,,,,,,0
전주용흥초등학교,전북,초,공립,,전라북도 전주시 완산구 삼천천변1길 16 (삼천동1가.용흥초등학교),0,,,0,,,,,,,,,,,,,,,,,,,,,0
전주우전초등학교,전북,초,공립,,전라북도 전주시 완산구 우전2길 11 (효자동2가.우전초등학교),0,,,0,,,,,,,,,,,,,,,,,,,,,0
전주원동초등학교,전북,초,공립,,전라북도 전주시 덕진구 원동로 3 . 원동초등학교 (원동. 전주원동초등학교),1,2023.0,교육활동 모델교,0,,,,,,,,,,,,,,,,,,,,,0
전주인봉초등학교,전북,초,공립,,전라북도 전주시 덕진구 무삼지로 7 (인후동1가. 전주인봉초등학교),0,,,0,,,,,,,,,,,,,,,,,,,,,0
전주인후초등학교,전북,초,공립,,전라북도 전주시 덕진구 무삼지로 67 . 인후초등학교 (인후동1가),0,,,0,,,,,,,,,,,,,,,,,,,,,0
전주장동초등학교,전북,초,공립,,전라북도 전주시 덕진구 원장동길 91-12 (장동. 장동초등학교),0,,,0,,,,,,,,,,,,,,,,,,,,,0
전주전라초등학교,전북,초,공립,,전라북도 전주시 덕진구 심방죽로 24 (인후동1가),0,,,0,,,,,,,,,,,,,,,,,,,,,0
전주전일초등학교,전북,초,공립,,전라북도 전주시 덕진구 태진로 98 (진북동.전주전일초등학교),1,2023.0,교육활동 모델교,0,,,,,,,,,,,,,,,,,,,,,0
전주조촌초등학교,전북,초,공립,,전라북도 전주시 덕진구 쪽구름로 39 (여의동),0,,,0,,,,,,,,,,,,,,,,,,,,,0
전주중산초등학교,전북,초,공립,,전라북도 전주시 완산구 중산중앙로 9-10 (중화산동2가. 전주중산초등학교),0,,,0,,,,,,,,,,,,,,,,,,,,,0
전주중앙초등학교,전북,초,공립,,전라북도 전주시 완산구 경기전길 99 (풍남동3가. 전주중앙초등학교),0,,,0,,,,,,,,,,,,,,,,,,,,,0
전주중인초등학교,전북,초,공립,,전라북도 전주시 완산구 중인1길 80 (중인동.전주중인초등학교),0,,,1,2020.0,,,,,,,,,,,,,,,,,,,,0
전주지곡초등학교,전북,초,공립,,전라북도 전주시 완산구 평화로 85 (평화동2가),0,,,0,,,,,,,,,,,,,,,,,,,,,0
전주진북초등학교,전북,초,공립,,전라북도 전주시 덕진구 진북1길 11 (진북동. 진북초등학교),0,,,0,,,,,,,,,,,,,,,,,,,,,0
전주초포초등학교,전북,초,공립,,전라북도 전주시 덕진구 초포로 171 . 전주초포초등학교 (호성동2가),1,2023.0,교육활동 모델교,1,2020.0,,,,,,,,,,,,,,,,,,,,1
전주팔복초등학교,전북,초,공립,,전라북도 전주시 덕진구 팔과정로 181 (동산동. 전주팔복초등학교),0,,,1,2019.0,,,,,,,,,,,,,,,,,,,,0
전주평화초등학교,전북,초,공립,,전라북도 전주시 완산구 꽃밭정로 65 (평화동1가.전주평화초등학교),0,,,1,2019.0,,,,,,,,,,,,,,,,,,,,0
전주풍남초등학교,전북,초,공립,,전라북도 전주시 완산구 견훤왕궁로 16 (남노송동) 507-1,0,,,0,,,,,,,,,,,,,,,,,,,,,0
전주한들초등학교,전북,초,공립,,전라북도 전주시 완산구 화산천변8길 10 (중화산동2가. 전주한들초등학교),0,,,0,,,,,,,,,,,,,,,,,,,,,0
전주화산초등학교,전북,초,공립,,전라북도 전주시 완산구 따박골7길 20 . 전주화산초 (중화산동2가. 전주화산초등학교),0,,,0,,,,,,,,,,,,,,,,,,,,,0
전주효림초등학교,전북,초,공립,,전라북도 전주시 완산구 강변로 128 (효자동1가. 효림초등학교),1,2023.0,교육활동 모델교,0,,,,,,,,,,,,,,,,,,,,,0
전주효문초등학교,전북,초,공립,,전라북도 전주시 완산구 거마평로 105 (효자동1가.효문초등학교),0,,,0,,,,,,,,,,,,,,,,,,,,,0
전주효자초등학교,전북,초,공립,,전라북도 전주시 완산구 송정로 47 (효자동1가. 전주효자초등학교),0,,,0,,,,,,,,,,,,,,,,,,,,,0
전주용소초등학교,전북,초,공립,,전라북도 전주시 덕진구 송천4길 38 전주용소초등학교 (송천동1가. 전주용소초등학교),0,,,0,,,,,,,,,,,,,,,,,,,,,0
전주만수초등학교,전북,초,공립,,전라북도 전주시 덕진구 호성로 130 . 전주만수초등학교 (호성동1가),0,,,0,,,,,,,,,,,,,,,,,,,,,0
전주대정초등학교,전북,초,공립,,전라북도 전주시 완산구 맏내로 57 (평화동2가. 대정초등학교),0,,,0,,,,,,,,,,,,,,,,,,,,,0
전주용와초등학교,전북,초,공립,,전라북도 전주시 완산구 장승배기로 14 (삼천동1가. 전주용와초등학교),0,,,0,,,,,,,,,,,,,,,,,,,,,0
전주오송초등학교,전북,초,공립,,전라북도 전주시 덕진구 천마산로 87 (송천동2가. 오송초등학교),0,,,0,,,,,,,,,,,,,,,,,,,,,0
전주우림초등학교,전북,초,공립,,전라북도 전주시 완산구 소태정로 21 (효자동2가.전주우림초등학교),1,2023.0,교육활동 모델교,0,,,,,,,,,,,,,,,,,,,,,0
전주문학초등학교,전북,초,공립,,전라북도 전주시 완산구 문학로 30 (효자동3가),0,,,1,2018.0,,,,,,,,,,,,,,,,,,,,0
전주온빛초등학교,전북,초,공립,,전라북도 전주시 덕진구 틀못3길 7 (장동. 온빛초등학교),0,,,0,,,,,,,,,,,,,,,,,,,,,0
전주홍산초등학교,전북,초,공립,,전라북도 전주시 완산구 마전들로 30,0,,,0,,,,,,,,,,,,,,,,,,,,,0
전주화정초등학교,전북,초,공립,,전라북도 전주시 덕진구 세병로 55 . 전주화정초등학교 (송천동2가),1,2023.0,교육활동 모델교,0,,,,,,,,,,,,,,,,,,,,,0
전주기린중학교,전북,중,공립,남여공학,전라북도 전주시 덕진구 동부대로 739 . 전주기린중학교 (우아동3가),0,,,0,,,,,,,,,,,,,,,,,,,,,0
전주온고을중학교,전북,중,공립,남여공학,전라북도 전주시 덕진구 무삼지로 26 (인후동1가.온고을중학교),0,,,0,,,,,,,,,,,,,,,,,,,,,0
전주서곡중학교,전북,중,공립,남여공학,전라북도 전주시 완산구 서곡6길 23 (효자동3가. 서곡중학교),0,,,0,,,,,,,,,,,,,,,,,,,,,0
서전주중학교,전북,중,공립,남여공학,전라북도 전주시 완산구 거마평로 205 (효자동1가),0,,,0,,,,,,,,,,,,,,,,,,,,,0
전주우전중학교,전북,중,공립,남여공학,전라북도 전주시 완산구 쑥고개로 375-28 (효자동2가.우전중학교),1,2023.0,교육활동 모델교,0,,,,,,,,,,,,,,,,,,,,,0
전주우아중학교,전북,중,공립,남여공학,전라북도 전주시 덕진구 호성로 6 (우아동3가. 전주우아중학교),1,2023.0,교육활동 모델교,1,2018.0,,,,,,,,,,,,,,,,,,,,1
전라중학교,전북,중,공립,남여공학,전라북도 전주시 덕진구 들사평1길 39 (덕진동1가. 전라중학교),0,,,0,,,,,,,,,,,,,,,,,,,,,0
전일중학교,전북,중,공립,남여공학,전라북도 전주시 덕진구 모래내6길 36 (인후동2가. 전일중학교),0,,,0,,,,,,,,,,,,,,,,,,,,,0
전주중학교,전북,중,공립,남여공학,전라북도 전주시 덕진구 솔내5길 9 (송천동1가),0,,,0,,,,,,,,,,,,,,,,,,,,,0
전주남중학교,전북,중,공립,남여공학,전라북도 전주시 완산구 덕적골2길 30 . 전주남중학교 (평화동1가),0,,,0,,,,,,,,,,,,,,,,,,,,,0
전주덕일중학교,전북,중,공립,남여공학,전라북도 전주시 덕진구 하가로 67 (덕진동2가. 전주덕일중학교),0,,,0,,,,,,,,,,,,,,,,,,,,,0
전주동중학교,전북,중,공립,남여공학,전라북도 전주시 덕진구 심방죽로 23 . 전주동중학교 (인후동2가),0,,,0,,,,,,,,,,,,,,,,,,,,,0
전주서중학교,전북,중,공립,남여공학,전라북도 전주시 완산구 당산로 2 (서신동),1,2023.0,교육활동 모델교,0,,,,,,,,,,,,,,,,,,,,,0
전주서신중학교,전북,중,공립,남여공학,전라북도 전주시 완산구 안터2길 40 (서신동.서신중학교),1,2023.0,정보교육실 구축교,0,,,,,,,,,,,,,,,,,,,,,0
전주양지중학교,전북,중,공립,남여공학,전라북도 전주시 완산구 양지2길 11-16 (평화동2가.양지중학교),0,,,0,,,,,,,,,,,,,,,,,,,,,0
전주신일중학교,전북,중,공립,남여공학,전라북도 전주시 완산구 견훤왕궁2길 8 (중노송동),0,,,0,,,,,,,,,,,,,,,,,,,,,0
전주중앙중학교,전북,중,공립,남여공학,전라북도 전주시 덕진구 공북2길 20 (진북동.전주중앙중학교),0,,,0,,,,,,,,,,,,,,,,,,,,,0
전주풍남중학교,전북,중,공립,남여공학,전라북도 전주시 완산구 거마평로 83 (효자동1가. 풍남중학교),0,,,0,,,,,,,,,,,,,,,,,,,,,0
전주호성중학교,전북,중,공립,남여공학,전라북도 전주시 덕진구 배미실마을길 23 (호성동1가. 전주호성중학교),0,,,0,,,,,,,,,,,,,,,,,,,,,0
전주우림중학교,전북,중,공립,남여공학,전라북도 전주시 완산구 우전로 119 (효자동2가. 우림중학교),0,,,1,2019.0,,,,,,,,,,,,,,,,,,,,0
전주오송중학교,전북,중,공립,남여공학,전라북도 전주시 덕진구 천마산로 69 (송천동2가),0,,,0,,,,,,,,,,,,,,,,,,,,,0
전주솔빛중학교,전북,중,공립,남여공학,전라북도 전주시 덕진구 솔내6길 33 (송천동1가. 전주솔빛중학교),0,,,1,2020.0,,,,,,,,,,,,,,,,,,,,0
전주효정중학교,전북,중,공립,남여공학,전라북도 전주시 완산구 안행로 127 (효자동 1가),0,,,0,,,,,,,,,,,,,,,,,,,,,0
완산중학교,전북,중,사립,남여공학,전라북도 전주시 완산구 덕적골1길 60. 완산중학교 (평화동1가),1,2023.0,교육활동 모델교,0,,,,,,,,,,,,,,,,,,,,,0
전주근영중학교,전북,중,사립,남여공학,전라북도 전주시 완산구 영경1길 11 . 전주근영중학교 (중화산동2가.전주근영여고교),0,,,0,,,,,,,,,,,,,,,,,,,,,0
전주기전중학교,전북,중,사립,남여공학,전라북도 전주시 완산구 유연로 133 (효자동3가.전주기전중학교),0,,,0,,,,,,,,,,,,,,,,,,,,,0
전주온빛중학교,전북,중,공립,남여공학,전라북도 전주시 덕진구 틀못4길 10 (장동. 온빛중학교),1,2023.0,교육활동 모델교,0,,,,,,,,,,,,,,,,,,,,,0
전주덕진중학교,전북,중,사립,남여공학,전라북도 전주시 덕진구 기린대로 541-48 (덕진동2가. 전주덕진중학교),1,2023.0,교육활동 모델교,1,2016.0,,,,,,,,,,,,,,,,,,,,1
전주성심여자중학교,전북,중,사립,여자,전라북도 전주시 완산구 경기전길 130 (교동. 성심여자중고교),0,,,1,2020.0,,,,,,,,,,,,,,,,,,,,0
전주신흥중학교,전북,중,사립,남여공학,전라북도 전주시 완산구 서원로 399 . 전주신흥중학교 (중화산동1가),1,2023.0,교육활동 모델교,0,,,,,,,,,,,,,,,,,,,,,0
전북중학교,전북,중,사립,남여공학,전라북도 전주시 덕진구 쪽구름2길 22 전북중학교(동산동. 전북중학교),0,,,0,,,,,,,,,,,,,,,,,,,,,0
전주해성중학교,전북,중,사립,남여공학,전라북도 전주시 완산구 계룡산길 88 . 전주해성중학교 (삼천동2가),0,,,0,,,,,,,,,,,,,,,,,,,,,0
전주효문여자중학교,전북,중,사립,여자,전라북도 전주시 완산구 용리로 92 (삼천동1가),0,,,1,2019.0,,,,,,,,,,,,,,,,,,,,0
전주평화중학교,전북,중,공립,남여공학,전라북도 전주시 완산구 평화로 74 (평화동2가. 전주평화중학교),0,,,0,,,,,,,,,,,,,,,,,,,,,0
전주아중중학교,전북,중,공립,남여공학,전라북도 전주시 덕진구 중상보로 16 (우아동2가. 전주아중중학교),0,,,0,,,,,,,,,,,,,,,,,,,,,0
전주곤지중학교,전북,중,공립,남여공학,전라북도 전주시 완산구 매곡로 22 (동완산동),0,,,0,,,,,,,,,,,,,,,,,,,,,0
전주용소중학교,전북,중,공립,남여공학,전라북도 전주시 덕진구 송천로 112 (송천동1가. 전주용소중학교),0,,,1,2019.0,,,,,,,,,,,,,,,,,,,,0
전주용흥중학교,전북,중,공립,남여공학,전라북도 전주시 완산구 장승배기로 12 (삼천동1가. 용흥중학교),0,,,0,,,,,,,,,,,,,,,,,,,,,0
전주교육대학교군산부설초등학교,전북,초,국립,,전라북도 군산시 팔마로 185 (동흥남동. 전주교대 부설초등학교),0,,,0,,,,,,,,,,,,,,,,,,,,,0
개야도초등학교,전북,초,공립,,전라북도 군산시 옥도면 개야도길 189-10 (옥도면),0,,,0,,,,,,,,,,,,,,,,,,,,,0
개정초등학교,전북,초,공립,,전라북도 군산시 개정면 동정1길 5 (개정면. 개정초등학교),0,,,1,2019.0,,,,,,,,,,,,,,,,,,,,0
군산초등학교,전북,초,공립,,전라북도 군산시 중앙로 170 (중앙로1가),0,,,0,,,,,,,,,,,,,,,,,,,,,0
대야초등학교광산분교장,전북,초,공립,,전라북도 군산시 대야면 번영로 1421 . 대야초광산분교 (대야면. 대야초교광산분교),0,,,0,,,,,,,,,,,,,,,,,,,,,0
군산경포초등학교,전북,초,공립,,전라북도 군산시 백릉로 75 . 군산경포초등학교 (조촌동. 경포초등학교),0,,,1,2018.0,,,,,,,,,,,,,,,,,,,,0
군산미성초등학교,전북,초,공립,,전라북도 군산시 칠성2길 27 (산북동.미성초등학교),0,,,0,,,,,,,,,,,,,,,,,,,,,0
군산진포초등학교,전북,초,공립,,전라북도 군산시 나운안길 54 (나운동. 진포초등학교),0,,,0,,,,,,,,,,,,,,,,,,,,,0
군산미장초등학교,전북,초,공립,,전라북도 군산시 미장안길 14 (미장동),0,,,0,,,,,,,,,,,,,,,,,,,,,0
군산푸른솔초등학교,전북,초,공립,,전라북도 군산시 축동로 20 (수송동),0,,,0,,,,,,,,,,,,,,,,,,,,,0
군산구암초등학교,전북,초,공립,,전라북도 군산시 경암3길 64-1 (경암동),0,,,1,2019.0,,,,,,,,,,,,,,,,,,,,0
군산금광초등학교,전북,초,공립,,전라북도 군산시 대학로 100 (금광동),0,,,0,,,,,,,,,,,,,,,,,,,,,0
신시도초등학교야미도분교장,전북,초,공립,,전라북도 군산시 옥도면 야미도3길 12 (옥도면. 야미도 분교장),0,,,0,,,,,,,,,,,,,,,,,,,,,0
군산나운초등학교,전북,초,공립,,전라북도 군산시 신설로 50 (나운동. 군산나운초등학교),0,,,0,,,,,,,,,,,,,,,,,,,,,0
군산남초등학교,전북,초,공립,,전라북도 군산시 삼학7길 4 . 군산남초등학교 (미원동),0,,,0,,,,,,,,,,,,,,,,,,,,,0
군산신흥초등학교,전북,초,공립,,전라북도 군산시 백토로 129 (나운동. 신흥초등학교),1,2023.0,교육활동 모델교,0,,,,,,,,,,,,,,,,,,,,,0
군산아리울초등학교,전북,초,공립,,전라북도 군산시 수송동로 90 (수송동),0,,,0,,,,,,,,,,,,,,,,,,,,,0
군산내흥초등학교,전북,초,공립,,전라북도 군산시 사옥2길 33-18 . 군산내흥초등학교 (내흥동. 군산내흥초등학교),0,,,0,,,,,,,,,,,,,,,,,,,,,0
군산서해초등학교,전북,초,공립,,전라북도 군산시 의료원로 162 (나운동. 서해초등학교),0,,,0,,,,,,,,,,,,,,,,,,,,,0
군산동초등학교,전북,초,공립,,전라북도 군산시 번영로 181 . 군산동초등학교 (조촌동),0,,,1,2018.0,,,,,,,,,,,,,,,,,,,,0
금암초등학교,전북,초,공립,,전라북도 군산시 서수면 황등서로 351-8 (서수면. 금암초등학교),0,,,0,,,,,,,,,,,,,,,,,,,,,0
문창초등학교,전북,초,공립,,전라북도 군산시 공항로 394 (산북동. 문창초등학교),0,,,0,,,,,,,,,,,,,,,,,,,,,0
나포초등학교,전북,초,공립,,전라북도 군산시 나포면 교동1길 23 . 나포초등학교 (나포면),0,,,0,,,,,,,,,,,,,,,,,,,,,0
군산문화초등학교,전북,초,공립,,전라북도 군산시 문화안길 51 (문화동. 군산문화초등학교),0,,,0,,,,,,,,,,,,,,,,,,,,,0
당북초등학교,전북,초,공립,,전라북도 군산시 옥산면 백석로 40 . 당북초등학교 (옥산면),1,2023.0,교육활동 모델교,1,2020.0,,,,,,,,,,,,,,,,,,,,1
대야초등학교,전북,초,공립,,전라북도 군산시 대야면 대야관통로 141-13 . 대야초등학교 (대야면. 대야초등학교),0,,,0,,,,,,,,,,,,,,,,,,,,,0
대야남초등학교,전북,초,공립,,전라북도 군산시 대야면 남군산로 116 (대야면. 대야남초등학교),0,,,0,,,,,,,,,,,,,,,,,,,,,0
마룡초등학교,전북,초,공립,,전라북도 군산시 서수면 청룡로 123 (서수면),0,,,0,,,,,,,,,,,,,,,,,,,,,0
미룡초등학교,전북,초,공립,,전라북도 군산시 대학로 498-10 . 미룡초등학교 (미룡동),0,,,0,,,,,,,,,,,,,,,,,,,,,0
무녀도초등학교,전북,초,공립,,전라북도 군산시 옥도면 무녀도2길 33 . 33 (옥도면),0,,,0,,,,,,,,,,,,,,,,,,,,,0
군산산북초등학교,전북,초,공립,,전라북도 군산시 원산북2길 29 (산북동. 산북초등학교),0,,,0,,,,,,,,,,,,,,,,,,,,,0
발산초등학교,전북,초,공립,,전라북도 군산시 개정면 바르메길 43 (개정면. 발산초등학교),0,,,0,,,,,,,,,,,,,,,,,,,,,0
비안도초등학교,전북,초,공립,,전라북도 군산시 옥도면 비안도1길 7 . 비안도초등학교 (옥도면),0,,,0,,,,,,,,,,,,,,,,,,,,,0
군산서초등학교,전북,초,공립,,전라북도 군산시 중앙로 230 (금동),0,,,0,,,,,,,,,,,,,,,,,,,,,0
서수초등학교,전북,초,공립,,전라북도 군산시 서수면 항쟁로 199 (서수면.서수초등학교),0,,,0,,,,,,,,,,,,,,,,,,,,,0
소룡초등학교,전북,초,공립,,전라북도 군산시 설림길 55 (소룡동.군산소룡초등학교),0,,,0,,,,,,,,,,,,,,,,,,,,,0
선유도초등학교,전북,초,공립,,전라북도 군산시 옥도면 선유북길 89-1 (옥도면),0,,,0,,,,,,,,,,,,,,,,,,,,,0
군산수송초등학교,전북,초,공립,,전라북도 군산시 월명로 312 (수송동. 군산수송초등학교),0,,,0,,,,,,,,,,,,,,,,,,,,,0
성산초등학교,전북,초,공립,,전라북도 군산시 성산면 동군산로 39 . 성산초등학교 (성산면),0,,,1,2019.0,,,,,,,,,,,,,,,,,,,,0
술산초등학교,전북,초,공립,,전라북도 군산시 임피면 남산로 26-13 (임피면. 술산초등학교),0,,,1,2020.0,,,,,,,,,,,,,,,,,,,,0
군산신풍초등학교,전북,초,공립,,전라북도 군산시 하나운3길 7 . 신풍초등학교 (나운동. 신풍초등학교),0,,,0,,,,,,,,,,,,,,,,,,,,,0
신시도초등학교,전북,초,공립,,전라북도 군산시 옥도면 신시도2길 18-5 (옥도면),0,,,0,,,,,,,,,,,,,,,,,,,,,0
어청도초등학교,전북,초,공립,,전라북도 군산시 옥도면 어청도길 95-7 (옥도면. 어청도 초등학교),0,,,0,,,,,,,,,,,,,,,,,,,,,0
군산월명초등학교,전북,초,공립,,전라북도 군산시 청소년회관로 23 (송풍동. 군산월명초등학교),0,,,0,,,,,,,,,,,,,,,,,,,,,0
오봉초등학교,전북,초,공립,,전라북도 군산시 회현면 오봉길 55 (회현면),1,2023.0,교육활동 모델교,1,2020.0,,,,,,,,,,,,,,,,,,,,1
옥구초등학교,전북,초,공립,,전라북도 군산시 옥구읍 옥구로 50 (옥구읍),0,,,1,2019.0,,,,,,,,,,,,,,,,,,,,0
옥봉초등학교,전북,초,공립,,전라북도 군산시 옥서면 옥봉초교길 29 (옥서면. 옥봉초등학교),0,,,0,,,,,,,,,,,,,,,,,,,,,0
군산용문초등학교,전북,초,공립,,전라북도 군산시 미룡로 32-8 . 군산용문초등학교 (미룡동),0,,,0,,,,,,,,,,,,,,,,,,,,,0
군산중앙초등학교,전북,초,공립,,전라북도 군산시 중앙로 91 (중앙로2가. 군산중앙초등학교),0,,,0,,,,,,,,,,,,,,,,,,,,,0
옥산초등학교,전북,초,공립,,전라북도 군산시 옥산면 여로2길 40 . 옥산초등학교 (옥산면),1,2023.0,교육활동 모델교,0,,,,,,,,,,,,,,,,,,,,,0
군산지곡초등학교,전북,초,공립,,전라북도 군산시 신지길 26 (지곡동. 지곡초등학교),0,,,0,,,,,,,,,,,,,,,,,,,,,0
군산풍문초등학교,전북,초,공립,,전라북도 군산시 풍마길 22 (장재동. 풍문초등학교),0,,,1,2017.0,,,,,,,,,,,,,,,,,,,,0
임피초등학교,전북,초,공립,,전라북도 군산시 임피면 동헌길 38 . 임피초등학교 (임피면),1,2023.0,교육활동 모델교,1,2019.0,,,,,,,,,,,,,,,,,,,,1
창오초등학교,전북,초,공립,,전라북도 군산시 성산면 동군산로 393 (성산면. 창오초등학교),1,2023.0,교육활동 모델교,0,,,,,,,,,,,,,,,,,,,,,0
해성초등학교,전북,초,공립,,전라북도 군산시 옥성남길 21 (산북동. 해성초등학교),0,,,0,,,,,,,,,,,,,,,,,,,,,0
회현초등학교,전북,초,공립,,전라북도 군산시 회현면 회현로 139 (회현면.회현초등학교),0,,,0,,,,,,,,,,,,,,,,,,,,,0
군산흥남초등학교,전북,초,공립,,전라북도 군산시 서흥안2길 20 (문화동. 흥남초등학교),0,,,1,2016.0,,,,,,,,,,,,,,,,,,,,0
새만금초등학교,전북,초,공립,,전라북도 군산시 요죽5길 42 . 새만금초등학교 (오식도동),1,2023.0,교육활동 모델교,1,2018.0,,,,,,,,,,,,,,,,,,,,1
군산중학교,전북,중,공립,남여공학,전라북도 군산시 군중길 18 (송풍동),0,,,0,,,,,,,,,,,,,,,,,,,,,0
군산남중학교,전북,중,공립,남여공학,전라북도 군산시 대학로 222 (문화동),0,,,0,,,,,,,,,,,,,,,,,,,,,0
군산동원중학교,전북,중,공립,남여공학,전라북도 군산시 의료원로 146 (나운동.군산동원중학교),0,,,0,,,,,,,,,,,,,,,,,,,,,0
군산산북중학교,전북,중,공립,남여공학,전라북도 군산시 동아로 109 (산북동. 군산산북중학교),1,2023.0,교육활동 모델교,0,,,,,,,,,,,,,,,,,,,,,0
나포중학교,전북,중,공립,남여공학,전라북도 군산시 나포면 등동1길 6-5 (나포면),0,,,0,,,,,,,,,,,,,,,,,,,,,0
군산서흥중학교,전북,중,공립,남여공학,전라북도 군산시 축동로 129 (서흥남동. 군산서흥중학교),0,,,0,,,,,,,,,,,,,,,,,,,,,0
선유도중학교,전북,중,공립,남여공학,전라북도 군산시 옥도면 선유북길 89-1 (옥도면),0,,,0,,,,,,,,,,,,,,,,,,,,,0
군산진포중학교,전북,중,공립,남여공학,전라북도 군산시 진포3길 66 (수송동),0,,,1,2016.0,,,,,,,,,,,,,,,,,,,,0
군산자양중학교,전북,중,공립,남여공학,전라북도 군산시 옥구읍 우치산3길 40 (옥구읍.군산자양중학교),0,,,0,,,,,,,,,,,,,,,,,,,,,0
옥구중학교,전북,중,공립,남여공학,전라북도 군산시 대야면 만자로 60 . 옥구중학교 (대야면),0,,,0,,,,,,,,,,,,,,,,,,,,,0
임피중학교,전북,중,공립,남여공학,전라북도 군산시 서수면 항쟁로 138 (서수면),0,,,0,,,,,,,,,,,,,,,,,,,,,0
군산월명중학교,전북,중,공립,남여공학,전라북도 군산시 설림5길 90 (소룡동. 월명중학교),0,,,0,,,,,,,,,,,,,,,,,,,,,0
회현중학교,전북,중,공립,남여공학,전라북도 군산시 회현면 대위로 426 . 회현중학교 (회현면. 회현중학교),0,,,0,,,,,,,,,,,,,,,,,,,,,0
군산영광중학교,전북,중,사립,남여공학,전라북도 군산시 둔배미길 21 (중앙로2가. 군산영광여자고등학교),0,,,0,,,,,,,,,,,,,,,,,,,,,0
군산제일중학교,전북,중,사립,남여공학,전라북도 군산시 경기장로 142 (조촌동.군산제일중고등학교),0,,,0,,,,,,,,,,,,,,,,,,,,,0
군산중앙중학교,전북,중,사립,남여공학,전라북도 군산시 성산면 군장대길 13 . 군산중앙중학교 (성산면),0,,,0,,,,,,,,,,,,,,,,,,,,,0
군산대성중학교,전북,중,사립,남여공학,전라북도 군산시 임피면 임피향교길 44-6 (임피면. 대성중학교),1,2023.0,교육활동 모델교,1,2018.0,,,,,,,,,,,,,,,,,,,,1
군산동산중학교,전북,중,공립,남여공학,전라북도 군산시 구영신창길 60-6 . 군산동산중학교 (금동),0,,,0,,,,,,,,,,,,,,,,,,,,,0
군산금강중학교,전북,중,공립,남여공학,전라북도 군산시 황룡2길 61 . 군산금강중학교 (미룡동),0,,,0,,,,,,,,,,,,,,,,,,,,,0
익산궁동초등학교,전북,초,공립,,전북 익산시 무왕로25길 26 . 익산궁동초등학교 (부송동.익산궁동초등학교),0,,,0,,,,,,,,,,,,,,,,,,,,,0
금마초등학교,전북,초,공립,,전라북도 익산시 금마면 금마4길 38 (금마면. 금마초등학교),0,,,0,,,,,,,,,,,,,,,,,,,,,0
낭산초등학교,전북,초,공립,,전라북도 익산시 낭산면 우신길 142 (낭산면.낭산초등학교),0,,,1,2019.0,,,,,,,,,,,,,,,,,,,,0
다송초등학교,전북,초,공립,,전라북도 익산시 함열읍 익산대로 1351 . 다송초등학교 (함열읍. 다송초등학교),0,,,0,,,,,,,,,,,,,,,,,,,,,0
망성초등학교,전북,초,공립,,전라북도 익산시 망성면 여강로 903 (망성면. 망성초등학교),0,,,0,,,,,,,,,,,,,,,,,,,,,0
미륵초등학교,전북,초,공립,,전라북도 익산시 금마면 용순길 243 (금마면. 미륵초등학교),0,,,0,,,,,,,,,,,,,,,,,,,,,0
삼기초등학교,전북,초,공립,,전라북도 익산시 삼기면 황금로 523 (삼기면),0,,,0,,,,,,,,,,,,,,,,,,,,,0
석불초등학교,전북,초,공립,,전라북도 익산시 삼기면 진북로 267 (삼기면.석불초등학교),0,,,0,,,,,,,,,,,,,,,,,,,,,0
성당초등학교,전북,초,공립,,전라북도 익산시 성당면 성당로 354-16 (성당면),0,,,0,,,,,,,,,,,,,,,,,,,,,0
성북초등학교,전북,초,공립,,전라북도 익산시 망성면 신작길 17-5 . 성북초등학교 (망성면. 성북초등학교),0,,,0,,,,,,,,,,,,,,,,,,,,,0
여산초등학교,전북,초,공립,,전라북도 익산시 여산면 동헌길 14 . 여산초등학교 (여산면),1,2023.0,교육활동 모델교,1,2017.0,,,,,,,,,,,,,,,,,,,,1
영만초등학교,전북,초,공립,,전라북도 익산시 오산면 선화로4길 42-9 (오산면),1,2023.0,교육활동 모델교,0,,,,,,,,,,,,,,,,,,,,,0
오산초등학교,전북,초,공립,,전라북도 익산시 오산면 오산로 38 (오산면),0,,,0,,,,,,,,,,,,,,,,,,,,,0
오산남초등학교,전북,초,공립,,전라북도 익산시 오산면 남전1길 27 (오산면. 오산남초등학교),0,,,0,,,,,,,,,,,,,,,,,,,,,0
왕궁초등학교,전북,초,공립,,전라북도 익산시 왕궁면 견우길 3 . 왕궁초등학교 (왕궁면),1,2023.0,교육활동 모델교,1,2020.0,,,,,,,,,,,,,,,,,,,,1
왕궁남초등학교,전북,초,공립,,전라북도 익산시 왕궁면 학호길 12 (왕궁면.왕궁남초등학교),0,,,0,,,,,,,,,,,,,,,,,,,,,0
왕북초등학교,전북,초,공립,,전라북도 익산시 왕궁면 금광길 54-12 . 왕북초등학교 (왕궁면. 왕북초등학교),1,2023.0,교육활동 모델교,0,,,,,,,,,,,,,,,,,,,,,0
용남초등학교,전북,초,공립,,전라북도 익산시 용안면 입산길 13 (용안면. 용남초등학교),0,,,0,,,,,,,,,,,,,,,,,,,,,0
용북초등학교,전북,초,공립,,전라북도 익산시 용안면 용북로 81 (용안면. 용북초등학교),0,,,0,,,,,,,,,,,,,,,,,,,,,0
용산초등학교,전북,초,공립,,전라북도 익산시 황등면 용산로 193 . 용산초등학교 (황등면. 용산초등학교),1,2023.0,교육활동 모델교,1,2018.0,,,,,,,,,,,,,,,,,,,,1
용성초등학교,전북,초,공립,,전라북도 익산시 낭산면 하맹길 183 . 용성초등학교 (낭산면. 용성초등학교),1,2023.0,교육활동 모델교,0,,,,,,,,,,,,,,,,,,,,,0
용안초등학교,전북,초,공립,,전라북도 익산시 용안면 용안교동1길 6-1 (용안면.용안초등학교),0,,,0,,,,,,,,,,,,,,,,,,,,,0
웅포초등학교,전북,초,공립,,전라북도 익산시 웅포면 강변로 10-1 . 웅포초등학교 (웅포면),0,,,0,,,,,,,,,,,,,,,,,,,,,0
이리초등학교,전북,초,공립,,전라북도 익산시 중앙로15길 20 (마동. 이리초등학교),0,,,0,,,,,,,,,,,,,,,,,,,,,0
이리계문초등학교,전북,초,공립,,전라북도 익산시 계문길 79-8 . 이리계문초등학교 (신용동. 계문초등학교),0,,,0,,,,,,,,,,,,,,,,,,,,,0
이리고현초등학교,전북,초,공립,,전라북도 익산시 선화로23길 44 . 고현초등학교 (모현동1가),0,,,0,,,,,,,,,,,,,,,,,,,,,0
이리남초등학교,전북,초,공립,,전라북도 익산시 번영로 2040-9 (목천동. 이리남초등학교),1,2023.0,교육활동 모델교,0,,,,,,,,,,,,,,,,,,,,,0
이리남창초등학교,전북,초,공립,,전라북도 익산시 인북로 171 (남중동. 이리남창초등학교),0,,,0,,,,,,,,,,,,,,,,,,,,,0
이리동초등학교,전북,초,공립,,전라북도 익산시 동서로51길 57 (영등동. 이리동초등학교),0,,,0,,,,,,,,,,,,,,,,,,,,,0
이리동남초등학교,전북,초,공립,,전라북도 익산시 동천로7길 18 (동산동),0,,,0,,,,,,,,,,,,,,,,,,,,,0
이리동북초등학교,전북,초,공립,,전라북도 익산시 고봉로 190-3 (영등동. 이리동북초등학교),0,,,0,,,,,,,,,,,,,,,,,,,,,0
이리동산초등학교,전북,초,공립,,전라북도 익산시 평동로23길 46 . 이리동산초등학교 (동산동),1,2023.0,교육활동 모델교,0,,,,,,,,,,,,,,,,,,,,,0
이리마한초등학교,전북,초,공립,,전라북도 익산시 무왕로17길 47 (영등동.마한초등학교),0,,,0,,,,,,,,,,,,,,,,,,,,,0
이리모현초등학교,전북,초,공립,,전라북도 익산시 배산로14길 12-4 (모현동1가),0,,,0,,,,,,,,,,,,,,,,,,,,,0
이리백제초등학교,전북,초,공립,,전라북도 익산시 궁동로 29 (영등동. 백제초등학교),0,,,1,2018.0,,,,,,,,,,,,,,,,,,,,0
이리부송초등학교,전북,초,공립,,전라북도 익산시 부송로2길 27 . 이리부송초등학교 (부송동. 이리부송초등학교),0,,,0,,,,,,,,,,,,,,,,,,,,,0
이리부천초등학교,전북,초,공립,,전라북도 익산시 부송1로 32 (부송동),0,,,0,,,,,,,,,,,,,,,,,,,,,0
이리북초등학교,전북,초,공립,,전라북도 익산시 인북로58길 11 (남중동.이리북초등학교),0,,,0,,,,,,,,,,,,,,,,,,,,,0
이리북일초등학교,전북,초,공립,,전라북도 익산시 동서로19길 100 (신동.이리북일초등학교),0,,,0,,,,,,,,,,,,,,,,,,,,,0
이리삼성초등학교,전북,초,공립,,전라북도 익산시 하나로15길 17-7 (임상동. 삼성초등학교),0,,,0,,,,,,,,,,,,,,,,,,,,,0
이리서초등학교,전북,초,공립,,전라북도 익산시 익산대로 213 . 이리서초등학교 (남중동),1,2023.0,교육활동 모델교,1,2018.0,,,,,,,,,,,,,,,,,,,,1
이리석암초등학교,전북,초,공립,,전라북도 익산시 서동로46길 119 (석암동. 석암초등학교),0,,,0,,,,,,,,,,,,,,,,,,,,,0
이리송학초등학교,전북,초,공립,,전라북도 익산시 학곤로 57 (송학동. 송학초등학교),0,,,0,,,,,,,,,,,,,,,,,,,,,0
이리신동초등학교,전북,초,공립,,전라북도 익산시 무왕로 981 (신동),0,,,0,,,,,,,,,,,,,,,,,,,,,0
이리신흥초등학교,전북,초,공립,,전라북도 익산시 하나로3길 10 (금강동. 신흥초등학교),0,,,1,2017.0,,,,,,,,,,,,,,,,,,,,0
익산어양초등학교,전북,초,공립,,전라북도 익산시 하나로10길 23 (어양동),0,,,0,,,,,,,,,,,,,,,,,,,,,0
이리영등초등학교,전북,초,공립,,전라북도 익산시 동서로41길 37 (영등동. 영등초등학교),0,,,0,,,,,,,,,,,,,,,,,,,,,0
익산가온초등학교,전북,초,공립,,전라북도 익산시 선화로1길 106 (모현동2가),1,2023.0,교육활동 모델교,0,,,,,,,,,,,,,,,,,,,,,0
이리중앙초등학교,전북,초,공립,,전라북도 익산시 인북로 77 (갈산동),0,,,0,,,,,,,,,,,,,,,,,,,,,0
이리팔봉초등학교,전북,초,공립,,전라북도 익산시 무왕로31길 10 (팔봉동. 이리팔봉초등학교),0,,,1,2019.0,,,,,,,,,,,,,,,,,,,,0
익산초등학교,전북,초,공립,,전라북도 익산시 동서로61길 27-38 (어양동. 익산초등학교),0,,,0,,,,,,,,,,,,,,,,,,,,,0
천서초등학교,전북,초,공립,,전라북도 익산시 춘포면 천서길 221 (춘포면),1,2023.0,교육활동 모델교,0,,,,,,,,,,,,,,,,,,,,,0
춘포초등학교,전북,초,공립,,전라북도 익산시 춘포면 춘포로 408 (춘포면.춘포초등학교),1,2023.0,교육활동 모델교,1,2017.0,,,,,,,,,,,,,,,,,,,,1
함라초등학교,전북,초,공립,,전라북도 익산시 함라면 함라1길 66 (함라면.함라초등학교),0,,,1,2019.0,,,,,,,,,,,,,,,,,,,,0
함열초등학교,전북,초,공립,,전라북도 익산시 함열읍 함열8길 2 (함열읍.함열초등학교),0,,,0,,,,,,,,,,,,,,,,,,,,,0
황등초등학교,전북,초,공립,,전라북도 익산시 황등면 황금로 17-6 . 황등초등학교 (황등면),0,,,1,2018.0,,,,,,,,,,,,,,,,,,,,0
황등남초등학교,전북,초,공립,,전라북도 익산시 황등면 황등서로 44 (황등면),0,,,0,,,,,,,,,,,,,,,,,,,,,0
흥왕초등학교,전북,초,공립,,전라북도 익산시 용동면 흥왕1길 17 (용동면. 흥왕초등학교),0,,,0,,,,,,,,,,,,,,,,,,,,,0
익산옥야초등학교,전북,초,공립,,전라북도 익산시 옛둑2길 52 . 동산동 (동산동. 옥야초등학교),0,,,0,,,,,,,,,,,,,,,,,,,,,0
익산한벌초등학교,전북,초,공립,,전라북도 익산시 부송1로 115 (부송동. 한벌초등학교),0,,,0,,,,,,,,,,,,,,,,,,,,,0
삼기중학교,전북,중,공립,남여공학,전라북도 익산시 삼기면 황금로 499 . 삼기중학교 (삼기면),0,,,0,,,,,,,,,,,,,,,,,,,,,0
성당중학교,전북,중,공립,남여공학,전라북도 익산시 성당면 함안로 671-333 (성당면.성당중학교),0,,,0,,,,,,,,,,,,,,,,,,,,,0
여산중학교,전북,중,공립,남여공학,전라북도 익산시 여산면 가람로 459-10 (여산면),0,,,0,,,,,,,,,,,,,,,,,,,,,0
이리영등중학교,전북,중,공립,남여공학,전라북도 익산시 하나로 490 (어양동),0,,,0,,,,,,,,,,,,,,,,,,,,,0
왕궁중학교,전북,중,공립,남여공학,전라북도 익산시 왕궁면 왕궁로 556 (왕궁면),0,,,0,,,,,,,,,,,,,,,,,,,,,0
용안중학교,전북,중,공립,남여공학,전라북도 익산시 용안면 현내1로 71-8 (용안면),0,,,0,,,,,,,,,,,,,,,,,,,,,0
웅포중학교,전북,중,공립,남여공학,전라북도 익산시 웅포면 덕성길 13 . 웅포중학교 (웅포면),0,,,0,,,,,,,,,,,,,,,,,,,,,0
이리남중학교,전북,중,공립,남여공학,전라북도 익산시 배산로3길 55 (모현동1가),0,,,0,,,,,,,,,,,,,,,,,,,,,0
이리동중학교,전북,중,공립,남여공학,전라북도 익산시 동천로7길 44 (동산동.이리동중학교),0,,,0,,,,,,,,,,,,,,,,,,,,,0
이리북중학교,전북,중,공립,남여공학,전라북도 익산시 익산대로 415-14 (신동.이리북중학교),0,,,0,,,,,,,,,,,,,,,,,,,,,0
익산지원중학교,전북,중,공립,남여공학,전라북도 익산시 고봉로 67 . 익산지원중학교 (마동.지원중학교),0,,,0,,,,,,,,,,,,,,,,,,,,,0
익산부송중학교,전북,중,공립,남여공학,전라북도 익산시 선화로69길 6 (부송동. 부송중학교),1,2023.0,교육활동 모델교,1,2016.0,,,,,,,,,,,,,,,,,,,,1
함라중학교,전북,중,공립,남여공학,전라북도 익산시 함라면 함낭로 61-18 (함라면),0,,,0,,,,,,,,,,,,,,,,,,,,,0
함열중학교,전북,중,공립,남자,전라북도 익산시 함열읍 함열3길 37 . 함열중학교 (함열읍. 함열중학교),0,,,0,,,,,,,,,,,,,,,,,,,,,0
남성중학교,전북,중,사립,남자,전라북도 익산시 동서로35길 41 . 남성중학교 (신동),1,2023.0,교육활동 모델교,1,2016.0,,,,,,,,,,,,,,,,,,,,1
이리남성여자중학교,전북,중,사립,여자,전라북도 익산시 동서로35길 41 (신동. 남성고등학교),0,,,1,2019.0,,,,,,,,,,,,,,,,,,,,0
원광중학교,전북,중,사립,남자,전라북도 익산시 무왕로31길 154 . 원광중학교 (부송동),0,,,0,,,,,,,,,,,,,,,,,,,,,0
원광여자중학교,전북,중,사립,여자,전라북도 익산시 선화로13길 72 . 원광여자중학교 (모현동1가),0,,,0,,,,,,,,,,,,,,,,,,,,,0
이리중학교,전북,중,사립,남자,전라북도 익산시 학곤로 19 (평화동),0,,,0,,,,,,,,,,,,,,,,,,,,,0
이일여자중학교,전북,중,사립,여자,전라북도 익산시 평동로7길 30 . 이일여자중학교 (인화동1가),1,2023.0,교육활동 모델교,1,2016.0,,,,,,,,,,,,,,,,,,,,1
익산중학교,전북,중,사립,남여공학,전라북도 익산시 금마면 고도길 85 (금마면.익산중고등학교),0,,,0,,,,,,,,,,,,,,,,,,,,,0
진경여자중학교,전북,중,사립,여자,전라북도 익산시 황등면 황등서로 104 진경여자중학교,0,,,0,,,,,,,,,,,,,,,,,,,,,0
함열여자중학교,전북,중,사립,여자,전라북도 익산시 함열읍 정자길 31 (함열읍. 함열여자중학교),1,2023.0,교육활동 모델교,0,,,,,,,,,,,,,,,,,,,,,0
황등중학교,전북,중,사립,남자,전라북도 익산시 황등면 황금로 18 (황등면.황등중학교),1,2023.0,정보교육실 구축교,0,,,,,,,,,,,,,,,,,,,,,0
익산어양중학교,전북,중,공립,남여공학,전라북도 익산시 하나로12길 39 (어양동. 어양중학교),1,2023.0,교육활동 모델교,0,,,,,,,,,,,,,,,,,,,,,0
익산부천중학교,전북,중,공립,남여공학,전라북도 익산시 동서로 524 (어양동),0,,,0,,,,,,,,,,,,,,,,,,,,,0
감곡초등학교,전북,초,공립,,전라북도 정읍시 감곡면 감곡동서로 355 (감곡면),1,2023.0,교육활동 모델교,0,,,,,,,,,,,,,,,,,,,,,0
고부초등학교,전북,초,공립,,전라북도 정읍시 고부면 교동3길 14 (고부면. 고부초등학교.병설유치원),0,,,0,,,,,,,,,,,,,,,,,,,,,0
관청초등학교,전북,초,공립,,전라북도 정읍시 고부면 관청길 88 (고부면. 관청초등학교),0,,,0,,,,,,,,,,,,,,,,,,,,,0
교암초등학교,전북,초,공립,,전라북도 정읍시 정읍사로 179 (교암동),0,,,0,,,,,,,,,,,,,,,,,,,,,0
내장초등학교,전북,초,공립,,전라북도 정읍시 대석1길 13-4 (금붕동. 내장초등학교),0,,,1,2017.0,,,,,,,,,,,,,,,,,,,,0
능교초등학교,전북,초,공립,,전라북도 정읍시 산내면 능교3길 13-5 (산내면),0,,,0,,,,,,,,,,,,,,,,,,,,,0
대흥초등학교,전북,초,공립,,전라북도 정읍시 입암면 정읍남로 766 . 대흥초등학교 (입암면),0,,,0,,,,,,,,,,,,,,,,,,,,,0
덕천초등학교,전북,초,공립,,전라북도 정읍시 덕천면 황토현로 831 .덕천초등학교(덕천면.덕천초등학교),0,,,0,,,,,,,,,,,,,,,,,,,,,0
도학초등학교,전북,초,공립,,전라북도 정읍시 덕천면 동학로 635 (덕천면),0,,,1,2019.0,,,,,,,,,,,,,,,,,,,,0
동신초등학교,전북,초,공립,,전라북도 정읍시 상동중앙로 15 . 동신초등학교 (상동.동신초등학교),1,2023.0,교육활동 모델교,0,,,,,,,,,,,,,,,,,,,,,0
백암초등학교,전북,초,공립,,전라북도 정읍시 칠보면 암축길 17 (칠보면. 백암초등학교),0,,,0,,,,,,,,,,,,,,,,,,,,,0
보성초등학교,전북,초,공립,,전라북도 정읍시 북면 연지길 38-27 (북면. 보성초등학교),0,,,0,,,,,,,,,,,,,,,,,,,,,0
북면초등학교,전북,초,공립,,전라북도 정읍시 북면 화평길 31 . 북면초등학교 (북면. 북면초등학교),0,,,0,,,,,,,,,,,,,,,,,,,,,0
산외초등학교,전북,초,공립,,전라북도 정읍시 산외면 운전2길 7 . 산외초등학교 (산외면),1,2023.0,교육활동 모델교,1,2019.0,,,,,,,,,,,,,,,,,,,,1
서신초등학교,전북,초,공립,,전라북도 정읍시 소성상평로 401-5 (상평동. 서신초등학교),0,,,0,,,,,,,,,,,,,,,,,,,,,0
소성초등학교,전북,초,공립,,전라북도 정읍시 소성면 보화1길 130 (소성면. 소성 초등학교),0,,,0,,,,,,,,,,,,,,,,,,,,,0
수곡초등학교,전북,초,공립,,전라북도 정읍시 칠보면 여옥길 11 (칠보면. 수곡초등학교),0,,,1,2019.0,,,,,,,,,,,,,,,,,,,,0
신태인초등학교,전북,초,공립,,전라북도 정읍시 신태인읍 신태인1길 54-3 (신태인읍.신태인초등),0,,,0,,,,,,,,,,,,,,,,,,,,,0
영산초등학교,전북,초,공립,,전라북도 정읍시 하북1길 217 (하북동.영산초등학교),0,,,0,,,,,,,,,,,,,,,,,,,,,0
영원초등학교,전북,초,공립,,전라북도 정읍시 영원면 영원로 1087 . 영원초등학교 (영원면. 영원초등학교),0,,,1,2019.0,,,,,,,,,,,,,,,,,,,,0
옹동초등학교,전북,초,공립,,전라북도 정읍시 옹동면 칠석1길 29-7 (옹동면.옹동초등학교),0,,,0,,,,,,,,,,,,,,,,,,,,,0
이평초등학교,전북,초,공립,,전라북도 정읍시 이평면 말목장터길 5-29 (이평면. 이평초등학교),1,2023.0,교육활동 모델교,1,2016.0,,,,,,,,,,,,,,,,,,,,1
입암초등학교,전북,초,공립,,전라북도 정읍시 입암면 입암중앙길 29 . 입암초등학교 (입암면),0,,,0,,,,,,,,,,,,,,,,,,,,,0
정남초등학교,전북,초,공립,,전라북도 정읍시 정우면 대산1길 90 . 정남초등학교 (정우면),0,,,0,,,,,,,,,,,,,,,,,,,,,0
정우초등학교,전북,초,공립,,전라북도 정읍시 정우면 금남길 28-24 (정우면. 정우초등학교),0,,,0,,,,,,,,,,,,,,,,,,,,,0
정읍남초등학교,전북,초,공립,,전라북도 정읍시 남산5길 25 (시기동.남초등학교),0,,,0,,,,,,,,,,,,,,,,,,,,,0
정읍동초등학교,전북,초,공립,,전라북도 정읍시 충정로 176 (장명동),0,,,0,,,,,,,,,,,,,,,,,,,,,0
정읍북초등학교,전북,초,공립,,전라북도 정읍시 명덕1길 41 (농소동. 정읍 북초등학교),1,2023.0,교육활동 모델교,1,2017.0,,,,,,,,,,,,,,,,,,,,1
정읍서초등학교,전북,초,공립,,전라북도 정읍시 명륜길 32 . 정읍서초등학교 (연지동. 서초등학교),0,,,0,,,,,,,,,,,,,,,,,,,,,0
정읍수성초등학교,전북,초,공립,,전라북도 정읍시 수성3로 21 (수성동. 정읍수성초등학교),0,,,0,,,,,,,,,,,,,,,,,,,,,0
정읍초등학교,전북,초,공립,,전라북도 정읍시 마곡로 33 (수성동),0,,,1,2018.0,,,,,,,,,,,,,,,,,,,,0
한솔초등학교,전북,초,공립,,전라북도 정읍시 학산로 69 (상동. 한솔초등학교),0,,,0,,,,,,,,,,,,,,,,,,,,,0
정일초등학교,전북,초,공립,,전라북도 정읍시 정문들목길 26-19 정일초등학교 (용계동),1,2023.0,교육활동 모델교,0,,,,,,,,,,,,,,,,,,,,,0
칠보초등학교,전북,초,공립,,전라북도 정읍시 칠보면 칠보중앙로 130 . 칠보초등학교 (칠보면),1,2023.0,교육활동 모델교,1,2020.0,,,,,,,,,,,,,,,,,,,,1
태인초등학교,전북,초,공립,,전라북도 정읍시 태인면 동헌길 16 (태인면),0,,,0,,,,,,,,,,,,,,,,,,,,,0
전북동화중학교,전북,중,공립,남여공학,전라북도 정읍시 태인면 정읍북로 1238 (태인면. 전북동화중학교),0,,,0,,,,,,,,,,,,,,,,,,,,,0
감곡중학교,전북,중,공립,남여공학,전라북도 정읍시 감곡면 감곡동서로 330-2 . 감곡중학교 (감곡면.감곡중학교),0,,,0,,,,,,,,,,,,,,,,,,,,,0
고부중학교,전북,중,공립,남여공학,전라북도 정읍시 고부면 관청길 114 (고부면),0,,,0,,,,,,,,,,,,,,,,,,,,,0
산외중학교,전북,중,공립,남여공학,전라북도 정읍시 산외면 평사3길 25 (산외면. 산외중학교),0,,,0,,,,,,,,,,,,,,,,,,,,,0
소성중학교,전북,중,공립,남여공학,전라북도 정읍시 소성면 소성상평로 34 소성중학교,0,,,0,,,,,,,,,,,,,,,,,,,,,0
입암중학교,전북,중,공립,남여공학,전라북도 정읍시 입암면 입고로 32-13 (입암면),0,,,0,,,,,,,,,,,,,,,,,,,,,0
정산중학교,전북,중,공립,남여공학,전북 정읍시 산내면 능교신기길 12-20 (산내면.정산중학교),0,,,0,,,,,,,,,,,,,,,,,,,,,0
정우중학교,전북,중,공립,남여공학,전라북도 정읍시 정우면 양지1길 100-28 (정우면. 정우중학교),0,,,0,,,,,,,,,,,,,,,,,,,,,0
정읍중학교,전북,중,공립,남자,전라북도 정읍시 정읍사로 569 (시기동.정읍중학교),0,,,0,,,,,,,,,,,,,,,,,,,,,0
정읍여자중학교,전북,중,공립,여자,전라북도 정읍시 초산로 110 . 정읍여자중학교 (장명동. 정읍여자중학교),0,,,0,,,,,,,,,,,,,,,,,,,,,0
정일여자중학교,전북,중,공립,여자,전라북도 정읍시 충정로 511 (공평동. 정일여자중학교),0,,,0,,,,,,,,,,,,,,,,,,,,,0
칠보중학교,전북,중,공립,남여공학,전라북도 정읍시 칠보면 검단1길 53 (칠보면),0,,,0,,,,,,,,,,,,,,,,,,,,,0
배영중학교,전북,중,사립,남자,전라북도 정읍시 동학로 243 . 배영중학교 (흑암동. 배영고등학교),0,,,0,,,,,,,,,,,,,,,,,,,,,0
신태인중학교,전북,중,사립,남자,전라북도 정읍시 신태인읍 서태길 108 . 신태인중학교,1,2023.0,교육활동 모델교,1,2018.0,,,,,,,,,,,,,,,,,,,,1
왕신여자중학교,전북,중,사립,여자,전라북도 정읍시 신태인읍 정신로 1094 (신태인읍. 왕신여중고등학교),1,2023.0,정보교육실 구축교,1,2017.0,,,,,,,,,,,,,,,,,,,,1
이평중학교,전북,중,사립,남여공학,전라북도 정읍시 이평면 후송길 21 (이평면. 이평중학교),0,,,0,,,,,,,,,,,,,,,,,,,,,0
태인중학교,전북,중,사립,남여공학,전라북도 정읍시 태인면 석지로 1469 태인중학교,0,,,0,,,,,,,,,,,,,,,,,,,,,0
학산중학교,전북,중,사립,여자,전라북도 정읍시 학산로 89 (상동. 학산 중 고등학교),0,,,0,,,,,,,,,,,,,,,,,,,,,0
호남중학교,전북,중,사립,남자,전라북도 정읍시 정읍남로 1364-13 (시기동),0,,,0,,,,,,,,,,,,,,,,,,,,,0
운봉초등학교,전북,초,공립,,전라북도 남원시 운봉읍 운봉로 725 (운봉읍. 운봉초등학교),0,,,0,,,,,,,,,,,,,,,,,,,,,0
남원교룡초등학교,전북,초,공립,,전라북도 남원시 광천남길 654 (향교동. 남원교룡초등학교),0,,,0,,,,,,,,,,,,,,,,,,,,,0
금지초등학교,전북,초,공립,,전라북도 남원시 금지면 택내길 36-37 (금지면.금지초등학교),0,,,0,,,,,,,,,,,,,,,,,,,,,0
금지동초등학교,전북,초,공립,,전라북도 남원시 금지면 금지순환길 888-10 . 금지동초등학교 (금지면),0,,,0,,,,,,,,,,,,,,,,,,,,,0
남원초등학교,전북,초,공립,,전라북도 남원시 가방뜰길 18 (금동. 남원초등학교),0,,,0,,,,,,,,,,,,,,,,,,,,,0
남원노암초등학교,전북,초,공립,,전라북도 남원시 여수길 14 (노암동. 남원노암초등학교),0,,,0,,,,,,,,,,,,,,,,,,,,,0
남원도통초등학교,전북,초,공립,,전라북도 남원시 대교2길 22 (도통동. 남원도통초등학교),0,,,0,,,,,,,,,,,,,,,,,,,,,0
남원월락초등학교,전북,초,공립,,전라북도 남원시 용성로 321 (월락동),0,,,0,,,,,,,,,,,,,,,,,,,,,0
남원왕치초등학교,전북,초,공립,,전라북도 남원시 박달길 37 (용정동. 남원왕치초등학교),0,,,0,,,,,,,,,,,,,,,,,,,,,0
산내초등학교,전북,초,공립,,전라북도 남원시 산내면 대정길 99 . 산내초등학교 (산내면),0,,,0,,,,,,,,,,,,,,,,,,,,,0
남원서원초등학교,전북,초,공립,,전라북도 남원시 대산면 남문로 109 남원서원초등학교,0,,,0,,,,,,,,,,,,,,,,,,,,,0
남원중앙초등학교,전북,초,공립,,전라북도 남원시 동림로 36 (도통동. 남원중앙초등학교),0,,,0,,,,,,,,,,,,,,,,,,,,,0
대강초등학교,전북,초,공립,,전라북도 남원시 대강면 섬진로 852 (대강면. 대강초등학교),0,,,1,2016.0,,,,,,,,,,,,,,,,,,,,0
남원대산초등학교,전북,초,공립,,전라북도 남원시 대산면 운교1길 10 (대산면.남원대산초등학교),0,,,1,2019.0,,,,,,,,,,,,,,,,,,,,0
덕과초등학교,전북,초,공립,,전라북도 남원시 덕과면 덕오로 298 (덕과면. 덕과초등학교),0,,,0,,,,,,,,,,,,,,,,,,,,,0
보절초등학교,전북,초,공립,,전라북도 남원시 보절면 신흥2길 5 . 보절초등학교 (보절면),0,,,0,,,,,,,,,,,,,,,,,,,,,0
사매초등학교,전북,초,공립,,전라북도 남원시 사매면 오신2길 7번지 . 사매초등학교,0,,,0,,,,,,,,,,,,,,,,,,,,,0
산동초등학교,전북,초,공립,,전라북도 남원시 산동면 요천로 2929 (산동면. 산동초등학교),0,,,0,,,,,,,,,,,,,,,,,,,,,0
송동초등학교,전북,초,공립,,전라북도 남원시 송동면 노송로 624-6 (송동면. 송동초등학교),0,,,0,,,,,,,,,,,,,,,,,,,,,0
수지초등학교,전북,초,공립,,전라북도 남원시 수지면 내호곡3길 21 . 수지초등학교 (수지면),0,,,0,,,,,,,,,,,,,,,,,,,,,0
아영초등학교,전북,초,공립,,전라북도 남원시 아영면 고인청계길 15 (아영면.아영초등학교),0,,,0,,,,,,,,,,,,,,,,,,,,,0
오동초등학교,전북,초,공립,,전라북도 남원시 이백면 이백로 147 (이백면.오동초등학교),0,,,0,,,,,,,,,,,,,,,,,,,,,0
남원용성초등학교,전북,초,공립,,전라북도 남원시 용성로 29 (동충동.남원용성초등학교),0,,,0,,,,,,,,,,,,,,,,,,,,,0
원천초등학교,전북,초,공립,,전라북도 남원시 주천면 외평2길 23 . 원천초등학교 (주천면),0,,,0,,,,,,,,,,,,,,,,,,,,,0
이백초등학교,전북,초,공립,,전라북도 남원시 이백면 평촌길 30 . 이백초등학교 (이백면),0,,,0,,,,,,,,,,,,,,,,,,,,,0
인월초등학교,전북,초,공립,,전라북도 남원시 인월면 인월1길 55 . 인월초등학교 (인월면. 인월초등학교),0,,,0,,,,,,,,,,,,,,,,,,,,,0
주생초등학교,전북,초,공립,,전라북도 남원시 주생면 소지길 21-5 (주생면. 주생초등학교),0,,,0,,,,,,,,,,,,,,,,,,,,,0
금지중학교,전북,중,공립,남여공학,전라북도 남원시 금지면 요천로 443-9 (금지면. 금지중학교),0,,,0,,,,,,,,,,,,,,,,,,,,,0
남원중학교,전북,중,공립,남여공학,전라북도 남원시 만인로 41-51 (향교동. 남원중학교),0,,,0,,,,,,,,,,,,,,,,,,,,,0
남원하늘중학교,전북,중,공립,남여공학,전라북도 남원시 동헌길 75 (하정동),0,,,0,,,,,,,,,,,,,,,,,,,,,0
대강중학교,전북,중,공립,남여공학,전라북도 남원시 대강면 금탄로 512-16 (대강면.대강중학교),0,,,0,,,,,,,,,,,,,,,,,,,,,0
보절중학교,전북,중,공립,남여공학,전라북도 남원시 보절면 보산로 909-14 (보절면),0,,,0,,,,,,,,,,,,,,,,,,,,,0
산내중학교,전북,중,공립,남여공학,전라북도 남원시 산내면 천왕봉로 673-8 (산내면. 산내중학교),0,,,0,,,,,,,,,,,,,,,,,,,,,0
송동중학교,전북,중,공립,남여공학,전라북도 남원시 송동면 노송로 747 (송동면),0,,,0,,,,,,,,,,,,,,,,,,,,,0
수지중학교,전북,중,공립,남여공학,전라북도 남원시 수지면 고주로 531-9 (수지면.수지중학교),0,,,0,,,,,,,,,,,,,,,,,,,,,0
아영중학교,전북,중,공립,남여공학,전라북도 남원시 아영면 고인청계길 18 (아영면. 아영중학교),0,,,0,,,,,,,,,,,,,,,,,,,,,0
남원용성중학교,전북,중,공립,남여공학,전라북도 남원시 춘향로 73 . 남원용성중학교 (도통동),0,,,0,,,,,,,,,,,,,,,,,,,,,0
남원한빛중학교,전북,중,공립,남여공학,전라북도 남원시 용성로 299 (월락동),0,,,0,,,,,,,,,,,,,,,,,,,,,0
운봉중학교,전북,중,공립,남여공학,전라북도 남원시 운봉읍 바래봉길 73 (운봉읍. 운봉중학교) 운봉중학교,0,,,0,,,,,,,,,,,,,,,,,,,,,0
인월중학교,전북,중,공립,남여공학,전라북도 남원시 인월면 인월장터로 48 . 인월중고등학교 (인월면. 인월중고등학교),0,,,0,,,,,,,,,,,,,,,,,,,,,0
용북중학교,전북,중,사립,남여공학,전라북도 남원시 사매면 용북길 89 (사매면. 용북중학교),1,2023.0,교육활동 모델교,1,2018.0,,,,,,,,,,,,,,,,,,,,1
공덕초등학교,전북,초,공립,,전라북도 김제시 공덕면 공덕로 248 (공덕면. 공덕초등학교),0,,,0,,,,,,,,,,,,,,,,,,,,,0
광활초등학교,전북,초,공립,,전라북도 김제시 광활면 광활11길 37 (광활면),0,,,0,,,,,,,,,,,,,,,,,,,,,0
금구초등학교,전북,초,공립,,전라북도 김제시 금구면 금구로 40 (금구면. 금구초등학교),0,,,0,,,,,,,,,,,,,,,,,,,,,0
금남초등학교,전북,초,공립,,전라북도 김제시 금산면 송율길 239-8 (금산면. 금남 초등학교),0,,,0,,,,,,,,,,,,,,,,,,,,,0
금산초등학교,전북,초,공립,,전라북도 김제시 금산면 모악로 383 (금산면. 금산 초등학교),0,,,0,,,,,,,,,,,,,,,,,,,,,0
김제초등학교,전북,초,공립,,전라북도 김제시 서낭당길 31 (요촌동. 김제초등학교),0,,,0,,,,,,,,,,,,,,,,,,,,,0
김제검산초등학교,전북,초,공립,,전라북도 김제시 도작로 122 (검산동),0,,,1,2016.0,,,,,,,,,,,,,,,,,,,,0
김제동초등학교,전북,초,공립,,전라북도 김제시 중앙13길 18 (신풍동),0,,,1,2016.0,,,,,,,,,,,,,,,,,,,,0
김제북초등학교,전북,초,공립,,전라북도 김제시 콩쥐팥쥐로 306-56 (순동. 김제북초등학교),0,,,0,,,,,,,,,,,,,,,,,,,,,0
김제중앙초등학교,전북,초,공립,,전라북도 김제시 동서로 193 (요촌동),0,,,0,,,,,,,,,,,,,,,,,,,,,0
난산초등학교,전북,초,공립,,전라북도 김제시 백구면 금백로 1213 (백구면. 난산 초등학교),0,,,0,,,,,,,,,,,,,,,,,,,,,0
남양초등학교,전북,초,공립,,전라북도 김제시 황산면 남산로 366 . 남산리 362-19 (황산면. 남양초등학교),0,,,0,,,,,,,,,,,,,,,,,,,,,0
만경초등학교,전북,초,공립,,전라북도 김제시 만경읍 능제2길 2 . 만경초등학교 (만경읍),0,,,1,2016.0,,,,,,,,,,,,,,,,,,,,0
백구초등학교,전북,초,공립,,전라북도 김제시 백구면 석담2길 36 . 백구초등학교 (백구면),0,,,0,,,,,,,,,,,,,,,,,,,,,0
백석초등학교,전북,초,공립,,전라북도 김제시 백산로 54 (흥사동. 백석초등학교),0,,,1,2019.0,,,,,,,,,,,,,,,,,,,,0
벽량초등학교,전북,초,공립,,전라북도 김제시 부량면 대평2길 99 (부량면. 벽량초등학교),0,,,0,,,,,,,,,,,,,,,,,,,,,0
봉남초등학교,전북,초,공립,,전라북도 김제시 봉남면 조양1길 11 (봉남면.봉남초등학교),0,,,0,,,,,,,,,,,,,,,,,,,,,0
부용초등학교,전북,초,공립,,전라북도 김제시 백구면 황토로 1030 (백구면.부용 초등학교),0,,,0,,,,,,,,,,,,,,,,,,,,,0
비룡초등학교,전북,초,공립,,전라북도 김제시 용지면 금백로 845-7 (용지면. 비룡초등학교),0,,,0,,,,,,,,,,,,,,,,,,,,,0
성덕초등학교,전북,초,공립,,전라북도 김제시 성덕면 대석로 75 (성덕면),0,,,0,,,,,,,,,,,,,,,,,,,,,0
심창초등학교,전북,초,공립,,전라북도 김제시 진봉면 지평선로 1295 (진봉면),0,,,0,,,,,,,,,,,,,,,,,,,,,0
용동초등학교,전북,초,공립,,전라북도 김제시 용지면 용덕길 36 (용지면. 용동초등학교),0,,,0,,,,,,,,,,,,,,,,,,,,,0
용지초등학교,전북,초,공립,,전라북도 김제시 용지면 용지로 432 . 용지초등학교 (용지면),0,,,0,,,,,,,,,,,,,,,,,,,,,0
원평초등학교,전북,초,공립,,전라북도 김제시 금산면 원평로 101 (금산면. 원평 초등학교),1,2023.0,교육활동 모델교,0,,,,,,,,,,,,,,,,,,,,,0
월성초등학교,전북,초,공립,,전라북도 김제시 봉황로 1020 (월성동. 월성초등학교),0,,,0,,,,,,,,,,,,,,,,,,,,,0
월촌초등학교,전북,초,공립,,전라북도 김제시 입석7길 119 (입석동. 월촌초등학교),0,,,0,,,,,,,,,,,,,,,,,,,,,0
종정초등학교,전북,초,공립,,전라북도 김제시 백산면 종정1길 143 . 종정초등학교 (백산면),0,,,0,,,,,,,,,,,,,,,,,,,,,0
화율초등학교,전북,초,공립,,전라북도 김제시 금산면 수류로 587 (금산면),0,,,0,,,,,,,,,,,,,,,,,,,,,0
죽산초등학교,전북,초,공립,,전라북도 김제시 죽산면 죽산2길 13 (죽산면. 김제죽산초등학교),0,,,1,2020.0,,,,,,,,,,,,,,,,,,,,0
진봉초등학교,전북,초,공립,,전라북도 김제시 진봉면 진봉로 302 (진봉면),0,,,0,,,,,,,,,,,,,,,,,,,,,0
청운초등학교,전북,초,공립,,전라북도 김제시 금구면 황토로 168-30 . 청운초등학교 (금구면),0,,,0,,,,,,,,,,,,,,,,,,,,,0
청하초등학교,전북,초,공립,,전라북도 김제시 청하면 대청4길 25 (청하면),1,2023.0,교육활동 모델교,1,2020.0,,,,,,,,,,,,,,,,,,,,1
초처초등학교,전북,초,공립,,전라북도 김제시 봉남면 초처로 233 (봉남면.초처초등학교),0,,,0,,,,,,,,,,,,,,,,,,,,,0
치문초등학교,전북,초,공립,,전라북도 김제시 백구면 유강11길 43 (백구면. 치문초등학교),0,,,0,,,,,,,,,,,,,,,,,,,,,0
황강초등학교,전북,초,공립,,전라북도 김제시 공덕면 유강4길 94 (공덕면),0,,,0,,,,,,,,,,,,,,,,,,,,,0
황산초등학교,전북,초,공립,,전라북도 김제시 황산면 용마로 75 (황산면. 황산초등학교),0,,,0,,,,,,,,,,,,,,,,,,,,,0
금구중학교,전북,중,공립,남여공학,전라북도 김제시 금구면 금구로 40 (금구면),0,,,0,,,,,,,,,,,,,,,,,,,,,0
김제중학교,전북,중,공립,남자,전라북도 김제시 중앙로 274 . 김제중학교 (신풍동),0,,,0,,,,,,,,,,,,,,,,,,,,,0
김제여자중학교,전북,중,공립,여자,전라북도 김제시 중앙로 137 (요촌동),0,,,0,,,,,,,,,,,,,,,,,,,,,0
김제중앙중학교,전북,중,공립,남자,전라북도 김제시 남북9길 52 (옥산동),0,,,0,,,,,,,,,,,,,,,,,,,,,0
봉남중학교,전북,중,공립,남여공학,전라북도 김제시 봉남면 남주1길 26 (봉남면. 봉남중학교),0,,,0,,,,,,,,,,,,,,,,,,,,,0
용지중학교,전북,중,공립,남여공학,전라북도 김제시 용지면 황토로 702,0,,,0,,,,,,,,,,,,,,,,,,,,,0
청하중학교,전북,중,공립,남여공학,전라북도 김제시 청하면 청하6길 68 (청하면.청하중학교),0,,,0,,,,,,,,,,,,,,,,,,,,,0
동국대학교사범대학부속금산중학교,전북,중,사립,남여공학,전라북도 김제시 금산면 모악로 47 (금산면) 동국대학교사범대학부속금산중학교,0,,,0,,,,,,,,,,,,,,,,,,,,,0
금성여자중학교,전북,중,사립,여자,전라북도 김제시 금성5길 19 (신풍동. 금성여자중학교),0,,,0,,,,,,,,,,,,,,,,,,,,,0
덕암중학교,전북,중,사립,남자,전라북도 김제시 하공로 9 (서암동),0,,,0,,,,,,,,,,,,,,,,,,,,,0
만경중학교,전북,중,사립,남자,전라북도 김제시 만경읍 능제로 29 . 만경중학교 (만경읍),0,,,0,,,,,,,,,,,,,,,,,,,,,0
만경여자중학교,전북,중,사립,여자,전라북도 김제시 만경읍 만경로 823 (만경읍. 만경여중),0,,,0,,,,,,,,,,,,,,,,,,,,,0
지평선중학교,전북,중,사립,남여공학,전라북도 김제시 성덕면 성동길 183-4 (성덕면. 지평선 중학교),0,,,0,,,,,,,,,,,,,,,,,,,,,0
가천초등학교,전북,초,공립,,전라북도 완주군 경천면 경가천길 148-9 (경천면. 가천초등학교),0,,,0,,,,,,,,,,,,,,,,,,,,,0
간중초등학교,전북,초,공립,,전라북도 완주군 용진읍 간중길 39 (용진읍. 간중초등학교),1,2023.0,교육활동 모델교,1,2016.0,,,,,,,,,,,,,,,,,,,,1
고산초등학교,전북,초,공립,,전라북도 완주군 고산면 고산로 153 (고산면. 고산초등학교),0,,,0,,,,,,,,,,,,,,,,,,,,,0
삼우초등학교,전북,초,공립,,전라북도 완주군 고산면 천호로 27-16 (고산면. 삼우초등학교),1,2023.0,교육활동 모델교,0,,,,,,,,,,,,,,,,,,,,,0
구이초등학교,전북,초,공립,,전라북도 완주군 구이면 구이로 1357 (구이면. 구이초등학교),1,2023.0,교육활동 모델교,1,2016.0,,,,,,,,,,,,,,,,,,,,1
남관초등학교,전북,초,공립,,전라북도 완주군 상관면 마자길 7 (상관면.남관초등학교),0,,,0,,,,,,,,,,,,,,,,,,,,,0
대덕초등학교,전북,초,공립,,전라북도 완주군 구이면 구이로 641 (구이면. 대덕초등학교),1,2023.0,교육활동 모델교,0,,,,,,,,,,,,,,,,,,,,,0
동상초등학교,전북,초,공립,,전라북도 완주군 동상면 대아저수로 1525 (동상면. 동상초등학교),0,,,1,2019.0,,,,,,,,,,,,,,,,,,,,0
동양초등학교,전북,초,공립,,전라북도 완주군 소양면 전진로 1059 . 동양초등학교 (소양면),1,2023.0,교육활동 모델교,0,,,,,,,,,,,,,,,,,,,,,0
봉동초등학교,전북,초,공립,,전라북도 완주군 봉동읍 봉동동서로 105 (봉동읍.봉동초등학교),0,,,0,,,,,,,,,,,,,,,,,,,,,0
봉동초등학교양화분교장,전북,초,공립,,전라북도 완주군 고산면 양화로 181-7 (고산면),0,,,0,,,,,,,,,,,,,,,,,,,,,0
봉서초등학교,전북,초,공립,,전라북도 완주군 봉동읍 원둔산6길 5 (봉동읍. 봉서초등학교),0,,,1,2018.0,,,,,,,,,,,,,,,,,,,,0
봉성초등학교,전북,초,공립,,전라북도 완주군 봉동읍 신덕성덕길 58-17 (봉동읍. 봉성초등학교),0,,,0,,,,,,,,,,,,,,,,,,,,,0
비봉초등학교,전북,초,공립,,전라북도 완주군 비봉면 비봉소농길 40 (비봉면. 비봉초등학교),1,2023.0,교육활동 모델교,1,2019.0,,,,,,,,,,,,,,,,,,,,1
삼례초등학교,전북,초,공립,,전라북도 완주군 삼례읍 후정로 30 (삼례읍),1,2023.0,정보교육실 구축교,0,,,,,,,,,,,,,,,,,,,,,0
삼례동초등학교,전북,초,공립,,전라북도 완주군 삼례읍 구와로 13 . 삼례동초등학교 (삼례읍),0,,,0,,,,,,,,,,,,,,,,,,,,,0
삼례중앙초등학교,전북,초,공립,,전라북도 완주군 삼례읍 웃삼례길 17-10 (삼례읍. 삼례중앙초등학교),0,,,1,2017.0,,,,,,,,,,,,,,,,,,,,0
상관초등학교,전북,초,공립,,전라북도 완주군 상관면 신리로 115 (상관면. 상관초등학교),0,,,0,,,,,,,,,,,,,,,,,,,,,0
소양초등학교,전북,초,공립,,전라북도 완주군 소양면 소양로 239 (소양면. 소양초등학교),1,2023.0,정보교육실 구축교,0,,,,,,,,,,,,,,,,,,,,,0
소양서초등학교,전북,초,공립,,전라북도 완주군 소양면 명덕로 38 (소양면. 소양서초등학교),0,,,0,,,,,,,,,,,,,,,,,,,,,0
송광초등학교,전북,초,공립,,전라북도 완주군 소양면 송광새터길 16-3 송광초등학교 (소양면),0,,,0,,,,,,,,,,,,,,,,,,,,,0
용봉초등학교,전북,초,공립,,전라북도 완주군 봉동읍 완주로 449 (봉동읍. 용봉초등학교),0,,,0,,,,,,,,,,,,,,,,,,,,,0
용진초등학교,전북,초,공립,,전라북도 완주군 용진읍 상삼1길 52 . 용진초등학교 (용진읍),1,2023.0,교육활동 모델교,1,2017.0,,,,,,,,,,,,,,,,,,,,1
운주초등학교,전북,초,공립,,전라북도 완주군 운주면 운주로 107 (운주면. 운주초등학교),0,,,0,,,,,,,,,,,,,,,,,,,,,0
이서초등학교,전북,초,공립,,전라북도 완주군 이서면 이서로 76 (이서면),0,,,0,,,,,,,,,,,,,,,,,,,,,0
이성초등학교,전북,초,공립,,전라북도 완주군 이서면 대문안1길 23 (이서면. 이성초등학교),1,2023.0,교육활동 모델교,0,,,,,,,,,,,,,,,,,,,,,0
청명초등학교,전북,초,공립,,전라북도 완주군 구이면 구이로 1712 (구이면.청명초등학교),0,,,0,,,,,,,,,,,,,,,,,,,,,0
청완초등학교,전북,초,공립,,전라북도 완주군 봉동읍 삼봉로 541 (봉동읍. 청완초등학교),0,,,0,,,,,,,,,,,,,,,,,,,,,0
태봉초등학교,전북,초,공립,,전라북도 완주군 구이면 덕평로 289 (구이면. 태봉초등학교),0,,,0,,,,,,,,,,,,,,,,,,,,,0
화산초등학교,전북,초,공립,,전라북도 완주군 화산면 화산로 830 (화산면. 화산초등학교),0,,,0,,,,,,,,,,,,,,,,,,,,,0
봉서중학교,전북,중,공립,남여공학,전라북도 완주군 봉동읍 둔산3로 131 (봉동읍. 봉서중학교),0,,,0,,,,,,,,,,,,,,,,,,,,,0
고산중학교,전북,중,공립,남여공학,전라북도 완주군 고산면 읍내3길 41 . 고산중학교 (고산면. 고산중학교),0,,,0,,,,,,,,,,,,,,,,,,,,,0
구이중학교,전북,중,공립,남여공학,전라북도 완주군 구이면 구이로 1505 (구이면. 구이중학교),0,,,0,,,,,,,,,,,,,,,,,,,,,0
삼례중학교,전북,중,공립,남자,전라북도 완주군 삼례읍 삼례나들목로 338-33 (삼례읍),0,,,0,,,,,,,,,,,,,,,,,,,,,0
삼례여자중학교,전북,중,공립,여자,전라북도 완주군 삼례읍 왕궁로 66-15 (삼례읍. 삼례여자중학교),0,,,0,,,,,,,,,,,,,,,,,,,,,0
상관중학교,전북,중,공립,남여공학,전라북도 완주군 상관면 신리로 111 (상관면. 상관중학교),0,,,0,,,,,,,,,,,,,,,,,,,,,0
소양중학교,전북,중,공립,남여공학,전라북도 완주군 소양면 소양로 223 . 소양중학교 (소양면. 소양중학교),0,,,0,,,,,,,,,,,,,,,,,,,,,0
완주중학교,전북,중,공립,남여공학,전라북도 완주군 봉동읍 봉동동서로 60-6 (봉동읍. 완주중학교),0,,,0,,,,,,,,,,,,,,,,,,,,,0
삼우중학교,전북,중,사립,남여공학,전라북도 완주군 이서면 반교로 34-9 (이서면),0,,,0,,,,,,,,,,,,,,,,,,,,,0
용진중학교,전북,중,공립,남여공학,전라북도 완주군 용진읍 상운길 11 . 용진중학교 (용진읍),0,,,0,,,,,,,,,,,,,,,,,,,,,0
운주중학교,전북,중,공립,남여공학,전라북도 완주군 운주면 운주로 64 (운주면.운주중학교),0,,,0,,,,,,,,,,,,,,,,,,,,,0
화산중학교,전북,중,사립,남여공학,전라북도 완주군 화산면 화산로 874 (화산면),0,,,1,2017.0,,,,,,,,,,,,,,,,,,,,0
전북체육중학교,전북,중,공립,남여공학,전라북도 완주군 소양면 원암로 46 (소양면),0,,,0,,,,,,,,,,,,,,,,,,,,,0
전주예술중학교,전북,중,사립,남여공학,전라북도 완주군 구이면 신전길 120 (구이면. 전주예술중학교),0,,,0,,,,,,,,,,,,,,,,,,,,,0
동향초등학교,전북,초,공립,,전라북도 진안군 동향면 하양지1길 5 (동향면. 동향 초등학교),0,,,0,,,,,,,,,,,,,,,,,,,,,0
마령초등학교,전북,초,공립,,전라북도 진안군 마령면 임진로 2122 (마령면. 마령초등학교),0,,,0,,,,,,,,,,,,,,,,,,,,,0
백운초등학교,전북,초,공립,,전라북도 진안군 백운면 임진로 1340-8 . 백운초등학교 (백운면),0,,,0,,,,,,,,,,,,,,,,,,,,,0
부귀초등학교,전북,초,공립,,전라북도 진안군 부귀면 부귀로 313-9 (부귀면. 부귀초등학교),0,,,0,,,,,,,,,,,,,,,,,,,,,0
송풍초등학교,전북,초,공립,,전라북도 진안군 용담면 안용로 1005 (송풍초등학교.용담중학교),0,,,0,,,,,,,,,,,,,,,,,,,,,0
안천초등학교,전북,초,공립,,전라북도 진안군 안천면 진무로 3071-9 . 안천초등학교 (안천면),1,2023.0,교육활동 모델교,1,2019.0,,,,,,,,,,,,,,,,,,,,1
오천초등학교,전북,초,공립,,전라북도 진안군 진안읍 죽산로 5 (진안읍),0,,,0,,,,,,,,,,,,,,,,,,,,,0
외궁초등학교,전북,초,공립,,전라북도 진안군 성수면 가외반로 498 . 외궁초등학교 (성수면),0,,,0,,,,,,,,,,,,,,,,,,,,,0
장승초등학교,전북,초,공립,,전라북도 진안군 부귀면 곰티로 1287 . 장승초등학교 (부귀면),0,,,0,,,,,,,,,,,,,,,,,,,,,0
조림초등학교,전북,초,공립,,전라북도 진안군 정천면 봉학로 52 (정천면.조림초등학교),0,,,0,,,,,,,,,,,,,,,,,,,,,0
주천초등학교,전북,초,공립,,전라북도 진안군 주천면 동상주천로 2225 (주천면. 주천초등학교),0,,,0,,,,,,,,,,,,,,,,,,,,,0
진안초등학교,전북,초,공립,,전라북도 진안군 진안읍 중앙로 55 (진안읍. 진안초등학교),0,,,0,,,,,,,,,,,,,,,,,,,,,0
진안중앙초등학교,전북,초,공립,,전라북도 진안군 진안읍 학천변길 37-6 (진안읍. 중앙초등학교),0,,,0,,,,,,,,,,,,,,,,,,,,,0
동향중학교,전북,중,공립,남여공학,전라북도 진안군 동향면 창촌길 41 (동향면. 동향중학교),0,,,0,,,,,,,,,,,,,,,,,,,,,0
마령중학교,전북,중,공립,남여공학,전라북도 진안군 마령면 임진로 2086 (마령면. 마령중학교),0,,,0,,,,,,,,,,,,,,,,,,,,,0
백운중학교,전북,중,공립,남여공학,전라북도 진안군 백운면 임진로 1298 (백운면. 백운중학교),0,,,0,,,,,,,,,,,,,,,,,,,,,0
부귀중학교,전북,중,공립,남여공학,전라북도 진안군 부귀면 상거석길 14-7 (부귀면. 부귀중학교),0,,,0,,,,,,,,,,,,,,,,,,,,,0
안천중학교,전북,중,공립,남여공학,전라북도 진안군 안천면 진무로 3071-9 (안천면.안천 초 중고),0,,,0,,,,,,,,,,,,,,,,,,,,,0
용담중학교,전북,중,공립,남여공학,전라북도 진안군 용담면 안용로 1005 . 교무실 (용담면),0,,,0,,,,,,,,,,,,,,,,,,,,,0
주천중학교,전북,중,공립,남여공학,전라북도 진안군 주천면 동상주천로 2267 2267. 주천중학교 (주천면. 주천중학교),0,,,0,,,,,,,,,,,,,,,,,,,,,0
진성중학교,전북,중,공립,남여공학,전라북도 진안군 성수면 관진로 719 . 진성중학교 (성수면),0,,,0,,,,,,,,,,,,,,,,,,,,,0
진안중학교,전북,중,공립,남자,전라북도 진안군 진안읍 상역로 86 (진안읍. 진안중학교),0,,,0,,,,,,,,,,,,,,,,,,,,,0
진안여자중학교,전북,중,공립,여자,전라북도 진안군 진안읍 어영골길 33 (진안읍),0,,,0,,,,,,,,,,,,,,,,,,,,,0
괴목초등학교,전북,초,공립,,전라북도 무주군 적상면 괴목로 536-4 (적상면. 괴목초등학교),0,,,0,,,,,,,,,,,,,,,,,,,,,0
구천초등학교,전북,초,공립,,전라북도 무주군 설천면 구천동로 898 (설천면. 구천초등학교),0,,,0,,,,,,,,,,,,,,,,,,,,,0
무주초등학교,전북,초,공립,,전라북도 무주군 무주읍 향한로 43 (무주읍),0,,,0,,,,,,,,,,,,,,,,,,,,,0
무주중앙초등학교,전북,초,공립,,전라북도 무주군 무주읍 향학로 87 . 무주중앙초등학교 (무주읍. 무주중앙초등학교),0,,,0,,,,,,,,,,,,,,,,,,,,,0
무풍초등학교,전북,초,공립,,전라북도 무주군 무풍면 대덕산로 926 (무풍면),0,,,0,,,,,,,,,,,,,,,,,,,,,0
부남초등학교,전북,초,공립,,전라북도 무주군 부남면 대소길 10 (부남면. 부남초등학교. 부남중학교),1,2023.0,교육활동 모델교,0,,,,,,,,,,,,,,,,,,,,,0
부당초등학교,전북,초,공립,,전라북도 무주군 부남면 부남로 1785 . 부당초등학교 (부남면. 부당초등학교),0,,,0,,,,,,,,,,,,,,,,,,,,,0
설천초등학교,전북,초,공립,,전라북도 무주군 설천면 무설로 1599 . 설천초등학교 (설천면),0,,,1,2020.0,,,,,,,,,,,,,,,,,,,,0
안성초등학교,전북,초,공립,,전라북도 무주군 안성면 칠연로 58 (안성면),0,,,0,,,,,,,,,,,,,,,,,,,,,0
적상초등학교,전북,초,공립,,전라북도 무주군 적상면 삼가로 16 (적상면. 적상초등학교. 병설유치원),0,,,0,,,,,,,,,,,,,,,,,,,,,0
무주중학교,전북,중,공립,남여공학,전라북도 무주군 무주읍 신교로 1 . 무주중학교 (무주읍),0,,,0,,,,,,,,,,,,,,,,,,,,,0
무풍중학교,전북,중,공립,남여공학,전라북도 무주군 무풍면 대덕산로 914 (무풍면. 무풍중고등학교),0,,,0,,,,,,,,,,,,,,,,,,,,,0
안성중학교,전북,중,공립,남여공학,전라북도 무주군 안성면 구량천로 149 (안성면. 안성중학교),0,,,0,,,,,,,,,,,,,,,,,,,,,0
부남중학교,전북,중,공립,남여공학,전라북도 무주군 부남면 대소길 10 . 부남초중학교 (부남면. 부남초등학교. 부남중학교),0,,,0,,,,,,,,,,,,,,,,,,,,,0
설천중학교,전북,중,공립,남여공학,전라북도 무주군 설천면 하평지길 19 .설천중학교,0,,,0,,,,,,,,,,,,,,,,,,,,,0
적상중학교,전북,중,공립,남여공학,전라북도 무주군 적상면 여용로 269 (적상면.적상중학교),0,,,0,,,,,,,,,,,,,,,,,,,,,0
계남초등학교,전북,초,공립,,전라북도 장수군 계남면 조곡길 1 . 계남초등학교 (계남면),0,,,0,,,,,,,,,,,,,,,,,,,,,0
계북초등학교,전북,초,공립,,전라북도 장수군 계북면 문성길 7 (계북면. 계북초등학교),1,2023.0,교육활동 모델교,1,2019.0,,,,,,,,,,,,,,,,,,,,1
번암초등학교,전북,초,공립,,전라북도 장수군 번암면 동강길 21 (번암면. 번암초등학교),0,,,0,,,,,,,,,,,,,,,,,,,,,0
산서초등학교,전북,초,공립,,전라북도 장수군 산서면 동백로 7 (산서면. 산서초등학교),0,,,0,,,,,,,,,,,,,,,,,,,,,0
번암초등학교동화분교장,전북,초,공립,,전라북도 장수군 번암면 지지로 610 (번암면. 동화분교),0,,,0,,,,,,,,,,,,,,,,,,,,,0
수남초등학교,전북,초,공립,,전라북도 장수군 장수읍 장수로 1898 (장수읍. 수남초등학교),1,2023.0,교육활동 모델교,1,2016.0,,,,,,,,,,,,,,,,,,,,1
장계초등학교,전북,초,공립,,전라북도 장수군 장계면 한들로 69 . 장계리 (장계면. 장계초등학교),0,,,1,2019.0,,,,,,,,,,,,,,,,,,,,0
장수초등학교,전북,초,공립,,전라북도 장수군 장수읍 향교길 11-8. 장수초등학교 (장수읍),0,,,0,,,,,,,,,,,,,,,,,,,,,0
천천초등학교,전북,초,공립,,전라북도 장수군 천천면 송탄로 22 . 천천초등학교 (천천면. 천천초등학교),1,2023.0,교육활동 모델교,1,2017.0,,,,,,,,,,,,,,,,,,,,1
계남중학교,전북,중,공립,남여공학,전라북도 장수군 계남면 계남중길 52 (계남면. 계남중학교),0,,,0,,,,,,,,,,,,,,,,,,,,,0
계북중학교,전북,중,공립,남여공학,전라북도 장수군 계북면 장무로 1005-12 (계북면. 계북중학교),0,,,0,,,,,,,,,,,,,,,,,,,,,0
번암중학교,전북,중,공립,남여공학,전라북도 장수군 번암면 지지로 28-12 (번암면. 번암중학교),0,,,0,,,,,,,,,,,,,,,,,,,,,0
산서중학교,전북,중,공립,남여공학,전라북도 장수군 산서면 보산로 1852-6 (산서면),0,,,0,,,,,,,,,,,,,,,,,,,,,0
장계중학교,전북,중,공립,남여공학,전라북도 장수군 장계면 장무로 239-6 . 장계중학교 (장계면),0,,,0,,,,,,,,,,,,,,,,,,,,,0
장수중학교,전북,중,공립,남여공학,전라북도 장수군 장수읍 호비로 68 (장수읍. 장수중학교),0,,,0,,,,,,,,,,,,,,,,,,,,,0
천천중학교,전북,중,공립,남여공학,전라북도 장수군 천천면 춘송길 47 (천천면),0,,,0,,,,,,,,,,,,,,,,,,,,,0
갈담초등학교,전북,초,공립,,전라북도 임실군 강진면 호국로 65 (강진면. 갈담 초등학교),0,,,0,,,,,,,,,,,,,,,,,,,,,0
관촌초등학교,전북,초,공립,,전라북도 임실군 관촌면 사선6길 11 (관촌면. 관촌 초등학교),0,,,0,,,,,,,,,,,,,,,,,,,,,0
대리초등학교,전북,초,공립,,전라북도 임실군 신평면 대리로 187 . 대리초등학교 (신평면),0,,,0,,,,,,,,,,,,,,,,,,,,,0
덕치초등학교,전북,초,공립,,전라북도 임실군 덕치면 인덕로 1217 (덕치면),0,,,0,,,,,,,,,,,,,,,,,,,,,0
삼계초등학교,전북,초,공립,,전라북도 임실군 삼계면 삼계1길 20-3 .삼계초등학교 (삼계면),0,,,0,,,,,,,,,,,,,,,,,,,,,0
성수초등학교,전북,초,공립,,전라북도 임실군 성수면 임진로 189 . 성수초등학교 (성수면. 성수초등학교),0,,,0,,,,,,,,,,,,,,,,,,,,,0
신덕초등학교,전북,초,공립,,전라북도 임실군 신덕면 수지로 56 (신덕면.신덕초등학교),0,,,0,,,,,,,,,,,,,,,,,,,,,0
신평초등학교,전북,초,공립,,전라북도 임실군 신평면 가덕로 683 (신평면. 신평초등학교),0,,,0,,,,,,,,,,,,,,,,,,,,,0
오수초등학교,전북,초,공립,,전라북도 임실군 오수면 충효로 2059 (오수면),1,2023.0,교육활동 모델교,0,,,,,,,,,,,,,,,,,,,,,0
운암초등학교,전북,초,공립,,전라북도 임실군 운암면 상운길 12 (운암면.운암초중학교),0,,,0,,,,,,,,,,,,,,,,,,,,,0
임실기림초등학교,전북,초,공립,,전라북도 임실군 임실읍 봉황로 369 (임실읍. 임실 기림 초등학교),1,2023.0,교육활동 모델교,0,,,,,,,,,,,,,,,,,,,,,0
마암초등학교,전북,초,공립,,전라북도 임실군 운암면 마암2길 84 (운암면),0,,,0,,,,,,,,,,,,,,,,,,,,,0
임실초등학교,전북,초,공립,,전라북도 임실군 임실읍 봉황로 64-12 . 임실초등학교 (임실읍),0,,,0,,,,,,,,,,,,,,,,,,,,,0
지사초등학교,전북,초,공립,,전라북도 임실군 지사면 방계3길 10 . 지사초등학교 (지사면),0,,,0,,,,,,,,,,,,,,,,,,,,,0
청웅초등학교,전북,초,공립,,전라북도 임실군 청웅면 청웅로 188 . 청웅초등학교 (청웅면. 청웅초등학교),0,,,0,,,,,,,,,,,,,,,,,,,,,0
관촌중학교,전북,중,공립,남여공학,전라북도 임실군 관촌면 사선10길 23 (관촌면. 관촌중학교),0,,,0,,,,,,,,,,,,,,,,,,,,,0
삼계중학교,전북,중,공립,남여공학,전라북도 임실군 삼계면 삼계2길 16 (삼계면. 삼계중학교),0,,,0,,,,,,,,,,,,,,,,,,,,,0
섬진중학교,전북,중,공립,남여공학,전라북도 임실군 강진면 강운로 87 (강진면. 섬진중학교),0,,,0,,,,,,,,,,,,,,,,,,,,,0
성수중학교,전북,중,공립,남여공학,전라북도 임실군 성수면 월삼로 354 (성수면. 성수중학교),0,,,0,,,,,,,,,,,,,,,,,,,,,0
오수중학교,전북,중,공립,남여공학,전라북도 임실군 오수면 충효로 2099-15 (오수면. 오수중학교),0,,,0,,,,,,,,,,,,,,,,,,,,,0
운암중학교,전북,중,공립,남여공학,전라북도 임실군 운암면 상운길 12 (운암면.운암중학교),0,,,0,,,,,,,,,,,,,,,,,,,,,0
임실동중학교,전북,중,공립,남여공학,전라북도 임실군 임실읍 봉황로 147 (임실읍. 임실 동중학교),1,2023.0,교육활동 모델교,0,,,,,,,,,,,,,,,,,,,,,0
지사중학교,전북,중,공립,남여공학,전라북도 임실군 지사면 충효로 2469 (지사면),0,,,0,,,,,,,,,,,,,,,,,,,,,0
청웅중학교,전북,중,공립,남여공학,전라북도 임실군 청웅면 청웅로 131-7 (청웅면.청웅중학교),0,,,0,,,,,,,,,,,,,,,,,,,,,0
구림초등학교,전북,초,공립,,전라북도 순창군 구림면 방화로 6 (구림면. 구림초·중학교),0,,,0,,,,,,,,,,,,,,,,,,,,,0
금과초등학교,전북,초,공립,,전라북도 순창군 금과면 신매우1길 11 . 금과초등학교 (금과면),0,,,0,,,,,,,,,,,,,,,,,,,,,0
동계초등학교,전북,초,공립,,전라북도 순창군 동계면 동계로 35 . 동계초등학교 (동계면. 동계초등학교),0,,,1,2017.0,,,,,,,,,,,,,,,,,,,,0
동산초등학교,전북,초,공립,,전라북도 순창군 복흥면 동산길 17 (복흥면.동산초등학교),0,,,0,,,,,,,,,,,,,,,,,,,,,0
복흥초등학교,전북,초,공립,,전라북도 순창군 복흥면 정산로 12 . 복흥초등학교 (복흥면),0,,,0,,,,,,,,,,,,,,,,,,,,,0
순창초등학교,전북,초,공립,,전라북도 순창군 순창읍 순창7길 40 . 순창초등학교 (순창읍. 순창초등학교),0,,,0,,,,,,,,,,,,,,,,,,,,,0
시산초등학교,전북,초,공립,,전라북도 순창군 쌍치면 시산길 45 (쌍치면. 시산초등학교),0,,,0,,,,,,,,,,,,,,,,,,,,,0
쌍치초등학교,전북,초,공립,,전라북도 순창군 쌍치면 반계길 40 . 쌍치초등학교 (쌍치면. 쌍치초교),0,,,0,,,,,,,,,,,,,,,,,,,,,0
옥천초등학교,전북,초,공립,,전라북도 순창군 순창읍 순창6길 33 . 옥천초등학교 (순창읍),0,,,0,,,,,,,,,,,,,,,,,,,,,0
유등초등학교,전북,초,공립,,전라북도 순창군 유등면 유등로 413 (유등면),0,,,0,,,,,,,,,,,,,,,,,,,,,0
인계초등학교,전북,초,공립,,전라북도 순창군 인계면 인성로 162-7 . 인계면. 인계초등학교 (인계면. 인계초등학교),0,,,0,,,,,,,,,,,,,,,,,,,,,0
적성초등학교,전북,초,공립,,전라북도 순창군 적성면 적성로 149-7 (적성면. 적성초등학교),0,,,0,,,,,,,,,,,,,,,,,,,,,0
순창중앙초등학교,전북,초,공립,,전라북도 순창군 순창읍 장류로 385 (순창읍. 순창중앙초등학교),0,,,0,,,,,,,,,,,,,,,,,,,,,0
팔덕초등학교,전북,초,공립,,전라북도 순창군 팔덕면 강천로 328 (팔덕면. 팔덕초교),0,,,0,,,,,,,,,,,,,,,,,,,,,0
풍산초등학교,전북,초,공립,,전라북도 순창군 풍산면 금풍로 997-10 . 풍산초등학교 (풍산면. 풍산초교),0,,,0,,,,,,,,,,,,,,,,,,,,,0
구림중학교,전북,중,공립,남여공학,전라북도 순창군 구림면 방화로 6 (구림면. 구림초·중학교),0,,,0,,,,,,,,,,,,,,,,,,,,,0
복흥중학교,전북,중,공립,남여공학,전라북도 순창군 복흥면 금월로 33-4 (복흥면. 북흥중학교),0,,,0,,,,,,,,,,,,,,,,,,,,,0
순창중학교,전북,중,공립,남자,전라북도 순창군 순창읍 담순로 1418 (순창읍.순창중교),0,,,0,,,,,,,,,,,,,,,,,,,,,0
순창여자중학교,전북,중,공립,여자,전라북도 순창군 순창읍 장류로 295-11 . 순창여자중학교 (순창읍),0,,,0,,,,,,,,,,,,,,,,,,,,,0
쌍치중학교,전북,중,공립,남여공학,전라북도 순창군 쌍치면 쌍계로 30-5 (쌍치면. 쌍치중교),0,,,0,,,,,,,,,,,,,,,,,,,,,0
동계중학교,전북,중,공립,남여공학,전라북도 순창군 동계면 강동로 74 (동계면),0,,,0,,,,,,,,,,,,,,,,,,,,,0
순창북중학교,전북,중,사립,남자,전라북도 순창군 순창읍 옥천로 67-13 (순창읍. 순창북중교),0,,,0,,,,,,,,,,,,,,,,,,,,,0
가평초등학교,전북,초,공립,,전라북도 고창군 신림면 가평로 472 (신림면. 가평초등학교),0,,,0,,,,,,,,,,,,,,,,,,,,,0
고수초등학교,전북,초,공립,,전라북도 고창군 고수면 고수로 93 (고수면.고수초등학교),0,,,0,,,,,,,,,,,,,,,,,,,,,0
고창초등학교,전북,초,공립,,전라북도 고창군 고창읍 중앙로 259 (고창읍. 고창초등학교),1,2023.0,교육활동 모델교,0,,,,,,,,,,,,,,,,,,,,,0
고창남초등학교,전북,초,공립,,전라북도 고창군 고창읍 중거리당산로 111 (고창읍. 고창남초등학교),0,,,0,,,,,,,,,,,,,,,,,,,,,0
공음초등학교,전북,초,공립,,전라북도 고창군 공음면 공음길 20 (공음면.공음초등학교),0,,,0,,,,,,,,,,,,,,,,,,,,,0
대산초등학교,전북,초,공립,,전라북도 고창군 대산면 장자산로 669 . 대산초등학교 (대산면. 대산초등학교),0,,,0,,,,,,,,,,,,,,,,,,,,,0
대아초등학교,전북,초,공립,,전라북도 고창군 아산면 녹두로 776 (아산면. 대아초등학교),0,,,0,,,,,,,,,,,,,,,,,,,,,0
동호초등학교,전북,초,공립,,전라북도 고창군 해리면 신동호길 18 (해리면),0,,,0,,,,,,,,,,,,,,,,,,,,,0
매산초등학교,전북,초,공립,,전라북도 고창군 대산면 매산초등길 22 (대산면),0,,,0,,,,,,,,,,,,,,,,,,,,,0
무장초등학교,전북,초,공립,,전라북도 고창군 무장면 무장초등길 24 (무장면.무장초등학교),0,,,0,,,,,,,,,,,,,,,,,,,,,0
봉암초등학교,전북,초,공립,,전라북도 고창군 부안면 인촌로 505 . 봉암초등학교 (부안면),0,,,0,,,,,,,,,,,,,,,,,,,,,0
부안초등학교,전북,초,공립,,전라북도 고창군 부안면 복분자로 806 . 부안초등학교 (부안면),0,,,0,,,,,,,,,,,,,,,,,,,,,0
상하초등학교,전북,초,공립,,전라북도 고창군 상하면 상하1길 36 (상하면. 상하초등학교),0,,,0,,,,,,,,,,,,,,,,,,,,,0
선동초등학교,전북,초,공립,,전라북도 고창군 공음면 청보리로 1010 (공음면. 선동초등학교),0,,,1,2020.0,,,,,,,,,,,,,,,,,,,,0
성내초등학교,전북,초,공립,,전라북도 고창군 성내면 시기2길 2 . 성내초등학교 (성내면. 성내초등학교),0,,,0,,,,,,,,,,,,,,,,,,,,,0
성송초등학교,전북,초,공립,,전라북도 고창군 성송면 백토1길 10 . 성송초등학교 (성송면),0,,,0,,,,,,,,,,,,,,,,,,,,,0
신림초등학교,전북,초,공립,,전라북도 고창군 신림면 동법지길 61 . 신림초등학교 (신림면. 신림초등학교),0,,,0,,,,,,,,,,,,,,,,,,,,,0
심원초등학교,전북,초,공립,,전라북도 고창군 심원면 심원로 229 (심원면.심원초등학교),1,2023.0,교육활동 모델교,1,2019.0,,,,,,,,,,,,,,,,,,,,1
아산초등학교,전북,초,공립,,전라북도 고창군 아산면 영모정길 45 (아산면),0,,,0,,,,,,,,,,,,,,,,,,,,,0
해리초등학교,전북,초,공립,,전라북도 고창군 해리면 해리중앙로 152 (해리면),0,,,0,,,,,,,,,,,,,,,,,,,,,0
흥덕초등학교,전북,초,공립,,전라북도 고창군 흥덕면 흥덕초등길 13 . 흥덕초등학교 (흥덕면. 흥덕초등학교),0,,,0,,,,,,,,,,,,,,,,,,,,,0
고창중학교,전북,중,공립,남자,전라북도 고창군 고창읍 보릿골로 35 . 고창중학교 (고창읍.고창중학교),0,,,0,,,,,,,,,,,,,,,,,,,,,0
공음중학교,전북,중,공립,남여공학,전라북도 고창군 공음면 공음길 74-6 (공음면. 공음중학교),0,,,0,,,,,,,,,,,,,,,,,,,,,0
대성중학교,전북,중,공립,남여공학,전라북도 고창군 대산면 고산성로 29-11 (대산면. 대성중학교),0,,,0,,,,,,,,,,,,,,,,,,,,,0
상하중학교,전북,중,공립,남여공학,전라북도 고창군 상하면 상하1길 34 (상하면),0,,,0,,,,,,,,,,,,,,,,,,,,,0
성내중학교,전북,중,공립,남여공학,전라북도 고창군 성내면 선운대로 4223-11 . 성내중학교 (성내면. 성내중학교),0,,,0,,,,,,,,,,,,,,,,,,,,,0
신림중학교,전북,중,공립,남여공학,전라북도 고창군 신림면 대강길 19-2 (신림면.신림중학교),0,,,0,,,,,,,,,,,,,,,,,,,,,0
심원중학교,전북,중,공립,남여공학,전라북도 고창군 심원면 심원로 158-11 (심원중학교),0,,,0,,,,,,,,,,,,,,,,,,,,,0
아산중학교,전북,중,공립,남여공학,전라북도 고창군 아산면 목동로 336 (아산면.아산중학교),0,,,0,,,,,,,,,,,,,,,,,,,,,0
해리중학교,전북,중,공립,남여공학,전라북도 고창군 해리면 해리중앙로 120 . 해리중학교 (해리면. 해리중학교),0,,,0,,,,,,,,,,,,,,,,,,,,,0
흥덕중학교,전북,중,공립,남여공학,전라북도 고창군 흥덕면 잿말길 21 (흥덕면. 흥덕중학교),0,,,0,,,,,,,,,,,,,,,,,,,,,0
고창남중학교,전북,중,사립,남여공학,전라북도 고창군 성송면 대성로 877 (성송면),0,,,0,,,,,,,,,,,,,,,,,,,,,0
고창북중학교,전북,중,사립,남여공학,전라북도 고창군 부안면 복분자로 788-141 . 고창북중학교 (부안면),1,2023.0,교육활동 모델교,0,,,,,,,,,,,,,,,,,,,,,0
고창여자중학교,전북,중,사립,여자,전라북도 고창군 고창읍 보릿골로 176 (고창읍),0,,,0,,,,,,,,,,,,,,,,,,,,,0
영선중학교,전북,중,사립,남여공학,전라북도 고창군 무장면 왕제산로 713 . 영선중학교 (무장면. 영선중고등학교),1,2023.0,교육활동 모델교,1,2016.0,,,,,,,,,,,,,,,,,,,,1
격포초등학교,전북,초,공립,,전라북도 부안군 변산면 격포윗길 11 (변산면. 격포초등학교),0,,,0,,,,,,,,,,,,,,,,,,,,,0
계화초등학교,전북,초,공립,,전라북도 부안군 계화면 계화로 475 (계화면. 계화초등학교),0,,,0,,,,,,,,,,,,,,,,,,,,,0
곰소초등학교,전북,초,공립,,전라북도 부안군 진서면 작도길 7 (진서면. 곰소초등학교),0,,,0,,,,,,,,,,,,,,,,,,,,,0
동북초등학교,전북,초,공립,,전라북도 부안군 동진면 제전길 63 (동진면. 동북초등학교),0,,,0,,,,,,,,,,,,,,,,,,,,,0
동진초등학교,전북,초,공립,,전라북도 부안군 동진면 동진로 145 (동진면),0,,,0,,,,,,,,,,,,,,,,,,,,,0
백련초등학교,전북,초,공립,,전라북도 부안군 하서면 변산로 1203 (하서면. 백련초등학교),0,,,0,,,,,,,,,,,,,,,,,,,,,0
백룡초등학교,전북,초,공립,,전라북도 부안군 백산면 시기길 15 (백산면. 백룡초등학교),0,,,0,,,,,,,,,,,,,,,,,,,,,0
백산초등학교,전북,초,공립,,전라북도 부안군 백산면 백산로 306-7 (백산면. 백산초등학교),0,,,0,,,,,,,,,,,,,,,,,,,,,0
변산초등학교,전북,초,공립,,전라북도 부안군 변산면 지서1길 11 (변산면. 변산초등학교),0,,,0,,,,,,,,,,,,,,,,,,,,,0
부안남초등학교,전북,초,공립,,전라북도 부안군 부안읍 연곡로 7 . 부안남초등학교 (부안읍),0,,,0,,,,,,,,,,,,,,,,,,,,,0
부안동초등학교,전북,초,공립,,전라북도 부안군 부안읍 석정로 313 (부안읍. 부안동초등학교),1,2023.0,교육활동 모델교,1,2016.0,,,,,,,,,,,,,,,,,,,,1
상서초등학교,전북,초,공립,,전라북도 부안군 상서면 고인돌로 314 (상서면. 상서초등학교),0,,,0,,,,,,,,,,,,,,,,,,,,,0
위도초등학교식도분교장,전북,초,공립,,전라북도 부안군 위도면 식도1길 17-2 (위도면. 위도초등학교식도분교장),0,,,0,,,,,,,,,,,,,,,,,,,,,0
영전초등학교,전북,초,공립,,전라북도 부안군 보안면 부안로 1158 (보안면.영전초등학교),0,,,0,,,,,,,,,,,,,,,,,,,,,0
우덕초등학교,전북,초,공립,,전라북도 부안군 상서면 부안로 1971 . 우덕초등학교 (상서면. 우덕초등학교),1,2023.0,교육활동 모델교,1,2016.0,,,,,,,,,,,,,,,,,,,,1
위도초등학교,전북,초,공립,,전라북도 부안군 위도면 진리잔등로 113-3 (위도면. 위도초등학교),1,2023.0,교육활동 모델교,0,,,,,,,,,,,,,,,,,,,,,0
장신초등학교,전북,초,공립,,전라북도 부안군 하서면 석불로 68 (하서면),0,,,0,,,,,,,,,,,,,,,,,,,,,0
주산초등학교,전북,초,공립,,전라북도 부안군 주산면 주산초교길 86-11 (주산면),0,,,0,,,,,,,,,,,,,,,,,,,,,0
줄포초등학교,전북,초,공립,,전라북도 부안군 줄포면 줄포초교길 16 (줄포면. 줄포초등학교),1,2023.0,교육활동 모델교,1,2019.0,,,,,,,,,,,,,,,,,,,,1
창북초등학교,전북,초,공립,,전라북도 부안군 계화면 창북중앙길 115 (계화면. 창북초등학교),1,2023.0,정보교육실 구축교,0,,,,,,,,,,,,,,,,,,,,,0
하서초등학교,전북,초,공립,,전라북도 부안군 하서면 서당로 99 . 하서초등학교 (하서면. 하서초등학교),1,2023.0,교육활동 모델교,1,2019.0,,,,,,,,,,,,,,,,,,,,1
행안초등학교,전북,초,공립,,전라북도 부안군 행안면 월륜길 18 (행안면. 행안초등학교),1,2023.0,교육활동 모델교,1,2019.0,,,,,,,,,,,,,,,,,,,,1
계화중학교,전북,중,공립,남여공학,전라북도 부안군 계화면 창북중앙길 92 (계화면. 계화중학교),0,,,0,,,,,,,,,,,,,,,,,,,,,0
변산중학교,전북,중,공립,남여공학,전라북도 부안군 진서면 청자로 921 . 변산중학교 (진서면),0,,,0,,,,,,,,,,,,,,,,,,,,,0
보안중학교,전북,중,공립,남여공학,전라북도 부안군 보안면 영전길 37 (보안면. 보안중학교),0,,,0,,,,,,,,,,,,,,,,,,,,,0
부안중학교,전북,중,공립,남자,전라북도 부안군 부안읍 당산로 1 . 부안중학교 (부안읍),0,,,0,,,,,,,,,,,,,,,,,,,,,0
상서중학교,전북,중,공립,남여공학,전라북도 부안군 상서면 고인돌로 17 (상서면.상서중학교),0,,,0,,,,,,,,,,,,,,,,,,,,,0
위도중학교,전북,중,공립,남여공학,전라북도 부안군 위도면 위도로 245 . 위도중고등학교 (위도면. 위도중고등학교),0,,,0,,,,,,,,,,,,,,,,,,,,,0
주산중학교,전북,중,공립,남여공학,전라북도 부안군 주산면 주산로 30 주산중학교,0,,,0,,,,,,,,,,,,,,,,,,,,,0
줄포중학교,전북,중,공립,남여공학,전라북도 부안군 줄포면 부안로 938 (줄포면. 줄포중학교),0,,,0,,,,,,,,,,,,,,,,,,,,,0
하서중학교,전북,중,공립,남여공학,전라북도 부안군 하서면 변산로 852 (하서면. 하서중학교),0,,,0,,,,,,,,,,,,,,,,,,,,,0
백산중학교,전북,중,사립,남여공학,전라북도 부안군 백산면 백산로 379 . 백산중학교 (백산면.백산중고등학교),0,,,0,,,,,,,,,,,,,,,,,,,,,0
변산서중학교,전북,중,사립,남여공학,전라북도 부안군 변산면 지서로 139 . 변산서중학교 (변산면),0,,,1,2019.0,,,,,,,,,,,,,,,,,,,,0
부안여자중학교,전북,중,사립,여자,전라북도 부안군 부안읍 교동1길 42 (부안읍. 부안여중),0,,,0,,,,,,,,,,,,,,,,,,,,,0
삼남중학교,전북,중,사립,남자,전라북도 부안군 부안읍 용계길 29 (부안읍. 삼남중학교),0,,,0,,,,,,,,,,,,,,,,,,,,,0
목포고등학교,전남,고,공립,남자,전라남도 목포시 산정로224번길 11 (용당동),0,,,0,,,,,,,,,,,,,,,,,,,,,0
목포여자고등학교,전남,고,공립,여자,전라남도 목포시 청호로 34 (대성동),0,,,0,,,,,,,,,,,,,,,,,,,,,0
목포제일여자고등학교,전남,고,공립,여자,전라남도 목포시 삼향천로 85 . 목포제일여자고등학교 (옥암동),1,2023.0,교육활동 모델교,0,,,,,,,,,,,,,,,,,,,,,0
여수고등학교,전남,고,공립,남자,전라남도 여수시 공화남3길 10 (수정동. 여수고등학교),0,,,0,,,,,,,,,,,,,,,,,,,,,0
여수여자고등학교,전남,고,공립,여자,전라남도 여수시 관문1길 41 . 여수여자고등학교 (관문동),0,,,0,,,,,,,,,,,,,,,,,,,,,0
순천고등학교,전남,고,공립,남자,전라남도 순천시 우석로 191 (인제동.순천고등학교),1,2023.0,교육활동 모델교,1,2019.0,,,,,,,,,,,,,,,,,,,,1
순천여자고등학교,전남,고,공립,여자,전라남도 순천시 저전길 54 (저전동),1,2023.0,교육활동 모델교,1,2019.0,,,,,,,,,,,,,,,,,,,,1
나주고등학교,전남,고,공립,남여공학,전라남도 나주시 나주천2길 26 (교동),1,2023.0,교육활동 모델교,0,,,,,,,,,,,,,,,,,,,,,0
봉황고등학교,전남,고,공립,남여공학,전라남도 나주시 월정5길 22 . 봉황고등학교 (빛가람동),0,,,0,,,,,,,,,,,,,,,,,,,,,0
여천고등학교,전남,고,공립,남자,전라남도 여수시 가곡길 63 . 여천고등학교 (선원동),0,,,0,,,,,,,,,,,,,,,,,,,,,0
부영여자고등학교,전남,고,공립,여자,전라남도 여수시 안산1길 172-9 부영여자고등학교 (안산동),0,,,0,,,,,,,,,,,,,,,,,,,,,0
광양백운고등학교,전남,고,공립,남여공학,전라남도 광양시 중마로 250 (중동. 광양백운고등학교),1,2023.0,교육활동 모델교,0,,,,,,,,,,,,,,,,,,,,,0
광양고등학교,전남,고,공립,남자,전라남도 광양시 봉강면 매천로 667 (봉강면),0,,,0,,,,,,,,,,,,,,,,,,,,,0
광양여자고등학교,전남,고,공립,여자,전라남도 광양시 광양읍 인덕로 1039 (광양읍),0,,,0,,,,,,,,,,,,,,,,,,,,,0
여수화양고등학교,전남,고,공립,남여공학,전라남도 여수시 화양면 화동로 203 . 여수화양고등학교 (화양면. 여수화양고등학교),0,,,0,,,,,,,,,,,,,,,,,,,,,0
여남고등학교,전남,고,공립,남여공학,전라남도 여수시 남면 우실해안길 5 (남면. 여남중고등학교),0,,,0,,,,,,,,,,,,,,,,,,,,,0
담양고등학교,전남,고,공립,남여공학,전라남도 담양군 담양읍 천변7길 11 . 담양고등학교 (담양읍),0,,,0,,,,,,,,,,,,,,,,,,,,,0
곡성고등학교,전남,고,공립,남여공학,전라남도 곡성군 곡성읍 학교로 119 (곡성읍),1,2023.0,교육활동 모델교,1,2019.0,,,,,,,,,,,,,,,,,,,,1
구례고등학교,전남,고,공립,남여공학,전라남도 구례군 구례읍 봉성로 15-18 (구례읍. 구례고등학교),0,,,0,,,,,,,,,,,,,,,,,,,,,0
고흥고등학교,전남,고,공립,남여공학,전라남도 고흥군 고흥읍 학교길 23 (고흥읍),0,,,0,,,,,,,,,,,,,,,,,,,,,0
녹동고등학교,전남,고,공립,남여공학,전라남도 고흥군 도양읍 비봉뚝길 108 (도양읍),0,,,0,,,,,,,,,,,,,,,,,,,,,0
보성고등학교,전남,고,공립,남여공학,전라남도 보성군 보성읍 용문길 48 (보성읍),1,2023.0,교육활동 모델교,0,,,,,,,,,,,,,,,,,,,,,0
화순고등학교,전남,고,공립,남여공학,전라남도 화순군 화순읍 진각로 31-9 (화순읍. 화순고등학교),0,,,0,,,,,,,,,,,,,,,,,,,,,0
장흥고등학교,전남,고,공립,남여공학,전라남도 장흥군 장흥읍 학사길 13 (장흥읍),0,,,0,,,,,,,,,,,,,,,,,,,,,0
장흥관산고등학교,전남,고,공립,남여공학,전라남도 장흥군 관산읍 당월길 9 (관산읍) 장흥관산고등학교,0,,,0,,,,,,,,,,,,,,,,,,,,,0
강진고등학교,전남,고,공립,남여공학,전라남도 강진군 강진읍 고성길 15-7 (강진읍. 강진고등학교),1,2023.0,교육활동 모델교,0,,,,,,,,,,,,,,,,,,,,,0
성전고등학교,전남,고,공립,남여공학,전라남도 강진군 성전면 별뫼로 367-9 성전고등학교 (성전면),0,,,0,,,,,,,,,,,,,,,,,,,,,0
해남고등학교,전남,고,공립,남여공학,전라남도 해남군 해남읍 명문길 7 (해남읍.해남고등학교),1,2023.0,교육활동 모델교,0,,,,,,,,,,,,,,,,,,,,,0
영암고등학교,전남,고,공립,남자,전라남도 영암군 영암읍 영암초중고길 40 (영암읍.영암고등학교),1,2023.0,교육활동 모델교,0,,,,,,,,,,,,,,,,,,,,,0
영암낭주고등학교,전남,고,공립,남여공학,전라남도 영암군 학산면 영산로 76-35 (학산면),0,,,0,,,,,,,,,,,,,,,,,,,,,0
영광고등학교,전남,고,공립,남여공학,전라남도 영광군 영광읍 옥당로 13-22 (영광읍),0,,,0,,,,,,,,,,,,,,,,,,,,,0
완도고등학교,전남,고,공립,남여공학,전라남도 완도군 완도읍 개포로135번길 55 . 완도고등학교 (완도읍),0,,,0,,,,,,,,,,,,,,,,,,,,,0
완도금일고등학교,전남,고,공립,남여공학,전라남도 완도군 금일읍 금일로 420 . 완도금일고등학교,0,,,0,,,,,,,,,,,,,,,,,,,,,0
약산고등학교,전남,고,공립,남여공학,전라남도 완도군 약산면 약산로 366 . 약산고등학교 (약산면),0,,,0,,,,,,,,,,,,,,,,,,,,,0
도초고등학교,전남,고,공립,남여공학,전라남도 신안군 도초면 서남문로 1493 . 도초고등학교 (도초면),1,2023.0,교육활동 모델교,0,,,,,,,,,,,,,,,,,,,,,0
목상고등학교,전남,고,공립,남여공학,전라남도 목포시 소영길 13 (용당동),0,,,0,,,,,,,,,,,,,,,,,,,,,0
문향고등학교,전남,고,공립,남여공학,전라남도 장성군 장성읍 문화로 94 . 문향고등학교 (장성읍),0,,,0,,,,,,,,,,,,,,,,,,,,,0
화순이양고등학교,전남,고,공립,남여공학,전라남도 화순군 이양면 이양로 100-35 . 화순이양고등학교 (이양면),0,,,0,,,,,,,,,,,,,,,,,,,,,0
무안고등학교,전남,고,공립,남여공학,전라남도 무안군 무안읍 성남1길 61-1 (무안읍),0,,,0,,,,,,,,,,,,,,,,,,,,,0
삼호고등학교,전남,고,공립,남여공학,전라남도 영암군 삼호읍 방아제로 84 . 용앙리 261 (삼호읍),0,,,0,,,,,,,,,,,,,,,,,,,,,0
고금고등학교,전남,고,공립,남여공학,전라남도 완도군 고금면 고금로 684번길 15 . 고금고등학교 (고금고등학교),0,,,0,,,,,,,,,,,,,,,,,,,,,0
노화고등학교,전남,고,공립,남여공학,전라남도 완도군 노화읍 노화로 763-36 (노화읍),0,,,0,,,,,,,,,,,,,,,,,,,,,0
지명고등학교,전남,고,공립,남여공학,전라남도 신안군 지도읍 해제지도로 1362 (지도읍. 지명고등학교),0,,,0,,,,,,,,,,,,,,,,,,,,,0
하의고등학교,전남,고,공립,남여공학,전라남도 신안군 하의면 곰실길 11-8 . 하의중고등학교 (하의면),0,,,0,,,,,,,,,,,,,,,,,,,,,0
조도고등학교,전남,고,공립,남여공학,전라남도 진도군 조도면 명지길 64 (조도면),0,,,0,,,,,,,,,,,,,,,,,,,,,0
순천제일고등학교,전남,고,공립,남여공학,전라남도 순천시 중앙로 491-8 . 순천제일고등학교  (가곡동),1,2023.0,교육활동 모델교,0,,,,,,,,,,,,,,,,,,,,,0
여수충무고등학교,전남,고,공립,남여공학,전라남도 여수시 미평7길 16 . 여수충무고등학교 (미평동),0,,,0,,,,,,,,,,,,,,,,,,,,,0
중마고등학교,전남,고,공립,남여공학,전라남도 광양시 등논4길 40 (마동)중마고등학교,0,,,0,,,,,,,,,,,,,,,,,,,,,0
순천팔마고등학교,전남,고,공립,남여공학,전라남도 순천시 삼산로 140 . 순천팔마고 (용당동),0,,,0,,,,,,,,,,,,,,,,,,,,,0
남악고등학교,전남,고,공립,남여공학,전라남도 무안군 삼향읍 남악4로60번길 24 (삼향읍),0,,,0,,,,,,,,,,,,,,,,,,,,,0
광영고등학교,전남,고,공립,남여공학,전라남도 광양시 가야로 322 (광영동.광영고등학교),0,,,0,,,,,,,,,,,,,,,,,,,,,0
함평고등학교,전남,고,사립,남여공학,전라남도 함평군 함평읍 함영로 1584-28 (함평읍. 함평고등학교),1,2023.0,교육활동 모델교,0,,,,,,,,,,,,,,,,,,,,,0
문태고등학교,전남,고,사립,남여공학,전라남도 목포시 용당로 138 . 문태고등학교 (용당동),0,,,1,2016.0,,,,,,,,,,,,,,,,,,,,0
목포홍일고등학교,전남,고,사립,남자,전라남도 목포시 북항로 88 . 홍일고등학교 (죽교동),1,2023.0,교육활동 모델교,0,,,,,,,,,,,,,,,,,,,,,0
영흥고등학교,전남,고,사립,남여공학,전라남도 목포시 삼각로43번길 9 . 영흥고등학교  (상동),0,,,0,,,,,,,,,,,,,,,,,,,,,0
목포덕인고등학교,전남,고,사립,남자,전라남도 목포시 죽선로 39-2 . 목포덕인고등학교 (죽교동),1,2023.0,교육활동 모델교,1,2020.0,,,,,,,,,,,,,,,,,,,,1
목포마리아회고등학교,전남,고,사립,남자,전라남도 목포시 양을로 229 (용당동.마리아회고등학교),0,,,0,,,,,,,,,,,,,,,,,,,,,0
목포정명여자고등학교,전남,고,사립,여자,전라남도 목포시 삼일로 45 (양동.정명여자고등학교),1,2023.0,교육활동 모델교,1,2016.0,,,,,,,,,,,,,,,,,,,,1
목포혜인여자고등학교,전남,고,사립,여자,전라남도 목포시 죽선로 39-2 . 목포혜인여자고등학교,1,2023.0,교육활동 모델교,1,2018.0,,,,,,,,,,,,,,,,,,,,1
한영고등학교,전남,고,사립,남자,전라남도 여수시 장군산길 18-43 . 한영고등학교 (여서동),0,,,0,,,,,,,,,,,,,,,,,,,,,0
여수중앙여자고등학교,전남,고,사립,여자,전라남도 여수시 덕충6길 79 (덕충동) 중앙여자고등학교,0,,,0,,,,,,,,,,,,,,,,,,,,,0
순천매산고등학교,전남,고,사립,남자,전라남도 순천시 영동길 58 (매곡동),0,,,1,2018.0,,,,,,,,,,,,,,,,,,,,0
순천금당고등학교,전남,고,사립,남자,전라남도 순천시 기적의도서관1길 34 . 순천금당고등학교,0,,,0,,,,,,,,,,,,,,,,,,,,,0
순천효천고등학교,전남,고,사립,남여공학,전라남도 순천시 녹색로 1360 (대룡동.효천고등학교),1,2023.0,교육활동 모델교,0,,,,,,,,,,,,,,,,,,,,,0
순천매산여자고등학교,전남,고,사립,여자,전라남도 순천시 매산길 43 (매곡동. 매산여자고등학교),1,2023.0,교육활동 모델교,0,,,,,,,,,,,,,,,,,,,,,0
순천강남여자고등학교,전남,고,사립,여자,전라남도 순천시 조례1길 43 (조례동.순천강남여자고등학교),0,,,0,,,,,,,,,,,,,,,,,,,,,0
금성고등학교,전남,고,사립,남여공학,전라남도 나주시 건재로 41 (경현동.금성고등학교),0,,,0,,,,,,,,,,,,,,,,,,,,,0
광남고등학교,전남,고,사립,남여공학,전라남도 나주시 남평읍 남평향교길 19 (남평읍),1,2023.0,교육활동 모델교,0,,,,,,,,,,,,,,,,,,,,,0
광양제철고등학교,전남,고,사립,남여공학,전라남도 광양시 마로니에길 61 (금호동.광양제철고등학교),1,2023.0,교육활동 모델교,1,2018.0,,,,,,,,,,,,,,,,,,,,1
여양고등학교,전남,고,사립,남여공학,전라남도 여수시 소라면 덕양로 345 . 여양고등학교 (소라면),0,,,0,,,,,,,,,,,,,,,,,,,,,0
창평고등학교,전남,고,사립,남여공학,전라남도 담양군 창평면 창평로 582 (창평면),0,,,0,,,,,,,,,,,,,,,,,,,,,0
벌교고등학교,전남,고,사립,남여공학,전라남도 보성군 벌교읍 채동선로 115 . 벌교고등학교 (벌교읍),1,2023.0,교육활동 모델교,0,,,,,,,,,,,,,,,,,,,,,0
벌교여자고등학교,전남,고,사립,여자,전라남도 보성군 벌교읍 채동선로 133 (벌교읍.벌교여자고등학교),0,,,0,,,,,,,,,,,,,,,,,,,,,0
예당고등학교,전남,고,사립,남여공학,전라남도 보성군 득량면 예당길 155-12 . 예당고등학교 (득량면),1,2023.0,교육활동 모델교,1,2016.0,,,,,,,,,,,,,,,,,,,,1
능주고등학교,전남,고,사립,남여공학,전라남도 화순군 능주면 죽수길 31-2 . 능주고등학교 (능주면),0,,,0,,,,,,,,,,,,,,,,,,,,,0
화원고등학교,전남,고,사립,남여공학,전라남도 해남군 화원면 신평리길 25-19 (화원면),0,,,0,,,,,,,,,,,,,,,,,,,,,0
영암여자고등학교,전남,고,사립,여자,전라남도 영암군 영암읍 여중고길 12 . 영암여자고등학교(영암읍),0,,,0,,,,,,,,,,,,,,,,,,,,,0
함평학다리고등학교,전남,고,공립,남여공학,전라남도 함평군 함평읍 영수길 55 . 함평학다리고등학교 (함평읍),0,,,0,,,,,,,,,,,,,,,,,,,,,0
해룡고등학교,전남,고,사립,남여공학,전라남도 영광군 영광읍 중앙로 120 . 해룡고등학교 (영광읍),0,,,0,,,,,,,,,,,,,,,,,,,,,0
장성고등학교,전남,고,사립,남여공학,전라남도 장성군 장성읍 영천월산길 63 . 장성고등학교 (장성읍),0,,,0,,,,,,,,,,,,,,,,,,,,,0
진도고등학교,전남,고,사립,남여공학,전라남도 진도군 진도읍 동외4길 117-5 (진도읍. 진도고등학교),1,2023.0,교육활동 모델교,1,2019.0,,,,,,,,,,,,,,,,,,,,1
순천복성고등학교,전남,고,공립,남여공학,전라남도 순천시 해룡면 복성길 17 순천복성고등학교 (해룡면),0,,,0,,,,,,,,,,,,,,,,,,,,,0
영산고등학교,전남,고,사립,남여공학,전라남도 나주시 영강길 32 . 영산고등학교 (삼영동),0,,,0,,,,,,,,,,,,,,,,,,,,,0
옥과고등학교,전남,고,사립,남여공학,전라남도 곡성군 옥과면 대학로 99 (옥과면),1,2023.0,교육활동 모델교,0,,,,,,,,,,,,,,,,,,,,,0
한빛고등학교,전남,고,사립,남여공학,전라남도 담양군 대전면 추성1로 501-21 . 한빛고등학교 (대전면. 한빛고등학교),0,,,0,,,,,,,,,,,,,,,,,,,,,0
영산성지고등학교,전남,고,사립,남여공학,전라남도 영광군 백수읍 성지로 1218-6 (백수읍),1,2023.0,교육활동 모델교,0,,,,,,,,,,,,,,,,,,,,,0
백제고등학교,전남,고,사립,남여공학,전라남도 무안군 무안읍 무안로 422 (무안읍. 백제고등학교),1,2023.0,교육활동 모델교,0,,,,,,,,,,,,,,,,,,,,,0
한울고등학교,전남,고,공립,남여공학,전라남도 곡성군 목사동면 주목로 713 . 한울고등학교 (목사동면),0,,,0,,,,,,,,,,,,,,,,,,,,,0
한국바둑고등학교,전남,고,공립,남여공학,전라남도 순천시 주암면 조달진로 27 (주암면. 한국바둑고등학교),0,,,0,,,,,,,,,,,,,,,,,,,,,0
함평골프고등학교,전남,고,공립,남여공학,전라남도 함평군 학교면 학교길 77 . 함평골프고등학교 (학교면),0,,,0,,,,,,,,,,,,,,,,,,,,,0
전남체육고등학교,전남,고,공립,남여공학,전라남도 무안군 일로읍 일로로 126 (일로읍),0,,,0,,,,,,,,,,,,,,,,,,,,,0
전남과학고등학교,전남,고,공립,남여공학,전라남도 나주시 금천면 오강길 33 (금천면),0,,,1,2017.0,,,,,,,,,,,,,,,,,,,,0
진도국악고등학교,전남,고,공립,남여공학,전라남도 진도군 임회면 석교길 20-4 . 진도국악고등학교 (임회면),0,,,0,,,,,,,,,,,,,,,,,,,,,0
전남예술고등학교,전남,고,사립,남여공학,전라남도 무안군 삼향읍 삼향중앙로 31 . 전남예술고등학교 (삼향읍),0,,,0,,,,,,,,,,,,,,,,,,,,,0
전남외국어고등학교,전남,고,공립,남여공학,전라남도 나주시 영나로 2434 . 전남외국어고등학교 (용산동),0,,,0,,,,,,,,,,,,,,,,,,,,,0
호남원예고등학교,전남,고,공립,남여공학,전라남도 나주시 금천면 영산로 5691 . 호남원예고등학교 (금천면),0,,,0,,,,,,,,,,,,,,,,,,,,,0
전남자연과학고등학교,전남,고,공립,남여공학,전라남도 구례군 구례읍 구례로 409 (구례읍.전남자연과학고등학교),0,,,0,,,,,,,,,,,,,,,,,,,,,0
전남생명과학고등학교,전남,고,공립,남여공학,전라남도 강진군 강진읍 교촌길 23 (강진읍.전남생명과학고등학교),0,,,0,,,,,,,,,,,,,,,,,,,,,0
한국말산업고등학교,전남,고,공립,남여공학,전라남도 장흥군 대덕읍 도청신월로 155 (대덕읍),0,,,0,,,,,,,,,,,,,,,,,,,,,0
광양하이텍고등학교,전남,고,공립,남여공학,전라남도 광양시 광양읍 신재로 106 (광양읍),0,,,0,,,,,,,,,,,,,,,,,,,,,0
장성하이텍고등학교,전남,고,공립,남여공학,전라남도 장성군 장성읍 단풍로 72 (장성읍),0,,,1,2019.0,,,,,,,,,,,,,,,,,,,,0
목포공업고등학교,전남,고,공립,남여공학,전라남도 목포시 용당로 100 (용당동. 목포공업고등학교),0,,,0,,,,,,,,,,,,,,,,,,,,,0
순천공업고등학교,전남,고,공립,남자,전라남도 순천시 유동길 50 (조례동. 순천공업고등학교),0,,,0,,,,,,,,,,,,,,,,,,,,,0
담양공업고등학교,전남,고,공립,남여공학,전라남도 담양군 담양읍 죽향대로 1072 (담양읍),0,,,0,,,,,,,,,,,,,,,,,,,,,0
해남공업고등학교,전남,고,공립,남여공학,전라남도 해남군 해남읍 남외2길 7 . 해남공업고등학교 (해남읍),0,,,0,,,,,,,,,,,,,,,,,,,,,0
구림공업고등학교,전남,고,공립,남여공학,전라남도 영암군 군서면 왕인로 453 (군서면. 구림공고),0,,,0,,,,,,,,,,,,,,,,,,,,,0
영암전자과학고등학교,전남,고,공립,남여공학,전라남도 영암군 신북면 황금동로 16-13 (신북면),0,,,0,,,,,,,,,,,,,,,,,,,,,0
영광전자고등학교,전남,고,공립,남여공학,전라남도 영광군 염산면 칠산로 98-27 (봉남리),0,,,0,,,,,,,,,,,,,,,,,,,,,0
고흥영주고등학교,전남,고,공립,남여공학,전라남도 고흥군 과역면 송학큰길 83 (과역면),0,,,0,,,,,,,,,,,,,,,,,,,,,0
고흥도화고등학교,전남,고,공립,남여공학,전라남도 고흥군 도화면 도화로 476 (도화면.고흥도화고등학교),0,,,0,,,,,,,,,,,,,,,,,,,,,0
순천전자고등학교,전남,고,공립,남여공학,전라남도 순천시 서면 순천로 86 (서면. 순천전자고등학교),0,,,0,,,,,,,,,,,,,,,,,,,,,0
다향고등학교,전남,고,공립,남여공학,전라남도 보성군 보성읍 녹차로 1364 (보성읍),0,,,0,,,,,,,,,,,,,,,,,,,,,0
전남기술과학고등학교,전남,고,공립,남여공학,전라남도 화순군 화순읍 실고길 44 (화순읍),0,,,0,,,,,,,,,,,,,,,,,,,,,0
정남진산업고등학교,전남,고,공립,남여공학,전라남도 장흥군 장흥읍 행원강변길 8 (장흥읍),0,,,0,,,,,,,,,,,,,,,,,,,,,0
영광공업고등학교,전남,고,공립,남여공학,전라남도 영광군 영광읍 월현로 34 . 영광공업고등학교 (영광읍),0,,,0,,,,,,,,,,,,,,,,,,,,,0
진도실업고등학교,전남,고,공립,남여공학,전라남도 진도군 진도읍 교동3길 10 (진도읍),0,,,1,2017.0,,,,,,,,,,,,,,,,,,,,0
여수석유화학고등학교,전남,고,공립,남여공학,전라남도 여수시 대통1길 45 (화장동. 여수석유화학고등학교),0,,,0,,,,,,,,,,,,,,,,,,,,,0
여수공업고등학교,전남,고,사립,남여공학,전라남도 여수시 군자길 75 (군자동. 여수공업고등학교. 종고중학교),0,,,0,,,,,,,,,,,,,,,,,,,,,0
나주공업고등학교,전남,고,사립,남여공학,전라남도 나주시 건재로 43 .나주공업고등학교(대호동),0,,,0,,,,,,,,,,,,,,,,,,,,,0
한국항만물류고등학교,전남,고,공립,남여공학,전라남도 광양시 진상면 신시길 177 . 한국항만물류고등학교 (진상면),0,,,0,,,,,,,,,,,,,,,,,,,,,0
나주상업고등학교,전남,고,공립,남여공학,전라남도 나주시 함박산길 23-4 (청동.나주상업고),0,,,0,,,,,,,,,,,,,,,,,,,,,0
벌교상업고등학교,전남,고,공립,남여공학,전라남도 보성군 벌교읍 홍암로 61 (벌교읍),0,,,0,,,,,,,,,,,,,,,,,,,,,0
병영상업고등학교,전남,고,공립,남여공학,전라남도 강진군 병영면 하멜로 372 (병영면. 병영중고등학교),0,,,0,,,,,,,,,,,,,,,,,,,,,0
법성고등학교,전남,고,공립,남여공학,전라남도 영광군 법성면 용덕로 66 (법성면),0,,,0,,,,,,,,,,,,,,,,,,,,,0
송지고등학교,전남,고,공립,남여공학,전라남도 해남군 송지면 미야길 158-16 (송지면),0,,,0,,,,,,,,,,,,,,,,,,,,,0
삼계고등학교,전남,고,공립,남여공학,전라남도 장성군 삼계면 사창로 47 (삼계면),0,,,0,,,,,,,,,,,,,,,,,,,,,0
안좌고등학교,전남,고,공립,남여공학,전라남도 신안군 안좌면 중부로 790-7 (안좌면),0,,,0,,,,,,,,,,,,,,,,,,,,,0
임자고등학교,전남,고,공립,남여공학,전라남도 신안군 임자면 임자로 230-9 . 임자고등학교 (임자면),0,,,0,,,,,,,,,,,,,,,,,,,,,0
고흥산업과학고등학교,전남,고,공립,남여공학,전라남도 고흥군 고흥읍 고흥로 1637-13 (고흥읍.고흥산업과학고등학교),0,,,1,2020.0,,,,,,,,,,,,,,,,,,,,0
목포여자상업고등학교,전남,고,사립,여자,전라남도 목포시 영산로 413-1 . 목포여자상업고등학교 (상동),0,,,0,,,,,,,,,,,,,,,,,,,,,0
목포성신고등학교,전남,고,사립,남여공학,전라남도 목포시 상동로 87-1 . 목포성신고등학교 (상동),0,,,0,,,,,,,,,,,,,,,,,,,,,0
여수정보과학고등학교,전남,고,사립,남여공학,전라남도 여수시 여문2로 148 (문수동.여수정보과학고등학교),0,,,1,2019.0,,,,,,,,,,,,,,,,,,,,0
진성여자고등학교,전남,고,사립,여자,전라남도 여수시 봉강서4길 3 (봉강동),0,,,1,2018.0,,,,,,,,,,,,,,,,,,,,0
순천효산고등학교,전남,고,사립,남여공학,전라남도 순천시 삼산로 104 (용당동),0,,,0,,,,,,,,,,,,,,,,,,,,,0
순천청암고등학교,전남,고,사립,여자,전라남도 순천시 녹색로 1641 . 순천청암고등학교 (덕월동),0,,,0,,,,,,,,,,,,,,,,,,,,,0
목포중앙고등학교,전남,고,사립,남여공학,전라남도 목포시 지적로 36 (대양동),0,,,1,2018.0,,,,,,,,,,,,,,,,,,,,0
신안해양과학고등학교,전남,고,공립,남여공학,전라남도 신안군 압해읍 구항길 41 . 신안해양과학고등학교 (압해읍. 신안해양과학고등학교),0,,,0,,,,,,,,,,,,,,,,,,,,,0
여수해양과학고등학교,전남,고,공립,남여공학,전라남도 여수시 돌산읍 돌산로 1201-18 . 여수해양과학고등학교 (돌산읍),0,,,0,,,,,,,,,,,,,,,,,,,,,0
완도수산고등학교,전남,고,공립,남여공학,전라남도 완도군 완도읍 장보고대로 141 . 완도수산고등학교 (완도읍),0,,,0,,,,,,,,,,,,,,,,,,,,,0
전남미용고등학교,전남,고,공립,남여공학,전라남도 나주시 영산포로 182-9 (영산동.전남미용고등학교),0,,,0,,,,,,,,,,,,,,,,,,,,,0
전남보건고등학교,전남,고,공립,남여공학,전라남도 함평군 월야면 문화로 685-18 (월야면.전남보건고등학교),0,,,0,,,,,,,,,,,,,,,,,,,,,0
전남조리과학고등학교,전남,고,공립,남여공학,전라남도 곡성군 곡성읍 학교로 71 . 전남조리과학고등학교 (곡성읍),0,,,0,,,,,,,,,,,,,,,,,,,,,0
광주교육대학교목포부설초등학교,전남,초,국립,,전라남도 목포시 안태길 13 (용해동),0,,,0,,,,,,,,,,,,,,,,,,,,,0
목포북교초등학교,전남,초,공립,,전라남도 목포시 수문로 83 (북교동),0,,,0,,,,,,,,,,,,,,,,,,,,,0
목포산정초등학교,전남,초,공립,,전라남도 목포시 산대로 26 . 목포산정초등학교 (산정동),0,,,0,,,,,,,,,,,,,,,,,,,,,0
목포서부초등학교,전남,초,공립,,전라남도 목포시 원산로51번길 27 . 서부초등학교 (산정동),0,,,0,,,,,,,,,,,,,,,,,,,,,0
목포중앙초등학교,전남,초,공립,,전라남도 목포시 청호로 11 (호남동),0,,,0,,,,,,,,,,,,,,,,,,,,,0
목포유달초등학교,전남,초,공립,,전라남도 목포시 영산로10번길 10 (유달동. 목포유달초등학교),0,,,0,,,,,,,,,,,,,,,,,,,,,0
목포동초등학교,전남,초,공립,,전라남도 목포시 산정로 245 . 목포동초등학교 (산정동),0,,,0,,,,,,,,,,,,,,,,,,,,,0
목포이로초등학교,전남,초,공립,,전라남도 목포시 이로로9번길 3 (용해동),1,2023.0,교육활동 모델교,1,2019.0,,,,,,,,,,,,,,,,,,,,1
목포남초등학교,전남,초,공립,,전라남도 목포시 산정로21번길 22 . 목포남초등학교 (호남동),0,,,0,,,,,,,,,,,,,,,,,,,,,0
목포서산초등학교,전남,초,공립,,전라남도 목포시 유달로 28 목포서산초등학교 (서산동),0,,,0,,,,,,,,,,,,,,,,,,,,,0
목포대성초등학교,전남,초,공립,,전라남도 목포시 청호로 79 (대성동.대성초등학교),0,,,1,2020.0,,,,,,,,,,,,,,,,,,,,0
목포용호초등학교,전남,초,공립,,전라남도 목포시 용당로 139 (용당동),0,,,1,2018.0,,,,,,,,,,,,,,,,,,,,0
목포삼학초등학교,전남,초,공립,,전라남도 목포시 남해로39번길 8 . 목포삼학초등학교 (산정동),0,,,0,,,,,,,,,,,,,,,,,,,,,0
목포연동초등학교,전남,초,공립,,전라남도 목포시 연동로17번길 9 (산정동),0,,,1,2020.0,,,,,,,,,,,,,,,,,,,,0
목포임성초등학교,전남,초,공립,,전라남도 목포시 신지마을1길 41 . 목포임성초등학교,0,,,1,2017.0,,,,,,,,,,,,,,,,,,,,0
목포대연초등학교,전남,초,공립,,전라남도 목포시 용당로 374 . 목포대연초등학교 (용해동),0,,,0,,,,,,,,,,,,,,,,,,,,,0
목포상동초등학교,전남,초,공립,,전라남도 목포시 상동로21번길 73 . 목포상동초등학교(상동.목포상동초등학교),0,,,0,,,,,,,,,,,,,,,,,,,,,0
목포부영초등학교,전남,초,공립,,전라남도 목포시 통일대로75번길 24 . 목포부영초등학교 (옥암동),0,,,0,,,,,,,,,,,,,,,,,,,,,0
목포하당초등학교,전남,초,공립,,전라남도 목포시 백년대로307번길 27 . 목포하당초등학교 (상동),0,,,1,2018.0,,,,,,,,,,,,,,,,,,,,0
목포연산초등학교,전남,초,공립,,전라남도 목포시 원산중앙로 88 . 목포연산초등학교,0,,,0,,,,,,,,,,,,,,,,,,,,,0
목포신흥초등학교,전남,초,공립,,전라남도 목포시 교육로 10 (상동),0,,,1,2016.0,,,,,,,,,,,,,,,,,,,,0
목포청호초등학교,전남,초,공립,,전라남도 목포시 옥암로96번길 25 목포청호초등학교 (옥암동),0,,,1,2020.0,,,,,,,,,,,,,,,,,,,,0
목포한빛초등학교,전남,초,공립,,전라남도 목포시 교육로66번길 22 . 목포한빛초등학교 (상동),0,,,1,2017.0,,,,,,,,,,,,,,,,,,,,0
목포미항초등학교,전남,초,공립,,전라남도 목포시 미항로 211 (옥암동),1,2023.0,교육활동 모델교,0,,,,,,,,,,,,,,,,,,,,,0
목포서해초등학교,전남,초,공립,,전라남도 목포시 연산로 148 . 목포서해초등학교 (연산동),0,,,1,2020.0,,,,,,,,,,,,,,,,,,,,0
목포용해초등학교,전남,초,공립,,전라남도 목포시 포미로 35 . 목포용해초등학교 (용해동),0,,,0,,,,,,,,,,,,,,,,,,,,,0
목포석현초등학교,전남,초,공립,,전라남도 목포시 옥암로186번길 20 (석현동. 석현초등학교),0,,,1,2019.0,,,,,,,,,,,,,,,,,,,,0
목포항도초등학교,전남,초,공립,,전라남도 목포시 텃골로33번길 94-8 (상동),0,,,0,,,,,,,,,,,,,,,,,,,,,0
목포애향초등학교,전남,초,공립,,전라남도 목포시 당가두로38번길 23 . 목포애향초등학교 (옥암동),0,,,0,,,,,,,,,,,,,,,,,,,,,0
목포옥암초등학교,전남,초,공립,,전라남도 목포시 남악1로52번길 68-3 (옥암동),0,,,0,,,,,,,,,,,,,,,,,,,,,0
목포부주초등학교,전남,초,공립,,전라남도 목포시 남악2로22번길 37 (옥암동),0,,,0,,,,,,,,,,,,,,,,,,,,,0
목포백련초등학교,전남,초,공립,,전라남도 목포시 연산백련로 40 . 목포백련초등학교 (연산동),0,,,0,,,,,,,,,,,,,,,,,,,,,0
목포유달초등학교달리분교장,전남,초,공립,,전라남도 목포시 달리길157번길 35 (달동. 유달초등학교달리분교),0,,,0,,,,,,,,,,,,,,,,,,,,,0
목포유달초등학교율도분교장,전남,초,공립,,전라남도 목포시 율도길 88 . 율도분교장 (율도동),0,,,0,,,,,,,,,,,,,,,,,,,,,0
목포서산초등학교충무분교장,전남,초,공립,,전라남도 목포시 고하도길 91 (달동.목포서산초등학교충무분교),0,,,0,,,,,,,,,,,,,,,,,,,,,0
목포영산초등학교,전남,초,공립,,전라남도 목포시 남악1로16번길 25 . 목포영산초등학교 (옥암동),0,,,1,2018.0,,,,,,,,,,,,,,,,,,,,0
목포제일중학교,전남,중,공립,남자,전라남도 목포시 삼학로 277 (용해동),0,,,1,2019.0,,,,,,,,,,,,,,,,,,,,0
목포유달중학교,전남,중,공립,남여공학,전라남도 목포시 산정로 171 (산정동.목포유달중학교),0,,,0,,,,,,,,,,,,,,,,,,,,,0
목포청호중학교,전남,중,공립,남여공학,전라남도 목포시 연산백련로31번길 . 15 (연산동),0,,,0,,,,,,,,,,,,,,,,,,,,,0
목포여자중학교,전남,중,공립,여자,전라남도 목포시 유동로 35 (경동2가),0,,,0,,,,,,,,,,,,,,,,,,,,,0
목포중앙여자중학교,전남,중,공립,여자,전라남도 목포시 백년대로280번길 24 (상동),1,2023.0,교육활동 모델교,0,,,,,,,,,,,,,,,,,,,,,0
목포항도여자중학교,전남,중,공립,여자,전라남도 목포시 상동로21번길 111 (상동),0,,,0,,,,,,,,,,,,,,,,,,,,,0
목포하당중학교,전남,중,공립,남여공학,전라남도 목포시 삼향천로 119 (옥암동),0,,,1,2019.0,,,,,,,,,,,,,,,,,,,,0
목포옥암중학교,전남,중,공립,남여공학,전라남도 목포시 남악1로42번길 59-6 (옥암동.옥암중학교),1,2023.0,교육활동 모델교,0,,,,,,,,,,,,,,,,,,,,,0
목포애향중학교,전남,중,공립,남여공학,전라남도 목포시 남악2로22번길 28-7 (옥암동),1,2023.0,교육활동 모델교,1,2016.0,,,,,,,,,,,,,,,,,,,,1
문태중학교,전남,중,사립,남여공학,전라남도 목포시 용당로 183 (용당로),1,2023.0,교육활동 모델교,1,2016.0,,,,,,,,,,,,,,,,,,,,1
목포홍일중학교,전남,중,사립,남자,전라남도 목포시 북항로 88 . 홍일중학교 (죽교동),0,,,0,,,,,,,,,,,,,,,,,,,,,0
영흥중학교,전남,중,사립,남여공학,전라남도 목포시 삼각로43번길 9 . 영흥중학교 (상동),0,,,0,,,,,,,,,,,,,,,,,,,,,0
목포덕인중학교,전남,중,사립,남자,전라남도 목포시 죽선로 39-2 . 목포덕인중학교 (죽교동),1,2023.0,교육활동 모델교,1,2018.0,,,,,,,,,,,,,,,,,,,,1
목포정명여자중학교,전남,중,사립,여자,전라남도 목포시 삼일로 45 . 목포정명여자중학교 (양동),1,2023.0,교육활동 모델교,1,2019.0,,,,,,,,,,,,,,,,,,,,1
목포혜인여자중학교,전남,중,사립,여자,전라남도 목포시 죽선로 39-2 (죽교동),1,2023.0,교육활동 모델교,1,2020.0,,,,,,,,,,,,,,,,,,,,1
목포영화중학교,전남,중,사립,남여공학,전라남도 목포시 영산로 413-1 . 영화중학교 (상동),0,,,1,2017.0,,,,,,,,,,,,,,,,,,,,0
여수서초등학교,전남,초,공립,,전라남도 여수시 서교1길 29 (서교동),0,,,1,2016.0,,,,,,,,,,,,,,,,,,,,0
여수동초등학교,전남,초,공립,,전라남도 여수시 진남로 151 동초등학교 (공화동),0,,,0,,,,,,,,,,,,,,,,,,,,,0
여수중앙초등학교,전남,초,공립,,전라남도 여수시 하멜로 35 . 여수중앙초등학교 (종화동),0,,,0,,,,,,,,,,,,,,,,,,,,,0
여수남초등학교,전남,초,공립,,전라남도 여수시 어항로 22 (국동),0,,,0,,,,,,,,,,,,,,,,,,,,,0
여수미평초등학교,전남,초,공립,,전라남도 여수시 좌수영로 390 (미평동),0,,,0,,,,,,,,,,,,,,,,,,,,,0
여수북초등학교,전남,초,공립,,전라남도 여수시 망양로 306 (만흥동),0,,,0,,,,,,,,,,,,,,,,,,,,,0
여수종고초등학교,전남,초,공립,,전라남도 여수시 공화북6길 52 111(덕충동. 종고초등학교),0,,,0,,,,,,,,,,,,,,,,,,,,,0
여수진남초등학교,전남,초,공립,,전라남도 여수시 좌수영로 131 (광무동),0,,,0,,,,,,,,,,,,,,,,,,,,,0
경호초등학교,전남,초,공립,,전라남도 여수시 대경도4길 48 경호초등학교 (경호동),0,,,0,,,,,,,,,,,,,,,,,,,,,0
여수봉산초등학교,전남,초,공립,,전라남도 여수시 봉산새철4길 28 . 여수봉산초등학교 (봉산동),0,,,0,,,,,,,,,,,,,,,,,,,,,0
여수구봉초등학교,전남,초,공립,,전라남도 여수시 구봉산길 51 . 여수구봉초등학교 (국동),0,,,1,2020.0,,,,,,,,,,,,,,,,,,,,0
여수여문초등학교,전남,초,공립,,전라남도 여수시 문수로 142-16 (문수동),1,2023.0,교육활동 모델교,1,2018.0,,,,,,,,,,,,,,,,,,,,1
여수남산초등학교,전남,초,공립,,전라남도 여수시 남산북10길 8 . 남산초등학교 (남산동),0,,,0,,,,,,,,,,,,,,,,,,,,,0
여수한려초등학교,전남,초,공립,,전라남도 여수시 여문1로 80 .   (문수동. 한려초등학교),1,2023.0,교육활동 모델교,0,,,,,,,,,,,,,,,,,,,,,0
여수문수초등학교,전남,초,공립,,전라남도 여수시 허문정1길 48-5 . 여수문수초등학교 (문수동),0,,,0,,,,,,,,,,,,,,,,,,,,,0
여수양지초등학교,전남,초,공립,,전라남도 여수시 양지1길 21 . 여수양지초등학교 (미평동),0,,,0,,,,,,,,,,,,,,,,,,,,,0
여수부영초등학교,전남,초,공립,,전라남도 여수시 대치3길 27 (여서동),0,,,0,,,,,,,,,,,,,,,,,,,,,0
여수신월초등학교,전남,초,공립,,전라남도 여수시 신월로 614 (신월동),0,,,0,,,,,,,,,,,,,,,,,,,,,0
쌍봉초등학교,전남,초,공립,,전라남도 여수시 흥국로 47 (학동),0,,,0,,,,,,,,,,,,,,,,,,,,,0
도원초등학교,전남,초,공립,,전라남도 여수시 선원4길 38 (선원동.도원초등학교),0,,,1,2019.0,,,,,,,,,,,,,,,,,,,,0
시전초등학교,전남,초,공립,,전라남도 여수시 망마로 82-17 (신기동),0,,,1,2015.0,,,,,,,,,,,,,,,,,,,,0
무선초등학교,전남,초,공립,,전라남도 여수시 화산2길 31 (화장동. 무선초등학교),0,,,0,,,,,,,,,,,,,,,,,,,,,0
소호초등학교,전남,초,공립,,전라남도 여수시 소호로 499 (소호동. 소호초등학교),0,,,0,,,,,,,,,,,,,,,,,,,,,0
여천초등학교,전남,초,공립,,전라남도 여수시 주동1길 30 (주삼동. 여천초등학교),0,,,0,,,,,,,,,,,,,,,,,,,,,0
상암초등학교,전남,초,공립,,전라남도 여수시 상암로 625 . 상암초등학교 (상암동),0,,,0,,,,,,,,,,,,,,,,,,,,,0
상암초등학교묘도분교장,전남,초,공립,,전라남도 여수시 묘도1길 77 (묘도동),0,,,0,,,,,,,,,,,,,,,,,,,,,0
소라초등학교,전남,초,공립,,전라남도 여수시 소라면 덕양로 431 (소라면),0,,,0,,,,,,,,,,,,,,,,,,,,,0
관기초등학교,전남,초,공립,,전라남도 여수시 소라면 관기길 20 . 관기초등학교 (소라면),0,,,0,,,,,,,,,,,,,,,,,,,,,0
율촌초등학교,전남,초,공립,,전라남도 여수시 율촌면 율촌초교길 7 . 율촌초등학교 (율촌면),0,,,0,,,,,,,,,,,,,,,,,,,,,0
신풍초등학교,전남,초,공립,,전라남도 여수시 율촌면 여순로 435-4 (율촌면.신풍초등학교),0,,,0,,,,,,,,,,,,,,,,,,,,,0
나진초등학교,전남,초,공립,,전라남도 여수시 화양면 나진1길 10 (화양면.나진초등학교),0,,,0,,,,,,,,,,,,,,,,,,,,,0
화양초등학교,전남,초,공립,,전라남도 여수시 화양면 화동로 149 . 화양초등학교 (화양면),1,2023.0,교육활동 모델교,0,,,,,,,,,,,,,,,,,,,,,0
안일초등학교,전남,초,공립,,전라남도 여수시 화양면 화양로 341-3 (화양면. 안일 초등학교),0,,,0,,,,,,,,,,,,,,,,,,,,,0
돌산초등학교,전남,초,공립,,전라남도 여수시 돌산읍 돌산로 1184 (돌산읍.돌산 초등학교),0,,,0,,,,,,,,,,,,,,,,,,,,,0
봉덕초등학교,전남,초,공립,,전라남도 여수시 돌산읍 죽포1길 21-16 (돌산읍.봉덕 초등학교),0,,,0,,,,,,,,,,,,,,,,,,,,,0
백초초등학교,전남,초,공립,,전라남도 여수시 돌산읍 돌산로 3560-10 (돌산읍. 백초초등학교),0,,,1,2016.0,,,,,,,,,,,,,,,,,,,,0
여남초등학교,전남,초,공립,,전라남도 여수시 남면 금오로 836 (남면),0,,,0,,,,,,,,,,,,,,,,,,,,,0
화태초등학교,전남,초,공립,,전라남도 여수시 남면 마족길 5 . 화태초등학교 (남면. 화태초등학교),0,,,0,,,,,,,,,,,,,,,,,,,,,0
여안초등학교,전남,초,공립,,전라남도 여수시 남면 안도해변길 65 (남면. 여안초등학교),0,,,0,,,,,,,,,,,,,,,,,,,,,0
연도초등학교,전남,초,공립,,전라남도 여수시 남면 연도길 297 (남면),0,,,0,,,,,,,,,,,,,,,,,,,,,0
화정초등학교,전남,초,공립,,전라남도 여수시 화정면 개도화산길 50 (화정면.화정초등학교),0,,,0,,,,,,,,,,,,,,,,,,,,,0
거문초등학교,전남,초,공립,,전라남도 여수시 삼산면 거문학교길 25 (삼산면),0,,,1,2020.0,,,,,,,,,,,,,,,,,,,,0
여수좌수영초등학교,전남,초,공립,,전라남도 여수시 여문2로 50 (문수동),0,,,0,,,,,,,,,,,,,,,,,,,,,0
신기초등학교,전남,초,공립,,전라남도 여수시 여천체육공원길 24 (신기동.신기초등학교),1,2023.0,교육활동 모델교,1,2020.0,,,,,,,,,,,,,,,,,,,,1
안심초등학교,전남,초,공립,,전라남도 여수시 소호7길 23 안심초등학교(소호동),0,,,0,,,,,,,,,,,,,,,,,,,,,0
동백초등학교,전남,초,공립,,전라남도 여수시 돌산읍 강남10길 27 (돌산읍. 동백초등학교),0,,,1,2019.0,,,,,,,,,,,,,,,,,,,,0
성산초등학교,전남,초,공립,,전라남도 여수시 대통1길 13 (화장동.성산초등학교),0,,,0,,,,,,,,,,,,,,,,,,,,,0
여수송현초등학교,전남,초,공립,,전라남도 여수시 웅천로 219 (웅천동),1,2023.0,교육활동 모델교,1,2018.0,,,,,,,,,,,,,,,,,,,,1
죽림초등학교,전남,초,공립,,전라남도 여수시 소라면 죽림로 60 (소라면. 죽림초등학교),0,,,0,,,,,,,,,,,,,,,,,,,,,0
소라초등학교사곡분교장,전남,초,공립,,전라남도 여수시 소라면 사곡로 27 . 소라초등학교사곡분교장 (소라면),0,,,0,,,,,,,,,,,,,,,,,,,,,0
소라초등학교여자분교장,전남,초,공립,,전라남도 여수시 화정면 여자대동길 21 (화정면),0,,,0,,,,,,,,,,,,,,,,,,,,,0
율촌초등학교산수분교장,전남,초,공립,,전라남도 여수시 율촌면 왕바위길 135 . 율촌초등학교산수분교장 (율촌면. 율촌 초등학교 산수분교장),0,,,0,,,,,,,,,,,,,,,,,,,,,0
안일초등학교백야분교장,전남,초,공립,,전라남도 여수시 화정면 백야3길 8-21 (화정면),0,,,0,,,,,,,,,,,,,,,,,,,,,0
화태초등학교두라분교장,전남,초,공립,,전라남도 여수시 남면 대두길 87 (남면),0,,,0,,,,,,,,,,,,,,,,,,,,,0
화태초등학교월호분교장,전남,초,공립,,전라남도 여수시 화정면 월호큰길 54 (화정면),0,,,0,,,,,,,,,,,,,,,,,,,,,0
거문초등학교동도분교장,전남,초,공립,,전라남도 여수시 삼산면 동도로 139 거문초등학교 동도분교장,0,,,0,,,,,,,,,,,,,,,,,,,,,0
거문초등학교덕촌분교장,전남,초,공립,,전라남도 여수시 삼산면 덕흥1길 26 거문초덕촌분교장,0,,,0,,,,,,,,,,,,,,,,,,,,,0
거문초등학교손죽분교장,전남,초,공립,,전라남도 여수시 삼산면 손죽새터길 6-7 거문초등학교손죽분교장,0,,,0,,,,,,,,,,,,,,,,,,,,,0
소라초등학교소라남분교장,전남,초,공립,,전라남도 여수시 소라면 중촌1길 11 . 소라남분교장 (소라면),0,,,0,,,,,,,,,,,,,,,,,,,,,0
소라초등학교신흥분교장,전남,초,공립,,전라남도 여수시 소라면 서부로 472-9 . 소라초등학교신흥분교장 (소라면),0,,,0,,,,,,,,,,,,,,,,,,,,,0
율촌초등학교상봉분교장,전남,초,공립,,전라남도 여수시 율촌면 상봉1길 7 . 율촌초등학교상봉분교장 (율촌면. 율촌초등학교상봉분교),0,,,0,,,,,,,,,,,,,,,,,,,,,0
나진초등학교용창분교장,전남,초,공립,,전라남도 여수시 화양면 용문사길 24 (화양면),0,,,0,,,,,,,,,,,,,,,,,,,,,0
웅천초등학교,전남,초,공립,,전라남도 여수시 . 웅천중앙로 61(웅천동),0,,,0,,,,,,,,,,,,,,,,,,,,,0
거문초등학교서도분교장,전남,초,공립,,전라남도 여수시 삼산면 녹산등대길 8-17 거문초등학교서도분교장,0,,,0,,,,,,,,,,,,,,,,,,,,,0
봉덕초등학교평사분교장,전남,초,공립,,전라남도 여수시 돌산읍 평사로 572-9 (돌산읍.봉덕초등학교평사분교장),0,,,0,,,,,,,,,,,,,,,,,,,,,0
여도초등학교,전남,초,사립,,전라남도 여수시 상암로 7 (봉계동),0,,,0,,,,,,,,,,,,,,,,,,,,,0
여수중학교,전남,중,공립,남자,전라남도 여수시 공화북4길 19-1 (공화동.여수중학교),0,,,0,,,,,,,,,,,,,,,,,,,,,0
여수구봉중학교,전남,중,공립,남자,전라남도 여수시 국동4길 49 (국동. 여수구봉중학교),1,2023.0,교육활동 모델교,0,,,,,,,,,,,,,,,,,,,,,0
충덕중학교,전남,중,공립,남자,전라남도 여수시 덕충안길 79 . 충덕중학교 (덕충동),0,,,0,,,,,,,,,,,,,,,,,,,,,0
여수여자중학교,전남,중,공립,여자,전라남도 여수시 관문1길 29 (관문동),0,,,0,,,,,,,,,,,,,,,,,,,,,0
진남여자중학교,전남,중,공립,여자,전라남도 여수시 미평10길 5 (미평동),0,,,0,,,,,,,,,,,,,,,,,,,,,0
여수문수중학교,전남,중,공립,남여공학,전라남도 여수시 여문2로 141 (문수동.문수중학교),0,,,0,,,,,,,,,,,,,,,,,,,,,0
여천중학교,전남,중,공립,남여공학,전라남도 여수시 선원1길 26 . 여천중학교 (선원동),1,2023.0,교육활동 모델교,1,2018.0,,,,,,,,,,,,,,,,,,,,1
여선중학교,전남,중,공립,남여공학,전라남도 여수시 무선로 71 (선원동.여선중학교),0,,,0,,,,,,,,,,,,,,,,,,,,,0
율촌중학교,전남,중,공립,남여공학,전라남도 여수시 율촌면 동산개길 46 . 율촌중학교 (율촌면),0,,,0,,,,,,,,,,,,,,,,,,,,,0
돌산중학교,전남,중,공립,남여공학,전라남도 여수시 돌산읍 돌산로 1197 (돌산읍),0,,,0,,,,,,,,,,,,,,,,,,,,,0
돌산중앙중학교,전남,중,공립,남여공학,전라남도 여수시 돌산읍 돌산로 2429 (돌산읍),0,,,0,,,,,,,,,,,,,,,,,,,,,0
여남중학교,전남,중,공립,남여공학,전라남도 여수시 남면 우실해안길 5 (남면),0,,,0,,,,,,,,,,,,,,,,,,,,,0
거문중학교,전남,중,공립,남여공학,전라남도 여수시 삼산면 덕흥1길 30 (삼산면. 거문중학교),0,,,0,,,,,,,,,,,,,,,,,,,,,0
화양중학교,전남,중,공립,남여공학,전라남도 여수시 화양면 옥천로 87 (화양면. 화양중학교),0,,,0,,,,,,,,,,,,,,,,,,,,,0
여수개도중학교,전남,중,공립,남여공학,전라남도 여수시 화정면 개도화산3길 8 (화정면),0,,,0,,,,,,,,,,,,,,,,,,,,,0
무선중학교,전남,중,공립,남여공학,전라남도 여수시 대통1길 29 . 무선중학교 (화장동. 무선중학교),0,,,0,,,,,,,,,,,,,,,,,,,,,0
안산중학교,전남,중,공립,남여공학,전라남도 여수시 장성4길 36 (안산동),0,,,0,,,,,,,,,,,,,,,,,,,,,0
화태초등학교돌산중학교화태분교장,전남,중,공립,남여공학,전라남도 여수시 남면 마족길 5 . 화태초등학교돌산중학교화태분교장 (남면),0,,,0,,,,,,,,,,,,,,,,,,,,,0
여안초등학교여남중학교안도분교장,전남,중,공립,남여공학,전라남도 여수시 남면 안도해변길 81 (남면. 여남중학교안도분교),0,,,0,,,,,,,,,,,,,,,,,,,,,0
화양중학교화양남분교장,전남,중,공립,남여공학,전라남도 여수시 화양면 장수로 174 (화양면. 화양중화양남분교장),0,,,0,,,,,,,,,,,,,,,,,,,,,0
여수삼일중학교,전남,중,공립,남여공학,전라남도 여수시 소라면 죽림로 26 (소라면),0,,,1,2019.0,,,,,,,,,,,,,,,,,,,,0
여수종고중학교,전남,중,사립,남자,전라남도 여수시 군자길 75 (군자동. 여수공업고등학교. 종고중학교),1,2023.0,교육활동 모델교,0,,,,,,,,,,,,,,,,,,,,,0
진성여자중학교,전남,중,사립,여자,전라남도 여수시 봉강서4길 3 (봉강동),0,,,0,,,,,,,,,,,,,,,,,,,,,0
여수중앙여자중학교,전남,중,사립,여자,전라남도 여수시 덕충6길 79 . 여수중앙여자중학교 (덕충동),0,,,0,,,,,,,,,,,,,,,,,,,,,0
여양중학교,전남,중,사립,남여공학,전라남도 여수시 소라면 덕양로 345 (소라면),0,,,0,,,,,,,,,,,,,,,,,,,,,0
여도중학교,전남,중,사립,남여공학,전라남도 여수시 상암로 7 (봉계동.여도중학교),0,,,1,2018.0,,,,,,,,,,,,,,,,,,,,0
여수웅천중학교,전남,중,공립,남여공학,전라남도 여수시 웅천북로 24 . 여수웅천중학교 (웅천동),0,,,0,,,,,,,,,,,,,,,,,,,,,0
순천남초등학교,전남,초,공립,,전라남도 순천시 서문로 7 (저전동. 순천남초등학교),0,,,0,,,,,,,,,,,,,,,,,,,,,0
순천북초등학교,전남,초,공립,,전라남도 순천시 북정2길 20 . 순천북초등학교 (매곡동),0,,,0,,,,,,,,,,,,,,,,,,,,,0
순천성남초등학교,전남,초,공립,,전라남도 순천시 우석로 160 (남정동.성남초등학교),0,,,0,,,,,,,,,,,,,,,,,,,,,0
순천중앙초등학교,전남,초,공립,,전라남도 순천시 중앙초등길 64 (풍덕동),0,,,0,,,,,,,,,,,,,,,,,,,,,0
순천도사초등학교,전남,초,공립,,전라남도 순천시 순천만길 166 (홍내동),0,,,0,,,,,,,,,,,,,,,,,,,,,0
순천조례초등학교,전남,초,공립,,전라남도 순천시 순광로 15 . 순천조례초등학교 (조례동),0,,,1,2018.0,,,,,,,,,,,,,,,,,,,,0
순천인안초등학교,전남,초,공립,,전라남도 순천시 순천만길 950 (인월동),0,,,0,,,,,,,,,,,,,,,,,,,,,0
순천성동초등학교,전남,초,공립,,전라남도 순천시 황금2길 28 (동외동),0,,,0,,,,,,,,,,,,,,,,,,,,,0
순천삼산초등학교,전남,초,공립,,전라남도 순천시 삼산초등길 39 (석현동),0,,,0,,,,,,,,,,,,,,,,,,,,,0
순천남산초등학교,전남,초,공립,,전라남도 순천시 풍덕새길 89 . 순천남산초등학교 (풍덕동),0,,,1,2020.0,,,,,,,,,,,,,,,,,,,,0
순천부영초등학교,전남,초,공립,,전라남도 순천시 연향중앙상가길 68 (연향동),0,,,0,,,,,,,,,,,,,,,,,,,,,0
순천이수초등학교,전남,초,공립,,전라남도 순천시 우명길 24 (조례동.이수초등학교),0,,,0,,,,,,,,,,,,,,,,,,,,,0
순천용당초등학교,전남,초,공립,,전라남도 순천시 용당초등길 33-10 (용당동),0,,,0,,,,,,,,,,,,,,,,,,,,,0
순천연향초등학교,전남,초,공립,,전라남도 순천시 연향번영길 11 (연향동),0,,,0,,,,,,,,,,,,,,,,,,,,,0
순천왕조초등학교,전남,초,공립,,전라남도 순천시 봉화1길 105 . 순천왕조초등학교 (조례동),0,,,1,2019.0,,,,,,,,,,,,,,,,,,,,0
순천신흥초등학교,전남,초,공립,,전라남도 순천시 장선배기길 60 (조례동),0,,,1,2019.0,,,,,,,,,,,,,,,,,,,,0
순천비봉초등학교,전남,초,공립,,전라남도 순천시 비봉길 90 . 순천비봉초등학교 (조례동),0,,,0,,,,,,,,,,,,,,,,,,,,,0
해룡초등학교,전남,초,공립,,전라남도 순천시 해룡면 해룡로 1119 . 해룡초등학교,0,,,1,2019.0,,,,,,,,,,,,,,,,,,,,0
동명초등학교,전남,초,공립,,전라남도 순천시 해룡면 동명초등길 23 (해룡면.동명초등학교),0,,,0,,,,,,,,,,,,,,,,,,,,,0
동산초등학교,전남,초,공립,,전라남도 순천시 서면 순천로 16 (서면. 동산초등학교),0,,,1,2016.0,,,,,,,,,,,,,,,,,,,,0
황전초등학교,전남,초,공립,,전라남도 순천시 황전면 수평길 21 . 황전초등학교 (황전면),0,,,0,,,,,,,,,,,,,,,,,,,,,0
월등초등학교,전남,초,공립,,전라남도 순천시 월등면 월평2길 21 . (월등면.월등초등학교),0,,,0,,,,,,,,,,,,,,,,,,,,,0
승주초등학교,전남,초,공립,,전라남도 순천시 승주읍 승주로 639 (승주읍),0,,,0,,,,,,,,,,,,,,,,,,,,,0
주암초등학교,전남,초,공립,,전라남도 순천시 주암면 동주로 2093 (주암면),0,,,0,,,,,,,,,,,,,,,,,,,,,0
창촌초등학교,전남,초,공립,,전라남도 순천시 주암면 창동주암길 3 (주암면.창촌초등학교),0,,,0,,,,,,,,,,,,,,,,,,,,,0
송광초등학교,전남,초,공립,,전라남도 순천시 송광면 쌍향수길 1169 . 송광초 (송광면),0,,,0,,,,,,,,,,,,,,,,,,,,,0
외서초등학교,전남,초,공립,,전라남도 순천시 외서면 반월로 6 . 외서초등학교 (외서면),0,,,1,2019.0,,,,,,,,,,,,,,,,,,,,0
낙안초등학교,전남,초,공립,,전라남도 순천시 낙안면 동서길 20 . 낙안초등학교 (낙안면. 낙안초등학교),0,,,0,,,,,,,,,,,,,,,,,,,,,0
별량초등학교,전남,초,공립,,전라남도 순천시 별량면 별량길 58 (별량면. 별량초등학교),0,,,0,,,,,,,,,,,,,,,,,,,,,0
상사초등학교,전남,초,공립,,전라남도 순천시 상사면 상사초등길 55 (상사면. 상사초등학교),0,,,0,,,,,,,,,,,,,,,,,,,,,0
팔마초등학교,전남,초,공립,,전라남도 순천시 해룡면 장선배기길 113 (해룡면),1,2023.0,교육활동 모델교,1,2020.0,,,,,,,,,,,,,,,,,,,,1
순천왕지초등학교,전남,초,공립,,전라남도 순천시 연동남3길 8 (조례동),0,,,0,,,,,,,,,,,,,,,,,,,,,0
순천대석초등학교,전남,초,공립,,전라남도 순천시 기적의도서관2길 52 . 순천대석초등학교 (연향동.대석초등학교),0,,,0,,,,,,,,,,,,,,,,,,,,,0
순천봉화초등학교,전남,초,공립,,전라남도 순천시 봉화1길 57 (조례동. 봉화초등학교),1,2023.0,교육활동 모델교,0,,,,,,,,,,,,,,,,,,,,,0
순천율산초등학교,전남,초,공립,,전라남도 순천시 율산공원길 10 (연향동),0,,,0,,,,,,,,,,,,,,,,,,,,,0
순천향림초등학교,전남,초,공립,,전라남도 순천시 석현북길 21 (석현동),0,,,0,,,,,,,,,,,,,,,,,,,,,0
순천풍덕초등학교,전남,초,공립,,전라남도 순천시 팔마1길 9-10 (연향동. 풍덕초등학교),0,,,0,,,,,,,,,,,,,,,,,,,,,0
순천왕운초등학교,전남,초,공립,,전라남도 순천시 왕지3길 41 (왕지동),0,,,0,,,,,,,,,,,,,,,,,,,,,0
매안초등학교,전남,초,공립,,전라남도 순천시 해룡면 좌야로 16 (해룡면),0,,,0,,,,,,,,,,,,,,,,,,,,,0
황전초등학교회덕분교장,전남,초,공립,,전라남도 순천시 황전면 삽재팔동길 377 . 황전초등학교회덕분교장 (황전면),0,,,0,,,,,,,,,,,,,,,,,,,,,0
승주초등학교죽학분교장,전남,초,공립,,전라남도 순천시 승주읍 선암사길 280 (승주읍. 승주초등학교죽학분교장),0,,,0,,,,,,,,,,,,,,,,,,,,,0
송산초등학교,전남,초,공립,,전라남도 순천시 별량면 송산구기길 13 . 송산초등학교 (별량면),0,,,0,,,,,,,,,,,,,,,,,,,,,0
신대초등학교,전남,초,공립,,전라남도 순천시 해룡면 좌야로 159-10 (해룡면),0,,,0,,,,,,,,,,,,,,,,,,,,,0
좌야초등학교,전남,초,공립,,전라남도 순천시 해룡면 좌야로 77-9 . 좌야초등학교 (해룡면),0,,,0,,,,,,,,,,,,,,,,,,,,,0
순천삼산중학교,전남,중,공립,남자,전라남도 순천시 매산큰길 23 . 순천삼산중학교 (매곡동),0,,,0,,,,,,,,,,,,,,,,,,,,,0
순천이수중학교,전남,중,공립,남자,전라남도 순천시 수박등1길 13 (생목동),0,,,0,,,,,,,,,,,,,,,,,,,,,0
순천여자중학교,전남,중,공립,여자,전라남도 순천시 북정4길 70 (매곡동.순천여자중학교),0,,,0,,,,,,,,,,,,,,,,,,,,,0
순천동산여자중학교,전남,중,공립,여자,전라남도 순천시 유동길 40 (조례동. 동산여자중학교),0,,,0,,,,,,,,,,,,,,,,,,,,,0
순천연향중학교,전남,중,공립,남여공학,전라남도 순천시 연향중앙상가길 67 (연향동),1,2023.0,교육활동 모델교,0,,,,,,,,,,,,,,,,,,,,,0
순천남산중학교,전남,중,공립,남여공학,전라남도 순천시 풍덕새길 15-7 (풍덕동. 남산중학교),0,,,0,,,,,,,,,,,,,,,,,,,,,0
순천신흥중학교,전남,중,공립,남여공학,전라남도 순천시 해룡면 신흥중1길 22 (해룡면),0,,,1,2019.0,,,,,,,,,,,,,,,,,,,,0
순천월전중학교,전남,중,공립,남여공학,전라남도 순천시 월등면 백야중길 30 . 월전중학교 (월등면),0,,,0,,,,,,,,,,,,,,,,,,,,,0
순천주암중학교,전남,중,공립,남여공학,전라남도 순천시 주암면 동주로 2453 . 주암중학교 (주암면. 주암중학교),0,,,0,,,,,,,,,,,,,,,,,,,,,0
순천승남중학교,전남,중,공립,남여공학,전라남도 순천시 송광면 이읍원동길 10 (송광면),0,,,0,,,,,,,,,,,,,,,,,,,,,0
순천낙안중학교,전남,중,공립,남여공학,전라남도 순천시 낙안면 조정래길 716 (낙안면. 낙안중학교),0,,,0,,,,,,,,,,,,,,,,,,,,,0
순천별량중학교,전남,중,공립,남여공학,전라남도 순천시 별량면 송천2길 85 (별량면. 순천별량중학교),0,,,0,,,,,,,,,,,,,,,,,,,,,0
순천승평중학교,전남,중,공립,남여공학,전라남도 순천시 해룡면 좌야로 151 (해룡면),0,,,0,,,,,,,,,,,,,,,,,,,,,0
순천금당중학교,전남,중,공립,남여공학,전라남도 순천시 해룡면 장선배기길 189 (해룡면.순천금당중학교),0,,,0,,,,,,,,,,,,,,,,,,,,,0
순천팔마중학교,전남,중,공립,남여공학,전라남도 순천시 해룡면 상삼길 6 (해룡면),0,,,0,,,,,,,,,,,,,,,,,,,,,0
순천풍덕중학교,전남,중,공립,남여공학,전라남도 순천시 평촌길 47 . 순천풍덕중학교 (풍덕동. 풍덕중학교),0,,,0,,,,,,,,,,,,,,,,,,,,,0
순천향림중학교,전남,중,공립,남여공학,전라남도 순천시 오리정2길 29 . 순천향림중학교 (석현동),0,,,0,,,,,,,,,,,,,,,,,,,,,0
순천왕의중학교,전남,중,공립,남여공학,전라남도 순천시 해룡면 지봉로 420 (해룡면),0,,,0,,,,,,,,,,,,,,,,,,,,,0
순천승주중학교,전남,중,공립,남여공학,전라남도 순천시 승주읍 승주로 615 (승주읍),0,,,0,,,,,,,,,,,,,,,,,,,,,0
순천왕운중학교,전남,중,공립,남여공학,전라남도 순천시 왕지3길 27 (왕지동. 순천왕운중학교),0,,,0,,,,,,,,,,,,,,,,,,,,,0
한국바둑중학교,전남,중,공립,남여공학,전라남도 순천시 주암면 조달진로 27 (주암면),0,,,0,,,,,,,,,,,,,,,,,,,,,0
순천매산중학교,전남,중,사립,남여공학,전라남도 순천시 매산길 23 (매곡동),0,,,0,,,,,,,,,,,,,,,,,,,,,0
나주초등학교,전남,초,공립,,전라남도 나주시 남외1길 16 (남외동. 나주초등학교),0,,,0,,,,,,,,,,,,,,,,,,,,,0
나주중앙초등학교,전남,초,공립,,전라남도 나주시 대호길 24 . 나주중앙초등학교 (성북동),1,2023.0,교육활동 모델교,1,2018.0,,,,,,,,,,,,,,,,,,,,1
나주북초등학교,전남,초,공립,,전라남도 나주시 청암길 47-23 (청동.나주북초등학교),1,2023.0,교육활동 모델교,0,,,,,,,,,,,,,,,,,,,,,0
영산포초등학교,전남,초,공립,,전라남도 나주시 금영로 2-6 영산포초등학교(이창동),0,,,0,,,,,,,,,,,,,,,,,,,,,0
영강초등학교,전남,초,공립,,전라남도 나주시 영강길 14 . 영강초등학교 (삼영동),0,,,0,,,,,,,,,,,,,,,,,,,,,0
세지초등학교,전남,초,공립,,전라남도 나주시 세지면 동창로 111 (세지면),0,,,0,,,,,,,,,,,,,,,,,,,,,0
양산초등학교,전남,초,공립,,전라남도 나주시 왕곡면 고분로 1560 (왕곡면. 양산초등학교),0,,,0,,,,,,,,,,,,,,,,,,,,,0
왕곡초등학교,전남,초,공립,,전라남도 나주시 왕곡면 나주서부로 554 (왕곡면),0,,,0,,,,,,,,,,,,,,,,,,,,,0
반남초등학교,전남,초,공립,,전라남도 나주시 반남면 고분로 712 (반남면),0,,,0,,,,,,,,,,,,,,,,,,,,,0
공산초등학교,전남,초,공립,,전라남도 나주시 공산면 공산로 85 . 공산초등학교 (공산면),0,,,0,,,,,,,,,,,,,,,,,,,,,0
동강초등학교,전남,초,공립,,전라남도 나주시 동강면 동강로 595 . 동강초등학교 (동강면),1,2023.0,교육활동 모델교,0,,,,,,,,,,,,,,,,,,,,,0
다시초등학교,전남,초,공립,,전라남도 나주시 다시면 다시로 203 (다시면.다시초등학교,0,,,0,,,,,,,,,,,,,,,,,,,,,0
문평초등학교,전남,초,공립,,전라남도 나주시 문평면 문평로 15 . 문평초등학교 (문평면),0,,,0,,,,,,,,,,,,,,,,,,,,,0
노안초등학교,전남,초,공립,,전라남도 나주시 노안면 노안로 165 . 노안초등학교 (노안면),1,2023.0,교육활동 모델교,0,,,,,,,,,,,,,,,,,,,,,0
노안남초등학교,전남,초,공립,,전라남도 나주시 노안면 만호길 20-11 . 노안남초등학교 (노안면),0,,,0,,,,,,,,,,,,,,,,,,,,,0
금천초등학교,전남,초,공립,,전라남도 나주시 금천면 금영로 960 (금천면),0,,,1,2018.0,,,,,,,,,,,,,,,,,,,,0
산포초등학교,전남,초,공립,,전라남도 나주시 산포면 산포로 400 (산포면),0,,,0,,,,,,,,,,,,,,,,,,,,,0
남평초등학교,전남,초,공립,,전라남도 나주시 남평읍 지석로 95 . 남평초등학교 (남평읍),1,2023.0,교육활동 모델교,1,2015.0,,,,,,,,,,,,,,,,,,,,1
다도초등학교,전남,초,공립,,전라남도 나주시 다도면 다도로 636 (다도면),0,,,0,,,,,,,,,,,,,,,,,,,,,0
봉황초등학교,전남,초,공립,,전라남도 나주시 봉황면 죽석길 31 . 봉황초등학교 (봉황면),0,,,0,,,,,,,,,,,,,,,,,,,,,0
한아름초등학교,전남,초,공립,,전라남도 나주시 호수로 134 . 한아름초등학교 (빛가람동),0,,,1,2018.0,,,,,,,,,,,,,,,,,,,,0
라온초등학교,전남,초,공립,,전라남도 나주시 그린로 93 (빛가람동),1,2023.0,교육활동 모델교,1,2018.0,,,,,,,,,,,,,,,,,,,,1
빛누리초등학교,전남,초,공립,,전라남도 나주시 한빛로 144 . 빛누리초등학교,0,,,1,2020.0,,,,,,,,,,,,,,,,,,,,0
빛가람초등학교,전남,초,공립,,전라남도 나주시 그린로 176 . 빛가람초등학교 (빛가람동),1,2023.0,교육활동 모델교,1,2016.0,,,,,,,,,,,,,,,,,,,,1
나주중학교,전남,중,공립,남여공학,전라남도 나주시 남산길 10 (죽림동),1,2023.0,교육활동 모델교,0,,,,,,,,,,,,,,,,,,,,,0
영산포여자중학교,전남,중,공립,여자,전라남도 나주시 이창1길 32 (이창동.영산포여자중학교),0,,,0,,,,,,,,,,,,,,,,,,,,,0
나주금천중학교,전남,중,공립,남여공학,전라남도 나주시 호수로 133 (빛가람동),0,,,0,,,,,,,,,,,,,,,,,,,,,0
나주다시중학교,전남,중,공립,남여공학,전라남도 나주시 다시면 무숙로 776 (다시면.나주다시중학교),0,,,0,,,,,,,,,,,,,,,,,,,,,0
나주공산중학교,전남,중,공립,남여공학,전라남도 나주시 공산면 공산로 110 (공산면. 공산중학교),0,,,0,,,,,,,,,,,,,,,,,,,,,0
남평중학교,전남,중,공립,남여공학,전라남도 나주시 남평읍 남평3로 40 . 남평중학교 (남평읍),1,2023.0,교육활동 모델교,0,,,,,,,,,,,,,,,,,,,,,0
남평중학교다도분교장,전남,중,공립,남여공학,전라남도 나주시 다도면 다도로 747 . 남평중학교다도분교장 (다도면),0,,,0,,,,,,,,,,,,,,,,,,,,,0
나주동강중학교,전남,중,공립,남여공학,전라남도 나주시 동강면 인동길 25-28 . 나주동강중학교 (동강면. 동강중학교),0,,,0,,,,,,,,,,,,,,,,,,,,,0
나주봉황중학교,전남,중,공립,남여공학,전라남도 나주시 봉황면 봉황로 682 (봉황면.나주봉황중학교),0,,,0,,,,,,,,,,,,,,,,,,,,,0
나주문평중학교,전남,중,공립,남여공학,전라남도 나주시 문평면 평복길 27 (문평면.문평중학교),0,,,0,,,,,,,,,,,,,,,,,,,,,0
나주반남중학교,전남,중,공립,남여공학,전라남도 나주시 반남면 석천로 20-15 . 나주반남중학교 (반남면),0,,,0,,,,,,,,,,,,,,,,,,,,,0
노안중학교,전남,중,공립,남여공학,전라남도 나주시 노안면 노안로 373 (노안면),0,,,0,,,,,,,,,,,,,,,,,,,,,0
빛가람중학교,전남,중,공립,남여공학,전라남도 나주시 월정5길 12 (빛가람동. 빛가람중학교),1,2023.0,교육활동 모델교,1,2019.0,,,,,,,,,,,,,,,,,,,,1
금성중학교,전남,중,사립,남자,전라남도 나주시 건재로 41 (경현동),0,,,0,,,,,,,,,,,,,,,,,,,,,0
영산중학교,전남,중,사립,남자,전라남도 나주시 영강길 32 (삼영동.영산중학교),1,2023.0,교육활동 모델교,0,,,,,,,,,,,,,,,,,,,,,0
세지중학교,전남,중,사립,남여공학,전라남도 나주시 세지면 동창로 112 . 세지중학교 (세지면),1,2023.0,교육활동 모델교,1,2020.0,,,,,,,,,,,,,,,,,,,,1
광양서초등학교,전남,초,공립,,전라남도 광양시 광양읍 숲샘길 29 (광양읍. 광양서초등학교),0,,,0,,,,,,,,,,,,,,,,,,,,,0
광양동초등학교,전남,초,공립,,전라남도 광양시 광양읍 읍성길 61 . 광양동초등학교 (광양읍),0,,,0,,,,,,,,,,,,,,,,,,,,,0
광양북초등학교,전남,초,공립,,전라남도 광양시 광양읍 유당로 60-1 . 광양북초등학교 (광양읍),0,,,1,2019.0,,,,,,,,,,,,,,,,,,,,0
광양마로초등학교,전남,초,공립,,전라남도 광양시 광양읍 와룡길 60 (광양읍),0,,,0,,,,,,,,,,,,,,,,,,,,,0
광양덕례초등학교,전남,초,공립,,전라남도 광양시 광양읍 서산길 77 . 448 (광양읍),0,,,0,,,,,,,,,,,,,,,,,,,,,0
세풍초등학교,전남,초,공립,,전라남도 광양시 광양읍 해광로 583 . 세풍초등학교 (광양읍),0,,,0,,,,,,,,,,,,,,,,,,,,,0
봉강초등학교,전남,초,공립,,전라남도 광양시 봉강면 조양길 42 . 봉강초등학교 (봉강면),0,,,1,2020.0,,,,,,,,,,,,,,,,,,,,0
옥룡초등학교,전남,초,공립,,전라남도 광양시 옥룡면 신재로 607 (옥룡면),0,,,0,,,,,,,,,,,,,,,,,,,,,0
옥룡북초등학교,전남,초,공립,,전라남도 광양시 옥룡면 청평길 7 (옥룡면),0,,,0,,,,,,,,,,,,,,,,,,,,,0
옥곡초등학교,전남,초,공립,,전라남도 광양시 옥곡면 옥진로 623 . 옥곡초등학교 (옥곡면),1,2023.0,교육활동 모델교,1,2020.0,,,,,,,,,,,,,,,,,,,,1
진상초등학교,전남,초,공립,,전라남도 광양시 진상면 신시2길 44 (진상면),0,,,0,,,,,,,,,,,,,,,,,,,,,0
진월초등학교,전남,초,공립,,전라남도 광양시 진월면 선소중앙길 69 . 진월초등학교 (진월면),0,,,0,,,,,,,,,,,,,,,,,,,,,0
다압초등학교,전남,초,공립,,전라남도 광양시 다압면 항동3길 10 (다압면),0,,,0,,,,,,,,,,,,,,,,,,,,,0
골약초등학교,전남,초,공립,,전라남도 광양시 하포길 70-7 . 골약초등학교 (황길동),0,,,0,,,,,,,,,,,,,,,,,,,,,0
성황초등학교,전남,초,공립,,전라남도 광양시 지동길 15 (성황동. 성황초등학교),1,2023.0,교육활동 모델교,0,,,,,,,,,,,,,,,,,,,,,0
광양중앙초등학교,전남,초,공립,,전라남도 광양시 불무길 15 (중동.광양중앙초등학교),0,,,0,,,,,,,,,,,,,,,,,,,,,0
광양중마초등학교,전남,초,공립,,전라남도 광양시 구마9길 33 . 광양중마초등학교 (중동),0,,,0,,,,,,,,,,,,,,,,,,,,,0
광영초등학교,전남,초,공립,,전라남도 광양시 금영로 140 . 광영초등학교 (광영동),0,,,0,,,,,,,,,,,,,,,,,,,,,0
광양가야초등학교,전남,초,공립,,전라남도 광양시 가야로 369 . 광양가야초등학교 (광영동),0,,,0,,,,,,,,,,,,,,,,,,,,,0
태인초등학교,전남,초,공립,,전라남도 광양시 태인길 95 (태인동. 태인초등학교),0,,,0,,,,,,,,,,,,,,,,,,,,,0
광양중동초등학교,전남,초,공립,,전라남도 광양시 광장로 112-6 . 광양중동초등학교 (중동),0,,,1,2020.0,,,,,,,,,,,,,,,,,,,,0
광양중진초등학교,전남,초,공립,,전라남도 광양시 광장로 75 (중동),0,,,1,2018.0,,,,,,,,,,,,,,,,,,,,0
광양마동초등학교,전남,초,공립,,전라남도 광양시 진등6길 14 (마동),1,2023.0,교육활동 모델교,1,2016.0,,,,,,,,,,,,,,,,,,,,1
광양용강초등학교,전남,초,공립,,전라남도 광양시 광양읍 용강1길 40 (광양읍.광양용강초등학교),0,,,0,,,,,,,,,,,,,,,,,,,,,0
광양칠성초등학교,전남,초,공립,,전라남도 광양시 광양읍 서평로 60 (광양읍),0,,,0,,,,,,,,,,,,,,,,,,,,,0
광양백운초등학교,전남,초,공립,,전라남도 광양시 광장로 21 (중동),0,,,1,2018.0,,,,,,,,,,,,,,,,,,,,0
광양제철초등학교,전남,초,사립,,전라남도 광양시 마로니에길 48 (금호동),0,,,1,2015.0,,,,,,,,,,,,,,,,,,,,0
광양제철남초등학교,전남,초,사립,,전라남도 광양시 금호로 40 (금호동),1,2023.0,교육활동 모델교,1,2016.0,,,,,,,,,,,,,,,,,,,,1
광양중학교,전남,중,공립,남자,전라남도 광양시 광양읍 신재로 90 (광양읍. 광양중학교),0,,,0,,,,,,,,,,,,,,,,,,,,,0
광양여자중학교,전남,중,공립,여자,전라남도 광양시 광양읍 남등1길 72-6 . 광양여자중학교 (광양읍),0,,,1,2020.0,,,,,,,,,,,,,,,,,,,,0
옥곡중학교,전남,중,공립,남여공학,전라남도 광양시 옥곡면 명주1길 61-7 . 옥곡중학교 (옥곡면. 옥곡중학교),0,,,0,,,,,,,,,,,,,,,,,,,,,0
진상중학교,전남,중,공립,남여공학,전라남도 광양시 진상면 신시길 177 (진상면),0,,,0,,,,,,,,,,,,,,,,,,,,,0
광양진월중학교,전남,중,공립,남여공학,전라남도 광양시 진월면 백운2로 96 (진월면),0,,,0,,,,,,,,,,,,,,,,,,,,,0
광양다압중학교,전남,중,공립,남여공학,전라남도 광양시 다압면 섬진강매화로 . 1633-13 (다압면.다압중학교),0,,,0,,,,,,,,,,,,,,,,,,,,,0
광양골약중학교,전남,중,공립,남여공학,전라남도 광양시 지동길 15 (성황동),0,,,0,,,,,,,,,,,,,,,,,,,,,0
동광양중학교,전남,중,공립,남여공학,전라남도 광양시 세동길 3-1 (중동),0,,,1,2017.0,,,,,,,,,,,,,,,,,,,,0
광영중학교,전남,중,공립,남여공학,전라남도 광양시 금영로 101 (광영동),0,,,0,,,,,,,,,,,,,,,,,,,,,0
광양중동중학교,전남,중,공립,남여공학,전라남도 광양시 광장로 59 (중동. 광양중동중학교),0,,,0,,,,,,,,,,,,,,,,,,,,,0
광양백운중학교,전남,중,공립,남여공학,전라남도 광양시 광장로 121 (중동),0,,,1,2019.0,,,,,,,,,,,,,,,,,,,,0
광양제철중학교,전남,중,사립,남여공학,전남 광양시 마로니에길 69 (금호동.광양제철중학교),1,2023.0,교육활동 모델교,1,2019.0,,,,,,,,,,,,,,,,,,,,1
광양마동중학교,전남,중,공립,남여공학,전라남도 광양시 느지매기길 7 . 광양마동중학교 (마동),1,2023.0,교육활동 모델교,0,,,,,,,,,,,,,,,,,,,,,0
광양용강중학교,전남,중,공립,남여공학,전라남도 광양시 광양읍 용강1길 24 (광양읍),1,2023.0,교육활동 모델교,0,,,,,,,,,,,,,,,,,,,,,0
담양동초등학교,전남,초,공립,,전라남도 담양군 담양읍 추성로 1323 (담양읍),0,,,1,2015.0,,,,,,,,,,,,,,,,,,,,0
담양남초등학교,전남,초,공립,,전라남도 담양군 담양읍 지침5길 14 (담양읍),0,,,0,,,,,,,,,,,,,,,,,,,,,0
담주초등학교,전남,초,공립,,전라남도 담양군 담양읍 신성길 26 26 (담양읍),0,,,0,,,,,,,,,,,,,,,,,,,,,0
봉산초등학교,전남,초,공립,,전라남도 담양군 봉산면 신학길 34-11 (봉산면),0,,,1,2018.0,,,,,,,,,,,,,,,,,,,,0
월산초등학교,전남,초,공립,,전라남도 담양군 월산면 도개길 180 (월산면),0,,,0,,,,,,,,,,,,,,,,,,,,,0
금성초등학교,전남,초,공립,,전라남도 담양군 금성면 석현길 18 (금성면),0,,,0,,,,,,,,,,,,,,,,,,,,,0
무정초등학교,전남,초,공립,,전라남도 담양군 무정면 수문동길 26-11 . 무정초등학교 (무정면),0,,,0,,,,,,,,,,,,,,,,,,,,,0
용면초등학교,전남,초,공립,,전라남도 담양군 용면 추성2길 70 (용면),0,,,0,,,,,,,,,,,,,,,,,,,,,0
고서초등학교,전남,초,공립,,전라남도 담양군 고서면 원등1길 7 (고서면),0,,,1,2017.0,,,,,,,,,,,,,,,,,,,,0
창평초등학교,전남,초,공립,,전라남도 담양군 창평면 의병로 173 (창평면),0,,,0,,,,,,,,,,,,,,,,,,,,,0
만덕초등학교,전남,초,공립,,전라남도 담양군 대덕면 창평현로 905 (대덕면. 만덕초등학교),0,,,0,,,,,,,,,,,,,,,,,,,,,0
남면초등학교,전남,초,공립,,전라남도 담양군 남면 연천길 3 (남면),0,,,0,,,,,,,,,,,,,,,,,,,,,0
수북초등학교,전남,초,공립,,전라남도 담양군 수북면 추성1로 714 (수북면),0,,,0,,,,,,,,,,,,,,,,,,,,,0
한재초등학교,전남,초,공립,,전라남도 담양군 대전면 추성1로 217 (대전면),0,,,0,,,,,,,,,,,,,,,,,,,,,0
담양중학교,전남,중,공립,남자,전라남도 담양군 담양읍 천변7길 13 (담양읍. 담양중학교),0,,,0,,,,,,,,,,,,,,,,,,,,,0
담양여자중학교,전남,중,공립,여자,전라남도 담양군 담양읍 신성길 20 (담양읍),0,,,0,,,,,,,,,,,,,,,,,,,,,0
한재중학교,전남,중,공립,남여공학,전라남도 담양군 대전면 대치9길 43-1 (대전면. 한재중학교),0,,,0,,,,,,,,,,,,,,,,,,,,,0
창평중학교,전남,중,공립,남여공학,전라남도 담양군 창평면 창평로 565-17 (창평면),0,,,0,,,,,,,,,,,,,,,,,,,,,0
담양금성중학교,전남,중,공립,남여공학,전라남도 담양군 금성면 시암골로 10 (금성면. 금성중학교),0,,,0,,,,,,,,,,,,,,,,,,,,,0
담양수북중학교,전남,중,공립,남여공학,전라남도 담양군 수북면 한수동로 527 (수북면),1,2023.0,교육활동 모델교,0,,,,,,,,,,,,,,,,,,,,,0
담양고서중학교,전남,중,공립,남여공학,전라남도 담양군 고서면 창평현로 234 (고서면. 고서중학교),0,,,0,,,,,,,,,,,,,,,,,,,,,0
곡성중앙초등학교,전남,초,공립,,전라남도 곡성군 곡성읍 학교로 103 (곡성읍),0,,,0,,,,,,,,,,,,,,,,,,,,,0
삼기초등학교,전남,초,공립,,전라남도 곡성군 삼기면 곡순로 1462 . 삼기초등학교 (삼기면),0,,,0,,,,,,,,,,,,,,,,,,,,,0
석곡초등학교,전남,초,공립,,전라남도 곡성군 석곡면 석곡로 91 (석곡면),0,,,0,,,,,,,,,,,,,,,,,,,,,0
죽곡초등학교,전남,초,공립,,전라남도 곡성군 죽곡면 오죽로 43 . 죽곡초등학교 (죽곡면),0,,,0,,,,,,,,,,,,,,,,,,,,,0
고달초등학교,전남,초,공립,,전라남도 곡성군 고달면 곡고로 424 (고달면),0,,,0,,,,,,,,,,,,,,,,,,,,,0
옥과초등학교,전남,초,공립,,전라남도 곡성군 옥과면 대학로 213 . 옥과초등학교,0,,,0,,,,,,,,,,,,,,,,,,,,,0
입면초등학교,전남,초,공립,,전라남도 곡성군 입면 송전로 27 입면초등학교,0,,,0,,,,,,,,,,,,,,,,,,,,,0
오산초등학교,전남,초,공립,,전라남도 곡성군 오산면 오산로 616 (오산면),0,,,1,2018.0,,,,,,,,,,,,,,,,,,,,0
곡성중학교,전남,중,공립,남여공학,전라남도 곡성군 곡성읍 학교로 80 (곡성읍),0,,,0,,,,,,,,,,,,,,,,,,,,,0
석곡중학교,전남,중,공립,남여공학,전라남도 곡성군 석곡면 석곡로 6 (석곡면),0,,,0,,,,,,,,,,,,,,,,,,,,,0
옥과중학교,전남,중,공립,남여공학,전라남도 곡성군 옥과면 대학로 71 (옥과면),0,,,0,,,,,,,,,,,,,,,,,,,,,0
구례중앙초등학교,전남,초,공립,,전라남도 구례군 구례읍 봉성로 30 (구례읍),0,,,0,,,,,,,,,,,,,,,,,,,,,0
구례북초등학교,전남,초,공립,,전라남도 구례군 구례읍 학교길 119-7 . 구례북초등학교 (구례읍),0,,,0,,,,,,,,,,,,,,,,,,,,,0
문척초등학교,전남,초,공립,,전라남도 구례군 문척면 수달생태로 270 (문척면. 문척초등학교),0,,,0,,,,,,,,,,,,,,,,,,,,,0
간문초등학교,전남,초,공립,,전라남도 구례군 간전면 간전중앙로 164 (간전면),0,,,0,,,,,,,,,,,,,,,,,,,,,0
토지초등학교,전남,초,공립,,전라남도 구례군 토지면 섬진강대로 5038 . 토지초등학교 (토지면),0,,,0,,,,,,,,,,,,,,,,,,,,,0
청천초등학교,전남,초,공립,,전라남도 구례군 마산면 화엄사로 136 (마산면),0,,,0,,,,,,,,,,,,,,,,,,,,,0
광의초등학교,전남,초,공립,,전라남도 구례군 광의면 광의초교길 23 (광의면),0,,,0,,,,,,,,,,,,,,,,,,,,,0
용방초등학교,전남,초,공립,,전라남도 구례군 용방면 용방로 464 (용방면.용방초등학교),0,,,0,,,,,,,,,,,,,,,,,,,,,0
원촌초등학교,전남,초,공립,,전라남도 구례군 산동면 원촌길 123 . 원촌초등학교 (산동면),0,,,0,,,,,,,,,,,,,,,,,,,,,0
중동초등학교,전남,초,공립,,전라남도 구례군 산동면 관산구산길 49 (산동면),0,,,0,,,,,,,,,,,,,,,,,,,,,0
토지초등학교연곡분교장,전남,초,공립,,전라남도 구례군 토지면 남산길 18 토지초등학교연곡분교장 (토지면),0,,,0,,,,,,,,,,,,,,,,,,,,,0
구례중학교,전남,중,공립,남자,전라남도 구례군 구례읍 구례로 433 (구례읍),0,,,0,,,,,,,,,,,,,,,,,,,,,0
구례여자중학교,전남,중,공립,여자,전라남도 구례군 구례읍 구례여중길 9 (구례읍),0,,,0,,,,,,,,,,,,,,,,,,,,,0
구례동중학교,전남,중,공립,남여공학,전라남도 구례군 토지면 섬진강대로 4856-10(토지면),0,,,0,,,,,,,,,,,,,,,,,,,,,0
구례북중학교,전남,중,공립,남여공학,전라남도 구례군 용방면 선월길 97 (용방면.구례북중학교),0,,,0,,,,,,,,,,,,,,,,,,,,,0
구례산동중학교,전남,중,공립,남여공학,전라남도 구례군 산동면 원촌길 61-16 (산동면. 산동중학교),0,,,0,,,,,,,,,,,,,,,,,,,,,0
고흥동초등학교,전남,초,공립,,전라남도 고흥군 고흥읍 학교길 56 (고흥읍),0,,,0,,,,,,,,,,,,,,,,,,,,,0
녹동초등학교,전남,초,공립,,전라남도 고흥군 도양읍 천마로 83 (도양읍. 녹동초등학교),0,,,0,,,,,,,,,,,,,,,,,,,,,0
풍양초등학교,전남,초,공립,,전라남도 고흥군 풍양면 죽시장터길 13-6 (풍양면),0,,,0,,,,,,,,,,,,,,,,,,,,,0
풍남초등학교,전남,초,공립,,전라남도 고흥군 풍양면 풍남로 716 (풍양면),0,,,0,,,,,,,,,,,,,,,,,,,,,0
도덕초등학교,전남,초,공립,,전라남도 고흥군 도덕면 학동1길 16 (도덕면),0,,,0,,,,,,,,,,,,,,,,,,,,,0
금산초등학교,전남,초,공립,,전라남도 고흥군 금산면 상하촌길 17-8 (금산면),0,,,1,2018.0,,,,,,,,,,,,,,,,,,,,0
도화초등학교,전남,초,공립,,전라남도 고흥군 도화면 오치길 43-4 . 도화초등학교 (도화면. 도화초등학교),0,,,0,,,,,,,,,,,,,,,,,,,,,0
포두초등학교,전남,초,공립,,전라남도 고흥군 포두면 우주로 624 포두초등학교,0,,,0,,,,,,,,,,,,,,,,,,,,,0
봉래초등학교,전남,초,공립,,전라남도 고흥군 봉래면 신금길 7 (봉래면),0,,,0,,,,,,,,,,,,,,,,,,,,,0
백양초등학교,전남,초,공립,,전라남도 고흥군 동일면 우주로 2610 (동일면),0,,,0,,,,,,,,,,,,,,,,,,,,,0
점암초등학교,전남,초,공립,,전라남도 고흥군 점암면 점암학교길 11-6 (점암면),0,,,0,,,,,,,,,,,,,,,,,,,,,0
영남초등학교,전남,초,공립,,전라남도 고흥군 영남면 팔영로 1075 (영남면),0,,,0,,,,,,,,,,,,,,,,,,,,,0
과역초등학교,전남,초,공립,,전라남도 고흥군 과역면 과역로 815 (과역면),0,,,0,,,,,,,,,,,,,,,,,,,,,0
남양초등학교,전남,초,공립,,전라남도 고흥군 남양면 상와길 40 (남양면.관사),0,,,0,,,,,,,,,,,,,,,,,,,,,0
대서초등학교,전남,초,공립,,전라남도 고흥군 대서면 동서로 466 . 대서초등학교 (대서면),0,,,0,,,,,,,,,,,,,,,,,,,,,0
두원초등학교,전남,초,공립,,전라남도 고흥군 두원면 두원로 476-29 (두원면.단독주택),0,,,0,,,,,,,,,,,,,,,,,,,,,0
녹동초등학교소록도분교장,전남,초,공립,,전라남도 고흥군 도양읍 소록선창길 89-66 (도양읍. 녹동초등학교 소록분교),0,,,0,,,,,,,,,,,,,,,,,,,,,0
녹동초등학교시산분교장,전남,초,공립,,전라남도 고흥군 도양읍 시산석금길 30 (도양읍. 시산초등학교),0,,,0,,,,,,,,,,,,,,,,,,,,,0
점암초등학교신안분교장,전남,초,공립,,전라남도 고흥군 점암면 고흥로 2620-13 (점암면),0,,,0,,,,,,,,,,,,,,,,,,,,,0
남양초등학교우도분교장,전남,초,공립,,전라남도 고흥군 남양면 우도길 18 (남양면),0,,,0,,,,,,,,,,,,,,,,,,,,,0
고흥중학교,전남,중,공립,남자,전라남도 고흥군 고흥읍 고흥로 1847 (고흥읍),0,,,0,,,,,,,,,,,,,,,,,,,,,0
고흥여자중학교,전남,중,공립,여자,전라남도 고흥군 고흥읍 흥양길 2 . 고흥여자중학교 (고흥읍),0,,,0,,,,,,,,,,,,,,,,,,,,,0
녹동중학교,전남,중,공립,남여공학,전라남도 고흥군 도양읍 비봉로 60 (도양읍. 녹동중학교),0,,,0,,,,,,,,,,,,,,,,,,,,,0
고흥풍양중학교,전남,중,공립,남여공학,전라남도 고흥군 풍양면 풍양로 111 (풍양면),0,,,0,,,,,,,,,,,,,,,,,,,,,0
고흥도덕중학교,전남,중,공립,남여공학,전라남도 고흥군 도덕면 고흥만로 113 (도덕면),0,,,0,,,,,,,,,,,,,,,,,,,,,0
금산중학교,전남,중,공립,남여공학,전라남도 고흥군 금산면 돈청길 36 . 금산중학교 (금산면),0,,,0,,,,,,,,,,,,,,,,,,,,,0
고흥도화중학교,전남,중,공립,남여공학,전라남도 고흥군 도화면 도화로 466 고흥도화중학교,0,,,0,,,,,,,,,,,,,,,,,,,,,0
포두중학교,전남,중,공립,남여공학,전라남도 고흥군 포두면 우주로 628-34 (포두면. 포두중학교),0,,,0,,,,,,,,,,,,,,,,,,,,,0
봉래중학교,전남,중,공립,남여공학,전라남도 고흥군 봉래면 원두길 60 . 봉래중학교 (봉래면. 봉래중학교),0,,,0,,,,,,,,,,,,,,,,,,,,,0
고흥백양중학교,전남,중,공립,남여공학,전라남도 고흥군 동일면 우주로 2582-16,0,,,0,,,,,,,,,,,,,,,,,,,,,0
고흥점암중앙중학교,전남,중,공립,남여공학,전라남도 고흥군 점암면 해창로 306 (점암면.관사),0,,,0,,,,,,,,,,,,,,,,,,,,,0
고흥과역중학교,전남,중,공립,남여공학,전라남도 고흥군 과역면 고흥로 2939-3 (과역면.고흥과역중학교(교실)),0,,,0,,,,,,,,,,,,,,,,,,,,,0
고흥남양중학교,전남,중,공립,남여공학,전라남도 고흥군 남양면 남양로 219-6 (남양면),0,,,0,,,,,,,,,,,,,,,,,,,,,0
동강중학교,전남,중,사립,남여공학,전라남도 고흥군 동강면 계매길 11-2 (동강면.동강중학교),1,2023.0,교육활동 모델교,1,2017.0,,,,,,,,,,,,,,,,,,,,1
고흥대서중학교,전남,중,사립,남여공학,전라남도 고흥군 대서면 동서로 420 . 고흥대서중학교 (대서면),0,,,0,,,,,,,,,,,,,,,,,,,,,0
보성초등학교,전남,초,공립,,전라남도 보성군 보성읍 송재로 161-8 (보성읍.관사),0,,,1,2017.0,,,,,,,,,,,,,,,,,,,,0
보성남초등학교,전남,초,공립,,전라남도 보성군 보성읍 새싹길 12 . 보성남초등학교 (보성읍),1,2023.0,교육활동 모델교,0,,,,,,,,,,,,,,,,,,,,,0
벌교초등학교,전남,초,공립,,전라남도 보성군 벌교읍 태백산맥길 21 (벌교읍),0,,,0,,,,,,,,,,,,,,,,,,,,,0
벌교중앙초등학교,전남,초,공립,,전라남도 보성군 벌교읍 장좌길 10 (벌교읍),0,,,1,2020.0,,,,,,,,,,,,,,,,,,,,0
낙성초등학교,전남,초,공립,,전라남도 보성군 벌교읍 채동선로 706 (벌교읍),0,,,0,,,,,,,,,,,,,,,,,,,,,0
노동초등학교,전남,초,공립,,전라남도 보성군 노동면 거석길 218 (노동면),0,,,1,2019.0,,,,,,,,,,,,,,,,,,,,0
미력초등학교,전남,초,공립,,전라남도 보성군 미력면 송재로 589 . 미력초등학교 (미력면),0,,,0,,,,,,,,,,,,,,,,,,,,,0
겸백초등학교,전남,초,공립,,전라남도 보성군 겸백면 충의로 2496 . 겸백초등학교 (겸백면),0,,,1,2019.0,,,,,,,,,,,,,,,,,,,,0
율어초등학교,전남,초,공립,,전라남도 보성군 율어면 율어로 569-14 (율어면),0,,,0,,,,,,,,,,,,,,,,,,,,,0
복내초등학교,전남,초,공립,,전라남도 보성군 복내면 원봉길 5 . 복내초등학교,0,,,1,2019.0,,,,,,,,,,,,,,,,,,,,0
문덕초등학교,전남,초,공립,,전라남도 보성군 문덕면 동소산길 129-10 (문덕면),0,,,0,,,,,,,,,,,,,,,,,,,,,0
조성초등학교,전남,초,공립,,전라남도 보성군 조성면 조성로 129-7 . 조성초등학교 (조성면),1,2023.0,교육활동 모델교,1,2018.0,,,,,,,,,,,,,,,,,,,,1
조성남초등학교,전남,초,공립,,전라남도 보성군 조성면 산정길 2 (조성면),0,,,0,,,,,,,,,,,,,,,,,,,,,0
득량남초등학교,전남,초,공립,,전라남도 보성군 득량면 월평1길 50 . 득량남초등학교,0,,,0,,,,,,,,,,,,,,,,,,,,,0
예당초등학교,전남,초,공립,,전라남도 보성군 득량면 예당초교길 3 예당초등학교,0,,,0,,,,,,,,,,,,,,,,,,,,,0
회천초등학교,전남,초,공립,,전라남도 보성군 회천면 남부관광로 2343 회천초등학교 (회천면),0,,,0,,,,,,,,,,,,,,,,,,,,,0
회천서초등학교,전남,초,공립,,전라남도 보성군 회천면 시장길 12 . 회천서초등학교 (회천면),0,,,0,,,,,,,,,,,,,,,,,,,,,0
벌교초등학교장도분교장,전남,초,공립,,전라남도 보성군 벌교읍 장도길 204-6 (벌교읍),0,,,0,,,,,,,,,,,,,,,,,,,,,0
보성중학교,전남,중,공립,남자,전라남도 보성군 보성읍 신지두슬길 9 (보성읍),0,,,0,,,,,,,,,,,,,,,,,,,,,0
보성여자중학교,전남,중,공립,여자,전라남도 보성군 보성읍 중앙로 20 (보성읍),0,,,0,,,,,,,,,,,,,,,,,,,,,0
벌교중학교,전남,중,공립,남자,전라남도 보성군 벌교읍 조정래길 86-27 (벌교읍),0,,,0,,,,,,,,,,,,,,,,,,,,,0
벌교여자중학교,전남,중,공립,여자,전라남도 보성군 벌교읍 월곡길 18-13 . 벌교여자중학교,0,,,0,,,,,,,,,,,,,,,,,,,,,0
조성중학교,전남,중,공립,남여공학,전라남도 보성군 조성면 조성2길 4-7 (조성면),0,,,0,,,,,,,,,,,,,,,,,,,,,0
보성복내중학교,전남,중,공립,남여공학,전라남도 보성군 복내면 송재로 1926 . 보성복내중학교 (복내면),0,,,0,,,,,,,,,,,,,,,,,,,,,0
보성회천중학교,전남,중,공립,남여공학,전라남도 보성군 회천면 남부관광로 2399 (회천면.중학교),0,,,0,,,,,,,,,,,,,,,,,,,,,0
예당중학교,전남,중,사립,남여공학,전라남도 보성군 득량면 예당길 155-14 (득량면),0,,,0,,,,,,,,,,,,,,,,,,,,,0
득량중학교,전남,중,사립,남여공학,전라남도 보성군 득량면 역전길 51 (득량면),0,,,0,,,,,,,,,,,,,,,,,,,,,0
삼광중학교,전남,중,사립,남자,전라남도 보성군 벌교읍 채동선로 115 (벌교읍),1,2023.0,교육활동 모델교,0,,,,,,,,,,,,,,,,,,,,,0
용정중학교,전남,중,사립,남여공학,전라남도 보성군 미력면 보성강로 279 . 용정중학교 (미력면),0,,,0,,,,,,,,,,,,,,,,,,,,,0
화순초등학교,전남,초,공립,,전라남도 화순군 화순읍 동헌길 9-7 . 화순초등학교 (화순읍),0,,,0,,,,,,,,,,,,,,,,,,,,,0
화순만연초등학교,전남,초,공립,,전라남도 화순군 화순읍 알메로 72 (화순읍. 화순만연초등학교),1,2023.0,교육활동 모델교,1,2018.0,,,,,,,,,,,,,,,,,,,,1
화순오성초등학교,전남,초,공립,,전라남도 화순군 화순읍 오성로 516 (화순읍.오성초등학교),0,,,0,,,,,,,,,,,,,,,,,,,,,0
능주초등학교,전남,초,공립,,전라남도 화순군 능주면 학샘길 12 (능주면),0,,,0,,,,,,,,,,,,,,,,,,,,,0
도곡초등학교,전남,초,공립,,전라남도 화순군 도곡면 천암1길 71 (도곡면.도곡초등학교),1,2023.0,교육활동 모델교,1,2018.0,,,,,,,,,,,,,,,,,,,,1
도곡중앙초등학교,전남,초,공립,,전라남도 화순군 도곡면 고인돌1로 115 (도곡면. 도곡중앙초등학교),0,,,0,,,,,,,,,,,,,,,,,,,,,0
천태초등학교,전남,초,공립,,전라남도 화순군 도암면 천태로 526 (도암면. 천태초등학교),0,,,1,2019.0,,,,,,,,,,,,,,,,,,,,0
춘양초등학교,전남,초,공립,,전라남도 화순군 춘양면 춘양로 124 (춘양면),0,,,0,,,,,,,,,,,,,,,,,,,,,0
이양초등학교,전남,초,공립,,전라남도 화순군 이양면 이양로 42 (이양면),0,,,1,2018.0,,,,,,,,,,,,,,,,,,,,0
청풍초등학교,전남,초,공립,,전라남도 화순군 청풍면 평지촌길 54 (청풍면),0,,,0,,,,,,,,,,,,,,,,,,,,,0
한천초등학교,전남,초,공립,,전라남도 화순군 한천면 청계길 26 . 한천초등학교 (한천면),1,2023.0,교육활동 모델교,1,2018.0,,,,,,,,,,,,,,,,,,,,1
동면초등학교,전남,초,공립,,전라남도 화순군 동면 충의로 789 (동면),0,,,0,,,,,,,,,,,,,,,,,,,,,0
사평초등학교,전남,초,공립,,전라남도 화순군 남면 김삿갓로 3 (남면),0,,,0,,,,,,,,,,,,,,,,,,,,,0
동복초등학교,전남,초,공립,,전라남도 화순군 동복면 오지호로 300 (동복면. 동복초등학교),0,,,0,,,,,,,,,,,,,,,,,,,,,0
화순초등학교이서분교장,전남,초,공립,,전라남도 화순군 이서면 규봉로 979 (이서면. 이서초등학교),0,,,0,,,,,,,,,,,,,,,,,,,,,0
아산초등학교,전남,초,공립,,전라남도 화순군 북면 학천길 22-2 (북면. 아산초등학교),0,,,0,,,,,,,,,,,,,,,,,,,,,0
화순제일초등학교,전남,초,공립,,전라남도 화순군 화순읍 알메로 8 (화순읍),1,2023.0,교육활동 모델교,1,2018.0,,,,,,,,,,,,,,,,,,,,1
화순중학교,전남,중,공립,남여공학,전라남도 화순군 화순읍 칠충로 71 (화순읍),0,,,1,2020.0,,,,,,,,,,,,,,,,,,,,0
화순제일중학교,전남,중,공립,남여공학,전라남도 화순군 화순읍 칠충로 33 . 화순제일중학교 (화순읍),0,,,0,,,,,,,,,,,,,,,,,,,,,0
화순도곡중학교,전남,중,공립,남여공학,전라남도 화순군 도곡면 천암1길 64 (도곡면. 화순도곡중학교),1,2023.0,교육활동 모델교,0,,,,,,,,,,,,,,,,,,,,,0
화순이양중학교,전남,중,공립,남여공학,전라남도 화순군 이양면 이양로 100-35 (이양면. 이양중고등학교),0,,,0,,,,,,,,,,,,,,,,,,,,,0
화순사평중학교,전남,중,공립,남여공학,전라남도 화순군 남면 외남로 54 (남면),0,,,0,,,,,,,,,,,,,,,,,,,,,0
화순도암중학교,전남,중,공립,남여공학,전라남도 화순군 도암면 권동길 4-6 . 화순도암중학교 (도암면),0,,,0,,,,,,,,,,,,,,,,,,,,,0
화순동복중학교,전남,중,공립,남여공학,전라남도 화순군 동복면 김삿갓로 764 (동복면. 화순동복중학교),0,,,0,,,,,,,,,,,,,,,,,,,,,0
화순북면중학교,전남,중,공립,남여공학,전라남도 화순군 북면 백아로 1198 (북면.북면중학교),0,,,0,,,,,,,,,,,,,,,,,,,,,0
화순동면중학교,전남,중,공립,남여공학,전라남도 화순군 동면 천덕길 104 (동면. 화순동면중학교),0,,,0,,,,,,,,,,,,,,,,,,,,,0
능주중학교,전남,중,사립,남여공학,전라남도 화순군 능주면 죽수길 31-2 (능주면),0,,,0,,,,,,,,,,,,,,,,,,,,,0
장흥초등학교,전남,초,공립,,전라남도 장흥군 장흥읍 의향길 23 (장흥읍),0,,,0,,,,,,,,,,,,,,,,,,,,,0
장흥서초등학교,전남,초,공립,,전라남도 장흥군 장흥읍 칠거리예양로 40 . 장흥서초등학교 (장흥읍),0,,,0,,,,,,,,,,,,,,,,,,,,,0
장흥남초등학교,전남,초,공립,,전라남도 장흥군 장흥읍 장흥대로 3298 . 장흥남초등학교 (장흥읍),0,,,0,,,,,,,,,,,,,,,,,,,,,0
관산초등학교,전남,초,공립,,전라남도 장흥군 관산읍 관산로 64 (관산읍 관산초등학교),0,,,0,,,,,,,,,,,,,,,,,,,,,0
관산남초등학교,전남,초,공립,,전라남도 장흥군 관산읍 장흥대로 1350 (관산읍),1,2023.0,교육활동 모델교,0,,,,,,,,,,,,,,,,,,,,,0
대덕초등학교,전남,초,공립,,전라남도 장흥군 대덕읍 대대로 947 . 대덕초등학교 (대덕읍),0,,,0,,,,,,,,,,,,,,,,,,,,,0
안양초등학교,전남,초,공립,,전라남도 장흥군 안양면 운정2길 14 . 59338 (안양면),0,,,0,,,,,,,,,,,,,,,,,,,,,0
안양동초등학교,전남,초,공립,,전라남도 장흥군 안양면 안양로 742 (안양면),0,,,0,,,,,,,,,,,,,,,,,,,,,0
용산초등학교,전남,초,공립,,전라남도 장흥군 용산면 장흥대로 2445 (용산면. 용산초등학교),0,,,0,,,,,,,,,,,,,,,,,,,,,0
회진초등학교,전남,초,공립,,전라남도 장흥군 회진면 회진남구길 7 . 회진초등학교 (회진면),0,,,0,,,,,,,,,,,,,,,,,,,,,0
명덕초등학교,전남,초,공립,,전라남도 장흥군 회진면 회진로 805-17 . 장흥명덕초등학교 (회진면),0,,,0,,,,,,,,,,,,,,,,,,,,,0
장동초등학교,전남,초,공립,,전라남도 장흥군 장동면 흥성로 1500 (장동면. 장동초등학교),0,,,0,,,,,,,,,,,,,,,,,,,,,0
장평초등학교,전남,초,공립,,전라남도 장흥군 장평면 등촌길 10 . 장평초등학교 (장평면),0,,,0,,,,,,,,,,,,,,,,,,,,,0
유치초등학교,전남,초,공립,,전라남도 장흥군 유치면 유치로 48 . 59301 (유치면),0,,,1,2017.0,,,,,,,,,,,,,,,,,,,,0
부산초등학교,전남,초,공립,,전라남도 장흥군 부산면 부유로 25-16 (부산면. 부산초등학교),0,,,0,,,,,,,,,,,,,,,,,,,,,0
장흥중학교,전남,중,공립,남자,전라남도 장흥군 장흥읍 장흥로 49-1 (장흥읍),0,,,0,,,,,,,,,,,,,,,,,,,,,0
장흥여자중학교,전남,중,공립,여자,전라남도 장흥군 장흥읍 못골길 1 (장흥읍. 장흥여자중학교),0,,,0,,,,,,,,,,,,,,,,,,,,,0
장흥관산중학교,전남,중,공립,남여공학,전라남도 장흥군 관산읍 죽교상하발로 41 (관산읍. 관산중학교),0,,,0,,,,,,,,,,,,,,,,,,,,,0
장흥장평중학교,전남,중,공립,남여공학,전라남도 장흥군 장평면 장평중앙길 41-18 (장평면. 장평중학교),0,,,0,,,,,,,,,,,,,,,,,,,,,0
장흥용산중학교,전남,중,공립,남여공학,전라남도 장흥군 용산면 용안로 13 . 장흥용산중학교 (용산면),0,,,0,,,,,,,,,,,,,,,,,,,,,0
장흥유치중학교,전남,중,공립,남여공학,전라남도 장흥군 유치면 유치로 48 (유치면),0,,,0,,,,,,,,,,,,,,,,,,,,,0
장흥안양중학교,전남,중,공립,남여공학,전라남도 장흥군 안양면 운정2길 28 (안양면. 장흥안양중학교),0,,,0,,,,,,,,,,,,,,,,,,,,,0
장흥회덕중학교,전남,중,공립,남여공학,전라남도 장흥군 회진면 가학회진로 1519 . 1519 (회진면),0,,,0,,,,,,,,,,,,,,,,,,,,,0
대덕중학교,전남,중,공립,남여공학,전라남도 장흥군 대덕읍 대대로 1005 (대덕읍),0,,,0,,,,,,,,,,,,,,,,,,,,,0
강진중앙초등학교,전남,초,공립,,전라남도 강진군 강진읍 중앙로 74 (강진읍.강진중앙초등학교),0,,,0,,,,,,,,,,,,,,,,,,,,,0
강진동초등학교,전남,초,공립,,전라남도 강진군 강진읍 중앙로 180 (강진읍),0,,,0,,,,,,,,,,,,,,,,,,,,,0
강진북초등학교,전남,초,공립,,전라남도 강진군 강진읍 지전로안길 83 . 강진북초등학교 (강진읍),0,,,0,,,,,,,,,,,,,,,,,,,,,0
군동초등학교,전남,초,공립,,전라남도 강진군 군동면 석교로 365 . 군동초등학교 (군동면),0,,,0,,,,,,,,,,,,,,,,,,,,,0
계산초등학교,전남,초,공립,,전라남도 강진군 군동면 군동계산길 22 (군동면.계산초등학교),0,,,0,,,,,,,,,,,,,,,,,,,,,0
칠량초등학교,전남,초,공립,,전라남도 강진군 칠량면 영동1길 5 (칠량면),0,,,0,,,,,,,,,,,,,,,,,,,,,0
대구초등학교,전남,초,공립,,전라남도 강진군 대구면 청자로 1888 . 대구초등학교,0,,,0,,,,,,,,,,,,,,,,,,,,,0
마량초등학교,전남,초,공립,,전라남도 강진군 마량면 서중길 42 . 마량초등학교 (마량면),0,,,1,2018.0,,,,,,,,,,,,,,,,,,,,0
도암초등학교,전남,초,공립,,전라남도 강진군 도암면 봉황로 10 (도암면. 도암초등학교),0,,,0,,,,,,,,,,,,,,,,,,,,,0
신전초등학교,전남,초,공립,,전라남도 강진군 신전면 백도로 1341 (신전면),0,,,1,2019.0,,,,,,,,,,,,,,,,,,,,0
성전초등학교,전남,초,공립,,전라남도 강진군 성전면 예향로 17 (성전면. 성전초등학교),0,,,0,,,,,,,,,,,,,,,,,,,,,0
작천초등학교,전남,초,공립,,전라남도 강진군 작천면 평리3길 1 . 작천초등학교 (작천면),0,,,0,,,,,,,,,,,,,,,,,,,,,0
병영초등학교,전남,초,공립,,전라남도 강진군 병영면 하멜로 385 (병영면. 병영초등학교),0,,,0,,,,,,,,,,,,,,,,,,,,,0
옴천초등학교,전남,초,공립,,전라남도 강진군 옴천면 개산중앙길 12-7 . 옴천초등학교 (옴천면),0,,,0,,,,,,,,,,,,,,,,,,,,,0
강진중학교,전남,중,공립,남자,전라남도 강진군 강진읍 중앙로 205 (강진읍. 강진중학교),0,,,0,,,,,,,,,,,,,,,,,,,,,0
강진여자중학교,전남,중,공립,여자,전라남도 강진군 강진읍 고성길 15-6 (강진읍. 강진여자중학교),0,,,0,,,,,,,,,,,,,,,,,,,,,0
성전중학교,전남,중,공립,남여공학,전라남도 강진군 성전면 별뫼로 367-9 (성전면. 성전중학교),0,,,0,,,,,,,,,,,,,,,,,,,,,0
도암중학교,전남,중,공립,남여공학,전라남도 강진군 도암면 도암신리길 20 (도암면. 도암중학교),0,,,0,,,,,,,,,,,,,,,,,,,,,0
병영중학교,전남,중,공립,남여공학,전라남도 강진군 병영면 하멜로 372 병영중고등학교,0,,,0,,,,,,,,,,,,,,,,,,,,,0
강진칠량중학교,전남,중,공립,남여공학,전라남도 강진군 칠량면 칠량로 90-18 (칠량면. 강진칠량중학교),0,,,0,,,,,,,,,,,,,,,,,,,,,0
강진대구중학교,전남,중,공립,남여공학,전라남도 강진군 대구면 청자로 1887 . 강진대구중학교 (대구면),0,,,0,,,,,,,,,,,,,,,,,,,,,0
강진작천중학교,전남,중,공립,남여공학,전라남도 강진군 작천면 까치내로 864 . 강진작천중학교 (작천면),0,,,0,,,,,,,,,,,,,,,,,,,,,0
청람중학교,전남,중,공립,남여공학,전라남도 강진군 군동면 석교로 395 . 청람중학교 (군동면),0,,,0,,,,,,,,,,,,,,,,,,,,,0
해남동초등학교,전남,초,공립,,전라남도 해남군 해남읍 중앙1로 45 . 해남동초등학교 (해남읍),1,2023.0,교육활동 모델교,1,2017.0,,,,,,,,,,,,,,,,,,,,1
해남서초등학교,전남,초,공립,,전라남도 해남군 해남읍 중앙1로 182 (해남읍),1,2023.0,교육활동 모델교,1,2017.0,,,,,,,,,,,,,,,,,,,,1
삼산초등학교,전남,초,공립,,전라남도 해남군 삼산면 고산로 586 (삼산면. 삼산초등학교),0,,,0,,,,,,,,,,,,,,,,,,,,,0
화산초등학교,전남,초,공립,,전라남도 해남군 화산면 화산초길 9 (화산면),0,,,1,2017.0,,,,,,,,,,,,,,,,,,,,0
현산초등학교,전남,초,공립,,전라남도 해남군 현산면 현산북평로 98 (현산면),0,,,1,2018.0,,,,,,,,,,,,,,,,,,,,0
현산남초등학교,전남,초,공립,,전라남도 해남군 현산면 입제길 40 . 현산남초등학교 (현산면),0,,,0,,,,,,,,,,,,,,,,,,,,,0
송지초등학교,전남,초,공립,,전라남도 해남군 송지면 산정1길 101 . 송지면. 송지초등학교(송지면. 송지초등학교),0,,,0,,,,,,,,,,,,,,,,,,,,,0
송호초등학교,전남,초,공립,,전라남도 해남군 송지면 송호길 5 (송지면),0,,,0,,,,,,,,,,,,,,,,,,,,,0
어란진초등학교,전남,초,공립,,전라남도 해남군 송지면 어란로 441 . 어란진초등학교 (송지면. 어란진초등학교),0,,,0,,,,,,,,,,,,,,,,,,,,,0
북평초등학교,전남,초,공립,,전라남도 해남군 북평면 볼무당길 40 (북평면),0,,,0,,,,,,,,,,,,,,,,,,,,,0
북일초등학교,전남,초,공립,,전라남도 해남군 북일면 백도로 849 북일초등학교 (북일면. 북일초등학교),1,2023.0,교육활동 모델교,0,,,,,,,,,,,,,,,,,,,,,0
옥천초등학교,전남,초,공립,,전라남도 해남군 옥천면 해강로 19 (옥천면),0,,,1,2020.0,,,,,,,,,,,,,,,,,,,,0
계곡초등학교,전남,초,공립,,전라남도 해남군 계곡면 성진길 6-37 (계곡면.계곡초등학교),0,,,0,,,,,,,,,,,,,,,,,,,,,0
마산초등학교,전남,초,공립,,전라남도 해남군 마산면 은적사길 13 . 마산초등학교 (마산면),0,,,0,,,,,,,,,,,,,,,,,,,,,0
황산초등학교,전남,초,공립,,전라남도 해남군 황산면 시등로 150 (황산면),1,2023.0,교육활동 모델교,1,2017.0,,,,,,,,,,,,,,,,,,,,1
산이초등학교,전남,초,공립,,전라남도 해남군 산이면 비석길 95-2 (산이면. 산이초등학교),0,,,0,,,,,,,,,,,,,,,,,,,,,0
산이서초등학교,전남,초,공립,,전라남도 해남군 산이면 산이로 1736 (산이면),0,,,0,,,,,,,,,,,,,,,,,,,,,0
우수영초등학교,전남,초,공립,,전라남도 해남군 문내면 동영길 117 (문내면. 우수영초등학교),0,,,1,2018.0,,,,,,,,,,,,,,,,,,,,0
화원초등학교,전남,초,공립,,전라남도 해남군 화원면 청용길 117 (화원면),0,,,1,2018.0,,,,,,,,,,,,,,,,,,,,0
서정초등학교,전남,초,공립,,전라남도 해남군 송지면 달마로 524 . 서정초등학교 (송지면. 송지초등학교서정분교),0,,,0,,,,,,,,,,,,,,,,,,,,,0
어란진초등학교어불분교장,전남,초,공립,,전라남도 해남군 송지면 어불길 50-7 (송지면) 어란진초등학교어불분교장,0,,,0,,,,,,,,,,,,,,,,,,,,,0
마산초등학교용전분교장,전남,초,공립,,전라남도 해남군 마산면 산이로 117-69 . 마산초등학교 용전분교장 (마산면),0,,,0,,,,,,,,,,,,,,,,,,,,,0
해남중학교,전남,중,공립,남여공학,전라남도 해남군 해남읍 중앙1로 225 (해남읍),0,,,1,2017.0,,,,,,,,,,,,,,,,,,,,0
해남제일중학교,전남,중,공립,남여공학,전라남도 해남군 해남읍 명문길 19 (해남읍),0,,,1,2019.0,,,,,,,,,,,,,,,,,,,,0
북평중학교,전남,중,공립,남여공학,전라남도 해남군 북평면 달량진길 38 (북평면. 북평중학교),0,,,0,,,,,,,,,,,,,,,,,,,,,0
화산중학교,전남,중,공립,남여공학,전라남도 해남군 화산면 연정길 29 (화산면),0,,,0,,,,,,,,,,,,,,,,,,,,,0
송지중학교,전남,중,공립,남여공학,전라남도 해남군 송지면 미야길 156 (송지면. 송지중학교),0,,,0,,,,,,,,,,,,,,,,,,,,,0
황산중학교,전남,중,공립,남여공학,전라남도 해남군 황산면 관두길 24 (황산면),0,,,0,,,,,,,,,,,,,,,,,,,,,0
산이중학교,전남,중,공립,남여공학,전라남도 해남군 산이면 비석길 98-2 . 산이중학교 (산이면),0,,,0,,,,,,,,,,,,,,,,,,,,,0
현산중학교,전남,중,공립,남여공학,전라남도 해남군 현산면 탑동리길 39,0,,,0,,,,,,,,,,,,,,,,,,,,,0
두륜중학교,전남,중,공립,남여공학,전라남도 해남군 북일면 오소재로 35 (북일면.두륜중학교),0,,,0,,,,,,,,,,,,,,,,,,,,,0
우수영중학교,전남,중,공립,남여공학,전라남도 해남군 문내면 우수영로 21-6 (문내면),0,,,0,,,,,,,,,,,,,,,,,,,,,0
화원중학교,전남,중,사립,남여공학,전라남도 해남군 화원면 신평리길 25-19 (화원면. 화원중고등학교),0,,,0,,,,,,,,,,,,,,,,,,,,,0
영암초등학교,전남,초,공립,,전라남도 영암군 영암읍 영암초중고길 1 (영암읍.영암초등학교),0,,,0,,,,,,,,,,,,,,,,,,,,,0
덕진초등학교,전남,초,공립,,전라남도 영암군 덕진면 백운선로 21 (덕진면. 덕진초등학교),0,,,0,,,,,,,,,,,,,,,,,,,,,0
금정초등학교,전남,초,공립,,전라남도 영암군 금정면 영나로 836 (금정면.금정중학교),0,,,0,,,,,,,,,,,,,,,,,,,,,0
신북초등학교,전남,초,공립,,전라남도 영암군 신북면 간은정로 67 . 신북초등학교 (신북면),1,2023.0,교육활동 모델교,0,,,,,,,,,,,,,,,,,,,,,0
시종초등학교,전남,초,공립,,전라남도 영암군 시종면 내동중앙로 17 (시종면),0,,,1,2020.0,,,,,,,,,,,,,,,,,,,,0
도포초등학교,전남,초,공립,,전라남도 영암군 도포면 줄다리로 117 (도포면.도포초등학교),0,,,1,2019.0,,,,,,,,,,,,,,,,,,,,0
구림초등학교,전남,초,공립,,전라남도 영암군 군서면 왕인로 509 (군서면.구림초등학교),0,,,0,,,,,,,,,,,,,,,,,,,,,0
장천초등학교,전남,초,공립,,전라남도 영암군 서호면 서호로 332 (서호면),0,,,1,2020.0,,,,,,,,,,,,,,,,,,,,0
학산초등학교,전남,초,공립,,전라남도 영암군 학산면 금계로 193 (학산면. 학산초등학교),0,,,0,,,,,,,,,,,,,,,,,,,,,0
독천초등학교,전남,초,공립,,전라남도 영암군 학산면 영산로 58 (학산면),0,,,0,,,,,,,,,,,,,,,,,,,,,0
미암초등학교,전남,초,공립,,전라남도 영암군 미암면 미중로 61 (미암면),0,,,0,,,,,,,,,,,,,,,,,,,,,0
서창초등학교,전남,초,공립,,전라남도 영암군 삼호읍 서창호수길 4 . 서창초등학교 (삼호읍. 서창초등학교),1,2023.0,교육활동 모델교,0,,,,,,,,,,,,,,,,,,,,,0
삼호중앙초등학교,전남,초,공립,,전라남도 영암군 삼호읍 중앙촌길 35 (삼호읍),0,,,0,,,,,,,,,,,,,,,,,,,,,0
용당초등학교,전남,초,공립,,전라남도 영암군 삼호읍 아산길 26-10 (삼호읍. 용당초등학교),1,2023.0,교육활동 모델교,1,2018.0,,,,,,,,,,,,,,,,,,,,1
삼호서초등학교,전남,초,공립,,전라남도 영암군 삼호읍 신항로 77 (삼호읍),1,2023.0,교육활동 모델교,0,,,,,,,,,,,,,,,,,,,,,0
대불초등학교,전남,초,공립,,전라남도 영암군 삼호읍 대불주거6로 41 (삼호읍),0,,,1,2017.0,,,,,,,,,,,,,,,,,,,,0
영암중학교,전남,중,공립,남자,전라남도 영암군 영암읍 영암초중고길 32 (영암읍),0,,,0,,,,,,,,,,,,,,,,,,,,,0
영암낭주중학교,전남,중,공립,남여공학,전라남도 영암군 학산면 영산로 40 . 영암낭주중학교 (학산면),0,,,0,,,,,,,,,,,,,,,,,,,,,0
신북중학교,전남,중,공립,남여공학,전라남도 영암군 신북면 간은정로 77 (신북면. 신북중학교),0,,,0,,,,,,,,,,,,,,,,,,,,,0
구림중학교,전남,중,공립,남여공학,전라남도 영암군 군서면 돌정고개길 43 (군서면),0,,,0,,,,,,,,,,,,,,,,,,,,,0
영암금정중학교,전남,중,공립,남여공학,전라남도 영암군 금정면 영나로 836 (금정면.금정중학교),0,,,0,,,,,,,,,,,,,,,,,,,,,0
영암도포중학교,전남,중,공립,남여공학,전라남도 영암군 도포면 호산로 69-16 (도포면),0,,,0,,,,,,,,,,,,,,,,,,,,,0
영암서호중학교,전남,중,공립,남여공학,전라남도 영암군 서호면 서호로 304 (서호면),0,,,0,,,,,,,,,,,,,,,,,,,,,0
영암미암중학교,전남,중,공립,남여공학,전라남도 영암군 미암면 곤미현로 961-10 (미암면. 미암중학교),0,,,0,,,,,,,,,,,,,,,,,,,,,0
삼호중학교,전남,중,공립,남여공학,전라남도 영암군 삼호읍 방아제로 102 (삼호읍.삼호중학교),0,,,0,,,,,,,,,,,,,,,,,,,,,0
삼호서중학교,전남,중,공립,남여공학,전라남도 영암군 삼호읍 모밀항길 20 . 삼호서중학교 (삼호읍),0,,,0,,,,,,,,,,,,,,,,,,,,,0
시종중학교,전남,중,사립,남여공학,전라남도 영암군 시종면 마한로 1237 (시종면. 시종중학교),0,,,0,,,,,,,,,,,,,,,,,,,,,0
영암여자중학교,전남,중,사립,여자,전라남도 영암군 영암읍 여중고길 12. 영암여자중학교 (영암읍),0,,,0,,,,,,,,,,,,,,,,,,,,,0
무안초등학교,전남,초,공립,,전라남도 무안군 무안읍 면성2길 30 (무안읍.무안초등학교),0,,,0,,,,,,,,,,,,,,,,,,,,,0
일로초등학교,전남,초,공립,,전라남도 무안군 일로읍 일로로 69 . 일로초등학교 (일로읍),0,,,0,,,,,,,,,,,,,,,,,,,,,0
일로동초등학교,전남,초,공립,,전라남도 무안군 일로읍 광암길 81-7 (일로읍. 일로동초교),0,,,0,,,,,,,,,,,,,,,,,,,,,0
청계초등학교,전남,초,공립,,전라남도 무안군 청계면 영산로 1870 (청계면),0,,,0,,,,,,,,,,,,,,,,,,,,,0
청계남초등학교,전남,초,공립,,전라남도 무안군 청계면 문화로 105 (청계면. 청계남초등학교),0,,,0,,,,,,,,,,,,,,,,,,,,,0
청계북초등학교,전남,초,공립,,전라남도 무안군 청계면 사마길 8 (청계면.청계북초등학교),0,,,0,,,,,,,,,,,,,,,,,,,,,0
삼향초등학교,전남,초,공립,,전라남도 무안군 삼향읍 삼향중앙로 84 (삼향읍.삼향초등학교),0,,,0,,,,,,,,,,,,,,,,,,,,,0
삼향동초등학교,전남,초,공립,,전라남도 무안군 삼향읍 극포길 25 (삼향읍),0,,,0,,,,,,,,,,,,,,,,,,,,,0
삼향북초등학교,전남,초,공립,,전라남도 무안군 삼향읍 원지산길 66 . 삼향북초등학교 (삼향읍),0,,,0,,,,,,,,,,,,,,,,,,,,,0
몽탄초등학교,전남,초,공립,,전라남도 무안군 몽탄면 몽탄로 878 (몽탄면.몽탄초교),0,,,0,,,,,,,,,,,,,,,,,,,,,0
현경초등학교,전남,초,공립,,전라남도 무안군 현경면 황토길 17 (현경면.현경초등학교),0,,,0,,,,,,,,,,,,,,,,,,,,,0
현경북초등학교,전남,초,공립,,전라남도 무안군 현경면 현해로 757 (현경면.현경북초등학교),0,,,0,,,,,,,,,,,,,,,,,,,,,0
망운초등학교,전남,초,공립,,전라남도 무안군 망운면 망운로 34 (망운면),0,,,0,,,,,,,,,,,,,,,,,,,,,0
운남초등학교,전남,초,공립,,전라남도 무안군 운남면 운해로 543 . 운남초등학교 (운남면),0,,,0,,,,,,,,,,,,,,,,,,,,,0
해제초등학교,전남,초,공립,,전라남도 무안군 해제면 양간로 77 (해제면. 해제초등학교),0,,,0,,,,,,,,,,,,,,,,,,,,,0
해제남초등학교,전남,초,공립,,전라남도 무안군 해제면 돌기길 5 . 해제남초등학교 (해제면),0,,,0,,,,,,,,,,,,,,,,,,,,,0
남악초등학교,전남,초,공립,,전라남도 무안군 삼향읍 남악영산길 6 (삼향읍),0,,,0,,,,,,,,,,,,,,,,,,,,,0
오룡초등학교,전남,초,공립,,전라남도 무안군 삼향읍 남악5로22번길 34 . 오룡초등학교(삼향읍),0,,,0,,,,,,,,,,,,,,,,,,,,,0
일로초등학교청망분교장,전남,초,공립,,전라남도 무안군 일로읍 청포로 421 (일로읍.일로초교청망분교장),0,,,0,,,,,,,,,,,,,,,,,,,,,0
무안중학교,전남,중,공립,남여공학,전라남도 무안군 일로읍 죽사동길 15-5 . 무안중학교 (일로읍),0,,,0,,,,,,,,,,,,,,,,,,,,,0
무안북중학교,전남,중,공립,남여공학,전라남도 무안군 무안읍 교촌길 38 (무안읍),0,,,0,,,,,,,,,,,,,,,,,,,,,0
무안현경중학교,전남,중,공립,남여공학,전라남도 무안군 현경면 장군로 23 . 무안현경중학교 (현경면),0,,,0,,,,,,,,,,,,,,,,,,,,,0
무안청계중학교,전남,중,공립,남여공학,전라남도 무안군 청계면 도림길 15-5 (청계면),0,,,0,,,,,,,,,,,,,,,,,,,,,0
무안몽탄중학교,전남,중,공립,남여공학,전라남도 무안군 몽탄면 호동길 38-10 (몽탄면. 무안몽탄중학교),0,,,0,,,,,,,,,,,,,,,,,,,,,0
남악중학교,전남,중,공립,남여공학,전라남도 무안군 삼향읍 남악4로60번길 38 (삼향읍),0,,,0,,,,,,,,,,,,,,,,,,,,,0
오룡중학교,전남,중,공립,남여공학,전라남도 무안군 삼향읍 남악5로22번길 38 . 오룡중학교 (삼향읍),0,,,0,,,,,,,,,,,,,,,,,,,,,0
망운중학교,전남,중,사립,남여공학,전라남도 무안군 운남면 운해로 568-51 . 망운중학교 (운남면),0,,,0,,,,,,,,,,,,,,,,,,,,,0
해제중학교,전남,중,사립,남여공학,전라남도 무안군 해제면 양간로 97 (해제면),0,,,0,,,,,,,,,,,,,,,,,,,,,0
전남체육중학교,전남,중,공립,남여공학,전라남도 무안군 일로읍 일로로 126 (일로읍),0,,,0,,,,,,,,,,,,,,,,,,,,,0
함평초등학교,전남,초,공립,,전라남도 함평군 함평읍 내대화길 77 . 함평초등학교 (함평읍.함평초등학교),0,,,0,,,,,,,,,,,,,,,,,,,,,0
기산초등학교,전남,초,공립,,전라남도 함평군 함평읍 기산길 63 (함평읍.기산초등학교),0,,,0,,,,,,,,,,,,,,,,,,,,,0
손불초등학교,전남,초,공립,,전라남도 함평군 손불면 손불중앙길 121 (손불면),0,,,1,2020.0,,,,,,,,,,,,,,,,,,,,0
손불서초등학교,전남,초,공립,,전라남도 함평군 손불면 양재길 15 손불서초등학교,0,,,0,,,,,,,,,,,,,,,,,,,,,0
신광초등학교,전남,초,공립,,전라남도 함평군 신광면 신광중앙길 118 (신광면. 신광초등학교),0,,,1,2019.0,,,,,,,,,,,,,,,,,,,,0
학다리중앙초등학교,전남,초,공립,,전라남도 함평군 학교면 백학길 100 (학교면),1,2023.0,교육활동 모델교,1,2019.0,,,,,,,,,,,,,,,,,,,,1
엄다초등학교,전남,초,공립,,전라남도 함평군 엄다면 엄다길 35 (엄다면),0,,,1,2018.0,,,,,,,,,,,,,,,,,,,,0
대동향교초등학교,전남,초,공립,,전라남도 함평군 대동면 대동길 6-9 (대동면),0,,,0,,,,,,,,,,,,,,,,,,,,,0
나산초등학교,전남,초,공립,,전라남도 함평군 나산면 함장로 2441-8 (나산면),1,2023.0,교육활동 모델교,1,2019.0,,,,,,,,,,,,,,,,,,,,1
해보초등학교,전남,초,공립,,전라남도 함평군 해보면 해삼로 313 (해보면),0,,,1,2018.0,,,,,,,,,,,,,,,,,,,,0
월야초등학교,전남,초,공립,,전라남도 함평군 월야면 금석길 95 . 월야초등학교 (월야면),0,,,0,,,,,,,,,,,,,,,,,,,,,0
함평중학교,전남,중,공립,남여공학,전라남도 함평군 함평읍 영수길 275 (함평읍),0,,,0,,,,,,,,,,,,,,,,,,,,,0
함평여자중학교,전남,중,공립,여자,전라남도 함평군 함평읍 곤재로 13-7 . 함평여자중학교 (함평읍),0,,,1,2017.0,,,,,,,,,,,,,,,,,,,,0
함평월야중학교,전남,중,공립,남여공학,전라남도 함평군 월야면 문화로 695 (월야면),0,,,0,,,,,,,,,,,,,,,,,,,,,0
함평손불중학교,전남,중,공립,남여공학,전라남도 함평군 손불면 손불중앙길 7-6 (손불면),0,,,0,,,,,,,,,,,,,,,,,,,,,0
함평신광중학교,전남,중,공립,남여공학,전라남도 함평군 신광면 덕일길 35 . 함평신광중학교 (신광면),0,,,0,,,,,,,,,,,,,,,,,,,,,0
함평해보중학교,전남,중,공립,남여공학,전라남도 함평군 해보면 해삼로 298 (해보면. 해보중학교),0,,,0,,,,,,,,,,,,,,,,,,,,,0
나산실용예술중학교,전남,중,공립,남여공학,전라남도 함평군 나산면 함장로 2441-96 (나산면),0,,,0,,,,,,,,,,,,,,,,,,,,,0
영광초등학교,전남,초,공립,,전라남도 영광군 영광읍 중앙로 216-7 (영광읍),0,,,1,2017.0,,,,,,,,,,,,,,,,,,,,0
영광중앙초등학교,전남,초,공립,,전라남도 영광군 영광읍 천년로13길 57-9 (영광읍),0,,,0,,,,,,,,,,,,,,,,,,,,,0
영광중앙초등학교월송분교장,전남,초,공립,,전라남도 영광군 영광읍 덕호로 36 (영광읍),0,,,0,,,,,,,,,,,,,,,,,,,,,0
백수초등학교,전남,초,공립,,전라남도 영광군 백수읍 백수로10길 21 (백수읍),0,,,0,,,,,,,,,,,,,,,,,,,,,0
백수서초등학교,전남,초,공립,,전라남도 영광군 백수읍 지산길4길 50-11 (백수읍),0,,,0,,,,,,,,,,,,,,,,,,,,,0
홍농초등학교,전남,초,공립,,전라남도 영광군 홍농읍 상하길 76-22 (홍농읍),0,,,1,2017.0,,,,,,,,,,,,,,,,,,,,0
홍농서초등학교,전남,초,공립,,전라남도 영광군 홍농읍 홍농로4길 30 (홍농읍),0,,,0,,,,,,,,,,,,,,,,,,,,,0
대마초등학교,전남,초,공립,,전라남도 영광군 대마면 영장로 277 (대마면),1,2023.0,교육활동 모델교,1,2017.0,,,,,,,,,,,,,,,,,,,,1
묘량중앙초등학교,전남,초,공립,,전라남도 영광군 묘량면 동삼로2길 26 (묘량면),0,,,0,,,,,,,,,,,,,,,,,,,,,0
불갑초등학교,전남,초,공립,,전라남도 영광군 불갑면 강항로 7 (불갑면),0,,,0,,,,,,,,,,,,,,,,,,,,,0
군서초등학교,전남,초,공립,,전라남도 영광군 군서면 군서로 50 (군서면),0,,,0,,,,,,,,,,,,,,,,,,,,,0
군남초등학교,전남,초,공립,,전라남도 영광군 군남면 군불로 135 (군남면),0,,,0,,,,,,,,,,,,,,,,,,,,,0
염산초등학교,전남,초,공립,,전라남도 영광군 염산면 칠산로 124 (염산면),0,,,1,2016.0,,,,,,,,,,,,,,,,,,,,0
법성포초등학교,전남,초,공립,,전라남도 영광군 법성면 용덕로 43 (법성면),0,,,0,,,,,,,,,,,,,,,,,,,,,0
염산초등학교낙월분교장,전남,초,공립,,전라남도 영광군 낙월면 낙월길 70 (낙월면),0,,,0,,,,,,,,,,,,,,,,,,,,,0
법성포초등학교안마분교장,전남,초,공립,,전라남도 영광군 낙월면 안마길1길 27 (낙월면),0,,,0,,,,,,,,,,,,,,,,,,,,,0
영광백수중학교,전남,중,공립,남여공학,전라남도 영광군 백수읍 백수로 875 (백수읍),0,,,0,,,,,,,,,,,,,,,,,,,,,0
영광중학교,전남,중,공립,남자,전라남도 영광군 영광읍 옥당로 13-34 (영광읍),0,,,0,,,,,,,,,,,,,,,,,,,,,0
영광여자중학교,전남,중,공립,여자,전라남도 영광군 영광읍 물무로3길 19 (영광읍),0,,,1,2017.0,,,,,,,,,,,,,,,,,,,,0
영광군남중학교,전남,중,공립,남여공학,전라남도 영광군 군남면 포천길 13 (군남면),0,,,0,,,,,,,,,,,,,,,,,,,,,0
영광염산중학교,전남,중,공립,남여공학,전라남도 영광군 염산면 칠산로2길 31 (염산면),0,,,1,2017.0,,,,,,,,,,,,,,,,,,,,0
영광홍농중학교,전남,중,공립,남여공학,전라남도 영광군 홍농읍 상하길 109 (홍농읍),0,,,1,2018.0,,,,,,,,,,,,,,,,,,,,0
영광대마중학교,전남,중,공립,남여공학,전라남도 영광군 대마면 영장로 231 (대마면),0,,,0,,,,,,,,,,,,,,,,,,,,,0
법성중학교,전남,중,공립,남여공학,전라남도 영광군 법성면 대덕길4길 147 (법성면),0,,,0,,,,,,,,,,,,,,,,,,,,,0
해룡중학교,전남,중,사립,남자,전라남도 영광군 영광읍 중앙로 120 (영광읍),0,,,0,,,,,,,,,,,,,,,,,,,,,0
성지송학중학교,전남,중,사립,남여공학,전라남도 영광군 군서면 서금길 15 (군서면),0,,,1,2015.0,,,,,,,,,,,,,,,,,,,,0
장성중앙초등학교,전남,초,공립,,전라남도 장성군 장성읍 제봉로 84 (장성읍),0,,,1,2016.0,,,,,,,,,,,,,,,,,,,,0
장성성산초등학교,전남,초,공립,,전라남도 장성군 장성읍 성산2길 21 (장성읍.성산초등학교),0,,,0,,,,,,,,,,,,,,,,,,,,,0
진원초등학교,전남,초,공립,,전라남도 장성군 진원면 진남1로 199 . 진원초등학교 (진원면),0,,,1,2016.0,,,,,,,,,,,,,,,,,,,,0
진원동초등학교,전남,초,공립,,전라남도 장성군 진원면 불태3로 245 . 진원동초등학교 (진원면),0,,,0,,,,,,,,,,,,,,,,,,,,,0
분향초등학교,전남,초,공립,,전라남도 장성군 남면 황토단감로 142-11 (남면),0,,,0,,,,,,,,,,,,,,,,,,,,,0
동화초등학교,전남,초,공립,,전남 장성군 동화면 용정교촌길 45 (동화면.교실),0,,,0,,,,,,,,,,,,,,,,,,,,,0
삼서초등학교,전남,초,공립,,전라남도 장성군 삼서면 대곡한실길 26 (삼서면),0,,,1,2018.0,,,,,,,,,,,,,,,,,,,,0
사창초등학교,전남,초,공립,,전라남도 장성군 삼계면 사창로 64-17 . 사창초등학교 (삼계면.사창초등학교),1,2023.0,교육활동 모델교,1,2017.0,,,,,,,,,,,,,,,,,,,,1
월평초등학교,전남,초,공립,,전라남도 장성군 황룡면 신월산1길 10 (황룡면),0,,,0,,,,,,,,,,,,,,,,,,,,,0
서삼초등학교,전남,초,공립,,전라남도 장성군 서삼면 축령로 368 (서삼면),0,,,1,2018.0,,,,,,,,,,,,,,,,,,,,0
북이초등학교,전남,초,공립,,전라남도 장성군 북이면 신창길 13 (북이면),0,,,0,,,,,,,,,,,,,,,,,,,,,0
약수초등학교,전남,초,공립,,전라남도 장성군 북하면 백양로 883,0,,,1,2018.0,,,,,,,,,,,,,,,,,,,,0
장성중학교,전남,중,공립,남자,전라남도 장성군 장성읍 단풍로 52 . 장성중학교 (장성읍),0,,,0,,,,,,,,,,,,,,,,,,,,,0
장성여자중학교,전남,중,공립,여자,전라남도 장성군 장성읍 제봉로 60 (장성읍),0,,,0,,,,,,,,,,,,,,,,,,,,,0
삼계중학교,전남,중,공립,남여공학,전라남도 장성군 삼계면 사창로 47 (삼계면.삼계중),0,,,0,,,,,,,,,,,,,,,,,,,,,0
장성남중학교,전남,중,공립,남여공학,전라남도 장성군 남면 황토단감로 10 (남면),0,,,0,,,,,,,,,,,,,,,,,,,,,0
장성백암중학교,전남,중,공립,남여공학,전라남도 장성군 북이면 복룡길 33 (북이면. 장성백암중학교),0,,,0,,,,,,,,,,,,,,,,,,,,,0
장성황룡중학교,전남,중,공립,남여공학,전라남도 장성군 황룡면 홍길동로 50 (황룡면),0,,,0,,,,,,,,,,,,,,,,,,,,,0
장성삼서중학교,전남,중,공립,남여공학,전라남도 장성군 삼서면 대곡한실길 20 . 삼서중학교 (삼서면),0,,,0,,,,,,,,,,,,,,,,,,,,,0
완도초등학교,전남,초,공립,,전라남도 완도군 완도읍 중앙길 43 . 완도초등학교 (완도읍),0,,,0,,,,,,,,,,,,,,,,,,,,,0
완도중앙초등학교,전남,초,공립,,전라남도 완도군 완도읍 개포로135번길 37 (완도읍),0,,,0,,,,,,,,,,,,,,,,,,,,,0
화흥초등학교,전남,초,공립,,전라남도 완도군 완도읍 청해진서로 824 . 화흥초등학교 (완도읍),1,2023.0,교육활동 모델교,1,2020.0,,,,,,,,,,,,,,,,,,,,1
청해초등학교,전남,초,공립,,전라남도 완도군 완도읍 청해진로 1374 . 청해초등학교 (완도읍),0,,,0,,,,,,,,,,,,,,,,,,,,,0
군외초등학교,전남,초,공립,,전라남도 완도군 군외면 청해진서로 2020 . 군외초등학교 (군외면),0,,,1,2016.0,,,,,,,,,,,,,,,,,,,,0
신지초등학교,전남,초,공립,,전라남도 완도군 신지면 대곡48번길 37 . 신지초등학교 (신지면),0,,,0,,,,,,,,,,,,,,,,,,,,,0
신지동초등학교,전남,초,공립,,전라남도 완도군 신지면 신지로 815-1 . 신지동초등학교 (신지면),0,,,0,,,,,,,,,,,,,,,,,,,,,0
고금초등학교,전남,초,공립,,전라남도 완도군 고금면 고금동로 17-33 . 고금초등학교 (고금면),0,,,0,,,,,,,,,,,,,,,,,,,,,0
약산초등학교,전남,초,공립,,전라남도 완도군 약산면 약산로 351-1 (약산면. 약산초등학교),0,,,0,,,,,,,,,,,,,,,,,,,,,0
금일초등학교,전남,초,공립,,전라남도 완도군 금일읍 구동2길 38 . 금일초등학교 (금일읍),0,,,0,,,,,,,,,,,,,,,,,,,,,0
금일동초등학교,전남,초,공립,,전라남도 완도군 금일읍 월송1길 18-13 (금일읍),0,,,1,2020.0,,,,,,,,,,,,,,,,,,,,0
생영초등학교,전남,초,공립,,전라남도 완도군 생일면 생일로579번길 3 . 생영초등학교 (생일면),0,,,0,,,,,,,,,,,,,,,,,,,,,0
금당초등학교,전남,초,공립,,전라남도 완도군 금당면 금당로 220-23 . 금당초등학교 (금당면. 금당초교),0,,,0,,,,,,,,,,,,,,,,,,,,,0
청산초등학교,전남,초,공립,,전라남도 완도군 청산면 청산로 1602-1 . 청산초등학교 (청산면),0,,,0,,,,,,,,,,,,,,,,,,,,,0
소안초등학교,전남,초,공립,,전라남도 완도군 소안면 소안로 213 . 소안초등학교 (소안면),0,,,1,2017.0,,,,,,,,,,,,,,,,,,,,0
노화초등학교,전남,초,공립,,전라남도 완도군 노화읍 노화서로 149 (노화읍),0,,,0,,,,,,,,,,,,,,,,,,,,,0
노화중앙초등학교,전남,초,공립,,전라남도 완도군 노화읍 이목25번길 49-13 (노화읍),0,,,0,,,,,,,,,,,,,,,,,,,,,0
노화북초등학교,전남,초,공립,,전라남도 완도군 노화읍 신목길 102 (노화읍.노화북초교),0,,,0,,,,,,,,,,,,,,,,,,,,,0
넙도초등학교,전남,초,공립,,전라남도 완도군 노화읍 넙도길 294-31 . 넙도초등학교 (노화읍),0,,,0,,,,,,,,,,,,,,,,,,,,,0
보길초등학교,전남,초,공립,,전라남도 완도군 보길면 부황길 67 (보길면),0,,,0,,,,,,,,,,,,,,,,,,,,,0
보길동초등학교,전남,초,공립,,전라남도 완도군 보길면 중리1길 6-18 (보길면. 보길동초등학교),0,,,0,,,,,,,,,,,,,,,,,,,,,0
군외초등학교불목분교장,전남,초,공립,,전라남도 완도군 군외면 청해진북로 609 . 군외초등학교 불목분교장 (군외면),0,,,0,,,,,,,,,,,,,,,,,,,,,0
청산초등학교모도분교장,전남,초,공립,,전라남도 완도군 청산면 대모도12번길 20-1 (청산면),0,,,0,,,,,,,,,,,,,,,,,,,,,0
넙도초등학교서리분교장,전남,초,공립,,전라남도 완도군 노화읍 넙도298번길 18 . 넙도초등학교서리분교장,0,,,0,,,,,,,,,,,,,,,,,,,,,0
보길동초등학교예작분교장,전남,초,공립,,전라남도 완도군 보길면 예작도길 1-13 (보길면. 예작분교),0,,,0,,,,,,,,,,,,,,,,,,,,,0
완도중학교,전남,중,공립,남자,전라남도 완도군 완도읍 청해진남로 88 (완도읍. 완도중학교),0,,,0,,,,,,,,,,,,,,,,,,,,,0
완도여자중학교,전남,중,공립,여자,전라남도 완도군 완도읍 노두목길 20 . 완도여자중학교 (완도읍),0,,,0,,,,,,,,,,,,,,,,,,,,,0
고금중학교,전남,중,공립,남여공학,전라남도 완도군 고금면 농상도남길 16-38 . 고금중학교 (고금면),0,,,1,2019.0,,,,,,,,,,,,,,,,,,,,0
청산중학교,전남,중,공립,남여공학,전라남도 완도군 청산면 청산로 1579-74 (청산면. 청산중학교),0,,,1,2016.0,,,,,,,,,,,,,,,,,,,,0
노화중학교,전남,중,공립,남여공학,전라남도 완도군 노화읍 노화서로 1-14 (노화읍. 노화중학교),0,,,0,,,,,,,,,,,,,,,,,,,,,0
군외중학교,전남,중,공립,남여공학,전라남도 완도군 군외면 원동길 37-26 . 군외중학교 (군외면),0,,,0,,,,,,,,,,,,,,,,,,,,,0
금당중학교,전남,중,공립,남여공학,전라남도 완도군 금당면 금당로 230 . . (금당면. 금당중학교),0,,,0,,,,,,,,,,,,,,,,,,,,,0
소안중학교,전남,중,공립,남여공학,전라남도 완도군 소안면 비자34번길 17 (소안면),0,,,0,,,,,,,,,,,,,,,,,,,,,0
금일중학교,전남,중,공립,남여공학,전라남도 완도군 금일읍 금일로 445-1 . 금일중학교 (금일읍),0,,,0,,,,,,,,,,,,,,,,,,,,,0
약산중학교,전남,중,공립,남여공학,전라남도 완도군 약산면 약산로 366 . 약산중학교 (약산면),0,,,0,,,,,,,,,,,,,,,,,,,,,0
완도신지중학교,전남,중,공립,남여공학,전라남도 완도군 신지면 대곡길 26 . 신지중학교 (신지면),0,,,0,,,,,,,,,,,,,,,,,,,,,0
완도보길중학교,전남,중,공립,남여공학,전라남도 완도군 보길면 보길로 1-2 (완도보길중학교),0,,,0,,,,,,,,,,,,,,,,,,,,,0
넙도초등학교노화중학교넙도분교장,전남,중,공립,남여공학,전라남도 완도군 노화읍 넙도길 294-31 . 노화중학교넙도분교장 (노화읍. 넙도초등학교. 노화중학교분교),0,,,0,,,,,,,,,,,,,,,,,,,,,0
금일중학교생일분교장,전남,중,공립,남여공학,전라남도 완도군 생일면 생일로613번길 41 (생일면. 금일중학교생일분교),0,,,0,,,,,,,,,,,,,,,,,,,,,0
진도초등학교,전남,초,공립,,전라남도 진도군 진도읍 성내길 9 (진도읍. 진도초등학교),0,,,0,,,,,,,,,,,,,,,,,,,,,0
진도서초등학교,전남,초,공립,,전라남도 진도군 진도읍 신흥정자로 25 (진도읍),1,2023.0,교육활동 모델교,1,2020.0,,,,,,,,,,,,,,,,,,,,1
군내북초등학교,전남,초,공립,,전라남도 진도군 군내면 대야길 54 (군내면.군내북초등학교),0,,,1,2019.0,,,,,,,,,,,,,,,,,,,,0
고성초등학교,전남,초,공립,,전라남도 진도군 고군면 고성길 2-3 . (고성초등학교) (고군면),0,,,1,2019.0,,,,,,,,,,,,,,,,,,,,0
의신초등학교,전남,초,공립,,전라남도 진도군 의신면 돈지1길 13 (의신면),0,,,0,,,,,,,,,,,,,,,,,,,,,0
석교초등학교,전남,초,공립,,전라남도 진도군 임회면 석교길 47-18 (임회면),0,,,0,,,,,,,,,,,,,,,,,,,,,0
지산초등학교,전남,초,공립,,전라남도 진도군 지산면 인지독치1길 21-12 (지산면. 지산초등학교),0,,,0,,,,,,,,,,,,,,,,,,,,,0
조도초등학교,전남,초,공립,,전라남도 진도군 조도면 창유1길 36-14 (조도면),0,,,0,,,,,,,,,,,,,,,,,,,,,0
진도서초등학교가사도분교장,전남,초,공립,,전라남도 진도군 조도면 가사도길 88-22 (조도면),0,,,0,,,,,,,,,,,,,,,,,,,,,0
오산초등학교금호도분교장,전남,초,공립,,전라남도 진도군 고군면 금호도길 47 47 (고군면),0,,,0,,,,,,,,,,,,,,,,,,,,,0
의신초등학교모도분교장,전남,초,공립,,전라남도 진도군 의신면 모도길 12-3 (의신면. 의동초등학교모도분교장),0,,,0,,,,,,,,,,,,,,,,,,,,,0
조도초등학교관사분교장,전남,초,공립,,전라남도 진도군 조도면 관사도길 12 (조도면) 관사분교장,0,,,0,,,,,,,,,,,,,,,,,,,,,0
조도초등학교대마분교장,전남,초,공립,,전라남도 진도군 조도면 대마도길 26 (조도면) 대마분교장,0,,,0,,,,,,,,,,,,,,,,,,,,,0
조도초등학교거차분교장,전남,초,공립,,전라남도 진도군 조도면 서거차도1길 116 (조도면) 조도초등학교 거차분교장,0,,,0,,,,,,,,,,,,,,,,,,,,,0
의신초등학교접도분교장,전남,초,공립,,전라남도 진도군 의신면 황모길 25-1 (의신면),0,,,0,,,,,,,,,,,,,,,,,,,,,0
진도군내중학교,전남,중,공립,남여공학,전라남도 진도군 군내면 금골길 26 (군내면.군내중학교),0,,,0,,,,,,,,,,,,,,,,,,,,,0
고성중학교,전남,중,공립,남여공학,전라남도 진도군 고군면 진도대로 83 (고군면. 고성중학교),0,,,0,,,,,,,,,,,,,,,,,,,,,0
석교중학교,전남,중,공립,남여공학,전라남도 진도군 임회면 십일시길 67 (임회면. 석교중학교),0,,,0,,,,,,,,,,,,,,,,,,,,,0
조도중학교,전남,중,공립,남여공학,전라남도 진도군 조도면 명지길 66 (조도면. 조도중학교),0,,,0,,,,,,,,,,,,,,,,,,,,,0
진도중학교,전남,중,사립,남여공학,전라남도 진도군 진도읍 교동3길 9 (진도읍),0,,,0,,,,,,,,,,,,,,,,,,,,,0
의신중학교,전남,중,사립,남여공학,전라남도 진도군 의신면 진도대로 2446 . 진도대로 2446 (의신면),0,,,1,2016.0,,,,,,,,,,,,,,,,,,,,0
진도지산중학교,전남,중,사립,남여공학,전라남도 진도군 지산면 인지독치1길 21-62 . 진도지산중학교,1,2023.0,교육활동 모델교,0,,,,,,,,,,,,,,,,,,,,,0
지도초등학교,전남,초,공립,,전라남도 신안군 지도읍 서촌길 52-1 (지도읍. 지도초등학교),0,,,0,,,,,,,,,,,,,,,,,,,,,0
증도초등학교,전남,초,공립,,전라남도 신안군 증도면 문준경길 218 . 증도초등학교 (증도면),0,,,0,,,,,,,,,,,,,,,,,,,,,0
임자초등학교,전남,초,공립,,전남 신안군 임자면 임자로 216-4 (임자면.임자초등학교),1,2023.0,교육활동 모델교,1,2018.0,,,,,,,,,,,,,,,,,,,,1
임자남초등학교,전남,초,공립,,전라남도 신안군 임자면 장동길 86 . 임자남초등학교 (임자면),0,,,0,,,,,,,,,,,,,,,,,,,,,0
자은초등학교,전남,초,공립,,전라남도 신안군 자은면 구영1길 44-36 (자은면. 자은초등학교),0,,,1,2018.0,,,,,,,,,,,,,,,,,,,,0
비금초등학교,전남,초,공립,,전라남도 신안군 비금면 유옥우길 21-4 . 비금초등학교 (비금면),0,,,1,2019.0,,,,,,,,,,,,,,,,,,,,0
비금동초등학교,전남,초,공립,,전라남도 신안군 비금면 용소길 181-6 (비금면.비금동초등학교),0,,,1,2020.0,,,,,,,,,,,,,,,,,,,,0
도초초등학교,전남,초,공립,,전라남도 신안군 도초면 서남문로 1698 (도초면),0,,,0,,,,,,,,,,,,,,,,,,,,,0
흑산초등학교,전남,초,공립,,전라남도 신안군 흑산면 진마을길 12-13 (흑산면),0,,,0,,,,,,,,,,,,,,,,,,,,,0
가거도초등학교,전남,초,공립,,전라남도 신안군 흑산면 가거도길 18-31 (흑산면),0,,,0,,,,,,,,,,,,,,,,,,,,,0
하의초등학교,전남,초,공립,,전라남도 신안군 하의면 안곰실길 33 . 하의초등학교 (하의면),0,,,1,2018.0,,,,,,,,,,,,,,,,,,,,0
신의초등학교,전남,초,공립,,전라남도 신안군 신의면 신의로 710-57 . 신의초등학교 (신의면),0,,,1,2019.0,,,,,,,,,,,,,,,,,,,,0
장산초등학교,전남,초,공립,,전라남도 신안군 장산면 장산로 277 . 장산초 (장산면),1,2023.0,교육활동 모델교,0,,,,,,,,,,,,,,,,,,,,,0
안좌초등학교,전남,초,공립,,전라남도 신안군 안좌면 김환기길 6 . 안좌초등학교 (안좌면),0,,,0,,,,,,,,,,,,,,,,,,,,,0
안좌초등학교자라분교장,전남,초,공립,,전라남도 신안군 안좌면 자라도길 37 (안좌면),0,,,0,,,,,,,,,,,,,,,,,,,,,0
팔금초등학교,전남,초,공립,,전라남도 신안군 팔금면 삼층석탑길 173 (팔금면),0,,,1,2020.0,,,,,,,,,,,,,,,,,,,,0
암태초등학교,전남,초,공립,,전라남도 신안군 암태면 장단고길 56 . 암태초등학교 (암태면),0,,,0,,,,,,,,,,,,,,,,,,,,,0
압해초등학교,전남,초,공립,,전라남도 신안군 압해읍 복룡로 33-8 압해초등학교,1,2023.0,교육활동 모델교,0,,,,,,,,,,,,,,,,,,,,,0
압해동초등학교,전남,초,공립,,전라남도 신안군 압해읍 압해로 378-6 (압해읍),0,,,0,,,,,,,,,,,,,,,,,,,,,0
압해서초등학교,전남,초,공립,,전라남도 신안군 압해읍 압해로 1336-2 . 압해서초등학교 (압해읍),0,,,0,,,,,,,,,,,,,,,,,,,,,0
지도초등학교선치분교장,전남,초,공립,,전라남도 신안군 지도읍 선도길 97-14 . 지도초등학교 선치분교장 (지도읍),0,,,0,,,,,,,,,,,,,,,,,,,,,0
지도초등학교어의분교장,전남,초,공립,,전라남도 신안군 지도읍 어의길 17-2 (지도읍. 지도초등학교어의분교장),0,,,0,,,,,,,,,,,,,,,,,,,,,0
증도초등학교병풍도분교장,전남,초,공립,,전라남도 신안군 증도면 병풍1길 54 (증도면),0,,,0,,,,,,,,,,,,,,,,,,,,,0
증도초등학교소악분교장,전남,초,공립,,전라남도 신안군 증도면 소악길 87 (증도면. 증도초등학교소악분교장),0,,,0,,,,,,,,,,,,,,,,,,,,,0
흑산초등학교장도분교장,전남,초,공립,,전라남도 신안군 흑산면 장도길 49-1 . 장도분교장 (흑산면),0,,,0,,,,,,,,,,,,,,,,,,,,,0
흑산초등학교영산분교장,전남,초,공립,,전라남도 신안군 흑산면 영산길 19-18 . 영산분교장 (흑산면),0,,,0,,,,,,,,,,,,,,,,,,,,,0
흑산초등학교하태분교장,전남,초,공립,,전라남도 신안군 흑산면 장굴길 43-2 . 하태분교장 (흑산면),0,,,0,,,,,,,,,,,,,,,,,,,,,0
흑산초등학교흑산서분교장,전남,초,공립,,전라남도 신안군 흑산면 흑산일주로 1499-11 . 흑산초흑산서분교 (흑산면),0,,,0,,,,,,,,,,,,,,,,,,,,,0
흑산초등학교홍도분교장,전남,초,공립,,전라남도 신안군 흑산면 홍도1길 53 . 홍도분교장 (흑산면),0,,,0,,,,,,,,,,,,,,,,,,,,,0
흑산초등학교흑산북분교장,전남,초,공립,,전라남도 신안군 흑산면 다물도길 13 . 흑산북분교장 (흑산면),0,,,0,,,,,,,,,,,,,,,,,,,,,0
흑산초등학교흑산동분교장,전남,초,공립,,전라남도 신안군 흑산면 김이수길 29-1 . 흑산초등학교흑산동분교장 (흑산면),0,,,0,,,,,,,,,,,,,,,,,,,,,0
암태초등학교추포분교장,전남,초,공립,,전라남도 신안군 암태면 추엽길 82 . 암태초등학교추포분교장 (암태면. 암태추포분교),0,,,0,,,,,,,,,,,,,,,,,,,,,0
암태초등학교당사분교장,전남,초,공립,,전라남도 신안군 암태면 당사도길 73-2 . 암태초등학교당사분교장 (암태면. 암태초등학교당사분교장),0,,,0,,,,,,,,,,,,,,,,,,,,,0
압해초등학교고이분교장,전남,초,공립,,전라남도 신안군 압해읍 고이길 20 고이분교장 (압해읍),0,,,0,,,,,,,,,,,,,,,,,,,,,0
안좌중학교,전남,중,공립,남여공학,전라남도 신안군 안좌면 중부로 743 (안좌면),0,,,1,2017.0,,,,,,,,,,,,,,,,,,,,0
안좌중학교팔금분교장,전남,중,공립,남여공학,전라남도 신안군 팔금면 탑목개길 124 .안좌중학교 팔금분교장 (팔금면. 팔금중학교),0,,,0,,,,,,,,,,,,,,,,,,,,,0
지명중학교,전남,중,공립,남여공학,전라남도 신안군 지도읍 원광정길 18 (지도읍),0,,,0,,,,,,,,,,,,,,,,,,,,,0
하의중학교,전남,중,공립,남여공학,전라남도 신안군 하의면 곰실길 11-8 . 하의중학교 (하의면),0,,,0,,,,,,,,,,,,,,,,,,,,,0
자은중학교,전남,중,공립,남여공학,전라남도 신안군 자은면 구영2길 82 (자은면. 자은중학교),0,,,0,,,,,,,,,,,,,,,,,,,,,0
비금중학교,전남,중,공립,남여공학,전라남도 신안군 비금면 유옥우길 65 (비금면),0,,,0,,,,,,,,,,,,,,,,,,,,,0
암태중학교,전남,중,공립,남여공학,전라남도 신안군 암태면 장단고길 10 (암태면.암태중학교),0,,,1,2019.0,,,,,,,,,,,,,,,,,,,,0
임자중학교,전남,중,공립,남여공학,전라남도 신안군 임자면 임자로 230-9 (임자면.임자중학교),0,,,0,,,,,,,,,,,,,,,,,,,,,0
압해중학교,전남,중,공립,남여공학,전라남도 신안군 압해읍 구항길 31-5 . 압해중학교 (압해읍),0,,,0,,,,,,,,,,,,,,,,,,,,,0
신안증도중학교,전남,중,공립,남여공학,전라남도 신안군 증도면 증동길 53 . 신안증도중학교 (증도면),0,,,0,,,,,,,,,,,,,,,,,,,,,0
신안흑산중학교,전남,중,공립,남여공학,전라남도 신안군 흑산면 흑산일주로 124 (흑산면),0,,,0,,,,,,,,,,,,,,,,,,,,,0
신안신의중학교,전남,중,공립,남여공학,전라남도 신안군 신의면 상서길 94 (신의면),0,,,0,,,,,,,,,,,,,,,,,,,,,0
장산중학교,전남,중,공립,남여공학,전라남도 신안군 장산면 장산대리길 64 (장산면. 장산중학교),0,,,0,,,,,,,,,,,,,,,,,,,,,0
가거도초등학교신안흑산중학교가거도분교장,전남,중,공립,남여공학,전라남도 신안군 흑산면 가거도길 18-31 가거도초등학교신안흑산중학교가거도분교장,0,,,0,,,,,,,,,,,,,,,,,,,,,0
율곡고등학교,경북,고,공립,남여공학,경상북도 김천시 용전4로3길 15 (율곡동. 율곡고등학교),0,,,0,,,,,,,,,,,,,,,,,,,,,0
사동고등학교,경북,고,공립,남여공학,경상북도 경산시 삼성현로91길 36 (사동. 사동고등학교),0,,,0,,,,,,,,,,,,,,,,,,,,,0
석적고등학교,경북,고,공립,남여공학,경상북도 칠곡군 석적읍 동중리 1길 65-20 (석적읍. 석적고등학교),1,2023.0,교육활동 모델교,1,2019.0,,,,,,,,,,,,,,,,,,,,1
가은고등학교,경북,고,공립,남여공학,경상북도 문경시 가은읍 가은로 205 (가은읍),0,,,0,,,,,,,,,,,,,,,,,,,,,0
경산고등학교,경북,고,공립,남자,경상북도 경산시 원효로 89 (계양동. 경산고등학교),1,2023.0,교육활동 모델교,1,2019.0,,,,,,,,,,,,,,,,,,,,1
경주여자고등학교,경북,고,공립,여자,경상북도 경주시 금성로 437 (성건동. 경주여자고등학교),0,,,0,,,,,,,,,,,,,,,,,,,,,0
계림고등학교,경북,고,공립,남자,경상북도 경주시 용담로 122 (황성동. 계림고등학교),1,2023.0,교육활동 모델교,0,,,,,,,,,,,,,,,,,,,,,0
구미고등학교,경북,고,공립,남자,경상북도 구미시 문장로 42 (도량동. 구미고등학교),1,2023.0,정보교육실 구축교,1,2017.0,,,,,,,,,,,,,,,,,,,,1
구미여자고등학교,경북,고,공립,여자,경상북도 구미시 문장로 114 (도량동),1,2023.0,교육활동 모델교,0,,,,,,,,,,,,,,,,,,,,,0
군위고등학교,경북,고,공립,남여공학,경상북도 군위군 군위읍 군청로 254-6 (군위읍. 군위고등학교),0,,,0,,,,,,,,,,,,,,,,,,,,,0
금성고등학교,경북,고,공립,남여공학,경상북도 의성군 금성면 금성현서로 41-66 (금성면.금성중고등학교),0,,,0,,,,,,,,,,,,,,,,,,,,,0
금오고등학교,경북,고,공립,남여공학,경상북도 구미시 박정희로25길 15 . (금오고등학교) (광평동),1,2023.0,교육활동 모델교,1,2015.0,,,,,,,,,,,,,,,,,,,,1
금천고등학교,경북,고,공립,남여공학,경상북도 청도군 금천면 선암로 574-11 (금천면. 금천중고등학교),0,,,0,,,,,,,,,,,,,,,,,,,,,0
포은고등학교,경북,고,공립,남여공학,경상북도 영천시 금호읍 성천앞길 112-53 (금호읍. 금호여중·포은고등학교),0,,,0,,,,,,,,,,,,,,,,,,,,,0
김천여자고등학교,경북,고,공립,여자,경상북도 김천시 모암사랑10길 9 . 김천여자고등학교 (모암동),0,,,0,,,,,,,,,,,,,,,,,,,,,0
김천중앙고등학교,경북,고,공립,남자,경상북도 김천시 남김천대로 3363 (양천동),0,,,0,,,,,,,,,,,,,,,,,,,,,0
동명고등학교,경북,고,공립,남여공학,경상북도 칠곡군 동명면 백송로 797 (동명면),0,,,0,,,,,,,,,,,,,,,,,,,,,0
두호고등학교,경북,고,공립,남여공학,경상북도 포항시 북구 학전로111번길 21 . 두호고등학교 (두호동),0,,,0,,,,,,,,,,,,,,,,,,,,,0
봉화고등학교,경북,고,공립,남여공학,경상북도 봉화군 봉화읍 내성로 138 (봉화읍),0,,,0,,,,,,,,,,,,,,,,,,,,,0
경북일고등학교,경북,고,공립,남여공학,경상북도 예천군 호명면 행복로 193 (호명면),0,,,0,,,,,,,,,,,,,,,,,,,,,0
사곡고등학교,경북,고,공립,남여공학,경상북도 구미시 박정희로 195 사곡고등학교(시곡동),0,,,0,,,,,,,,,,,,,,,,,,,,,0
상모고등학교,경북,고,공립,남여공학,경상북도 구미시 박정희로 60-22 (상모동. 상모고등학교),0,,,0,,,,,,,,,,,,,,,,,,,,,0
상주여자고등학교,경북,고,공립,여자,경상북도 상주시 삼백로 315 (복룡동. 상주여자고등학교),0,,,0,,,,,,,,,,,,,,,,,,,,,0
선산고등학교,경북,고,공립,남여공학,경상북도 구미시 선산읍 단계서4길 18 (선산읍. 선산고등학교),0,,,0,,,,,,,,,,,,,,,,,,,,,0
선주고등학교,경북,고,공립,남여공학,경상북도 구미시 야은로13길 13 (봉곡동. 선주고등학교),0,,,0,,,,,,,,,,,,,,,,,,,,,0
성주고등학교,경북,고,공립,남자,경상북도 성주군 성주읍 성주고교길 79 (성주읍),0,,,0,,,,,,,,,,,,,,,,,,,,,0
수비고등학교,경북,고,공립,남여공학,경상북도 영양군 수비면 낙동정맥로 2417 (수비면. 수비중고등학교),0,,,0,,,,,,,,,,,,,,,,,,,,,0
안계고등학교,경북,고,공립,남여공학,경상북도 의성군 안계면 용기9길 9 (안계면),0,,,0,,,,,,,,,,,,,,,,,,,,,0
영덕고등학교,경북,고,공립,남자,경상북도 영덕군 영덕읍 군청1길 13 . 화개리 72 (영덕읍. 영덕고등학교.영덕중학교),0,,,0,,,,,,,,,,,,,,,,,,,,,0
안동고등학교,경북,고,공립,남자,경상북도 안동시 강남로 550 (정상동),0,,,0,,,,,,,,,,,,,,,,,,,,,0
안동여자고등학교,경북,고,공립,여자,경상북도 안동시 법상윗3길 32 (법상동. 안동여자고등학교),0,,,1,2020.0,,,,,,,,,,,,,,,,,,,,0
약목고등학교,경북,고,공립,남여공학,경상북도 칠곡군 약목면 무림1길 6-26 (약목면.약목고등학교),0,,,0,,,,,,,,,,,,,,,,,,,,,0
북삼고등학교,경북,고,공립,남여공학,경상북도 칠곡군 북삼읍 북삼로2길 130 (북삼읍. 북삼고등학교),0,,,1,2016.0,,,,,,,,,,,,,,,,,,,,0
영양고등학교,경북,고,공립,남자,경상북도 영양군 영양읍 중앙로 81 . 영양중고등학교 (영양읍. 영양중고등학교),0,,,0,,,,,,,,,,,,,,,,,,,,,0
영주여자고등학교,경북,고,공립,여자,경상북도 영주시 명륜길 58 (하망동),0,,,1,2019.0,,,,,,,,,,,,,,,,,,,,0
영주제일고등학교,경북,고,공립,남자,경상북도 영주시 신재로 36 (가흥2동),0,,,0,,,,,,,,,,,,,,,,,,,,,0
영천고등학교,경북,고,공립,남자,경상북도 영천시 영천고2길 12 (야사동),0,,,0,,,,,,,,,,,,,,,,,,,,,0
영천여자고등학교,경북,고,공립,여자,경상북도 영천시 최무선로 180 (성내동),0,,,0,,,,,,,,,,,,,,,,,,,,,0
영해고등학교,경북,고,공립,남여공학,경상북도 영덕군 영해면 예주길 135 (영해면. 영해중고교),0,,,0,,,,,,,,,,,,,,,,,,,,,0
예천여자고등학교,경북,고,공립,여자,경상북도 예천군 예천읍 효자로 205 (예천읍. 예천여자고등학교),0,,,0,,,,,,,,,,,,,,,,,,,,,0
울진고등학교,경북,고,공립,남여공학,경상북도 울진군 울진읍 연지길 7 . 울진고등학교 (울진읍),0,,,0,,,,,,,,,,,,,,,,,,,,,0
죽변고등학교,경북,고,공립,남여공학,경상북도 울진군 죽변면 죽변4길 19 (죽변면. 죽변고등학교),0,,,0,,,,,,,,,,,,,,,,,,,,,0
의성여자고등학교,경북,고,공립,여자,경상북도 의성군 의성읍 북원3길 35 (의성읍),0,,,0,,,,,,,,,,,,,,,,,,,,,0
중모고등학교,경북,고,공립,남여공학,경상북도 상주시 모동면 덕곡1길 13 (모동면.중모고등학교),0,,,0,,,,,,,,,,,,,,,,,,,,,0
인동고등학교,경북,고,공립,남여공학,경상북도 구미시 인동36길 45 (구평동.인동고등학교),1,2023.0,교육활동 모델교,1,2017.0,,,,,,,,,,,,,,,,,,,,1
점촌고등학교,경북,고,공립,남여공학,경상북도 문경시 점고길 50 (모전동),0,,,0,,,,,,,,,,,,,,,,,,,,,0
청송고등학교,경북,고,공립,남자,경상북도 청송군 청송읍 금곡1길 13 (청송읍),0,,,0,,,,,,,,,,,,,,,,,,,,,0
포항고등학교,경북,고,공립,남자,경상북도 포항시 북구 아호로 50 . 포항고등학교 (학산동),0,,,0,,,,,,,,,,,,,,,,,,,,,0
진보고등학교,경북,고,공립,남여공학,경상북도 청송군 진보면 진성로 25 . 진보고등학교 (진보면.진보중고등학교),0,,,0,,,,,,,,,,,,,,,,,,,,,0
포항여자고등학교,경북,고,공립,여자,경상북도 포항시 북구 장미길 10 (학산동),0,,,0,,,,,,,,,,,,,,,,,,,,,0
포항이동고등학교,경북,고,공립,남여공학,경상북도 포항시 남구 희망대로 412 (이동.포항이동고등학교),1,2023.0,교육활동 모델교,1,2016.0,,,,,,,,,,,,,,,,,,,,1
현서고등학교,경북,고,공립,남여공학,경상북도 청송군 현서면 구덕길 74 (현서면. 현서중고등학교),0,,,0,,,,,,,,,,,,,,,,,,,,,0
화령고등학교,경북,고,공립,남여공학,경상북도 상주시 화서면 중화로 2187 . 화령고등학교 (화서면. 화령중고등학교),0,,,0,,,,,,,,,,,,,,,,,,,,,0
효령고등학교,경북,고,공립,남여공학,경상북도 군위군 효령면 중리길 6-25 (효령면. 효령중고등학교),0,,,0,,,,,,,,,,,,,,,,,,,,,0
후포고등학교,경북,고,공립,남여공학,경상북도 울진군 후포면 후포로 41 . 후포중고등학교 (후포면. 후포중고등학교),0,,,0,,,,,,,,,,,,,,,,,,,,,0
경구고등학교,경북,고,사립,남자,경상북도 구미시 봉곡로9길 25 . 경구고등학교 (봉곡동),0,,,0,,,,,,,,,,,,,,,,,,,,,0
경산여자고등학교,경북,고,사립,여자,경상북도 경산시 경산로 91 . 경산여자고등학교(옥곡동),1,2023.0,교육활동 모델교,1,2019.0,,,,,,,,,,,,,,,,,,,,1
경안고등학교,경북,고,사립,남자,경상북도 안동시 제비원로 182 . 경안고등학교 (금곡동),1,2023.0,교육활동 모델교,0,,,,,,,,,,,,,,,,,,,,,0
경일고등학교,경북,고,사립,남자,경상북도 안동시 치이골길 46 (신안동. 경일고등학교),1,2023.0,교육활동 모델교,0,,,,,,,,,,,,,,,,,,,,,0
경안여자고등학교,경북,고,사립,여자,경상북도 안동시 경동로 205-34 (송현동.경안여자고등학교),0,,,0,,,,,,,,,,,,,,,,,,,,,0
경주고등학교,경북,고,사립,남자,경상북도 경주시 원효로 231 . 경주고등학교 (황오동),1,2023.0,교육활동 모델교,0,,,,,,,,,,,,,,,,,,,,,0
경주화랑고등학교,경북,고,사립,남여공학,경상북도 경주시 양북면 장항재동길 41 (양북면. 경주화랑고등학교),0,,,0,,,,,,,,,,,,,,,,,,,,,0
근화여자고등학교,경북,고,사립,여자,경상북도 경주시 승삼2길 55 (용강동. 근화여자고등학교/근화여자중학교),1,2023.0,교육활동 모델교,0,,,,,,,,,,,,,,,,,,,,,0
길원여자고등학교,경북,고,사립,여자,경상북도 안동시 퇴계로 250 . 길원여자고등학교 (안막동),1,2023.0,정보교육실 구축교,0,,,,,,,,,,,,,,,,,,,,,0
김천고등학교,경북,고,사립,남자,경상북도 김천시 송설로 90 . 김천고등학교 (부곡동),0,,,0,,,,,,,,,,,,,,,,,,,,,0
금오여자고등학교,경북,고,사립,여자,경상북도 구미시 선산대로 129 (지산동. 금오여고),1,2023.0,교육활동 모델교,1,2020.0,,,,,,,,,,,,,,,,,,,,1
대가야고등학교,경북,고,사립,남여공학,경상북도 고령군 대가야읍 가야금길 36 (대가야읍. 대가야고등학교),0,,,0,,,,,,,,,,,,,,,,,,,,,0
대구가톨릭대학교사범대학부속무학고등학교,경북,고,사립,남자,경상북도 경산시 하양읍 금송로 71-11 대구가톨릭대학교사범대학부속무학고등학교,1,2023.0,교육활동 모델교,0,,,,,,,,,,,,,,,,,,,,,0
대동고등학교,경북,고,사립,남자,경상북도 포항시 북구 우창서길 34 (우현동. 대동중학교),0,,,0,,,,,,,,,,,,,,,,,,,,,0
대영고등학교,경북,고,사립,남자,경상북도 영주시 구성로150번길 45 (휴천동. 대영고등학교.대영중학교) 대영고등학교,0,,,0,,,,,,,,,,,,,,,,,,,,,0
대창고등학교,경북,고,사립,남자,경상북도 예천군 예천읍 대창학교길 33 (예천읍. 대창중.고등학교),0,,,0,,,,,,,,,,,,,,,,,,,,,0
도개고등학교,경북,고,사립,남여공학,경상북도 구미시 도개면 도안로 120 (도개면),0,,,0,,,,,,,,,,,,,,,,,,,,,0
동지여자고등학교,경북,고,사립,여자,경상북도 포항시 북구 용흥로 123 . 동지여자고등학교,1,2023.0,교육활동 모델교,0,,,,,,,,,,,,,,,,,,,,,0
동지고등학교,경북,고,사립,남자,경상북도 포항시 북구 용흥로 123 . 동지고등학교,0,,,0,,,,,,,,,,,,,,,,,,,,,0
모계고등학교,경북,고,사립,남여공학,경상북도 청도군 화양읍 청화로 67 (화양읍),1,2023.0,교육활동 모델교,0,,,,,,,,,,,,,,,,,,,,,0
무산고등학교,경북,고,사립,남여공학,경상북도 경주시 건천읍 천포방내길 18 . 무산고등학교 (건천읍),0,,,1,2020.0,,,,,,,,,,,,,,,,,,,,0
문경여자고등학교,경북,고,사립,여자,경상북도 문경시 여고길 40 (점촌동.문경여자고등학교(본관)),0,,,0,,,,,,,,,,,,,,,,,,,,,0
문명고등학교,경북,고,사립,남자,경상북도 경산시 경청로230길 30 (백천동),1,2023.0,교육활동 모델교,1,2016.0,,,,,,,,,,,,,,,,,,,,1
문창고등학교,경북,고,사립,남자,경상북도 문경시 돈달로 145 (흥덕동. 문창고등학교),1,2023.0,교육활동 모델교,0,,,,,,,,,,,,,,,,,,,,,0
문화고등학교,경북,고,사립,남자,경상북도 경주시 충현로 98 (충효동. 문화고등학교/문화중학교),1,2023.0,교육활동 모델교,0,,,,,,,,,,,,,,,,,,,,,0
상주고등학교,경북,고,사립,남자,경상북도 상주시 상산로 117 . 상주고등학교 (신봉동),0,,,1,2019.0,,,,,,,,,,,,,,,,,,,,0
선화여자고등학교,경북,고,사립,여자,경상북도 영천시 상아탑길 36 (화룡동. 선화여자고등학교),0,,,0,,,,,,,,,,,,,,,,,,,,,0
성의고등학교,경북,고,사립,남자,경상북도 김천시 성의길 38 (지좌동),0,,,0,,,,,,,,,,,,,,,,,,,,,0
우석여자고등학교,경북,고,사립,여자,경상북도 상주시 북천로 117 (계산동),1,2023.0,교육활동 모델교,0,,,,,,,,,,,,,,,,,,,,,0
성의여자고등학교,경북,고,사립,여자,경상북도 김천시 평화순환길 250-11 (평화동),0,,,0,,,,,,,,,,,,,,,,,,,,,0
성창여자고등학교,경북,고,사립,여자,경상북도 안동시 석수길 53 . 경상북도 안동시 석수길 53 (안기동),0,,,0,,,,,,,,,,,,,,,,,,,,,0
성희여자고등학교,경북,고,사립,여자,경상북도 안동시 강남로 246 (정하동),0,,,0,,,,,,,,,,,,,,,,,,,,,0
세명고등학교,경북,고,사립,남여공학,경상북도 포항시 남구 새천년대로474번길 13 (대잠동.세명고등학교),0,,,1,2020.0,,,,,,,,,,,,,,,,,,,,0
세화고등학교,경북,고,사립,남여공학,경상북도 포항시 북구 아치로 94 . 세화고등학교 (우현동),0,,,0,,,,,,,,,,,,,,,,,,,,,0
순심고등학교,경북,고,사립,남자,경상북도 칠곡군 왜관읍 평장2길 6 . 39899 (왜관읍),0,,,0,,,,,,,,,,,,,,,,,,,,,0
순심여자고등학교,경북,고,사립,여자,경상북도 칠곡군 왜관읍 남부1길 22 (왜관읍.순심여중고등학교),0,,,0,,,,,,,,,,,,,,,,,,,,,0
선덕여자고등학교,경북,고,사립,여자,경상북도 경주시 양정로 20-11 (인왕동),1,2023.0,교육활동 모델교,0,,,,,,,,,,,,,,,,,,,,,0
신라고등학교,경북,고,사립,남자,경상북도 경주시 태종로 526 . 신라고등학교 (충효동. 신라고등학교),0,,,1,2018.0,,,,,,,,,,,,,,,,,,,,0
안강여자고등학교,경북,고,사립,여자,경상북도 경주시 안강읍 화전길 62-8 (안강읍),0,,,0,,,,,,,,,,,,,,,,,,,,,0
안동중앙고등학교,경북,고,사립,남자,경상북도 안동시 서악길 45 . 안동중앙고등학교 (태화동.고등학교),0,,,0,,,,,,,,,,,,,,,,,,,,,0
영광고등학교,경북,고,사립,남자,경상북도 영주시 의상로 62 (상망동),1,2023.0,교육활동 모델교,0,,,,,,,,,,,,,,,,,,,,,0
영광여자고등학교,경북,고,사립,여자,경상북도 영주시 숫골길23번길 39 (영주동.영광여자고등학교),0,,,1,2019.0,,,,,,,,,,,,,,,,,,,,0
영남삼육고등학교,경북,고,사립,남여공학,경상북도 경산시 남산면 서원길 58-31 . 영남삼육고등학교 (남산면. 영남삼육중.고등학교),0,,,0,,,,,,,,,,,,,,,,,,,,,0
성주여자고등학교,경북,고,사립,여자,경상북도 성주군 성주읍 성주여중고길 19 (성주읍)성주여자고등학교,0,,,0,,,,,,,,,,,,,,,,,,,,,0
영덕여자고등학교,경북,고,사립,여자,경상북도 영덕군 영덕읍 영덕로 206 (영덕읍. 영덕여중고교),0,,,0,,,,,,,,,,,,,,,,,,,,,0
영동고등학교,경북,고,사립,남자,경상북도 영천시 안야사길 13 (야사동.영동중고등학교),0,,,0,,,,,,,,,,,,,,,,,,,,,0
영문고등학교,경북,고,사립,남자,경상북도 안동시 뒨지게길 85 (정하동),0,,,0,,,,,,,,,,,,,,,,,,,,,0
영양여자고등학교,경북,고,사립,여자,경북 영양군 영양읍 영양창수로 141 (영양읍),0,,,0,,,,,,,,,,,,,,,,,,,,,0
영일고등학교,경북,고,사립,남여공학,경상북도 포항시 남구 연일읍 동문로 56 (연일읍. 영일고등학교),0,,,0,,,,,,,,,,,,,,,,,,,,,0
영주고등학교,경북,고,사립,남자,경상북도 영주시 이산로 31 (하망동),0,,,0,,,,,,,,,,,,,,,,,,,,,0
영천성남여자고등학교,경북,고,사립,여자,경상북도 영천시 남촌길 17 (도동.영천성남여자고등학교),0,,,0,,,,,,,,,,,,,,,,,,,,,0
오상고등학교,경북,고,사립,남여공학,경상북도 구미시 장천면 강동로 164 오상고등학교,0,,,0,,,,,,,,,,,,,,,,,,,,,0
오천고등학교,경북,고,사립,남여공학,경상북도 포항시 남구 오천읍 해병로 293 (오천읍.오천중고등학교),0,,,0,,,,,,,,,,,,,,,,,,,,,0
유성여자고등학교,경북,고,사립,여자,경상북도 포항시 북구 우창로 43 (우현동),0,,,0,,,,,,,,,,,,,,,,,,,,,0
의성고등학교,경북,고,사립,남자,경상북도 의성군 의성읍 군청길 57 (의성읍),0,,,0,,,,,,,,,,,,,,,,,,,,,0
이서고등학교,경북,고,사립,남여공학,경상북도 청도군 이서면 학산1길 22 . 이서고등학교 (이서면),1,2023.0,교육활동 모델교,0,,,,,,,,,,,,,,,,,,,,,0
진량고등학교,경북,고,사립,남여공학,경상북도 경산시 진량읍 대학로 1051. 진량고등학교(진량읍. 진량중고등학교),1,2023.0,교육활동 모델교,1,2017.0,,,,,,,,,,,,,,,,,,,,1
청도고등학교,경북,고,사립,남여공학,경상북도 청도군 청도읍 청화로 219-21 . 청도중고등학교 (청도읍),0,,,0,,,,,,,,,,,,,,,,,,,,,0
청송여자고등학교,경북,고,사립,여자,경상북도 청송군 청송읍 군청로 69 (청송읍),0,,,0,,,,,,,,,,,,,,,,,,,,,0
포항영신고등학교,경북,고,사립,남자,경상북도 포항시 북구 소티재로 107 (우현동. 포항영신고),1,2023.0,교육활동 모델교,0,,,,,,,,,,,,,,,,,,,,,0
포항제철고등학교,경북,고,사립,남여공학,경상북도 포항시 남구 지곡로212번길 40 . 포항제철고등학교 (지곡동),0,,,0,,,,,,,,,,,,,,,,,,,,,0
포항장성고등학교,경북,고,공립,남여공학,경상북도 포항시 북구 법원로 117 (장성동),0,,,0,,,,,,,,,,,,,,,,,,,,,0
포항중앙고등학교,경북,고,사립,남자,경상북도 포항시 북구 소티재로151번길 11 . 포항중앙고등학교 (우현동),0,,,0,,,,,,,,,,,,,,,,,,,,,0
포항동성고등학교,경북,고,사립,남여공학,경상북도 포항시 남구 동해면 일월로41번길 26 . (동해면. 포항동성고등학교) (동해면),0,,,0,,,,,,,,,,,,,,,,,,,,,0
포항중앙여자고등학교,경북,고,사립,여자,경상북도 포항시 북구 소티재로151번길 7 (우현동),1,2023.0,교육활동 모델교,1,2017.0,,,,,,,,,,,,,,,,,,,,1
풍산고등학교,경북,고,사립,남여공학,경상북도 안동시 풍산읍 풍산중앙길 39 . 풍산고등학교 (풍산읍),1,2023.0,교육활동 모델교,0,,,,,,,,,,,,,,,,,,,,,0
하양여자고등학교,경북,고,사립,여자,경상북도 경산시 하양읍 지식산업로8길 21 (하양읍. 하양여자고등학교),1,2023.0,교육활동 모델교,0,,,,,,,,,,,,,,,,,,,,,0
한일여자고등학교,경북,고,사립,여자,경상북도 김천시 한일길 11-30. 한일여자고등학교 (교동),0,,,0,,,,,,,,,,,,,,,,,,,,,0
함창고등학교,경북,고,사립,남여공학,경상북도 상주시 함창읍 함창중앙로 85 (함창읍),0,,,0,,,,,,,,,,,,,,,,,,,,,0
현일고등학교,경북,고,사립,남여공학,경상북도 구미시 고아읍 선산대로 656. 현일고등학교 (고아읍. 현일중고),0,,,0,,,,,,,,,,,,,,,,,,,,,0
형곡고등학교,경북,고,공립,남여공학,경상북도 구미시 형곡동로2길 12-13 . 형곡고등학교 (형곡동),0,,,0,,,,,,,,,,,,,,,,,,,,,0
경북체육고등학교,경북,고,공립,남여공학,경상북도 경산시 경안로 43 (신교동),0,,,0,,,,,,,,,,,,,,,,,,,,,0
경북과학고등학교,경북,고,공립,남여공학,경상북도 포항시 북구 우미길 93 (용흥동. 경북과학고등학교),0,,,1,2017.0,,,,,,,,,,,,,,,,,,,,0
경산과학고등학교,경북,고,공립,남여공학,경상북도 경산시 화랑로 66 (갑제동),1,2023.0,교육활동 모델교,1,2016.0,,,,,,,,,,,,,,,,,,,,1
김천예술고등학교,경북,고,사립,남여공학,경상북도 김천시 한일길 11-30 (교동),0,,,0,,,,,,,,,,,,,,,,,,,,,0
포항예술고등학교,경북,고,사립,남여공학,경상북도 포항시 북구 흥해읍 연화길 56 (흥해읍.포항예술고등학교),0,,,0,,,,,,,,,,,,,,,,,,,,,0
경북외국어고등학교,경북,고,공립,남여공학,경상북도 구미시 금오산로 198-10 . 경북외국어고등학교 (남통동.경북외국어고등학교),0,,,0,,,,,,,,,,,,,,,,,,,,,0
김천생명과학고등학교,경북,고,공립,남여공학,경상북도 김천시 부거리길 310 (교동),0,,,0,,,,,,,,,,,,,,,,,,,,,0
한국생명과학고등학교,경북,고,공립,남여공학,경상북도 안동시 하이마로 385 (옥동. 한국생명과학고등학교),0,,,0,,,,,,,,,,,,,,,,,,,,,0
경북식품과학마이스터고등학교,경북,고,공립,남여공학,경상북도 영천시 신녕면 찰방길 8 (신녕면),0,,,0,,,,,,,,,,,,,,,,,,,,,0
한국산림과학고등학교,경북,고,공립,남여공학,경상북도 봉화군 춘양면 서원촌길 8-14 (춘양면),0,,,0,,,,,,,,,,,,,,,,,,,,,0
용운고등학교,경북,고,사립,남여공학,경상북도 상주시 공성면 문화마을길 23 (공성면. 용운중고등학교),0,,,0,,,,,,,,,,,,,,,,,,,,,0
구미전자공업고등학교,경북,고,국립,남여공학,경상북도 구미시 임수로 48 (임수동),0,,,0,,,,,,,,,,,,,,,,,,,,,0
경북기계금속고등학교,경북,고,공립,남여공학,경상북도 경산시 자인면 일연로 93 (자인면)경북기계금속고등학교,0,,,0,,,,,,,,,,,,,,,,,,,,,0
경주공업고등학교,경북,고,공립,남여공학,경상북도 경주시 금성로 209 (사정동. 경주공업고등학교),0,,,0,,,,,,,,,,,,,,,,,,,,,0
경주디자인고등학교,경북,고,공립,남여공학,경상북도 경주시 현곡면 용담로 694 (현곡면. 경주디자인고등학교),0,,,0,,,,,,,,,,,,,,,,,,,,,0
금오공업고등학교,경북,고,공립,남자,경상북도 구미시 구미대로30길 59 . 금오공업고등학교 (공단동. 금오공고),0,,,0,,,,,,,,,,,,,,,,,,,,,0
문경공업고등학교,경북,고,공립,남여공학,경상북도 문경시 영신로 65 . 문경공업고등학교 (점촌동),0,,,0,,,,,,,,,,,,,,,,,,,,,0
상산전자고등학교,경북,고,공립,남여공학,경상북도 상주시 상산로 430 (계산동. 상산전자고등학교),0,,,0,,,,,,,,,,,,,,,,,,,,,0
경북과학기술고등학교,경북,고,공립,남여공학,경상북도 김천시 아포읍 아포대로 1053 . 경북과학기술고등학교 (아포읍),0,,,0,,,,,,,,,,,,,,,,,,,,,0
안강전자고등학교,경북,고,공립,남여공학,경상북도 경주시 안강읍 안강중앙로 269 . 안강전자고등학교 (안강읍),0,,,0,,,,,,,,,,,,,,,,,,,,,0
의성공업고등학교,경북,고,공립,남여공학,경상북도 의성군 의성읍 문소1길 164 (의성읍. 의성공업고등학교),0,,,0,,,,,,,,,,,,,,,,,,,,,0
청도전자고등학교,경북,고,공립,남여공학,경상북도 청도군 풍각면 헐티로 185 (풍각면),0,,,0,,,,,,,,,,,,,,,,,,,,,0
칠곡고등학교,경북,고,공립,남여공학,경상북도 칠곡군 지천면 신동로 99 (지천면.신동중.칠곡고등학교),0,,,0,,,,,,,,,,,,,,,,,,,,,0
한국원자력마이스터고등학교,경북,고,공립,남자,경상북도 울진군 평해읍 월송정로 422 . 한국원자력마이스터고등학교 (평해읍),0,,,0,,,,,,,,,,,,,,,,,,,,,0
포항여자전자고등학교,경북,고,공립,여자,경상북도 포항시 북구 용흥로 291번길 19 (용흥동. 포항여자전자고등학교),0,,,0,,,,,,,,,,,,,,,,,,,,,0
포항흥해공업고등학교,경북,고,공립,남여공학,경상북도 포항시 북구 흥해읍 동해대로1475번길 42 (흥해읍.흥해공업고등학교),0,,,0,,,,,,,,,,,,,,,,,,,,,0
금호공업고등학교,경북,고,사립,남여공학,경상북도 영천시 금호읍 교대길 8-18 . 금호중.공업고등학교 (금호읍),0,,,0,,,,,,,,,,,,,,,,,,,,,0
상주공업고등학교,경북,고,사립,남자,경상북도 상주시 낙양1길 29 (낙양동. 상주공업고등학교),0,,,0,,,,,,,,,,,,,,,,,,,,,0
신라공업고등학교,경북,고,사립,남자,경상북도 경주시 천북면 천북로 41-21 (천북면.신라공업고등학교),0,,,0,,,,,,,,,,,,,,,,,,,,,0
경북하이텍고등학교,경북,고,사립,남여공학,경상북도 안동시 경동로 404 (태화동),0,,,0,,,,,,,,,,,,,,,,,,,,,0
경북항공고등학교,경북,고,사립,남여공학,경상북도 영주시 풍기읍 금계로 90 (풍기읍),0,,,0,,,,,,,,,,,,,,,,,,,,,0
영천전자고등학교,경북,고,사립,남여공학,경상북도 영천시 화남면 천문로 1709 . 영천전자고등학교 (화남면),0,,,0,,,,,,,,,,,,,,,,,,,,,0
청송자동차고등학교,경북,고,사립,남여공학,경상북도 청송군 부남면 대전로 66 .청송자동차고등학교(부남면),0,,,0,,,,,,,,,,,,,,,,,,,,,0
포항제철공업고등학교,경북,고,사립,남자,경상북도 포항시 남구 지곡로 150 . 포항제철공업고등학교 (지곡동),0,,,0,,,,,,,,,,,,,,,,,,,,,0
감포고등학교,경북,고,공립,남여공학,경상북도 경주시 감포읍 감포로12길 20 (감포읍.감포중학교/감포고등학교),0,,,0,,,,,,,,,,,,,,,,,,,,,0
강구정보고등학교,경북,고,공립,남여공학,경상북도 영덕군 강구면 신강구1길 1 (강구면),0,,,0,,,,,,,,,,,,,,,,,,,,,0
구미정보고등학교,경북,고,공립,남여공학,경상북도 구미시 검성로 143 (황상동. 구미정보고등학교),0,,,0,,,,,,,,,,,,,,,,,,,,,0
구미여자상업고등학교,경북,고,공립,여자,경상북도 구미시 형곡로38길 9-14 (형곡동. 구미여자상업고등학교),0,,,0,,,,,,,,,,,,,,,,,,,,,0
금성여자상업고등학교,경북,고,공립,여자,경상북도 의성군 금성면 탑운길 99 (금성면),0,,,0,,,,,,,,,,,,,,,,,,,,,0
김천상업고등학교,경북,고,공립,남여공학,경상북도 김천시 지례면 남김천대로 1947 (지례면. 김천상업고등학교),0,,,0,,,,,,,,,,,,,,,,,,,,,0
봉양정보고등학교,경북,고,공립,남여공학,경상북도 의성군 봉양면 봉호로 14 (봉양면.봉양정보고등학교),0,,,1,2018.0,,,,,,,,,,,,,,,,,,,,0
경주마케팅고등학교,경북,고,공립,남여공학,경상북도 경주시 산내면 문복로 1797-27 . (산내중.경주마케팅고),0,,,0,,,,,,,,,,,,,,,,,,,,,0
평해정보고등학교,경북,고,공립,남여공학,경상북도 울진군 평해읍 평해7길 61-3 (평해읍.평해여자정보고등학교),0,,,0,,,,,,,,,,,,,,,,,,,,,0
경북인터넷고등학교,경북,고,사립,남여공학,경상북도 봉화군 봉화읍 내성천1길 18 (봉화읍. 경북인터넷고등학교),0,,,0,,,,,,,,,,,,,,,,,,,,,0
경산여자상업고등학교,경북,고,사립,여자,경상북도 경산시 자인면 원효로 851-16 . 경산여자상업고등학교 (자인면),0,,,0,,,,,,,,,,,,,,,,,,,,,0
경주정보고등학교,경북,고,사립,남자,경상북도 경주시 충효7길 19 (충효동. 경주정보고등학교/월성중학교),0,,,0,,,,,,,,,,,,,,,,,,,,,0
명인정보고등학교,경북,고,사립,남여공학,경상북도 성주군 선남면 도성2길4 (선남면. 명인정보고등학교),0,,,0,,,,,,,,,,,,,,,,,,,,,0
울릉고등학교,경북,고,공립,남여공학,경상북도 울릉군 울릉읍 울릉순환로 236 (울릉읍. 울릉고등학교),0,,,0,,,,,,,,,,,,,,,,,,,,,0
포항해양과학고등학교,경북,고,공립,남여공학,경상북도 포항시 북구 여남포길21번길 18 (여남동. 포항해양과학고등학교),0,,,0,,,,,,,,,,,,,,,,,,,,,0
경북생활과학고등학교,경북,고,공립,남여공학,경상북도 구미시 해평면 강동로 1654 . 경북생활과학고등학교,0,,,1,2016.0,,,,,,,,,,,,,,,,,,,,0
고령고등학교,경북,고,공립,남여공학,경상북도 고령군 고령읍 우륵로 63 (고령읍.고령고등학교),0,,,0,,,,,,,,,,,,,,,,,,,,,0
포항과학기술고등학교,경북,고,공립,남여공학,경상북도 포항시 남구 구룡포읍 호미로 341 (구룡포읍. 포항과학기술고등학교),0,,,0,,,,,,,,,,,,,,,,,,,,,0
경북조리과학고등학교,경북,고,공립,남여공학,경상북도 문경시 문경읍 향교길 20 (문경읍),0,,,0,,,,,,,,,,,,,,,,,,,,,0
경주여자정보고등학교,경북,고,사립,여자,경상북도 경주시 시동로 90 . 경주여자정보고등학교 (시래동),0,,,0,,,,,,,,,,,,,,,,,,,,,0
영주동산고등학교,경북,고,사립,남여공학,경상북도 영주시 영봉로 49 (하망동),0,,,0,,,,,,,,,,,,,,,,,,,,,0
삼성생활예술고등학교,경북,고,사립,남여공학,경상북도 경주시 내남면 이조중앙길 27 (내남면. 삼성생활예술고등학교),0,,,0,,,,,,,,,,,,,,,,,,,,,0
선영여자고등학교,경북,고,사립,여자,경상북도 영주시 영봉로 28 . 선영여자고등학교 (휴천동. 교육연구시설),0,,,0,,,,,,,,,,,,,,,,,,,,,0
상지여자상업고등학교,경북,고,사립,여자,경상북도 상주시 함창읍 함창중앙로 176 (함창읍),0,,,0,,,,,,,,,,,,,,,,,,,,,0
경북간호고등학교,경북,고,사립,남여공학,경상북도 포항시 북구 죽장면 일광길 2 (죽장면),0,,,0,,,,,,,,,,,,,,,,,,,,,0
효청보건고등학교,경북,고,사립,남여공학,경상북도 경주시 외동읍 모화남1길 26-132 (외동읍),0,,,0,,,,,,,,,,,,,,,,,,,,,0
기계고등학교,경북,고,공립,남여공학,경상북도 포항시 북구 기계면 기계로 218 (기계면. 기계중학교. 기계고등학교),0,,,0,,,,,,,,,,,,,,,,,,,,,0
양서초등학교,경북,초,공립,,경상북도 포항시 북구 천마로 89 . 18-10 (양덕동),0,,,0,,,,,,,,,,,,,,,,,,,,,0
곡강초등학교,경북,초,공립,,경상북도 포항시 북구 흥해읍 칠포로 7 (흥해읍.곡강초등학교),0,,,0,,,,,,,,,,,,,,,,,,,,,0
구룡포초등학교,경북,초,공립,,경상북도 포항시 남구 구룡포읍 구룡포길 61 (구룡포읍. 구룡포초등학교),0,,,0,,,,,,,,,,,,,,,,,,,,,0
구정초등학교,경북,초,공립,,경상북도 포항시 남구 오천읍 구정길 11 . 구정초등학교 (오천읍),0,,,0,,,,,,,,,,,,,,,,,,,,,0
기계초등학교,경북,초,공립,,경상북도 포항시 북구 기계면 기계로 122 (기계면),0,,,0,,,,,,,,,,,,,,,,,,,,,0
기북초등학교,경북,초,공립,,경상북도 포항시 북구 기북면 기북로 452 (기북면),1,2023.0,정보교육실 구축교,1,2020.0,,,,,,,,,,,,,,,,,,,,1
남성초등학교,경북,초,공립,,경상북도 포항시 남구 대송면 장동홍계길 20 (대송면.남성초등학교),0,,,0,,,,,,,,,,,,,,,,,,,,,0
달전초등학교,경북,초,공립,,경상북도 포항시 북구 흥해읍 달전로 215 (흥해읍. 달전초등학교),0,,,0,,,,,,,,,,,,,,,,,,,,,0
대도초등학교,경북,초,공립,,경상북도 포항시 남구 상공로92번길 25-10 (대도동.대도초등학교),0,,,0,,,,,,,,,,,,,,,,,,,,,0
대보초등학교,경북,초,공립,,경상북도 포항시 남구 호미곶면 보천길 16 (호미곶면. 대보초등학교),0,,,0,,,,,,,,,,,,,,,,,,,,,0
대송초등학교,경북,초,공립,,경상북도 포항시 남구 대송면 제내길 24 (대송면),0,,,0,,,,,,,,,,,,,,,,,,,,,0
대이초등학교,경북,초,공립,,경상북도 포항시 남구 대이로46번길 35 . 대이초등학교 (대잠동),0,,,0,,,,,,,,,,,,,,,,,,,,,0
대잠초등학교,경북,초,공립,,경상북도 포항시 북구 중흥로161번길 16 (죽도동.대잠초등학교),0,,,1,2020.0,,,,,,,,,,,,,,,,,,,,0
대해초등학교,경북,초,공립,,경상북도 포항시 남구 양학천로150번길 58 .대해초등학교(대도동),0,,,0,,,,,,,,,,,,,,,,,,,,,0
동해초등학교,경북,초,공립,,경상북도 포항시 남구 동해면 일월로 78 (동해면. 동해초등학교),0,,,0,,,,,,,,,,,,,,,,,,,,,0
두호초등학교,경북,초,공립,,경상북도 포항시 북구 창흥로36번길 23 (창포동. 두호초등학교),0,,,0,,,,,,,,,,,,,,,,,,,,,0
두호남부초등학교,경북,초,공립,,경상북도 포항시 북구 두호로52번길 13 . 두호남부초등학교 (두호동),0,,,0,,,,,,,,,,,,,,,,,,,,,0
문덕초등학교,경북,초,공립,,경상북도 포항시 남구 오천읍 해병로 397 (오천읍.문덕초등학교),0,,,0,,,,,,,,,,,,,,,,,,,,,0
문충초등학교,경북,초,공립,,경상북도 포항시 남구 오천읍 정몽주로 49 (오천읍),0,,,0,,,,,,,,,,,,,,,,,,,,,0
상대초등학교,경북,초,공립,,경상북도 포항시 남구 대해로 82 . 상대초등학교 (대도동),0,,,0,,,,,,,,,,,,,,,,,,,,,0
송라초등학교,경북,초,공립,,경상북도 포항시 북구 송라면 보경로 57 (송라면),0,,,0,,,,,,,,,,,,,,,,,,,,,0
송림초등학교,경북,초,공립,,경상북도 포항시 남구 축항로 55 (송도동),0,,,0,,,,,,,,,,,,,,,,,,,,,0
신광초등학교,경북,초,공립,,경상북도 포항시 북구 신광면 토성길 31 (신광면.신광초등학교),0,,,0,,,,,,,,,,,,,,,,,,,,,0
신흥초등학교,경북,초,공립,,경상북도 포항시 남구 중흥로100번길 13 (상도동. 신흥초등학교),0,,,0,,,,,,,,,,,,,,,,,,,,,0
양포초등학교,경북,초,공립,,경상북도 포항시 남구 장기면 장기로 33 (장기면),0,,,0,,,,,,,,,,,,,,,,,,,,,0
양학초등학교,경북,초,공립,,경상북도 포항시 북구 양학로 110 (학잠동. 양학초등학교),0,,,0,,,,,,,,,,,,,,,,,,,,,0
연일초등학교,경북,초,공립,,경상북도 포항시 남구 연일읍 철강로25번길 40 . 연일초등학교 (연일읍. 연일초등학교),0,,,0,,,,,,,,,,,,,,,,,,,,,0
연일형산초등학교,경북,초,공립,,경상북도 포항시 남구 연일읍 형산강남로 262 (연일읍. 연일형산초등학교),0,,,0,,,,,,,,,,,,,,,,,,,,,0
오천초등학교,경북,초,공립,,경상북도 포항시 남구 오천읍 정몽주로 572 (오천읍),0,,,0,,,,,,,,,,,,,,,,,,,,,0
용흥초등학교,경북,초,공립,,경상북도 포항시 북구 용흥로 118 (용흥동),0,,,0,,,,,,,,,,,,,,,,,,,,,0
월포초등학교,경북,초,공립,,경상북도 포항시 북구 청하면 월포로 146 (청하면),1,2023.0,교육활동 모델교,0,,,,,,,,,,,,,,,,,,,,,0
유강초등학교,경북,초,공립,,경상북도 포항시 남구 연일읍 유강길9번길 39 (연일읍),0,,,0,,,,,,,,,,,,,,,,,,,,,0
이동초등학교,경북,초,공립,,경상북도 포항시 남구 포스코대로 147-10 (대잠동. 이동초등학교),0,,,0,,,,,,,,,,,,,,,,,,,,,0
인덕초등학교,경북,초,공립,,경상북도 포항시 남구 서원재로170번길 9 . 인덕초등학교 (인덕동),0,,,0,,,,,,,,,,,,,,,,,,,,,0
장기초등학교모포분교장,경북,초,공립,,경상북도 포항시 남구 장기면 모포길 95 . 모포분교장 (장기면),0,,,0,,,,,,,,,,,,,,,,,,,,,0
장기초등학교,경북,초,공립,,경상북도 포항시 남구 장기면 장기로 336 . 장기초등학교 (장기면. 장기초등학교),0,,,0,,,,,,,,,,,,,,,,,,,,,0
장량초등학교,경북,초,공립,,경상북도 포항시 북구 삼흥로100번길 9 (장성동.장량초등학교),0,,,0,,,,,,,,,,,,,,,,,,,,,0
장성초등학교,경북,초,공립,,경상북도 포항시 북구 새천년대로1123번길 6 (장성동. 장성초등학교),0,,,0,,,,,,,,,,,,,,,,,,,,,0
죽도초등학교,경북,초,공립,,경상북도 포항시 북구 중흥로 195 (죽도동),0,,,0,,,,,,,,,,,,,,,,,,,,,0
죽장초등학교,경북,초,공립,,경상북도 포항시 북구 죽장면 새마을로 3575 (죽장면.죽장초등학교),0,,,0,,,,,,,,,,,,,,,,,,,,,0
죽장초등학교상옥분교장,경북,초,공립,,경상북도 포항시 북구 죽장면 죽장로 1815 (죽장면.죽장초등학교),0,,,0,,,,,,,,,,,,,,,,,,,,,0
죽천초등학교,경북,초,공립,,경상북도 포항시 북구 흥해읍 죽천길185번길 30 (흥해읍. 죽천초등학교),1,2023.0,교육활동 모델교,0,,,,,,,,,,,,,,,,,,,,,0
창포초등학교,경북,초,공립,,경상북도 포항시 북구 새천년대로1075번길 32 (창포동. 창포초등학교),0,,,0,,,,,,,,,,,,,,,,,,,,,0
청림초등학교,경북,초,공립,,경상북도 포항시 남구 정몽주로 890 (청림동.청림초등학교),0,,,0,,,,,,,,,,,,,,,,,,,,,0
청하초등학교,경북,초,공립,,경상북도 포항시 북구 청하면 청하로217번길 19 . 청하초등학교 (청하면),0,,,0,,,,,,,,,,,,,,,,,,,,,0
포항초등학교,경북,초,공립,,경상북도 포항시 북구 서동로47번길 23 (덕산동. 포항초등학교),0,,,0,,,,,,,,,,,,,,,,,,,,,0
포항남부초등학교,경북,초,공립,,경상북도 포항시 북구 새천년대로 606 (용흥동. 포항남부초등학교),0,,,0,,,,,,,,,,,,,,,,,,,,,0
포항대흥초등학교,경북,초,공립,,경상북도 포항시 북구 용흥로 292번길 33 . 포항대흥초등학교 (용흥동),0,,,0,,,,,,,,,,,,,,,,,,,,,0
포항동부초등학교,경북,초,공립,,경상북도 포항시 북구 삼호로 273 (두호동.포항동부초등학교),0,,,1,2020.0,,,,,,,,,,,,,,,,,,,,0
포항송도초등학교,경북,초,공립,,경상북도 포항시 남구 송도로 80 (송도동),0,,,0,,,,,,,,,,,,,,,,,,,,,0
포항영흥초등학교,경북,초,공립,,경상북도 포항시 북구 중앙로212번길 6-7 . 포항영흥초등학교 (죽도동),0,,,0,,,,,,,,,,,,,,,,,,,,,0
포항원동초등학교,경북,초,공립,,경상북도 포항시 남구 오천읍 냉천로 340. 64 포항원동초등학교,0,,,0,,,,,,,,,,,,,,,,,,,,,0
포항장원초등학교,경북,초,공립,,경상북도 포항시 북구 법원로63번길 10 . 포항장원초등학교 (장성동),0,,,0,,,,,,,,,,,,,,,,,,,,,0
포항장흥초등학교,경북,초,공립,,경상북도 포항시 북구 양덕남로 11 (장성동),0,,,0,,,,,,,,,,,,,,,,,,,,,0
포항중앙초등학교,경북,초,공립,,경상북도 포항시 북구 우창동로 73 (우현동),0,,,0,,,,,,,,,,,,,,,,,,,,,0
포항항도초등학교,경북,초,공립,,경상북도 포항시 북구 항도길 13 . 항도초등학교 (학산동),0,,,0,,,,,,,,,,,,,,,,,,,,,0
포항해맞이초등학교,경북,초,공립,,경상북도 포항시 북구 환호로 37 (환호동),0,,,1,2020.0,,,,,,,,,,,,,,,,,,,,0
효자초등학교,경북,초,공립,,경상북도 포항시 남구 효성로 30 . 5 (효자동),0,,,0,,,,,,,,,,,,,,,,,,,,,0
포항양덕초등학교,경북,초,공립,,경상북도 포항시 북구 양덕로 20-5 (양덕동),0,,,0,,,,,,,,,,,,,,,,,,,,,0
항구초등학교,경북,초,공립,,경상북도 포항시 북구 삼호로468번길 5-12 (환호동),0,,,0,,,,,,,,,,,,,,,,,,,,,0
흥해초등학교,경북,초,공립,,경상북도 포항시 북구 흥해읍 흥해로 107 (흥해읍),0,,,0,,,,,,,,,,,,,,,,,,,,,0
흥해남산초등학교,경북,초,공립,,경상북도 포항시 북구 흥해읍 남미질로 26 (흥해읍. 흥해남산초등학교),0,,,0,,,,,,,,,,,,,,,,,,,,,0
흥해서부초등학교,경북,초,공립,,경상북도 포항시 북구 흥해읍 북송길 53 (흥해읍. 흥해서부초등학교),0,,,0,,,,,,,,,,,,,,,,,,,,,0
학천초등학교,경북,초,공립,,경상북도 포항시 북구 흥해읍 도음로856번길 17 (흥해읍. 학천초등학교),1,2023.0,교육활동 모델교,0,,,,,,,,,,,,,,,,,,,,,0
포항송곡초등학교,경북,초,공립,,경상북도 포항시 북구 장량중앙로 27 . 포항송곡초등학교,0,,,0,,,,,,,,,,,,,,,,,,,,,0
포항제철초등학교,경북,초,사립,,경상북도 포항시 남구 지곡로 60 (지곡동),0,,,1,2017.0,,,,,,,,,,,,,,,,,,,,0
포항제철지곡초등학교,경북,초,사립,,경상북도 포항시 남구 지곡로 295 . 포항제철지곡초등학교 (지곡동),1,2023.0,교육활동 모델교,1,2015.0,,,,,,,,,,,,,,,,,,,,1
양덕중학교,경북,중,공립,남여공학,경상북도 포항시 북구 장량로241번길 22 . 양덕중학교 (양덕동),0,,,0,,,,,,,,,,,,,,,,,,,,,0
구룡포중학교,경북,중,공립,남여공학,경상북도 포항시 남구 구룡포읍 호미로 341 . (구룡포읍. 구룡포중학교),0,,,0,,,,,,,,,,,,,,,,,,,,,0
기계중학교기북분교장,경북,중,공립,남여공학,경상북도 포항시 북구 기북면 기북로 469 (기북면.기계중학교),0,,,0,,,,,,,,,,,,,,,,,,,,,0
기계중학교상옥분교장,경북,중,공립,남여공학,경상북도 포항시 북구 죽장면 죽장로 1860 (죽장면.기계중학교),0,,,0,,,,,,,,,,,,,,,,,,,,,0
기계중학교,경북,중,공립,남여공학,경상북도 포항시 북구 기계면 기계로 218 (기계면. 기계중학교),0,,,0,,,,,,,,,,,,,,,,,,,,,0
대도중학교,경북,중,공립,남자,경상북도 포항시 북구 삼호로509번길 12 (환호동.대도중학교),0,,,1,2020.0,,,,,,,,,,,,,,,,,,,,0
대보중학교,경북,중,공립,남여공학,경상북도 포항시 남구 호미곶면 해맞이로 122 . 대보중학교 (호미곶면),0,,,0,,,,,,,,,,,,,,,,,,,,,0
대송중학교,경북,중,공립,남여공학,경상북도 포항시 남구 대송면 남성길 100 . 대송중학교 (대송면),0,,,0,,,,,,,,,,,,,,,,,,,,,0
대흥중학교,경북,중,공립,남여공학,경상북도 포항시 북구 용흥로292번길 35 (용흥동),0,,,0,,,,,,,,,,,,,,,,,,,,,0
상도중학교,경북,중,공립,남여공학,경상북도 포항시 남구 상공로92번길 16 . 상도중학교 (대도동),0,,,0,,,,,,,,,,,,,,,,,,,,,0
송도중학교,경북,중,공립,남여공학,경상북도 포항시 남구 축항로72번길 11 (송도동.송도중학교),0,,,0,,,,,,,,,,,,,,,,,,,,,0
송라중학교,경북,중,공립,남여공학,경상북도 포항시 북구 송라면 광천길 36 (송라면. 송라중학교),0,,,0,,,,,,,,,,,,,,,,,,,,,0
신광중학교,경북,중,공립,남여공학,경상북도 포항시 북구 신광면 토성길51번길 19-2 (신광면.신광중학교),0,,,0,,,,,,,,,,,,,,,,,,,,,0
신흥중학교,경북,중,공립,남여공학,경상북도 포항시 남구 오천읍 장기로 1636 . 신흥중학교 (오천읍),0,,,0,,,,,,,,,,,,,,,,,,,,,0
양학중학교,경북,중,공립,남여공학,경상북도 포항시 북구 이동로 63 (득량동),0,,,0,,,,,,,,,,,,,,,,,,,,,0
용흥중학교,경북,중,공립,남여공학,경상북도 포항시 북구 용흥로 90 . 용흥중학교(용흥동.용흥중학교),0,,,0,,,,,,,,,,,,,,,,,,,,,0
유강중학교,경북,중,공립,남여공학,경상북도 포항시 남구 연일읍 유강길 52 . 유강중학교 (연일읍),0,,,0,,,,,,,,,,,,,,,,,,,,,0
포항이동중학교,경북,중,공립,남여공학,경상북도 포항시 남구 대이로 170번지 (이동.포항이동중학교),0,,,0,,,,,,,,,,,,,,,,,,,,,0
창포중학교,경북,중,공립,남여공학,경상북도 포항시 북구 새천년대로1075번길 30 (창포동.창포중학교),0,,,0,,,,,,,,,,,,,,,,,,,,,0
포항중학교,경북,중,공립,남자,경상북도 포항시 북구 학산로 45 (학산동),0,,,0,,,,,,,,,,,,,,,,,,,,,0
포항여자중학교,경북,중,공립,여자,경상북도 포항시 북구 장미길 49 (우현동.포항여자중학교),0,,,0,,,,,,,,,,,,,,,,,,,,,0
포항항도중학교,경북,중,공립,남여공학,경상북도 포항시 북구 중흥로 170 (죽도동.포항항도중학교),0,,,0,,,,,,,,,,,,,,,,,,,,,0
환호여자중학교,경북,중,공립,여자,경상북도 포항시 북구 삼호로 480-6 (환호동),0,,,1,2020.0,,,,,,,,,,,,,,,,,,,,0
대동중학교,경북,중,사립,남자,경상북도 포항시 북구 우창서길 34 (우현동.대동중학교),0,,,1,2017.0,,,,,,,,,,,,,,,,,,,,0
동지중학교,경북,중,사립,남자,경상북도 포항시 북구 용흥로 123 (용흥동. 동지중학교),0,,,0,,,,,,,,,,,,,,,,,,,,,0
동지여자중학교,경북,중,사립,여자,경상북도 포항시 북구 용흥로 123 (용흥동),0,,,0,,,,,,,,,,,,,,,,,,,,,0
영일중학교,경북,중,사립,남여공학,경상북도 포항시 남구 연일읍 동문로 56 (연일읍),0,,,0,,,,,,,,,,,,,,,,,,,,,0
오천중학교,경북,중,사립,남여공학,경상북도 포항시 남구 오천읍 해병로 293 . 오천중학교 행정실 (오천읍. 오천중고등학교),0,,,0,,,,,,,,,,,,,,,,,,,,,0
장기중학교,경북,중,사립,남여공학,경상북도 포항시 남구 장기면 읍내길 53 . 장기중학교 (장기면),0,,,0,,,,,,,,,,,,,,,,,,,,,0
장흥중학교,경북,중,공립,남여공학,경상북도 포항시 북구 법원로 120 (장성동. 장흥중학교),0,,,0,,,,,,,,,,,,,,,,,,,,,0
포항포은중학교,경북,중,공립,남여공학,경상북도 포항시 남구 오천읍 냉천로340번길 30 . 포항포은중학교 (오천읍),0,,,1,2016.0,,,,,,,,,,,,,,,,,,,,0
서포중학교,경북,중,사립,남여공학,경상북도 포항시 북구 죽장면 일광길 2 (죽장면),0,,,0,,,,,,,,,,,,,,,,,,,,,0
청하중학교,경북,중,사립,남여공학,경상북도 포항시 북구 청하면 청하로151번길 26 (청하면. 청하중학교),0,,,0,,,,,,,,,,,,,,,,,,,,,0
포항동해중학교,경북,중,사립,남여공학,경상북도 포항시 남구 동해면 일월로41번길 26 . (동해면. 포항동해중학교) (동해면),1,2023.0,교육활동 모델교,0,,,,,,,,,,,,,,,,,,,,,0
포항영신중학교,경북,중,사립,남자,경상북도 포항시 북구 소티재로 107 . 포항영신중학교 (우현동),1,2023.0,교육활동 모델교,1,2015.0,,,,,,,,,,,,,,,,,,,,1
포항제철중학교,경북,중,사립,남여공학,경상북도 포항시 남구 지곡로 150 (지곡동.포항제철중학교),1,2023.0,교육활동 모델교,1,2015.0,,,,,,,,,,,,,,,,,,,,1
흥해중학교,경북,중,사립,남여공학,경상북도 포항시 북구 흥해읍 동해대로 1525 (흥해읍. 흥해중학교),0,,,1,2017.0,,,,,,,,,,,,,,,,,,,,0
감포초등학교,경북,초,공립,,경상북도 경주시 감포읍 감포로10길 21 . 감포초등학교 (감포읍. 감포초등학교),0,,,0,,,,,,,,,,,,,,,,,,,,,0
강동초등학교,경북,초,공립,,경상북도 경주시 강동면 강동로 80 (강동면. 강동초등학교),0,,,0,,,,,,,,,,,,,,,,,,,,,0
건천초등학교,경북,초,공립,,경상북도 경주시 건천읍 내서로 1105 . 건천초등학교 (건천읍),0,,,0,,,,,,,,,,,,,,,,,,,,,0
경주초등학교,경북,초,공립,,경상북도 경주시 충효2길 20 (충효동.경주초등학교),0,,,1,2018.0,,,,,,,,,,,,,,,,,,,,0
계림초등학교,경북,초,공립,,경상북도 경주시 동문로43번길 16 (북부동. 계림초등학교),0,,,0,,,,,,,,,,,,,,,,,,,,,0
괘릉초등학교,경북,초,공립,,경상북도 경주시 외동읍 신계입실길 139-5 (외동읍. 괘릉초등학교),0,,,0,,,,,,,,,,,,,,,,,,,,,0
금장초등학교,경북,초,공립,,경상북도 경주시 현곡면 등나무길 18-6 (현곡면. 금장초등학교),0,,,0,,,,,,,,,,,,,,,,,,,,,0
나산초등학교,경북,초,공립,,경상북도 경주시 양남면 동해안로 625-9 (양남면. 나산초등학교),0,,,0,,,,,,,,,,,,,,,,,,,,,0
나원초등학교,경북,초,공립,,경상북도 경주시 현곡면 안현로 20 (현곡면),0,,,0,,,,,,,,,,,,,,,,,,,,,0
내남초등학교,경북,초,공립,,경상북도 경주시 내남면 경덕로 286 (내남면. 내남초등학교),0,,,0,,,,,,,,,,,,,,,,,,,,,0
모아초등학교모서분교장,경북,초,공립,,경상북도 경주시 강동면 모서안길 99-16 (강동면. 모아초등학교모서분교장),0,,,0,,,,,,,,,,,,,,,,,,,,,0
동방초등학교,경북,초,공립,,경상북도 경주시 산업로 3485-8 (동방동. 동방초등학교),0,,,0,,,,,,,,,,,,,,,,,,,,,0
동천초등학교,경북,초,공립,,경상북도 경주시 알천북로249번길 20 (동천동),0,,,0,,,,,,,,,,,,,,,,,,,,,0
모량초등학교,경북,초,공립,,경상북도 경주시 건천읍 내서로 1504 . 38180 (건천읍),0,,,0,,,,,,,,,,,,,,,,,,,,,0
모아초등학교,경북,초,공립,,경상북도 경주시 천북면 산업로 4974-5 (천북면. 모아초등학교),0,,,0,,,,,,,,,,,,,,,,,,,,,0
모화초등학교,경북,초,공립,,경상북도 경주시 외동읍 계동1길 12 . 모화초등학교 (외동읍),0,,,0,,,,,,,,,,,,,,,,,,,,,0
불국사초등학교,경북,초,공립,,경상북도 경주시 불국사초등길 27 (구정동. 불국사초등학교),0,,,0,,,,,,,,,,,,,,,,,,,,,0
사방초등학교,경북,초,공립,,경상북도 경주시 안강읍 사방검단길 54 (안강읍.사방초등학교),0,,,0,,,,,,,,,,,,,,,,,,,,,0
산대초등학교,경북,초,공립,,경상북도 경주시 안강읍 구부랑길 54-5 . 산대초등학교 (안강읍. 산대초등학교),0,,,0,,,,,,,,,,,,,,,,,,,,,0
서라벌초등학교,경북,초,공립,,경상북도 경주시 천군2길 24 (천군동. 서라벌초등학교),0,,,0,,,,,,,,,,,,,,,,,,,,,0
석계초등학교,경북,초,공립,,경상북도 경주시 외동읍 석계평리길 79-31 . 석계초등학교 (외동읍),0,,,0,,,,,,,,,,,,,,,,,,,,,0
신라초등학교,경북,초,공립,,경상북도 경주시 금성로183번길 28 (사정동. 신라초등학교),0,,,0,,,,,,,,,,,,,,,,,,,,,0
아화초등학교,경북,초,공립,,경상북도 경주시 서면 내서로 461 (서면. 아화초등학교),0,,,0,,,,,,,,,,,,,,,,,,,,,0
안강초등학교,경북,초,공립,,경상북도 경주시 안강읍 비화원로 34 (안강읍),0,,,0,,,,,,,,,,,,,,,,,,,,,0
안강제일초등학교,경북,초,공립,,경상북도 경주시 안강읍 안강중앙로 189 (안강읍. 안강제일초등학교),0,,,0,,,,,,,,,,,,,,,,,,,,,0
양남초등학교,경북,초,공립,,경상북도 경주시 양남면 양남로 335-1 . 양남초등학교 (양남면),0,,,0,,,,,,,,,,,,,,,,,,,,,0
양동초등학교,경북,초,공립,,경상북도 경주시 강동면 양동마을길 109 (강동면.양동초등학교),0,,,0,,,,,,,,,,,,,,,,,,,,,0
양북초등학교,경북,초,공립,,경상북도 경주시 양북면 어일남길 2 (양북면),0,,,0,,,,,,,,,,,,,,,,,,,,,0
연안초등학교,경북,초,공립,,경상북도 경주시 외동읍 연안1길 15 (외동읍. 연안초등학교),0,,,0,,,,,,,,,,,,,,,,,,,,,0
영지초등학교,경북,초,공립,,경상북도 경주시 외동읍 영지로 449 . 영지초등학교 (외동읍. 영지초등학교),0,,,0,,,,,,,,,,,,,,,,,,,,,0
옥산초등학교,경북,초,공립,,경상북도 경주시 안강읍 낙헌2길 48 (안강읍. 옥산초등학교),0,,,0,,,,,,,,,,,,,,,,,,,,,0
용강초등학교,경북,초,공립,,경상북도 경주시 승삼2길 9 . 용강초등학교 (용강동),0,,,0,,,,,,,,,,,,,,,,,,,,,0
용황초등학교,경북,초,공립,,경상북도 경주시 원지길30번길 31 (황성동. 용황초등학교),0,,,0,,,,,,,,,,,,,,,,,,,,,0
월성초등학교,경북,초,공립,,경상북도 경주시 원효로 67 (노서동.월성초등학교),0,,,0,,,,,,,,,,,,,,,,,,,,,0
유림초등학교,경북,초,공립,,경상북도 경주시 용담로104번길 43-4 . (황성동. 유림초등학교) (황성동),1,2023.0,정보교육실 구축교,0,,,,,,,,,,,,,,,,,,,,,0
의곡초등학교,경북,초,공립,,경상북도 경주시 산내면 문복로 1798-6 (산내면. 의곡초등학교),0,,,0,,,,,,,,,,,,,,,,,,,,,0
입실초등학교,경북,초,공립,,경상북도 경주시 외동읍 입실로1길 94 (외동읍. 입실초등학교),0,,,0,,,,,,,,,,,,,,,,,,,,,0
천북초등학교,경북,초,공립,,경상북도 경주시 천북면 천북로 343 . 천북초등학교 (천북면. 천북초등학교),0,,,0,,,,,,,,,,,,,,,,,,,,,0
천포초등학교,경북,초,공립,,경상북도 경주시 건천읍 단석로 1929 (건천읍. 천포초등학교),0,,,0,,,,,,,,,,,,,,,,,,,,,0
현곡초등학교,경북,초,공립,,경상북도 경주시 현곡면 다경길 16-7 . 현곡초등학교 (현곡면),0,,,0,,,,,,,,,,,,,,,,,,,,,0
화랑초등학교,경북,초,공립,,경상북도 경주시 임해로 116 (구황동.화랑초등학교),0,,,0,,,,,,,,,,,,,,,,,,,,,0
황남초등학교,경북,초,공립,,경상북도 경주시 첨성로 97 (황남동. 황남초등학교),1,2023.0,교육활동 모델교,0,,,,,,,,,,,,,,,,,,,,,0
의곡초등학교일부분교장,경북,초,공립,,경상북도 경주시 산내면 거산제궁길 16 (산내면. 의곡초등학교일부분교장),0,,,0,,,,,,,,,,,,,,,,,,,,,0
황성초등학교,경북,초,공립,,경상북도 경주시 양정로287번길 12 (용강동. 황성초등학교),0,,,0,,,,,,,,,,,,,,,,,,,,,0
흥무초등학교,경북,초,공립,,경상북도 경주시 금성로347번길 30 (성건동.흥무초등학교),0,,,0,,,,,,,,,,,,,,,,,,,,,0
감포중학교,경북,중,공립,남여공학,경상북도 경주시 감포읍 감포로12길 20 (감포읍.감포중학교/감포종합중고등학교),0,,,0,,,,,,,,,,,,,,,,,,,,,0
경주여자중학교,경북,중,공립,여자,경상북도 경주시 태종로 613-12 (서악동),1,2023.0,교육활동 모델교,1,2017.0,,,,,,,,,,,,,,,,,,,,1
계림중학교,경북,중,공립,남여공학,경상북도 경주시 용담로 68 (황성동. 계림중학교),0,,,0,,,,,,,,,,,,,,,,,,,,,0
불국중학교,경북,중,공립,남여공학,경상북도 경주시 구매2길 35-12 (시래동. 불국중학교),0,,,0,,,,,,,,,,,,,,,,,,,,,0
산내중학교,경북,중,공립,남여공학,경상북도 경주시 산내면 문복로 1797-27 . (산내중.경주마케팅고),0,,,0,,,,,,,,,,,,,,,,,,,,,0
서라벌여자중학교,경북,중,공립,여자,경상북도 경주시 알천북로145번길 23 (황성동),0,,,0,,,,,,,,,,,,,,,,,,,,,0
신라중학교,경북,중,공립,남자,경상북도 경주시 알천북로 143 (황성동),0,,,0,,,,,,,,,,,,,,,,,,,,,0
아화중학교,경북,중,공립,남여공학,경상북도 경주시 서면 아화양지길 41 (서면),0,,,0,,,,,,,,,,,,,,,,,,,,,0
안강중학교,경북,중,공립,남자,경상북도 경주시 안강읍 안강중앙로 269 . 안강중학교 (안강읍),0,,,0,,,,,,,,,,,,,,,,,,,,,0
양남중학교,경북,중,공립,남여공학,경상북도 경주시 양남면 양남로 325-3 (양남면. 양남중학교),0,,,0,,,,,,,,,,,,,,,,,,,,,0
양북중학교,경북,중,공립,남여공학,경상북도 경주시 양북면 어일남길 2 (양북면),0,,,0,,,,,,,,,,,,,,,,,,,,,0
외동중학교,경북,중,공립,남여공학,경상북도 경주시 외동읍 입실로1길 80-9 (외동읍. 외동중학교),0,,,0,,,,,,,,,,,,,,,,,,,,,0
화랑중학교,경북,중,공립,남여공학,경상북도 경주시 현곡면 등나무길 18-8 (현곡면),0,,,0,,,,,,,,,,,,,,,,,,,,,0
경주중학교,경북,중,사립,남자,경상북도 경주시 원효로 231 (황오동.경주중학교),0,,,0,,,,,,,,,,,,,,,,,,,,,0
근화여자중학교,경북,중,사립,여자,경상북도 경주시 승삼2길 55 . 근화여자중학교 (용강동. 근화여자고등학교/근화여자중학교),0,,,0,,,,,,,,,,,,,,,,,,,,,0
무산중학교,경북,중,사립,남여공학,경상북도 경주시 건천읍 천포방내길 18 . 무산중학교 (건천읍),0,,,0,,,,,,,,,,,,,,,,,,,,,0
문화중학교,경북,중,사립,남자,경상북도 경주시 충현로 98 (충효동),1,2023.0,교육활동 모델교,0,,,,,,,,,,,,,,,,,,,,,0
선덕여자중학교,경북,중,사립,여자,경상북도 경주시 양정로 20-11 (인왕동. 선덕여자고등학교/선덕여자중학교),1,2023.0,교육활동 모델교,1,2018.0,,,,,,,,,,,,,,,,,,,,1
안강여자중학교,경북,중,사립,여자,경상북도 경주시 안강읍 화전길 62-8 . 안강여자중학교 (안강읍),0,,,0,,,,,,,,,,,,,,,,,,,,,0
월성중학교,경북,중,사립,남자,경상북도 경주시 충효7길 19 월성중학교 (충효동. 경주정보고등학교/월성중학교),0,,,0,,,,,,,,,,,,,,,,,,,,,0
감천초등학교,경북,초,공립,,경상북도 김천시 감천면 금감로 1550-2 (감천면. 감천초등학교),0,,,1,2019.0,,,,,,,,,,,,,,,,,,,,0
개령초등학교,경북,초,공립,,경상북도 김천시 개령면 동부길 60 (개령면. 개령초등학교),0,,,0,,,,,,,,,,,,,,,,,,,,,0
개령서부초등학교,경북,초,공립,,경상북도 김천시 개령면 감문로 277 . (개령면) (개령면. 개령서부초등학교),0,,,0,,,,,,,,,,,,,,,,,,,,,0
율곡초등학교,경북,초,공립,,경상북도 김천시 용전1로 51 (율곡동. 율곡초등학교),0,,,0,,,,,,,,,,,,,,,,,,,,,0
구성초등학교,경북,초,공립,,경상북도 김천시 구성면 상원길 46 (구성면. 구성초등학교),0,,,1,2020.0,,,,,,,,,,,,,,,,,,,,0
금릉초등학교,경북,초,공립,,경상북도 김천시 구읍길 57 (삼락동. 금릉초등학교),0,,,0,,,,,,,,,,,,,,,,,,,,,0
김천초등학교,경북,초,공립,,경상북도 김천시 남산공원3길 12 (남산동.김천초등학교),1,2023.0,교육활동 모델교,0,,,,,,,,,,,,,,,,,,,,,0
김천다수초등학교,경북,초,공립,,경상북도 김천시 영남대로 1286 (다수동),0,,,0,,,,,,,,,,,,,,,,,,,,,0
김천동부초등학교,경북,초,공립,,경상북도 김천시 황산로 83-15 . 김천동부초등학교,0,,,0,,,,,,,,,,,,,,,,,,,,,0
김천동신초등학교,경북,초,공립,,경상북도 김천시 신음새동네길 116 . 김천동신초등학교 (신음동),0,,,0,,,,,,,,,,,,,,,,,,,,,0
김천모암초등학교,경북,초,공립,,경상북도 김천시 모암사랑10길 6 (모암동. 김천모암초등학교),0,,,0,,,,,,,,,,,,,,,,,,,,,0
김천부곡초등학교,경북,초,공립,,경상북도 김천시 부곡맛고을1길 147 (부곡동1412),0,,,0,,,,,,,,,,,,,,,,,,,,,0
김천서부초등학교,경북,초,공립,,경상북도 김천시 원곡길 8 (부곡동),1,2023.0,정보교육실 구축교,0,,,,,,,,,,,,,,,,,,,,,0
김천신일초등학교,경북,초,공립,,경상북도 김천시 신음3길 42 . 김천신일초등학교 (신음동.김천신일초등학교),1,2023.0,정보교육실 구축교,1,2020.0,,,,,,,,,,,,,,,,,,,,1
김천중앙초등학교,경북,초,공립,,경상북도 김천시 김천로 156 (남산동. 김천중앙초등학교),0,,,0,,,,,,,,,,,,,,,,,,,,,0
농소초등학교,경북,초,공립,,경상북도 김천시 해오름1로1길7 (율곡동),0,,,1,2019.0,,,,,,,,,,,,,,,,,,,,0
아천초등학교능치분교장,경북,초,공립,,경상북도 김천시 어모면 작점로 817 . 능치초등학교 (어모면.능치초등학교),0,,,0,,,,,,,,,,,,,,,,,,,,,0
대덕초등학교,경북,초,공립,,경상북도 김천시 대덕면 관기2길 21 (대덕면. 대덕초등학교),1,2023.0,교육활동 모델교,1,2020.0,,,,,,,,,,,,,,,,,,,,1
대룡초등학교,경북,초,공립,,경상북도 김천시 대항면 대룡로 82 (대항면),0,,,0,,,,,,,,,,,,,,,,,,,,,0
봉계초등학교,경북,초,공립,,경상북도 김천시 봉산면 봉계길 74-15 . 봉계초등학교 (봉산면),0,,,0,,,,,,,,,,,,,,,,,,,,,0
지례초등학교부항분교장,경북,초,공립,,경상북도 김천시 부항면 양지말길 6 (부항면),0,,,0,,,,,,,,,,,,,,,,,,,,,0
아천초등학교,경북,초,공립,,경상북도 김천시 어모면 어모문화1길 14 . 아천초등학교 (어모면),1,2023.0,교육활동 모델교,1,2020.0,,,,,,,,,,,,,,,,,,,,1
아포초등학교,경북,초,공립,,경상북도 김천시 아포읍 아포대로 1067 (아포읍. 아포초등학교),0,,,0,,,,,,,,,,,,,,,,,,,,,0
양천초등학교,경북,초,공립,,경상북도 김천시 하로길 235 . 양천초등학교 (양천동),0,,,0,,,,,,,,,,,,,,,,,,,,,0
운곡초등학교,경북,초,공립,,경상북도 김천시 용전4로 3길 7,1,2023.0,정보교육실 구축교,0,,,,,,,,,,,,,,,,,,,,,0
위량초등학교,경북,초,공립,,경상북도 김천시 감문면 문화로 6 . 위량초등학교 (감문면),0,,,0,,,,,,,,,,,,,,,,,,,,,0
조마초등학교,경북,초,공립,,경상북도 김천시 조마면 강곡1길 16-69 . 조마초등학교 (조마면. 조마초등학교),0,,,1,2020.0,,,,,,,,,,,,,,,,,,,,0
증산초등학교,경북,초,공립,,경상북도 김천시 증산면 증산1로 29 (증산면. 증산초등학교),0,,,0,,,,,,,,,,,,,,,,,,,,,0
지례초등학교,경북,초,공립,,경상북도 김천시 지례면 장터길 15 (지례면. 지례초등학교),0,,,0,,,,,,,,,,,,,,,,,,,,,0
직지초등학교,경북,초,공립,,경상북도 김천시 대항면 대성향천길 1603 (대항면. 직지초등학교),0,,,0,,,,,,,,,,,,,,,,,,,,,0
봉계초등학교태화분교장,경북,초,공립,,경상북도 김천시 봉산면 봉산1로 43 . 태화초등학교 (봉산면),0,,,0,,,,,,,,,,,,,,,,,,,,,0
감문중학교,경북,중,공립,남여공학,경상북도 김천시 감문면 감문로 1113 . 감문중학교,0,,,0,,,,,,,,,,,,,,,,,,,,,0
개령중학교,경북,중,공립,남여공학,경상북도 김천시 개령면 서부3길 89 (개령면. 개령중학교),0,,,0,,,,,,,,,,,,,,,,,,,,,0
김천여자중학교,경북,중,공립,여자,경상북도 김천시 자산로 168 (성내동),0,,,1,2016.0,,,,,,,,,,,,,,,,,,,,0
김천중앙중학교,경북,중,공립,남자,경상북도 김천시 대학로 164-37 (삼락동),0,,,0,,,,,,,,,,,,,,,,,,,,,0
율곡중학교,경북,중,공립,남여공학,경상북도 김천시 혁신4로 45 (율곡동. 율곡중학교),0,,,1,2018.0,,,,,,,,,,,,,,,,,,,,0
아포중학교,경북,중,공립,남여공학,경상북도 김천시 아포읍 아포대로 1053 (아포읍.아포중학교),0,,,0,,,,,,,,,,,,,,,,,,,,,0
어모중학교,경북,중,공립,남여공학,경상북도 김천시 어모면 어모로 560 (어모면.어모중학교),0,,,0,,,,,,,,,,,,,,,,,,,,,0
지품천중학교,경북,중,공립,남여공학,경상북도 김천시 대덕면 대덕로 731 . 지품천중학교 (대덕면),0,,,0,,,,,,,,,,,,,,,,,,,,,0
김천중학교,경북,중,사립,남자,경상북도 김천시 송설로 90 . 김천중학교 (부곡동. 김천중고등학교),1,2023.0,교육활동 모델교,0,,,,,,,,,,,,,,,,,,,,,0
문성중학교,경북,중,사립,남자,경상북도 김천시 영남대로 1992-3 (지좌동),1,2023.0,교육활동 모델교,0,,,,,,,,,,,,,,,,,,,,,0
김천석천중학교,경북,중,사립,남자,경상북도 김천시 남산공원길 128 (황금동.김천석천중학교),0,,,0,,,,,,,,,,,,,,,,,,,,,0
성의여자중학교,경북,중,사립,여자,경상북도 김천시 평화순환길 250-11 . 성의여자중학교 (평화동),0,,,0,,,,,,,,,,,,,,,,,,,,,0
성의중학교,경북,중,사립,남자,경상북도 김천시 성의길 38 . 성의중학교 (지좌동),0,,,0,,,,,,,,,,,,,,,,,,,,,0
한일여자중학교,경북,중,사립,여자,경상북도 김천시 한일길 11-30 . 527-1번지 (교동),1,2023.0,교육활동 모델교,0,,,,,,,,,,,,,,,,,,,,,0
풍천풍서초등학교,경북,초,공립,,경상북도 안동시 풍천면 풍요5길 9 . 풍천풍서초등학교 (풍천면),1,2023.0,교육활동 모델교,0,,,,,,,,,,,,,,,,,,,,,0
대구교육대학교안동부설초등학교,경북,초,국립,,경상북도 안동시 단원로 222 (명륜동.대구교육대학교안동부설초등학교),0,,,0,,,,,,,,,,,,,,,,,,,,,0
길안초등학교,경북,초,공립,,경상북도 안동시 길안면 충효로 2230 (길안면. 길안초등학교),0,,,0,,,,,,,,,,,,,,,,,,,,,0
길주초등학교,경북,초,공립,,경상북도 안동시 경동로 947-20 (용상동),0,,,0,,,,,,,,,,,,,,,,,,,,,0
남선초등학교,경북,초,공립,,경상북도 안동시 남선면 구미양지마길 26 (남선면. 남선초등학교),0,,,1,2020.0,,,,,,,,,,,,,,,,,,,,0
길안초등학교길송분교장,경북,초,공립,,경상북도 안동시 길안면 송사시장길 104 (길안면.길안초길송분교장) (길안면),0,,,0,,,,,,,,,,,,,,,,,,,,,0
남후초등학교,경북,초,공립,,경상북도 안동시 남후면 무릉길 104 . 무릉길 104 (남후면),1,2023.0,교육활동 모델교,0,,,,,,,,,,,,,,,,,,,,,0
녹전초등학교,경북,초,공립,,경상북도 안동시 녹전면 녹전로 695 . 녹전초등학교 (녹전면. 녹전초등학교),0,,,0,,,,,,,,,,,,,,,,,,,,,0
녹전초등학교원천분교장,경북,초,공립,,경상북도 안동시 녹전면 원매길 102-15 . 녹전초등학교원천분교장 (녹전면. 녹전초등학교원천분교장),0,,,0,,,,,,,,,,,,,,,,,,,,,0
복주초등학교,경북,초,공립,,경상북도 안동시 복주3길 23-13 (옥동. 복주초등학교),0,,,0,,,,,,,,,,,,,,,,,,,,,0
북후초등학교,경북,초,공립,,경상북도 안동시 북후면 도장길 339 (북후면),0,,,0,,,,,,,,,,,,,,,,,,,,,0
서선초등학교,경북,초,공립,,경상북도 안동시 풍산읍 서선길 51 . (수곡리. 서선초등학교) (풍산읍),1,2023.0,정보교육실 구축교,0,,,,,,,,,,,,,,,,,,,,,0
서후초등학교대흥분교장,경북,초,공립,,경상북도 안동시 서후면 대두서6길 12 (서후면),0,,,0,,,,,,,,,,,,,,,,,,,,,0
서후초등학교,경북,초,공립,,경상북도 안동시 서후면 학가산온천길 375 . 서후초등학교 (서후면),0,,,0,,,,,,,,,,,,,,,,,,,,,0
송천초등학교,경북,초,공립,,경상북도 안동시 송천2길 119 (송천동. 송천초등학교),0,,,0,,,,,,,,,,,,,,,,,,,,,0
신성초등학교,경북,초,공립,,경상북도 안동시 풍천면 신성장골길 1 (풍천면. 신성초등학교),0,,,1,2020.0,,,,,,,,,,,,,,,,,,,,0
안동초등학교,경북,초,공립,,경상북도 안동시 경동로 643 (남문동),0,,,0,,,,,,,,,,,,,,,,,,,,,0
안동강남초등학교,경북,초,공립,,경상북도 안동시 강남1길 78 (정하동. 강남초등학교),0,,,0,,,,,,,,,,,,,,,,,,,,,0
안동동부초등학교,경북,초,공립,,경상북도 안동시 동부길 2 (신세동. 동부초등학교),0,,,0,,,,,,,,,,,,,,,,,,,,,0
안동서부초등학교,경북,초,공립,,경상북도 안동시 서동문로 65 (금곡동. 서부초등학교),1,2023.0,교육활동 모델교,0,,,,,,,,,,,,,,,,,,,,,0
안동송현초등학교,경북,초,공립,,경상북도 안동시 경동로 313 (송현동),1,2023.0,교육활동 모델교,0,,,,,,,,,,,,,,,,,,,,,0
안동영호초등학교,경북,초,공립,,경상북도 안동시 옥서4길 8 (옥동),0,,,0,,,,,,,,,,,,,,,,,,,,,0
안동용상초등학교,경북,초,공립,,경상북도 안동시 경동로 900 (용상동. 안동용상초등학교),0,,,0,,,,,,,,,,,,,,,,,,,,,0
영가초등학교,경북,초,공립,,경상북도 안동시 서경지8길 2 (태화동),0,,,0,,,,,,,,,,,,,,,,,,,,,0
영남초등학교,경북,초,공립,,경상북도 안동시 영남길 15 (안기동. 영남초등학교),0,,,0,,,,,,,,,,,,,,,,,,,,,0
온혜초등학교,경북,초,공립,,경상북도 안동시 도산면 온혜중마길 6 (도산면),0,,,0,,,,,,,,,,,,,,,,,,,,,0
와룡초등학교,경북,초,공립,,경상북도 안동시 와룡면 문화마을길 11 (와룡면. 와룡초등학교),0,,,1,2020.0,,,,,,,,,,,,,,,,,,,,0
월곡초등학교,경북,초,공립,,경상북도 안동시 예안면 정산길 23 (예안면. 월곡초등학교),0,,,1,2018.0,,,,,,,,,,,,,,,,,,,,0
일직초등학교,경북,초,공립,,경상북도 안동시 일직면 감시골길 6-3 (일직면. 일직초등학교),0,,,1,2020.0,,,,,,,,,,,,,,,,,,,,0
월곡초등학교삼계분교장,경북,초,공립,,경상북도 안동시 예안면 농암로 2384 (예안면. 월곡초등학교삼계분교),0,,,0,,,,,,,,,,,,,,,,,,,,,0
임동초등학교,경북,초,공립,,경상북도 안동시 임동면 편항길 42 . 임동초등학교 (임동면. 임동초등학교),0,,,0,,,,,,,,,,,,,,,,,,,,,0
임하초등학교,경북,초,공립,,경상북도 안동시 임하면 앞산밑길 9 . 임하초등학교 (임하면),0,,,0,,,,,,,,,,,,,,,,,,,,,0
풍북초등학교,경북,초,공립,,경상북도 안동시 풍산읍 괴정2길 21-14 (풍산읍),0,,,0,,,,,,,,,,,,,,,,,,,,,0
풍산초등학교,경북,초,공립,,경상북도 안동시 풍산읍 하리들길 32 풍산초등학교,0,,,0,,,,,,,,,,,,,,,,,,,,,0
웅부중학교,경북,중,공립,남여공학,경상북도 안동시 도산면 온천로 620-4 (도산면),0,,,0,,,,,,,,,,,,,,,,,,,,,0
길안중학교,경북,중,공립,남여공학,경상북도 안동시 길안면 천지안길 71-3 (길안면. 길안중학교),0,,,0,,,,,,,,,,,,,,,,,,,,,0
길주중학교,경북,중,공립,남여공학,경상북도 안동시 경동로 931 (용상동),0,,,0,,,,,,,,,,,,,,,,,,,,,0
복주여자중학교,경북,중,공립,여자,경상북도 안동시 안기천로 58 (당북동. 복주여자중학교),0,,,0,,,,,,,,,,,,,,,,,,,,,0
북후중학교,경북,중,공립,남여공학,경상북도 안동시 북후면 단풍길 5-8 (북후면. 북후중학교),0,,,0,,,,,,,,,,,,,,,,,,,,,0
안동중학교,경북,중,공립,남자,경상북도 안동시 태화1길 14 (태화동.안동중학교),0,,,0,,,,,,,,,,,,,,,,,,,,,0
안동여자중학교,경북,중,공립,여자,경상북도 안동시 법상윗3길 30-42 (법상동. 안동여자중학교),0,,,0,,,,,,,,,,,,,,,,,,,,,0
풍천중학교,경북,중,공립,남여공학,경상북도 안동시 풍천면 풍요5길 14 . 풍천중학교 (풍천면),0,,,0,,,,,,,,,,,,,,,,,,,,,0
경덕중학교,경북,중,사립,남자,경상북도 안동시 서악길 47 (태화동. 경덕중학교),0,,,0,,,,,,,,,,,,,,,,,,,,,0
경안중학교,경북,중,사립,남자,경상북도 안동시 경동로 205-33 (송현동.경안중학교),0,,,0,,,,,,,,,,,,,,,,,,,,,0
경안여자중학교,경북,중,사립,여자,경상북도 안동시 금곡윗4길 47 (금곡동),0,,,0,,,,,,,,,,,,,,,,,,,,,0
일직중학교,경북,중,사립,남여공학,경상북도 안동시 일직면 하나들길 13 (일직면.중학교),1,2023.0,교육활동 모델교,0,,,,,,,,,,,,,,,,,,,,,0
풍산중학교,경북,중,사립,남여공학,경상북도 안동시 풍산읍 풍산중앙길 39 . 풍산중학교 (풍산읍),1,2023.0,교육활동 모델교,0,,,,,,,,,,,,,,,,,,,,,0
구미문성초등학교,경북,초,공립,,경상북도 구미시 고아읍 들성로9길 13 (고아읍) 구미문성초등학교,0,,,1,2019.0,,,,,,,,,,,,,,,,,,,,0
구미인덕초등학교,경북,초,공립,,경상북도 구미시 산동면 신당인덕3로 25. 구미인덕초등학교 (산동면),0,,,1,2020.0,,,,,,,,,,,,,,,,,,,,0
고아초등학교,경북,초,공립,,경상북도 구미시 고아읍 관심1길 46 (고아읍.고아초등학교),0,,,0,,,,,,,,,,,,,,,,,,,,,0
광평초등학교,경북,초,공립,,경상북도 구미시 구미대로 285 .광평초등학교(광평동. 광평초등학교),0,,,0,,,,,,,,,,,,,,,,,,,,,0
구미초등학교,경북,초,공립,,경상북도 구미시 역전로2길 23 . 구미초등학교 (원평동),0,,,0,,,,,,,,,,,,,,,,,,,,,0
구미봉곡초등학교,경북,초,공립,,경상북도 구미시 봉곡남로1길 23 (봉곡동),0,,,0,,,,,,,,,,,,,,,,,,,,,0
해마루초등학교,경북,초,공립,,경상북도 구미시 산호대로 953 (옥계동),0,,,1,2020.0,,,,,,,,,,,,,,,,,,,,0
구미신평초등학교,경북,초,공립,,경상북도 구미시 신비로4길 15 (신평동.신평초등학교),0,,,0,,,,,,,,,,,,,,,,,,,,,0
구미왕산초등학교,경북,초,공립,,경상북도 구미시 왕산로 32 (임은동),0,,,0,,,,,,,,,,,,,,,,,,,,,0
구운초등학교,경북,초,공립,,경상북도 구미시 고아읍 송평구길 79 (고아읍. 구운초등학교),0,,,0,,,,,,,,,,,,,,,,,,,,,0
구평초등학교,경북,초,공립,,경상북도 구미시 인동가산로 382-14 (구평동. 구평초등학교),0,,,0,,,,,,,,,,,,,,,,,,,,,0
구평남부초등학교,경북,초,공립,,경상북도 구미시 인동가산로 250-25 . 구평남부초등학교 (구평동),0,,,0,,,,,,,,,,,,,,,,,,,,,0
금오초등학교,경북,초,공립,,경상북도 구미시 산책길 19 (원평동),0,,,0,,,,,,,,,,,,,,,,,,,,,0
남계초등학교,경북,초,공립,,경상북도 구미시 고아읍 봉한3길 16 (고아읍. 남계초등학교),0,,,0,,,,,,,,,,,,,,,,,,,,,0
덕촌초등학교,경북,초,공립,,경상북도 구미시 옥성면 선상서로 584 (옥성면),0,,,0,,,,,,,,,,,,,,,,,,,,,0
도개초등학교,경북,초,공립,,경상북도 구미시 도개면 도안로 108 (도개면. 도개초등학교),0,,,0,,,,,,,,,,,,,,,,,,,,,0
도량초등학교,경북,초,공립,,경상북도 구미시 송동로7길 15-14 (도량동. 도량초등학교),0,,,1,2020.0,,,,,,,,,,,,,,,,,,,,0
도봉초등학교,경북,초,공립,,경상북도 구미시 도봉로 47 (도량동),0,,,0,,,,,,,,,,,,,,,,,,,,,0
도산초등학교,경북,초,공립,,경상북도 구미시 문장로 100 (도량동),0,,,0,,,,,,,,,,,,,,,,,,,,,0
무을초등학교,경북,초,공립,,경상북도 구미시 무을면 송삼1길 33 (무을면),0,,,0,,,,,,,,,,,,,,,,,,,,,0
문장초등학교,경북,초,공립,,경상북도 구미시 고아읍 문장로 168 . 문장초등학교 (고아읍),0,,,0,,,,,,,,,,,,,,,,,,,,,0
비산초등학교,경북,초,공립,,경상북도 구미시 비산로 24 (공단동. 비산초등학교),0,,,0,,,,,,,,,,,,,,,,,,,,,0
구미사곡초등학교,경북,초,공립,,경상북도 구미시 상사동로24길 9 (사곡동. 구미사곡초등학교),0,,,0,,,,,,,,,,,,,,,,,,,,,0
산동초등학교,경북,초,공립,,경상북도 구미시 산동면 강동로 936-18 (산동면. 산동초등학교),0,,,0,,,,,,,,,,,,,,,,,,,,,0
상모초등학교,경북,초,공립,,경상북도 구미시 상모로 71 (상모동. 상모초등학교),0,,,0,,,,,,,,,,,,,,,,,,,,,0
선산초등학교,경북,초,공립,,경상북도 구미시 선산읍 선산중앙로 87-6 . 선산초등학교 (선산읍),1,2023.0,정보교육실 구축교,0,,,,,,,,,,,,,,,,,,,,,0
선주초등학교,경북,초,공립,,경상북도 구미시 봉곡로 134 . 선주초등학교 (봉곡동),0,,,1,2019.0,,,,,,,,,,,,,,,,,,,,0
송정초등학교,경북,초,공립,,경상북도 구미시 송정대로6길 72-6 (송정동),0,,,0,,,,,,,,,,,,,,,,,,,,,0
신기초등학교,경북,초,공립,,경상북도 구미시 신비로3길 37-8 (신평동),0,,,0,,,,,,,,,,,,,,,,,,,,,0
야은초등학교,경북,초,공립,,경상북도 구미시 송동로7길 65 (도량동. 야은초등학교),0,,,0,,,,,,,,,,,,,,,,,,,,,0
구미오산초등학교,경북,초,공립,,경상북도 구미시 금오대로24길 15 (오태동. 구미오산초등학교),0,,,0,,,,,,,,,,,,,,,,,,,,,0
오태초등학교,경북,초,공립,,경상북도 구미시 금오대로10길 19-9 . 오태초등학교 (오태동. 오태초등학교),0,,,0,,,,,,,,,,,,,,,,,,,,,0
옥계초등학교,경북,초,공립,,경상북도 구미시 산호대로23길 21-7 . 옥계초등학교 (옥계동.옥계초등학교),0,,,0,,,,,,,,,,,,,,,,,,,,,0
옥계동부초등학교,경북,초,공립,,경상북도 구미시 옥계북로 89 (옥계동. 옥계동부초등학교),1,2023.0,교육활동 모델교,0,,,,,,,,,,,,,,,,,,,,,0
옥성초등학교,경북,초,공립,,경상북도 구미시 옥성면 주아2길 18-13 (옥성면. 옥성초등학교),0,,,0,,,,,,,,,,,,,,,,,,,,,0
원남초등학교,경북,초,공립,,경상북도 구미시 원남로 12-50 . 원남초등학교 (남통동. 원남초등학교),0,,,0,,,,,,,,,,,,,,,,,,,,,0
원호초등학교,경북,초,공립,,경상북도 구미시 고아읍 문장로22길 58 (고아읍.원호초등학교),0,,,0,,,,,,,,,,,,,,,,,,,,,0
인동초등학교,경북,초,공립,,경상북도 구미시 여헌로3길 34 (인의동. 인동초등학교),0,,,0,,,,,,,,,,,,,,,,,,,,,0
인의초등학교,경북,초,공립,,경상북도 구미시 인동13길 23 (인의동),0,,,0,,,,,,,,,,,,,,,,,,,,,0
장천초등학교,경북,초,공립,,경상북도 구미시 장천면 강동로 236 . 장천초등학교 (장천면),0,,,0,,,,,,,,,,,,,,,,,,,,,0
정수초등학교,경북,초,공립,,경상북도 구미시 박정희로 120 (상모동.정수초등학교),0,,,0,,,,,,,,,,,,,,,,,,,,,0
지산초등학교,경북,초,공립,,경상북도 구미시 지산13길 17 . 지산초등학교 (지산동.지산초등학교),0,,,0,,,,,,,,,,,,,,,,,,,,,0
진평초등학교,경북,초,공립,,경상북도 구미시 인동30길 53 (진평동. 진평초등학교),1,2023.0,교육활동 모델교,0,,,,,,,,,,,,,,,,,,,,,0
천생초등학교,경북,초,공립,,경상북도 구미시 인동43길 8 (구평동. 천생초등학교),0,,,1,2020.0,,,,,,,,,,,,,,,,,,,,0
해평초등학교,경북,초,공립,,경상북도 구미시 해평면 월호2길 5 .해평초등학교 (해평면. 해평초등학교),0,,,0,,,,,,,,,,,,,,,,,,,,,0
형곡초등학교,경북,초,공립,,경상북도 구미시 신시로1길 10 (형곡동. 형곡초등학교),1,2023.0,교육활동 모델교,1,2019.0,,,,,,,,,,,,,,,,,,,,1
형남초등학교,경북,초,공립,,경상북도 구미시 형곡동로 1-5 (형곡동.형남초등학교),0,,,0,,,,,,,,,,,,,,,,,,,,,0
형일초등학교,경북,초,공립,,경상북도 구미시 형곡로14길 5-20 (형곡동. 형일초등학교),0,,,0,,,,,,,,,,,,,,,,,,,,,0
황상초등학교,경북,초,공립,,경상북도 구미시 검성로 103-3 (황상동. 황상초등학교),0,,,1,2020.0,,,,,,,,,,,,,,,,,,,,0
해마루중학교,경북,중,공립,남여공학,경상북도 구미시 산호대로 . 951 (옥계동),0,,,1,2018.0,,,,,,,,,,,,,,,,,,,,0
광평중학교,경북,중,공립,남여공학,경상북도 구미시 화신로10길 11-12 (광평동),0,,,1,2020.0,,,,,,,,,,,,,,,,,,,,0
구미신평중학교,경북,중,공립,남여공학,경상북도 구미시 신비로3길 37-14 . 구미신평중학교 (신평동),0,,,0,,,,,,,,,,,,,,,,,,,,,0
구미여자중학교,경북,중,공립,여자,경상북도 구미시 금오산로 162 (원평동. 구미여자중학교),0,,,0,,,,,,,,,,,,,,,,,,,,,0
구미중학교,경북,중,공립,남자,경상북도 구미시 문장로 159 (도량동),0,,,0,,,,,,,,,,,,,,,,,,,,,0
금오중학교,경북,중,공립,남자,경상북도 구미시 왕산로 90 (임은동. 금오중학교),0,,,0,,,,,,,,,,,,,,,,,,,,,0
도송중학교,경북,중,공립,남여공학,경상북도 구미시 송동로7길 53 (도량동),0,,,0,,,,,,,,,,,,,,,,,,,,,0
무을중학교,경북,중,공립,남여공학,경상북도 구미시 무을면 무등2길 21-14 . 무을중학교 (무을면.무을중학교),0,,,0,,,,,,,,,,,,,,,,,,,,,0
봉곡중학교,경북,중,공립,남여공학,경상북도 구미시 봉곡서로11안길 9-8 (봉곡동.봉곡중학교),0,,,1,2020.0,,,,,,,,,,,,,,,,,,,,0
산동중학교,경북,중,공립,남여공학,경상북도 구미시 산동면 강동로 998 (산동면. 산동중학교),0,,,0,,,,,,,,,,,,,,,,,,,,,0
상모중학교,경북,중,공립,남여공학,경상북도 구미시 상사동로 70 (임은동. 상모중학교),1,2023.0,교육활동 모델교,0,,,,,,,,,,,,,,,,,,,,,0
선산중학교,경북,중,공립,남여공학,경상북도 구미시 선산읍 선상서로14길 19-20 (선산읍. 선산중학교),0,,,0,,,,,,,,,,,,,,,,,,,,,0
선주중학교,경북,중,공립,남여공학,경상북도 구미시 야은로13길 27 (봉곡동. 선주중학교),1,2023.0,교육활동 모델교,0,,,,,,,,,,,,,,,,,,,,,0
송정여자중학교,경북,중,공립,여자,경상북도 구미시 송정대로6길 72-12 (송정동. 송정여자중학교),0,,,0,,,,,,,,,,,,,,,,,,,,,0
오태중학교,경북,중,공립,남여공학,경상북도 구미시 금오대로24길 33 (오태동. 오태중학교),0,,,0,,,,,,,,,,,,,,,,,,,,,0
옥계중학교,경북,중,공립,남여공학,경상북도 구미시 거양길 18-7 (거의동. 옥계중학교),0,,,1,2016.0,,,,,,,,,,,,,,,,,,,,0
옥계동부중학교,경북,중,공립,남여공학,경상북도 구미시 옥계북로 87 (옥계동),0,,,0,,,,,,,,,,,,,,,,,,,,,0
인동중학교,경북,중,공립,남여공학,경상북도 구미시 여헌로14길 17 (인의동.인동중학교),0,,,1,2020.0,,,,,,,,,,,,,,,,,,,,0
진평중학교,경북,중,공립,남여공학,경상북도 구미시 인동20길 70 (진평동.진평중학교),0,,,0,,,,,,,,,,,,,,,,,,,,,0
천생중학교,경북,중,공립,남여공학,경상북도 구미시 인동가산로 250-33 (구평동). 천생중학교,0,,,0,,,,,,,,,,,,,,,,,,,,,0
형곡중학교,경북,중,공립,남여공학,경상북도 구미시 형곡서로1길 29 (형곡동.형곡중학교),1,2023.0,교육활동 모델교,1,2018.0,,,,,,,,,,,,,,,,,,,,1
형남중학교,경북,중,공립,남여공학,경상북도 구미시 형곡동로 1-3 (형곡동.형남중학교),1,2023.0,교육활동 모델교,0,,,,,,,,,,,,,,,,,,,,,0
해평중학교,경북,중,공립,남여공학,경상북도 구미시 해평면 강동로 1654 (해평면) 해평중학교,0,,,0,,,,,,,,,,,,,,,,,,,,,0
경구중학교,경북,중,사립,남자,경상북도 구미시 봉곡로9길 25 (봉곡동),0,,,0,,,,,,,,,,,,,,,,,,,,,0
도개중학교,경북,중,사립,남여공학,경상북도 구미시 도개면 도안로 120 (도개면),0,,,0,,,,,,,,,,,,,,,,,,,,,0
오상중학교,경북,중,사립,남여공학,경상북도 구미시 장천면 강동로 164 . 오상중학교 (장천면),0,,,0,,,,,,,,,,,,,,,,,,,,,0
현일중학교,경북,중,사립,남여공학,경상북도 구미시 고아읍 선산대로 656 (항곡리. 현일중학교),0,,,1,2016.0,,,,,,,,,,,,,,,,,,,,0
남산초등학교,경북,초,공립,,경상북도 영주시 구성로 257 (휴천동.남산초등학교),1,2023.0,교육활동 모델교,0,,,,,,,,,,,,,,,,,,,,,0
영주동부초등학교,경북,초,공립,,경상북도 영주시 남간로25번길 46 (휴천동. 영주동부초등학교),0,,,0,,,,,,,,,,,,,,,,,,,,,0
문수초등학교,경북,초,공립,,경상북도 영주시 문수면 문수로1406번길 15-4 (문수면.문수초등학교),0,,,1,2019.0,,,,,,,,,,,,,,,,,,,,0
봉현초등학교,경북,초,공립,,경상북도 영주시 봉현면 소백로1623번길 6 (봉현면),0,,,0,,,,,,,,,,,,,,,,,,,,,0
부석초등학교,경북,초,공립,,경상북도 영주시 부석면 부석로65번길 5 (부석면. 부석초등학교),0,,,0,,,,,,,,,,,,,,,,,,,,,0
순흥초등학교,경북,초,공립,,경상북도 영주시 순흥면 순흥로 15 (순흥면.순흥초등학교),0,,,0,,,,,,,,,,,,,,,,,,,,,0
안정초등학교,경북,초,공립,,경상북도 영주시 안정면 용주로 1414 (안정면),0,,,0,,,,,,,,,,,,,,,,,,,,,0
영일초등학교,경북,초,공립,,경상북도 영주시 영주로147번길 17 (영주동. 영일초등학교),0,,,0,,,,,,,,,,,,,,,,,,,,,0
영주초등학교,경북,초,공립,,경상북도 영주시 광복로 55 . 영주초등학교 (영주동),0,,,0,,,,,,,,,,,,,,,,,,,,,0
영주남부초등학교,경북,초,공립,,경상북도 영주시 대학로71번길 19 (휴천동.영주남부초등학교),0,,,0,,,,,,,,,,,,,,,,,,,,,0
영주서부초등학교,경북,초,공립,,경상북도 영주시 신재로 12 (가흥동),0,,,0,,,,,,,,,,,,,,,,,,,,,0
영주중앙초등학교,경북,초,공립,,경상북도 영주시 중앙로 126 . 33 (하망동),1,2023.0,정보교육실 구축교,0,,,,,,,,,,,,,,,,,,,,,0
옥대초등학교,경북,초,공립,,경상북도 영주시 단산면 아호로26번길 22 (단산면),0,,,0,,,,,,,,,,,,,,,,,,,,,0
이산초등학교,경북,초,공립,,경상북도 영주시 이산면 이산로 487 (이산면),0,,,1,2016.0,,,,,,,,,,,,,,,,,,,,0
영주가흥초등학교,경북,초,공립,,경상북도 영주시 대동로70번길 8-9 (가흥동),0,,,0,,,,,,,,,,,,,,,,,,,,,0
장수초등학교,경북,초,공립,,경상북도 영주시 장수면 장수로 35 (장수면),0,,,0,,,,,,,,,,,,,,,,,,,,,0
평은초등학교,경북,초,공립,,경상북도 영주시 평은면 천상로 139 . 평은초등학교 (평은면),0,,,0,,,,,,,,,,,,,,,,,,,,,0
풍기초등학교,경북,초,공립,,경상북도 영주시 풍기읍 기주로 110 (풍기읍),1,2023.0,교육활동 모델교,0,,,,,,,,,,,,,,,,,,,,,0
풍기북부초등학교,경북,초,공립,,경상북도 영주시 풍기읍 금계로 72 (풍기읍.풍기북부초등학교),0,,,0,,,,,,,,,,,,,,,,,,,,,0
단산중학교,경북,중,공립,남여공학,경상북도 영주시 단산면 소백로3255번길 6 (단산면. 단산중학교),0,,,0,,,,,,,,,,,,,,,,,,,,,0
부석중학교,경북,중,공립,남여공학,경상북도 영주시 부석면 부석로 29 (부석면),0,,,0,,,,,,,,,,,,,,,,,,,,,0
소수중학교,경북,중,공립,남여공학,경상북도 영주시 순흥면 순흥로 24 (순흥면. 소수중학교),0,,,0,,,,,,,,,,,,,,,,,,,,,0
영주중학교,경북,중,공립,남자,경상북도 영주시 남간로 29 (휴천동. 영주중학교),0,,,1,2019.0,,,,,,,,,,,,,,,,,,,,0
영주여자중학교,경북,중,공립,여자,경상북도 영주시 신재로 14 (가흥동. 영주여자중학교),0,,,0,,,,,,,,,,,,,,,,,,,,,0
풍기중학교,경북,중,공립,남여공학,경상북도 영주시 풍기읍 동성로 34 (풍기읍. 풍기중학교),0,,,0,,,,,,,,,,,,,,,,,,,,,0
금계중학교,경북,중,사립,남여공학,경상북도 영주시 풍기읍 금계로 147 (풍기읍),1,2023.0,교육활동 모델교,0,,,,,,,,,,,,,,,,,,,,,0
대영중학교,경북,중,사립,남자,경상북도 영주시 구성로150번길 45 (휴천동),1,2023.0,교육활동 모델교,0,,,,,,,,,,,,,,,,,,,,,0
동산여자중학교,경북,중,사립,여자,경상북도 영주시 영봉로 49 (하망동.동산여자중학교),1,2023.0,교육활동 모델교,1,2016.0,,,,,,,,,,,,,,,,,,,,1
영광중학교,경북,중,사립,남자,경상북도 영주시 광복로 17 (영주동),1,2023.0,교육활동 모델교,1,2016.0,,,,,,,,,,,,,,,,,,,,1
영광여자중학교,경북,중,사립,여자,경상북도 영주시 두서길 120 . (영주동),1,2023.0,교육활동 모델교,0,,,,,,,,,,,,,,,,,,,,,0
거여초등학교,경북,초,공립,,경상북도 영천시 금호읍 관정1길 31 (금호읍. 거여초등학교),0,,,0,,,,,,,,,,,,,,,,,,,,,0
고경초등학교,경북,초,공립,,경상북도 영천시 고경면 호국로 1276 . 고경초등학교 (고경면),0,,,0,,,,,,,,,,,,,,,,,,,,,0
금호초등학교,경북,초,공립,,경상북도 영천시 금호읍 금호로 179 . 금호초등학교 (금호읍),0,,,1,2019.0,,,,,,,,,,,,,,,,,,,,0
단포초등학교,경북,초,공립,,경상북도 영천시 고경면 호국로 343 (고경면. 단포초등학교.유치원),0,,,0,,,,,,,,,,,,,,,,,,,,,0
대창초등학교,경북,초,공립,,경상북도 영천시 대창면 금창로 787 (대창면),0,,,0,,,,,,,,,,,,,,,,,,,,,0
북안초등학교,경북,초,공립,,경상북도 영천시 북안면 운북로 1984 (북안면. 북안초등학교),0,,,0,,,,,,,,,,,,,,,,,,,,,0
신녕초등학교,경북,초,공립,,경상북도 영천시 신녕면 큰골길 9 (신녕면),1,2023.0,교육활동 모델교,1,2018.0,,,,,,,,,,,,,,,,,,,,1
영천중앙초등학교화남분교장,경북,초,공립,,경상북도 영천시 화남면 천문로 1224 (화남면. 영천중앙초등학교화남분교장),0,,,0,,,,,,,,,,,,,,,,,,,,,0
영천초등학교,경북,초,공립,,경상북도 영천시 천문로 253 (금노동. 영천초등학교),0,,,1,2020.0,,,,,,,,,,,,,,,,,,,,0
자천초등학교보현분교장,경북,초,공립,,경상북도 영천시 자양면 별빛로 1183 (자양면. 자천초등학교보현분교),0,,,0,,,,,,,,,,,,,,,,,,,,,0
영천동부초등학교,경북,초,공립,,경상북도 영천시 호국로 209 (조교동. 영천동부초등),0,,,0,,,,,,,,,,,,,,,,,,,,,0
영천중앙초등학교,경북,초,공립,,경상북도 영천시 조양길 71 (문내동),0,,,0,,,,,,,,,,,,,,,,,,,,,0
포은초등학교,경북,초,공립,,경북 영천시 망정4길 72 (야사동.포은초등학교),1,2023.0,교육활동 모델교,1,2020.0,,,,,,,,,,,,,,,,,,,,1
영화초등학교,경북,초,공립,,경상북도 영천시 영화새싹길 22 (화룡동),0,,,0,,,,,,,,,,,,,,,,,,,,,0
임고초등학교,경북,초,공립,,경상북도 영천시 임고면 포은로 491-2 (임고면. 임고초등학교),0,,,1,2018.0,,,,,,,,,,,,,,,,,,,,0
자천초등학교,경북,초,공립,,경상북도 영천시 화북면 화북길 75 . 자천초등학교 (화북면),0,,,1,2019.0,,,,,,,,,,,,,,,,,,,,0
지곡초등학교,경북,초,공립,,경상북도 영천시 화남면 천문로 1597-5 . 지곡초등학교 (화남면),0,,,0,,,,,,,,,,,,,,,,,,,,,0
청통초등학교,경북,초,공립,,경상북도 영천시 청통면 청통초등길 43 (청통면),0,,,0,,,,,,,,,,,,,,,,,,,,,0
평천초등학교,경북,초,공립,,경상북도 영천시 임고면 포은로 814-40 (임고면.평천초등학교),0,,,0,,,,,,,,,,,,,,,,,,,,,0
영화초등학교화덕분교장,경북,초,공립,,경상북도 영천시 화산면 덕암길 140 (화산면.화덕초등학교),0,,,0,,,,,,,,,,,,,,,,,,,,,0
화산초등학교,경북,초,공립,,경상북도 영천시 화산면 장수로 942-9 (화산면. 화산초등학교),0,,,0,,,,,,,,,,,,,,,,,,,,,0
별빛중학교,경북,중,공립,남여공학,경상북도 영천시 고경면 월천길 1-27 . 별빛중학교 (고경면),0,,,0,,,,,,,,,,,,,,,,,,,,,0
금호여자중학교,경북,중,공립,여자,경상북도 영천시 금호읍 성천앞길 112-53 (금호읍. 금호여중·포은고등학교),0,,,0,,,,,,,,,,,,,,,,,,,,,0
신녕중학교,경북,중,공립,남여공학,경상북도 영천시 신녕면 찰방길 8 (신녕면),0,,,0,,,,,,,,,,,,,,,,,,,,,0
영안중학교,경북,중,공립,남여공학,경상북도 영천시 북안면 운북로 2025 (북안면. 영안중학교),0,,,0,,,,,,,,,,,,,,,,,,,,,0
영천중학교,경북,중,공립,남자,경상북도 영천시 중앙동1길 126 (문내동),1,2023.0,교육활동 모델교,0,,,,,,,,,,,,,,,,,,,,,0
영천여자중학교,경북,중,공립,여자,경상북도 영천시 상아탑길 28 (교촌동),0,,,0,,,,,,,,,,,,,,,,,,,,,0
청통중학교,경북,중,공립,남여공학,경상북도 영천시 청통면 새학길 33-11 (청통면. 청통중학교),0,,,0,,,,,,,,,,,,,,,,,,,,,0
화산중학교,경북,중,공립,남여공학,경상북도 영천시 화산면 연유길 14 (화산면),0,,,0,,,,,,,,,,,,,,,,,,,,,0
금호중학교,경북,중,사립,남자,경상북도 영천시 금호읍 교대길 8-18 (금호읍),1,2023.0,교육활동 모델교,1,2015.0,,,,,,,,,,,,,,,,,,,,1
성남여자중학교,경북,중,사립,여자,경상북도 영천시 남촌길 17 (도동),0,,,0,,,,,,,,,,,,,,,,,,,,,0
영동중학교,경북,중,사립,남자,경상북도 영천시 안야사길 13 (야사동) 영동중학교,1,2023.0,교육활동 모델교,1,2020.0,,,,,,,,,,,,,,,,,,,,1
공검초등학교,경북,초,공립,,경상북도 상주시 공검면 공검이안길 27 . 공검초등학교 (공검면),0,,,0,,,,,,,,,,,,,,,,,,,,,0
낙동초등학교,경북,초,공립,,경상북도 상주시 낙동면 장천로 457 . 낙동초등학교 (낙동면.낙동초등학교),0,,,1,2020.0,,,,,,,,,,,,,,,,,,,,0
낙동동부초등학교,경북,초,공립,,경상북도 상주시 낙동면 낙동3길 14-11 . 낙동동부초등학교 (낙동면.낙동동부초등학교),0,,,1,2020.0,,,,,,,,,,,,,,,,,,,,0
낙서초등학교,경북,초,공립,,경상북도 상주시 내서면 영남제일로 3173 . 낙서초등학교 (내서면),0,,,0,,,,,,,,,,,,,,,,,,,,,0
모동초등학교,경북,초,공립,,경상북도 상주시 모동면 중화로 583-17 (모동면. 모동초등학교),0,,,0,,,,,,,,,,,,,,,,,,,,,0
모서초등학교,경북,초,공립,,경상북도 상주시 모서면 백화로 1387 (모서면.모서초등학교),0,,,0,,,,,,,,,,,,,,,,,,,,,0
백원초등학교,경북,초,공립,,경상북도 상주시 외서면 북상주로 591-14 (외서면.백원초등학교),0,,,0,,,,,,,,,,,,,,,,,,,,,0
사벌초등학교,경북,초,공립,,경상북도 상주시 사벌면 덕담1길 53 사벌초등학교,0,,,1,2018.0,,,,,,,,,,,,,,,,,,,,0
상산초등학교,경북,초,공립,,경상북도 상주시 왕산로 374 . 상산초등학교 (냉림동),0,,,0,,,,,,,,,,,,,,,,,,,,,0
상영초등학교,경북,초,공립,,경상북도 상주시 상산로 202 (남성동. 상영초등학교),0,,,0,,,,,,,,,,,,,,,,,,,,,0
상주초등학교,경북,초,공립,,경상북도 상주시 중앙로 167 (서문동),0,,,0,,,,,,,,,,,,,,,,,,,,,0
상주남부초등학교,경북,초,공립,,경상북도 상주시 지천1길 5 상주남부초등학교,0,,,0,,,,,,,,,,,,,,,,,,,,,0
상주동부초등학교,경북,초,공립,,경상북도 상주시 헌신1길 1 . 상주동부초등학교 (헌신동),0,,,0,,,,,,,,,,,,,,,,,,,,,0
상주중앙초등학교,경북,초,공립,,경상북도 상주시 상서문1길 112 (남성동. 상주중앙초등학교),0,,,0,,,,,,,,,,,,,,,,,,,,,0
성동초등학교,경북,초,공립,,경상북도 상주시 성동새싹길 14 . 성동초등학교 (성동동),0,,,0,,,,,,,,,,,,,,,,,,,,,0
외남초등학교,경북,초,공립,,경상북도 상주시 외남면 석단로 1073 . 외남초등학교 (외남면),0,,,1,2019.0,,,,,,,,,,,,,,,,,,,,0
외서초등학교,경북,초,공립,,경상북도 상주시 외서면 가곡1길 20 (외서면. 외서초등학교),0,,,0,,,,,,,,,,,,,,,,,,,,,0
은척초등학교무릉분교장,경북,초,공립,,경상북도 상주시 은척면 무릉2길 2 (은척면),0,,,0,,,,,,,,,,,,,,,,,,,,,0
은척초등학교,경북,초,공립,,경상북도 상주시 은척면 봉중2길 10 (은척면.은척초등학교),0,,,1,2019.0,,,,,,,,,,,,,,,,,,,,0
이안초등학교,경북,초,공립,,경상북도 상주시 이안면 양범안룡길 39 (이안면. 이안초등학교),0,,,1,2019.0,,,,,,,,,,,,,,,,,,,,0
중동초등학교,경북,초,공립,,경상북도 상주시 중동면 오상2길 17-4 (중동면),0,,,0,,,,,,,,,,,,,,,,,,,,,0
중모초등학교,경북,초,공립,,경상북도 상주시 모동면 신천1길 15 (모동면),0,,,0,,,,,,,,,,,,,,,,,,,,,0
청리초등학교,경북,초,공립,,경상북도 상주시 청리면 청하2길 39 (청리면. 청리초등학교),0,,,1,2020.0,,,,,,,,,,,,,,,,,,,,0
함창초등학교,경북,초,공립,,경상북도 상주시 함창읍 구향3길 38 (함창읍. 함창초등학교),0,,,0,,,,,,,,,,,,,,,,,,,,,0
함창중앙초등학교,경북,초,공립,,경상북도 상주시 함창읍 구향로 87-10 (함창읍),0,,,0,,,,,,,,,,,,,,,,,,,,,0
화동초등학교,경북,초,공립,,경상북도 상주시 화동면 이소1길 78 . 화동초등학교 (화동면),0,,,0,,,,,,,,,,,,,,,,,,,,,0
화령초등학교,경북,초,공립,,경상북도 상주시 화서면 화령로 57 . 화령초등학교 (화서면. 화령초등학교),0,,,0,,,,,,,,,,,,,,,,,,,,,0
화북초등학교,경북,초,공립,,경상북도 상주시 화북면 문장로 1803-12 . 화북초등학교 (화북면),1,2023.0,교육활동 모델교,1,2018.0,,,,,,,,,,,,,,,,,,,,1
화북초등학교용화분교장,경북,초,공립,,경상북도 상주시 화북면 중벌1길 1 . 화북초등학교용화분교장 (화북면),0,,,0,,,,,,,,,,,,,,,,,,,,,0
화북초등학교입석분교장,경북,초,공립,,경상북도 상주시 화북면 문장로 2645 (화북면)화북초등학교입석분교장,0,,,0,,,,,,,,,,,,,,,,,,,,,0
낙동중학교,경북,중,공립,남여공학,경상북도 상주시 낙동면 낙동3길 14-5 (낙동면.낙동중학교),0,,,0,,,,,,,,,,,,,,,,,,,,,0
낙운중학교,경북,중,공립,남여공학,경상북도 상주시 낙동면 삼봉로 472-20 . 낙운중학교 (낙동면.낙운중학교),0,,,0,,,,,,,,,,,,,,,,,,,,,0
내서중학교,경북,중,공립,남여공학,경상북도 상주시 내서면 영남제일로 3239 . 내서중학교 (내서면),0,,,0,,,,,,,,,,,,,,,,,,,,,0
모서중학교,경북,중,공립,남여공학,경상북도 상주시 모서면 삼포2길 30 (모서면. 모서중교),0,,,0,,,,,,,,,,,,,,,,,,,,,0
상주중학교,경북,중,공립,남자,경상북도 상주시 북천로 55-13 . (만산동. 상주중학교) (만산동. 상주중학교),0,,,0,,,,,,,,,,,,,,,,,,,,,0
상주여자중학교,경북,중,공립,여자,경상북도 상주시 상산로 222 (남성동.상주여자중학교),0,,,1,2019.0,,,,,,,,,,,,,,,,,,,,0
은척중학교,경북,중,공립,남여공학,경상북도 상주시 은척면 우기1길 10 (은척면),0,,,0,,,,,,,,,,,,,,,,,,,,,0
중모중학교,경북,중,공립,남여공학,경상북도 상주시 모동면 덕곡1길 13 (모동면.중모중학교),0,,,0,,,,,,,,,,,,,,,,,,,,,0
청리중학교,경북,중,공립,남여공학,경상북도 상주시 청리면 청하3길 35-16 (청리면. 청리중학교),0,,,0,,,,,,,,,,,,,,,,,,,,,0
화동중학교,경북,중,공립,남여공학,경상북도 상주시 화동면 이소3길 86-6 (화동면.화동중교),0,,,0,,,,,,,,,,,,,,,,,,,,,0
화령중학교,경북,중,공립,남여공학,경상북도 상주시 화서면 중화로 2187 (화서면),0,,,0,,,,,,,,,,,,,,,,,,,,,0
화북중학교,경북,중,공립,남여공학,경상북도 상주시 화북면 문장로 1682 (화북면. 화북중학교),0,,,0,,,,,,,,,,,,,,,,,,,,,0
남산중학교,경북,중,사립,남자,경상북도 상주시 낙양1길 29 (낙양동. 남산중학교),1,2023.0,교육활동 모델교,0,,,,,,,,,,,,,,,,,,,,,0
상지여자중학교,경북,중,사립,여자,경상북도 상주시 함창읍 함창중앙로 176 (함창읍. 상지여자중.고등학교),0,,,0,,,,,,,,,,,,,,,,,,,,,0
성신여자중학교,경북,중,사립,여자,경상북도 상주시 북천로 117 (계산동. 성신여자중학교),1,2023.0,교육활동 모델교,0,,,,,,,,,,,,,,,,,,,,,0
용운중학교,경북,중,사립,남여공학,경상북도 상주시 공성면 문화마을길 23 (공성면. 용운중고등학교),0,,,0,,,,,,,,,,,,,,,,,,,,,0
함창중학교,경북,중,사립,남자,경상북도 상주시 함창읍 함창중앙로 85 (함창읍),0,,,0,,,,,,,,,,,,,,,,,,,,,0
가은초등학교,경북,초,공립,,경상북도 문경시 가은읍 가은로 129 (가은읍. 가은초등학교),0,,,1,2018.0,,,,,,,,,,,,,,,,,,,,0
당포초등학교,경북,초,공립,,경상북도 문경시 문경읍 여우목로 580 (문경읍.당포초등학교),0,,,0,,,,,,,,,,,,,,,,,,,,,0
가은초등학교희양분교장,경북,초,공립,,경상북도 문경시 가은읍 대야로 1871 (가은읍. 가은초등학교희양분교),0,,,0,,,,,,,,,,,,,,,,,,,,,0
농암초등학교,경북,초,공립,,경상북도 문경시 농암면 농암길 44-14 . 농암초등학교 (농암면),0,,,1,2019.0,,,,,,,,,,,,,,,,,,,,0
동로초등학교,경북,초,공립,,경상북도 문경시 동로면 노은2길 4 (동로면. 동로초등학교),0,,,0,,,,,,,,,,,,,,,,,,,,,0
동성초등학교,경북,초,공립,,경상북도 문경시 마성면 동성길 80 . 동성초등학교 (마성면),0,,,1,2020.0,,,,,,,,,,,,,,,,,,,,0
모전초등학교,경북,초,공립,,경상북도 문경시 매봉로 75 . 모전초등학교 (모전동),0,,,0,,,,,,,,,,,,,,,,,,,,,0
문경초등학교,경북,초,공립,,경상북도 문경시 문경읍 청운로 23 . 문경초등학교 (문경읍),0,,,0,,,,,,,,,,,,,,,,,,,,,0
농암초등학교청화분교장,경북,초,공립,,경상북도 문경시 농암면 중리길 1-5 .농암초등학교청화분교장(농암면),0,,,0,,,,,,,,,,,,,,,,,,,,,0
산북초등학교,경북,초,공립,,경상북도 문경시 산북면 금천로 553-12 (산북면),1,2023.0,교육활동 모델교,1,2020.0,,,,,,,,,,,,,,,,,,,,1
산양초등학교,경북,초,공립,,경상북도 문경시 산양면 산양로 51 (산양면.산양초등학교),0,,,1,2019.0,,,,,,,,,,,,,,,,,,,,0
영순초등학교,경북,초,공립,,경상북도 문경시 영순면 사근2길 14 (영순초등학교),0,,,0,,,,,,,,,,,,,,,,,,,,,0
산북초등학교창구분교장,경북,초,공립,,경상북도 문경시 산북면 창구길 9 (산북면. 산북초등학교창구분교),0,,,0,,,,,,,,,,,,,,,,,,,,,0
점촌초등학교,경북,초,공립,,경상북도 문경시 중앙로 63-16 (모전동.점촌초등학교),0,,,0,,,,,,,,,,,,,,,,,,,,,0
점촌북초등학교,경북,초,공립,,경상북도 문경시 유곡불정로 154 (유곡동. 점촌북초등학교),0,,,1,2020.0,,,,,,,,,,,,,,,,,,,,0
점촌중앙초등학교,경북,초,공립,,경상북도 문경시 중앙초등길 9 (점촌동)점촌중앙초등학교,0,,,0,,,,,,,,,,,,,,,,,,,,,0
호계초등학교,경북,초,공립,,경상북도 문경시 호계면 막곡길 16 . 호계초등학교 (호계면. 호계초등학교),0,,,0,,,,,,,,,,,,,,,,,,,,,0
호서남초등학교,경북,초,공립,,경상북도 문경시 호서로 117 . 호서남초등학교 (흥덕동),1,2023.0,교육활동 모델교,0,,,,,,,,,,,,,,,,,,,,,0
가은중학교,경북,중,공립,남여공학,경상북도 문경시 가은읍 가은로 205 . 가은중학교 (가은읍.가은고등학교),0,,,0,,,,,,,,,,,,,,,,,,,,,0
동로중학교,경북,중,공립,남여공학,경상북도 문경시 동로면 적성큰마길 11 (동로면),0,,,0,,,,,,,,,,,,,,,,,,,,,0
마성중학교,경북,중,공립,남여공학,경상북도 문경시 마성면 외어1길 125 (마성면. 마성중학교),0,,,0,,,,,,,,,,,,,,,,,,,,,0
문경중학교,경북,중,공립,남자,경상북도 문경시 중앙로 242 (흥덕동. 문경중학교),1,2023.0,교육활동 모델교,0,,,,,,,,,,,,,,,,,,,,,0
문경여자중학교,경북,중,공립,여자,경상북도 문경시 돈달로 15 (모전동. 문경여자중학교),0,,,0,,,,,,,,,,,,,,,,,,,,,0
문경서중학교,경북,중,공립,남여공학,경상북도 문경시 문경읍 문경서중길 1 . 문경서중학교 (문경읍),0,,,0,,,,,,,,,,,,,,,,,,,,,0
산북중학교,경북,중,공립,남여공학,경상북도 문경시 산북면 금천로 560 (산북면. 산북중학교.산북고등학교),0,,,0,,,,,,,,,,,,,,,,,,,,,0
산양중학교,경북,중,공립,남여공학,경상북도 문경시 산양면 불암1길 27 (산양면. 산양중학교),0,,,0,,,,,,,,,,,,,,,,,,,,,0
점촌중학교,경북,중,사립,남자,경상북도 문경시 돈달산길 15 (모전동. 점촌중학교),0,,,0,,,,,,,,,,,,,,,,,,,,,0
삼성현초등학교,경북,초,공립,,경상북도 경산시 경청로216길 20 삼성현초등학교 (백천동),0,,,1,2020.0,,,,,,,,,,,,,,,,,,,,0
경산초등학교,경북,초,공립,,경상북도 경산시 경안로 84 경산초등학교 (삼남동),0,,,0,,,,,,,,,,,,,,,,,,,,,0
경산동부초등학교,경북,초,공립,,경상북도 경산시 원효로28길 60-6 (계양동.경산동부초등학교),0,,,0,,,,,,,,,,,,,,,,,,,,,0
경산서부초등학교,경북,초,공립,,경상북도 경산시 경산로42길 22-11 (옥산동. 경산서부초등학교),0,,,0,,,,,,,,,,,,,,,,,,,,,0
경산중앙초등학교,경북,초,공립,,경상북도 경산시 중앙초등길 9 (중방동),0,,,0,,,,,,,,,,,,,,,,,,,,,0
계당초등학교,경북,초,공립,,경상북도 경산시 와촌면 계당길 27 (와촌면),0,,,0,,,,,,,,,,,,,,,,,,,,,0
금락초등학교,경북,초,공립,,경상북도 경산시 하양읍 대학로296길 9-5 (하양읍. 금락초등학교),0,,,1,2019.0,,,,,,,,,,,,,,,,,,,,0
남천초등학교,경북,초,공립,,경상북도 경산시 남천면 남천로 481 (남천면. 남천초등학교),0,,,1,2018.0,,,,,,,,,,,,,,,,,,,,0
다문초등학교,경북,초,공립,,경상북도 경산시 진량읍 다문로70길 85 (진량읍. 다문초등학교),0,,,0,,,,,,,,,,,,,,,,,,,,,0
대동초등학교,경북,초,공립,,경상북도 경산시 와촌면 팔공로 563-14 (와촌면. 대동초등학교),0,,,0,,,,,,,,,,,,,,,,,,,,,0
부림초등학교,경북,초,공립,,경상북도 경산시 진량읍 문천길 24 (진량읍),0,,,0,,,,,,,,,,,,,,,,,,,,,0
봉황초등학교,경북,초,공립,,경상북도 경산시 진량읍 봉황길 50 (진량읍.봉황초등학교),1,2023.0,교육활동 모델교,0,,,,,,,,,,,,,,,,,,,,,0
사동초등학교,경북,초,공립,,경상북도 경산시 백양로33길 32 사동초등학교 (사동),0,,,0,,,,,,,,,,,,,,,,,,,,,0
성암초등학교,경북,초,공립,,경상북도 경산시 삼성현로 110 성암초등학교 (옥산동),0,,,0,,,,,,,,,,,,,,,,,,,,,0
경산압량초등학교,경북,초,공립,,경상북도 경산시 압량면 압독2로 38 (압량면),0,,,0,,,,,,,,,,,,,,,,,,,,,0
옥곡초등학교,경북,초,공립,,경상북도 경산시 경산로 54 (옥곡동. 옥곡초등학교),0,,,1,2018.0,,,,,,,,,,,,,,,,,,,,0
와촌초등학교,경북,초,공립,,경상북도 경산시 와촌면 금송로 452-3 (와촌면. 와촌초등학교),0,,,0,,,,,,,,,,,,,,,,,,,,,0
용성초등학교,경북,초,공립,,경상북도 경산시 용성면 원효로 1405 (용성면),0,,,0,,,,,,,,,,,,,,,,,,,,,0
임당초등학교,경북,초,공립,,경상북도 경산시 임당로12길 7 (임당동. 임당초등학교),0,,,0,,,,,,,,,,,,,,,,,,,,,0
자인초등학교,경북,초,공립,,경상북도 경산시 자인면 금학로 7 (자인면. 자인초등학교),0,,,0,,,,,,,,,,,,,,,,,,,,,0
장산초등학교,경북,초,공립,,경상북도 경산시 성암로8길 25 (옥산동.경산장산초등학교),0,,,0,,,,,,,,,,,,,,,,,,,,,0
정평초등학교,경북,초,공립,,경상북도 경산시 대학로16길 15 (정평동),0,,,1,2020.0,,,,,,,,,,,,,,,,,,,,0
진량초등학교,경북,초,공립,,경상북도 경산시 진량읍 낙산길 37 (진량읍),0,,,0,,,,,,,,,,,,,,,,,,,,,0
진성초등학교,경북,초,공립,,경상북도 경산시 진량읍 진성로 115-5 (진량읍),1,2023.0,교육활동 모델교,0,,,,,,,,,,,,,,,,,,,,,0
청천초등학교,경북,초,공립,,경상북도 경산시 하양읍 대경로 187 (하양읍),0,,,0,,,,,,,,,,,,,,,,,,,,,0
평산초등학교,경북,초,공립,,경상북도 경산시 솔숲길 47 (사동. 평산초등학교),0,,,1,2019.0,,,,,,,,,,,,,,,,,,,,0
하양초등학교,경북,초,공립,,경상북도 경산시 하양읍 대학로305길 25 (하양읍),0,,,1,2018.0,,,,,,,,,,,,,,,,,,,,0
하주초등학교,경북,초,공립,,경상북도 경산시 하양읍 무학로 48 (하양읍. 하주초등학교),0,,,0,,,,,,,,,,,,,,,,,,,,,0
현흥초등학교,경북,초,공립,,경상북도 경산시 압량면 대학로 624 (압량면. 현흥초등학교),0,,,0,,,,,,,,,,,,,,,,,,,,,0
하양초등학교화성분교장,경북,초,공립,,경상북도 경산시 하양읍 화성로 171 하양초화성분교장 (하양읍),0,,,0,,,,,,,,,,,,,,,,,,,,,0
경산중학교,경북,중,공립,남자,경상북도 경산시 원효로 89 (계양동),0,,,0,,,,,,,,,,,,,,,,,,,,,0
사동중학교,경북,중,공립,남여공학,경상북도 경산시 백양로33길 31 (사동. 사동중학교),0,,,0,,,,,,,,,,,,,,,,,,,,,0
신상중학교,경북,중,공립,남여공학,경상북도 경산시 진량읍 공단1로1길 36-8 (진량읍. 신상초등학교),0,,,0,,,,,,,,,,,,,,,,,,,,,0
삼성현중학교,경북,중,공립,남여공학,경상북도 경산시 경청로216길 17 (백천동. 삼성현중학교),0,,,0,,,,,,,,,,,,,,,,,,,,,0
용성중학교,경북,중,공립,남여공학,경상북도 경산시 용성면 원효로 1410 (용성면.용성중학교),0,,,0,,,,,,,,,,,,,,,,,,,,,0
자인중학교,경북,중,공립,남자,경상북도 경산시 자인면 일연로 93자인중학교 (자인면. 경북기계금속고등학교),0,,,0,,,,,,,,,,,,,,,,,,,,,0
장산중학교,경북,중,공립,남여공학,경상북도 경산시 경산로 112 (사정동. 장산중학교),0,,,0,,,,,,,,,,,,,,,,,,,,,0
경산여자중학교,경북,중,사립,여자,경상북도 경산시 경산로 91 (옥곡동),1,2023.0,교육활동 모델교,1,2015.0,,,,,,,,,,,,,,,,,,,,1
문명중학교,경북,중,사립,남자,경상북도 경산시 경청로230길 30 (백천동),1,2023.0,교육활동 모델교,0,,,,,,,,,,,,,,,,,,,,,0
자인여자중학교,경북,중,사립,여자,경상북도 경산시 자인면 원효로 851-16 자인여자중학교 (자인면),0,,,0,,,,,,,,,,,,,,,,,,,,,0
진량중학교,경북,중,사립,남여공학,경상북도 경산시 진량읍 대학로 1051 . 진량중학교 (진량읍.진량중고등학교),0,,,0,,,,,,,,,,,,,,,,,,,,,0
하양여자중학교,경북,중,사립,여자,경상북도 경산시 하양읍 용정길 9-15 하양여자중학교 (하양읍),0,,,0,,,,,,,,,,,,,,,,,,,,,0
대구가톨릭대학교사범대학부속무학중학교,경북,중,사립,남자,경상북도 경산시 하양읍 금송로 71-11 (하양읍. 무학중학교),0,,,0,,,,,,,,,,,,,,,,,,,,,0
경북체육중학교,경북,중,공립,남여공학,경상북도 경산시 경안로 43 (신교동),0,,,0,,,,,,,,,,,,,,,,,,,,,0
고매초등학교,경북,초,공립,,경상북도 군위군 효령면 용매로 970 . 고곡리 929 (효령면),0,,,0,,,,,,,,,,,,,,,,,,,,,0
군위초등학교,경북,초,공립,,경상북도 군위군 군위읍 동서5길 28 (군위읍. 군위초등학교),0,,,1,2020.0,,,,,,,,,,,,,,,,,,,,0
부계초등학교,경북,초,공립,,경상북도 군위군 부계면 치산효령로 1376 (부계면. 부계초등학교),0,,,0,,,,,,,,,,,,,,,,,,,,,0
의흥초등학교석산분교장,경북,초,공립,,경상북도 군위군 고로면 삼국유사로 1314 (고로면. 의흥초등학교석산분교장),0,,,0,,,,,,,,,,,,,,,,,,,,,0
송원초등학교,경북,초,공립,,경상북도 군위군 소보면 송백로 1394 (소보면. 송원초등학교),0,,,0,,,,,,,,,,,,,,,,,,,,,0
우보초등학교,경북,초,공립,,경상북도 군위군 우보면 이화길 95 (우보면. 우보초등학교),0,,,0,,,,,,,,,,,,,,,,,,,,,0
의흥초등학교,경북,초,공립,,경상북도 군위군 의흥면 읍내길 67-17 (의흥면),0,,,0,,,,,,,,,,,,,,,,,,,,,0
효령초등학교,경북,초,공립,,경상북도 군위군 효령면 치산효령로 2386 (효령면. 효령초등학교),0,,,0,,,,,,,,,,,,,,,,,,,,,0
군위중학교,경북,중,공립,남여공학,경상북도 군위군 군위읍 군청로 254-6 (군위읍. 군위고등학교),0,,,0,,,,,,,,,,,,,,,,,,,,,0
부계중학교,경북,중,공립,남여공학,경상북도 군위군 부계면 춘산1길 16 (부계면. 부계중학교),0,,,0,,,,,,,,,,,,,,,,,,,,,0
군위중학교우보분교장,경북,중,공립,남여공학,경상북도 군위군 우보면 솔밭길 74 (우보면),0,,,0,,,,,,,,,,,,,,,,,,,,,0
의흥중학교,경북,중,공립,남여공학,경상북도 군위군 의흥면 읍내길 89-32 (의흥중학교),0,,,0,,,,,,,,,,,,,,,,,,,,,0
효령중학교,경북,중,공립,남여공학,경상북도 군위군 효령면 중리길 6-25 (효령면. 효령중고등학교),0,,,0,,,,,,,,,,,,,,,,,,,,,0
가음초등학교,경북,초,공립,,경상북도 의성군 가음면 산성가음로 2194 (가음면),0,,,0,,,,,,,,,,,,,,,,,,,,,0
구천초등학교,경북,초,공립,,경상북도 의성군 구천면 소보안계로 1616 (구천면),0,,,0,,,,,,,,,,,,,,,,,,,,,0
금성초등학교,경북,초,공립,,경상북도 의성군 금성면 탑리길 131 (금성면),0,,,0,,,,,,,,,,,,,,,,,,,,,0
다인초등학교,경북,초,공립,,경상북도 의성군 다인면 서릉1길 19-6 (다인면.다인초등학교),0,,,0,,,,,,,,,,,,,,,,,,,,,0
단촌초등학교,경북,초,공립,,경상북도 의성군 단촌면 신기길 42 (단촌면.단촌초등학교),0,,,0,,,,,,,,,,,,,,,,,,,,,0
도리원초등학교,경북,초,공립,,경상북도 의성군 봉양면 도리원5길 9 . 도리원초등학교 (봉양면),0,,,0,,,,,,,,,,,,,,,,,,,,,0
단밀초등학교,경북,초,공립,,경상북도 의성군 단밀면 중동단밀로 939 . 단밀초등학교 (단밀면. 속암초등학교),0,,,0,,,,,,,,,,,,,,,,,,,,,0
이두초등학교쌍호분교장,경북,초,공립,,경상북도 의성군 안사면 안사풍천길 986 (안사면),0,,,0,,,,,,,,,,,,,,,,,,,,,0
안계초등학교,경북,초,공립,,경상북도 의성군 안계면 안계길 68 (안계면),0,,,0,,,,,,,,,,,,,,,,,,,,,0
안평초등학교,경북,초,공립,,경상북도 의성군 안평면 안평의성로 10 (안평면. 안평초등학교),0,,,1,2020.0,,,,,,,,,,,,,,,,,,,,0
옥전초등학교,경북,초,공립,,경상북도 의성군 옥산면 신감옥산로 1206 . 옥전초등학교 (옥산면),0,,,0,,,,,,,,,,,,,,,,,,,,,0
안평초등학교신평분교장,경북,초,공립,,경상북도 의성군 신평면 봉호로 2436 (신평면.안평초등학교신평분교),0,,,0,,,,,,,,,,,,,,,,,,,,,0
의성초등학교,경북,초,공립,,경상북도 의성군 의성읍 군청길 26 (의성읍. 의성초등학교),0,,,0,,,,,,,,,,,,,,,,,,,,,0
의성남부초등학교,경북,초,공립,,경상북도 의성군 의성읍 문소1길 24 (의성읍),0,,,1,2020.0,,,,,,,,,,,,,,,,,,,,0
의성북부초등학교,경북,초,공립,,경상북도 의성군 의성읍 도토길 9 (의성읍.의성북부초등학교),0,,,0,,,,,,,,,,,,,,,,,,,,,0
이두초등학교,경북,초,공립,,경상북도 의성군 비안면 강변길 105 (비안면.이두초등학교),0,,,0,,,,,,,,,,,,,,,,,,,,,0
점곡초등학교,경북,초,공립,,경상북도 의성군 점곡면 점곡길 8 (점곡면. 점곡초등학교),0,,,0,,,,,,,,,,,,,,,,,,,,,0
춘산초등학교,경북,초,공립,,경상북도 의성군 춘산면 금성현서로 1487 (춘산면. 춘산초등학교),0,,,0,,,,,,,,,,,,,,,,,,,,,0
경북중부중학교,경북,중,공립,남여공학,경상북도 의성군 비안면 이두2길 5 (비안면),0,,,0,,,,,,,,,,,,,,,,,,,,,0
금성중학교,경북,중,공립,남자,경상북도 의성군 금성면 금성현서로 41-66 (금성면.금성중고등학교),0,,,0,,,,,,,,,,,,,,,,,,,,,0
다인중학교,경북,중,공립,남여공학,경상북도 의성군 다인면 서릉2길 27 . 다인중학교 (다인면),0,,,0,,,,,,,,,,,,,,,,,,,,,0
봉양중학교,경북,중,공립,남여공학,경상북도 의성군 봉양면 봉호로 14 봉양중학교,0,,,0,,,,,,,,,,,,,,,,,,,,,0
안계중학교,경북,중,공립,남여공학,경상북도 의성군 안계면 용기5길 23 안계중학교,1,2023.0,교육활동 모델교,0,,,,,,,,,,,,,,,,,,,,,0
옥산중학교,경북,중,공립,남여공학,경상북도 의성군 옥산면 금봉로 27 . 옥산중학교 (옥산면),0,,,0,,,,,,,,,,,,,,,,,,,,,0
의성중학교,경북,중,공립,남자,경상북도 의성군 의성읍 구봉길 172 (의성읍.의성중학교),0,,,0,,,,,,,,,,,,,,,,,,,,,0
의성여자중학교,경북,중,공립,여자,경상북도 의성군 의성읍 군청길 77 (의성읍. 의성여자중학교),0,,,0,,,,,,,,,,,,,,,,,,,,,0
삼성중학교,경북,중,사립,남자,경상북도 의성군 단북면 도안로 2133 (단북면. 삼성중학교),0,,,0,,,,,,,,,,,,,,,,,,,,,0
탑리여자중학교,경북,중,사립,여자,경상북도 의성군 금성면 탑리4길 25-6 . 탑리여자중학교 (금성면),0,,,0,,,,,,,,,,,,,,,,,,,,,0
도평초등학교,경북,초,공립,,경상북도 청송군 현동면 청송로 2679 . 도평초등학교 (현동면),0,,,0,,,,,,,,,,,,,,,,,,,,,0
부남초등학교,경북,초,공립,,경상북도 청송군 부남면 부남로 509 (부남면. 부남초등학교),0,,,1,2019.0,,,,,,,,,,,,,,,,,,,,0
안덕초등학교,경북,초,공립,,경상북도 청송군 안덕면 노하길 35.안덕초등학교 (안덕면. 안덕초등학교),0,,,0,,,,,,,,,,,,,,,,,,,,,0
이전초등학교,경북,초,공립,,경상북도 청송군 부동면 부동로 1011-74 (부동면. 이전초등학교),1,2023.0,교육활동 모델교,0,,,,,,,,,,,,,,,,,,,,,0
진보초등학교,경북,초,공립,,경상북도 청송군 진보면 진보로 149 (진보면. 진보초등학교),0,,,0,,,,,,,,,,,,,,,,,,,,,0
청송초등학교,경북,초,공립,,경상북도 청송군 청송읍 중앙로 229-10 . 청송초등학교 (청송읍),0,,,1,2019.0,,,,,,,,,,,,,,,,,,,,0
파천초등학교,경북,초,공립,,경상북도 청송군 파천면 안파로 1357 (파천면.파천초등학교),1,2023.0,교육활동 모델교,1,2020.0,,,,,,,,,,,,,,,,,,,,1
화목초등학교,경북,초,공립,,경상북도 청송군 현서면 구산동로 21 (현서면. 화목초등학교),0,,,0,,,,,,,,,,,,,,,,,,,,,0
구천중학교,경북,중,공립,남여공학,경상북도 청송군 부남면 부남로 523 (부남면.구천중학교),0,,,0,,,,,,,,,,,,,,,,,,,,,0
안덕중학교,경북,중,공립,남여공학,경상북도 청송군 안덕면 안덕로 65-3 (안덕면. 안덕중학교),0,,,0,,,,,,,,,,,,,,,,,,,,,0
진보중학교,경북,중,공립,여자,경상북도 청송군 진보면 진성로 25 . 진보중고등학교 (진보면. 진보중고등학교),0,,,0,,,,,,,,,,,,,,,,,,,,,0
청송중학교부동분교장,경북,중,공립,남여공학,경상북도 청송군 부동면 부동로 1011-28 (부동면),0,,,0,,,,,,,,,,,,,,,,,,,,,0
청송중학교,경북,중,공립,남자,경상북도 청송군 청송읍 금곡1길 13 . 청송중학교 (청송읍),0,,,1,2018.0,,,,,,,,,,,,,,,,,,,,0
현서중학교,경북,중,공립,남여공학,경상북도 청송군 현서면 구덕길 74 (현서면. 현서중고등학교),1,2023.0,교육활동 모델교,0,,,,,,,,,,,,,,,,,,,,,0
진성중학교,경북,중,사립,남자,경상북도 청송군 진보면 못안길 33 (진보면.진성중학교),0,,,0,,,,,,,,,,,,,,,,,,,,,0
청송여자중학교,경북,중,사립,여자,경상북도 청송군 청송읍 군청로 69 (청송읍. 청송여중고등학교),0,,,0,,,,,,,,,,,,,,,,,,,,,0
현동중학교,경북,중,사립,남여공학,경상북도 청송군 현동면 청송로 2686 .현동중학교 (현동면. 현동중학교),0,,,0,,,,,,,,,,,,,,,,,,,,,0
석보초등학교,경북,초,공립,,경상북도 영양군 석보면 원리길 3 (석보면. 석보초등학교),1,2023.0,교육활동 모델교,1,2018.0,,,,,,,,,,,,,,,,,,,,1
수비초등학교,경북,초,공립,,경상북도 영양군 수비면 한티로 499 (수비면),0,,,0,,,,,,,,,,,,,,,,,,,,,0
영양초등학교,경북,초,공립,,경상북도 영양군 영양읍 군청길 25 . 영양초등학교 (영양읍. 영양초등학교),0,,,0,,,,,,,,,,,,,,,,,,,,,0
영양중앙초등학교,경북,초,공립,,경상북도 영양군 영양읍 영양창수로 53 (영양읍. 영양중앙초등학교),0,,,1,2020.0,,,,,,,,,,,,,,,,,,,,0
일월초등학교,경북,초,공립,,경상북도 영양군 일월면 영양로 2410 (일월면. 일월초등학교),0,,,1,2019.0,,,,,,,,,,,,,,,,,,,,0
입암초등학교,경북,초,공립,,경상북도 영양군 입암면 입암로 162 (입암면),0,,,1,2020.0,,,,,,,,,,,,,,,,,,,,0
일월초등학교청기분교장,경북,초,공립,,경상북도 영양군 청기면 장갈로 1445 . 일월초등청기분교장 (청기면),0,,,0,,,,,,,,,,,,,,,,,,,,,0
석보중학교,경북,중,공립,남여공학,경상북도 영양군 석보면 석보로 572-6 (석보면. 석보중학교),0,,,0,,,,,,,,,,,,,,,,,,,,,0
수비중학교,경북,중,공립,남여공학,경상북도 영양군 수비면 낙동정맥로 2417 (수비면. 수비중고등학교),0,,,0,,,,,,,,,,,,,,,,,,,,,0
영양중학교,경북,중,공립,남자,경상북도 영양군 영양읍 중앙로 81 . 영양중·고등학교 (영양읍),0,,,0,,,,,,,,,,,,,,,,,,,,,0
영양중학교입암분교장,경북,중,공립,남여공학,경상북도 영양군 입암면 산해1길 9-4 (입암면),0,,,0,,,,,,,,,,,,,,,,,,,,,0
영양여자중학교,경북,중,사립,여자,경상북도 영양군 영양읍 영양창수로 141 (영양읍),0,,,0,,,,,,,,,,,,,,,,,,,,,0
강구초등학교,경북,초,공립,,경상북도 영덕군 강구면 나비산길 8 (강구면.강구초등학교),0,,,1,2020.0,,,,,,,,,,,,,,,,,,,,0
남정초등학교,경북,초,공립,,경상북도 영덕군 남정면 진불길 15-6 (남정면. 남정초교),0,,,0,,,,,,,,,,,,,,,,,,,,,0
병곡초등학교,경북,초,공립,,경상북도 영덕군 병곡면 영길 103-10 병곡초등학교,0,,,0,,,,,,,,,,,,,,,,,,,,,0
영덕야성초등학교,경북,초,공립,,경상북도 영덕군 영덕읍 덕곡길 96 (영덕읍),0,,,0,,,,,,,,,,,,,,,,,,,,,0
영해초등학교,경북,초,공립,,경상북도 영덕군 영해면 예주5길 22 (영해면. 영해초등학교),0,,,0,,,,,,,,,,,,,,,,,,,,,0
원황초등학교,경북,초,공립,,경상북도 영덕군 병곡면 원황길 64 . 원황초등학교 (병곡면),0,,,1,2019.0,,,,,,,,,,,,,,,,,,,,0
지품초등학교,경북,초,공립,,경상북도 영덕군 지품면 지영로 7-4 (지품면.지품초등학교),0,,,0,,,,,,,,,,,,,,,,,,,,,0
창수초등학교,경북,초,공립,,경상북도 영덕군 창수면 영양창수로 3184 . 창수초등학교 (창수면),1,2023.0,교육활동 모델교,0,,,,,,,,,,,,,,,,,,,,,0
창수초등학교인천분교장,경북,초,공립,,경상북도 영덕군 창수면 오서로 1370 (창수면. 창수초교인천분교장),0,,,0,,,,,,,,,,,,,,,,,,,,,0
축산항초등학교,경북,초,공립,,경상북도 영덕군 축산면 축산항초교길 2 (축산면),0,,,0,,,,,,,,,,,,,,,,,,,,,0
축산항초등학교경정분교장,경북,초,공립,,경상북도 영덕군 축산면 경정길 17 (축산면),0,,,0,,,,,,,,,,,,,,,,,,,,,0
강구중학교,경북,중,공립,남여공학,경상북도 영덕군 강구면 신강구1길 45-5 (강구면. 강구중학교),0,,,0,,,,,,,,,,,,,,,,,,,,,0
남정중학교,경북,중,공립,남여공학,경상북도 영덕군 남정면 진불길 11-27 . 남정중학교 (남정면),0,,,0,,,,,,,,,,,,,,,,,,,,,0
병곡중학교,경북,중,공립,남여공학,경상북도 영덕군 병곡면 병곡길 24-7 (병곡면. 병곡중학교),0,,,0,,,,,,,,,,,,,,,,,,,,,0
영덕중학교,경북,중,공립,남자,경상북도 영덕군 영덕읍 군청1길 13 . 영덕중학교 (영덕읍),0,,,0,,,,,,,,,,,,,,,,,,,,,0
영해중학교,경북,중,공립,남여공학,경상북도 영덕군 영해면 예주길 135 (영해면. 영해중고교),0,,,0,,,,,,,,,,,,,,,,,,,,,0
지품중학교,경북,중,공립,남여공학,경상북도 영덕군 지품면 신안1길 33 (지품면. 지품중학교),0,,,0,,,,,,,,,,,,,,,,,,,,,0
축산중학교,경북,중,공립,남여공학,경상북도 영덕군 축산면 도곡1길 54 (축산면. 축산중학교),0,,,0,,,,,,,,,,,,,,,,,,,,,0
영덕여자중학교,경북,중,사립,여자,경상북도 영덕군 영덕읍 영덕로 206 . 영덕여자중학교 (영덕읍),0,,,0,,,,,,,,,,,,,,,,,,,,,0
각남초등학교,경북,초,공립,,경상북도 청도군 각남면 각남로 59 . 각남초등학교 (각남면),0,,,0,,,,,,,,,,,,,,,,,,,,,0
금천초등학교,경북,초,공립,,경상북도 청도군 금천면 동곡1길 11-5 (금천면),0,,,0,,,,,,,,,,,,,,,,,,,,,0
남성현초등학교,경북,초,공립,,경상북도 청도군 화양읍 남성현로 473-11 (화양읍. 남성현초등학교),0,,,1,2018.0,,,,,,,,,,,,,,,,,,,,0
덕산초등학교,경북,초,공립,,경상북도 청도군 각북면 덕남길 11-7 . 덕산초등학교 (각북면),0,,,0,,,,,,,,,,,,,,,,,,,,,0
동산초등학교,경북,초,공립,,경상북도 청도군 매전면 동산길 43 (매전면),0,,,0,,,,,,,,,,,,,,,,,,,,,0
유천초등학교,경북,초,공립,,경상북도 청도군 청도읍 유천강변길 68 (청도읍. 유천초등학교),0,,,1,2020.0,,,,,,,,,,,,,,,,,,,,0
이서초등학교,경북,초,공립,,경상북도 청도군 이서면 학산2길 56 (이서면.이서초등학교),0,,,0,,,,,,,,,,,,,,,,,,,,,0
청도초등학교,경북,초,공립,,경상북도 청도군 화양읍 청화로 38-10 (화양읍),1,2023.0,교육활동 모델교,0,,,,,,,,,,,,,,,,,,,,,0
청도중앙초등학교,경북,초,공립,,경상북도 청도군 청도읍 중앙로 81 (청도읍.청도중앙초등학교),1,2023.0,교육활동 모델교,1,2018.0,,,,,,,,,,,,,,,,,,,,1
풍각초등학교,경북,초,공립,,경상북도 청도군 풍각면 송서10길 22 (풍각면. 풍각초등학교),0,,,0,,,,,,,,,,,,,,,,,,,,,0
화양초등학교,경북,초,공립,,경북 청도군 화양읍 동헌길 15 (화양읍),0,,,0,,,,,,,,,,,,,,,,,,,,,0
금천중학교,경북,중,공립,남여공학,경상북도 청도군 금천면 선암로 574-11 (금천면. 금천중고등학교),0,,,0,,,,,,,,,,,,,,,,,,,,,0
매전중학교,경북,중,공립,남여공학,경상북도 청도군 매전면 동산길 13 (매전면. 매전중학교),0,,,0,,,,,,,,,,,,,,,,,,,,,0
풍각중학교,경북,중,공립,남여공학,경상북도 청도군 풍각면 헐티로 185 (풍각면. 청도전자고등학교.풍각중학교),0,,,0,,,,,,,,,,,,,,,,,,,,,0
모계중학교,경북,중,사립,남여공학,경상북도 청도군 화양읍 청화로 67 (화양읍.모계중학교),0,,,1,2020.0,,,,,,,,,,,,,,,,,,,,0
이서중학교,경북,중,사립,남여공학,경상북도 청도군 이서면 학산1길 22 (이서면. 이서고등학교.이서중학교),0,,,1,2020.0,,,,,,,,,,,,,,,,,,,,0
청도중학교,경북,중,사립,남여공학,경상북도 청도군 청도읍 청화로 219-21 (청도읍. 청도중고등학교),0,,,0,,,,,,,,,,,,,,,,,,,,,0
개진초등학교,경북,초,공립,,경상북도 고령군 개진면 오사길 83 . 개진초등학교 (개진면),0,,,0,,,,,,,,,,,,,,,,,,,,,0
고령초등학교,경북,초,공립,,경상북도 고령군 대가야읍 왕정길 10 (대가야읍),0,,,0,,,,,,,,,,,,,,,,,,,,,0
다산초등학교,경북,초,공립,,경상북도 고령군 다산면 다산로 685-11 . 다산초등학교 (다산면),0,,,0,,,,,,,,,,,,,,,,,,,,,0
덕곡초등학교,경북,초,공립,,경상북도 고령군 덕곡면 덕운로 548 . 덕곡초등학교 (덕곡면),0,,,0,,,,,,,,,,,,,,,,,,,,,0
박곡초등학교,경북,초,공립,,경상북도 고령군 성산면 성암로 125 (성산면. 박곡초등학교),0,,,0,,,,,,,,,,,,,,,,,,,,,0
성산초등학교,경북,초,공립,,경상북도 고령군 성산면 성산로 902 (성산면.성산초등학교),0,,,0,,,,,,,,,,,,,,,,,,,,,0
쌍림초등학교,경북,초,공립,,경상북도 고령군 쌍림면 귀원1길 6 (쌍림면. 쌍림초등학교),0,,,0,,,,,,,,,,,,,,,,,,,,,0
우곡초등학교,경북,초,공립,,경상북도 고령군 우곡면 객기나루길 374 (우곡면. 우곡초등학교),0,,,1,2020.0,,,,,,,,,,,,,,,,,,,,0
운수초등학교,경북,초,공립,,경상북도 고령군 운수면 운용로 118 . 운수초등학교 (운수면),0,,,0,,,,,,,,,,,,,,,,,,,,,0
고령중학교,경북,중,공립,남여공학,경상북도 고령군 대가야읍 가야금길 20 (대가야읍. 고령중학교),0,,,1,2019.0,,,,,,,,,,,,,,,,,,,,0
성산중학교,경북,중,공립,남여공학,경상북도 고령군 성산면 운성로 877 (성산면. 성산중학교),0,,,0,,,,,,,,,,,,,,,,,,,,,0
고령중학교개진분교장,경북,중,공립,남여공학,경상북도 고령군 개진면 오사길 83 . 고령중학교 개진분교장 (개진면),0,,,0,,,,,,,,,,,,,,,,,,,,,0
쌍림중학교,경북,중,공립,남여공학,경상북도 고령군 쌍림면 대가야로 659 . 쌍림중학교 (쌍림면. 쌍림중학교),0,,,0,,,,,,,,,,,,,,,,,,,,,0
우곡중학교,경북,중,공립,남여공학,경상북도 고령군 우곡면 우곡로 492-19 (우곡면. 우곡중학교),0,,,0,,,,,,,,,,,,,,,,,,,,,0
다산중학교,경북,중,사립,남여공학,경상북도 고령군 다산면 다산로 443 (다산면) 다산중학교,0,,,0,,,,,,,,,,,,,,,,,,,,,0
가천초등학교,경북,초,공립,,경상북도 성주군 가천면 가천로 52 (가천면),0,,,0,,,,,,,,,,,,,,,,,,,,,0
대가초등학교,경북,초,공립,,경상북도 성주군 대가면 참별로 2188 . 대가초등학교 (대가면),0,,,0,,,,,,,,,,,,,,,,,,,,,0
도원초등학교,경북,초,공립,,경상북도 성주군 선남면 선노로 185 (선남면.도원초교),0,,,0,,,,,,,,,,,,,,,,,,,,,0
벽진초등학교,경북,초,공립,,경상북도 성주군 벽진면 수촌3길 1 (벽진면),0,,,0,,,,,,,,,,,,,,,,,,,,,0
초전초등학교봉소분교장,경북,초,공립,,경상북도 성주군 초전면 용소길 60 (초전면),0,,,0,,,,,,,,,,,,,,,,,,,,,0
선남초등학교,경북,초,공립,,경상북도 성주군 선남면 관화2길 2 (선남면. 선남초등학교),0,,,0,,,,,,,,,,,,,,,,,,,,,0
성주초등학교,경북,초,공립,,경상북도 성주군 성주읍 성주읍4길 9 . 성주초등학교 (성주읍),0,,,0,,,,,,,,,,,,,,,,,,,,,0
성주중앙초등학교,경북,초,공립,,경상북도 성주군 성주읍 시장1길 17 (성주읍),0,,,0,,,,,,,,,,,,,,,,,,,,,0
수륜초등학교,경북,초,공립,,경상북도 성주군 수륜면 참별로 927 (수륜면. 수륜초등학교.유치원),0,,,1,2020.0,,,,,,,,,,,,,,,,,,,,0
용암초등학교,경북,초,공립,,경상북도 성주군 용암면 상언1길 27-5 (용암면),0,,,0,,,,,,,,,,,,,,,,,,,,,0
월항초등학교,경북,초,공립,,경상북도 성주군 월항면 안포길 19 . 월항초등학교 (월항면),0,,,0,,,,,,,,,,,,,,,,,,,,,0
월항초등학교지방분교장,경북,초,공립,,경상북도 성주군 월항면 세종대왕자태실로 211 (월항면.지방초등학교),0,,,0,,,,,,,,,,,,,,,,,,,,,0
초전초등학교,경북,초,공립,,경상북도 성주군 초전면 대장1길 68 (초전면.초전초등학교),0,,,0,,,,,,,,,,,,,,,,,,,,,0
성주중학교가천분교장,경북,중,공립,남여공학,경상북도 성주군 가천면 창천5길 13 (가천면),0,,,0,,,,,,,,,,,,,,,,,,,,,0
벽진중학교,경북,중,공립,남여공학,경상북도 성주군 벽진면 수촌5길 49-71 (벽진중학교),0,,,0,,,,,,,,,,,,,,,,,,,,,0
성주중학교,경북,중,공립,남자,경상북도 성주군 성주읍 주천로 15-18 (성주읍.성주중학교),0,,,0,,,,,,,,,,,,,,,,,,,,,0
용암중학교,경북,중,공립,남여공학,경상북도 성주군 용암면 상성로 222 (용암면.용암중학교),0,,,0,,,,,,,,,,,,,,,,,,,,,0
초전중학교,경북,중,공립,남여공학,경상북도 성주군 초전면 대장길 124 . 초전중학교 (초전면),1,2023.0,교육활동 모델교,1,2020.0,,,,,,,,,,,,,,,,,,,,1
명인중학교,경북,중,사립,남여공학,경상북도 성주군 선남면 도성2길 4 (선남면),0,,,0,,,,,,,,,,,,,,,,,,,,,0
성주여자중학교,경북,중,사립,여자,경상북도 성주군 성주읍 성주여중고길 19 (성주읍.성주여자중학교),0,,,0,,,,,,,,,,,,,,,,,,,,,0
수륜중학교,경북,중,사립,남여공학,경상북도 성주군 수륜면 참별로 888 (수륜면. 수륜중학교),1,2023.0,교육활동 모델교,0,,,,,,,,,,,,,,,,,,,,,0
가산초등학교,경북,초,공립,,경상북도 칠곡군 가산면 경북대로 1500 (가산면),0,,,0,,,,,,,,,,,,,,,,,,,,,0
관호초등학교,경북,초,공립,,경상북도 칠곡군 약목면 무림3길 16-59 (약목면),0,,,0,,,,,,,,,,,,,,,,,,,,,0
낙산초등학교,경북,초,공립,,경상북도 칠곡군 왜관읍 강변대로 754 (왜관읍),0,,,0,,,,,,,,,,,,,,,,,,,,,0
다부초등학교,경북,초,공립,,경상북도 칠곡군 가산면 다부원1길 52 (가산면),0,,,0,,,,,,,,,,,,,,,,,,,,,0
대교초등학교,경북,초,공립,,경상북도 칠곡군 석적읍 서중리7길 15 (석적읍),0,,,0,,,,,,,,,,,,,,,,,,,,,0
동명초등학교,경북,초,공립,,경상북도 칠곡군 동명면 금암동석3길 5 (동명면),0,,,0,,,,,,,,,,,,,,,,,,,,,0
동명동부초등학교,경북,초,공립,,경상북도 칠곡군 동명면 한티로 562 (동명면),0,,,0,,,,,,,,,,,,,,,,,,,,,0
매원초등학교,경북,초,공립,,경상북도 칠곡군 왜관읍 매원1길 5-32 (왜관읍),0,,,0,,,,,,,,,,,,,,,,,,,,,0
북삼초등학교,경북,초,공립,,경상북도 칠곡군 북삼읍 인평중앙로 43 (북삼읍),0,,,0,,,,,,,,,,,,,,,,,,,,,0
석적초등학교,경북,초,공립,,경상북도 칠곡군 석적읍 남율로12길 76 (석적읍),0,,,0,,,,,,,,,,,,,,,,,,,,,0
숭산초등학교,경북,초,공립,,경상북도 칠곡군 북삼읍 보손4길 20 (북삼읍),0,,,0,,,,,,,,,,,,,,,,,,,,,0
신동초등학교,경북,초,공립,,경상북도 칠곡군 지천면 신동로 161 (지천면),0,,,0,,,,,,,,,,,,,,,,,,,,,0
북삼초등학교오평분교장,경북,초,공립,,경상북도 칠곡군 북삼읍 시덕로 311 (북삼읍),0,,,0,,,,,,,,,,,,,,,,,,,,,0
약동초등학교,경북,초,공립,,경상북도 칠곡군 기산면 주산로 1195 (기산면),1,2023.0,교육활동 모델교,1,2020.0,,,,,,,,,,,,,,,,,,,,1
약목초등학교,경북,초,공립,,경상북도 칠곡군 약목면 복성3길 30 (약목면),0,,,1,2020.0,,,,,,,,,,,,,,,,,,,,0
왜관초등학교,경북,초,공립,,경상북도 칠곡군 왜관읍 구상길 204 (왜관읍),0,,,0,,,,,,,,,,,,,,,,,,,,,0
왜관동부초등학교,경북,초,공립,,경상북도 칠곡군 왜관읍 평장3길 31-4 (왜관읍),0,,,0,,,,,,,,,,,,,,,,,,,,,0
왜관중앙초등학교,경북,초,공립,,경상북도 칠곡군 왜관읍 석전로 80 (왜관읍),0,,,0,,,,,,,,,,,,,,,,,,,,,0
인평초등학교,경북,초,공립,,경상북도 칠곡군 북삼읍 북삼로8길 10 (북삼읍),0,,,0,,,,,,,,,,,,,,,,,,,,,0
장곡초등학교,경북,초,공립,,경상북도 칠곡군 석적읍 유학로 86-9 (석적읍),1,2023.0,교육활동 모델교,1,2020.0,,,,,,,,,,,,,,,,,,,,1
지천초등학교,경북,초,공립,,경상북도 칠곡군 지천면 용산로 77 (지천면),0,,,0,,,,,,,,,,,,,,,,,,,,,0
학림초등학교,경북,초,공립,,경상북도 칠곡군 가산면 학하7길 5 (가산면),0,,,1,2018.0,,,,,,,,,,,,,,,,,,,,0
동명중학교,경북,중,공립,남여공학,경상북도 칠곡군 동명면 백송로 797 (동명면),0,,,0,,,,,,,,,,,,,,,,,,,,,0
북삼중학교,경북,중,공립,남여공학,경상북도 칠곡군 북삼읍 북삼로 29 (북삼읍),0,,,0,,,,,,,,,,,,,,,,,,,,,0
신동중학교,경북,중,공립,남여공학,경상북도 칠곡군 지천면 신동로 99 (지천면),0,,,0,,,,,,,,,,,,,,,,,,,,,0
석전중학교,경북,중,공립,남여공학,경상북도 칠곡군 왜관읍 석전로7길 14 (왜관읍),0,,,1,2020.0,,,,,,,,,,,,,,,,,,,,0
약목중학교,경북,중,공립,남여공학,경상북도 칠곡군 약목면 복성8길 20 (약목면),0,,,0,,,,,,,,,,,,,,,,,,,,,0
인평중학교,경북,중,공립,남여공학,경상북도 칠곡군 북삼읍 북삼로 223 (북삼읍),0,,,0,,,,,,,,,,,,,,,,,,,,,0
왜관중학교,경북,중,공립,남여공학,경상북도 칠곡군 왜관읍 평장1길 34 (왜관읍),0,,,0,,,,,,,,,,,,,,,,,,,,,0
장곡중학교,경북,중,공립,남여공학,경상북도 칠곡군 석적읍 남중리8길 13 (석적읍),0,,,1,2016.0,,,,,,,,,,,,,,,,,,,,0
순심중학교,경북,중,사립,남자,경상북도 칠곡군 왜관읍 평장2길 6 (왜관읍),0,,,0,,,,,,,,,,,,,,,,,,,,,0
순심여자중학교,경북,중,사립,여자,경상북도 칠곡군 왜관읍 남부1길 22 (왜관읍),0,,,0,,,,,,,,,,,,,,,,,,,,,0
상리초등학교,경북,초,공립,,경상북도 예천군 효자면 도효자로 1558 (효자면. 상리초등학교),1,2023.0,교육활동 모델교,0,,,,,,,,,,,,,,,,,,,,,0
예천초등학교,경북,초,공립,,경상북도 예천군 예천읍 효자로 43 (예천읍. 예천초등학교),1,2023.0,교육활동 모델교,1,2017.0,,,,,,,,,,,,,,,,,,,,1
예천남부초등학교,경북,초,공립,,경상북도 예천군 예천읍 남부초등길 17 (예천읍.예천남부초등학교),0,,,0,,,,,,,,,,,,,,,,,,,,,0
예천동부초등학교,경북,초,공립,,경상북도 예천군 예천읍 효자로 171 (예천읍),0,,,0,,,,,,,,,,,,,,,,,,,,,0
용궁초등학교,경북,초,공립,,경상북도 예천군 용궁면 읍부1길 43 (용궁면.용궁초등학교),0,,,0,,,,,,,,,,,,,,,,,,,,,0
용문초등학교,경북,초,공립,,경상북도 예천군 용문면 금당실길 51-20 . 용문초등학교 (용문면),0,,,0,,,,,,,,,,,,,,,,,,,,,0
은풍초등학교,경북,초,공립,,경상북도 예천군 은풍면 내동길 8 . 은풍초등학교 (은풍면),0,,,0,,,,,,,,,,,,,,,,,,,,,0
지보초등학교,경북,초,공립,,경상북도 예천군 지보면 지보로 136 (지보면. 지보초등학교) 지보초등학교,0,,,1,2020.0,,,,,,,,,,,,,,,,,,,,0
풍양초등학교,경북,초,공립,,경상북도 예천군 풍양면 낙상1길 50-10 (풍양면.풍양초등학교),0,,,0,,,,,,,,,,,,,,,,,,,,,0
감천중학교,경북,중,공립,남여공학,경상북도 예천군 감천면 충효로 1429 (감천면. 감천중학교),0,,,0,,,,,,,,,,,,,,,,,,,,,0
예천중학교,경북,중,공립,남자,경상북도 예천군 예천읍 예천중앞길 7 (예천읍),0,,,0,,,,,,,,,,,,,,,,,,,,,0
예천여자중학교,경북,중,공립,여자,경상북도 예천군 예천읍 양궁로 53 . 예천여자중학교 (예천읍),1,2023.0,교육활동 모델교,1,2019.0,,,,,,,,,,,,,,,,,,,,1
용궁중학교,경북,중,공립,남여공학,경상북도 예천군 용궁면 읍부1길 33 (용궁면. 용궁중학교),0,,,0,,,,,,,,,,,,,,,,,,,,,0
용문중학교,경북,중,공립,남여공학,경상북도 예천군 용문면 상금시장길 45-2 (용문면),0,,,0,,,,,,,,,,,,,,,,,,,,,0
지보중학교,경북,중,공립,남여공학,경상북도 예천군 지보면 지보로 167-7 (지보면. 지보중.고등학교),1,2023.0,교육활동 모델교,0,,,,,,,,,,,,,,,,,,,,,0
풍양중학교,경북,중,공립,남여공학,경상북도 예천군 풍양면 낙상1길 94 (풍양면. 풍양중학교),0,,,0,,,,,,,,,,,,,,,,,,,,,0
대창중학교,경북,중,사립,남자,경상북도 예천군 예천읍 대창학교길 33 (예천읍),0,,,0,,,,,,,,,,,,,,,,,,,,,0
은풍중학교,경북,중,사립,남여공학,경상북도 예천군 은풍면 도효자로 1114-26 (은풍면),0,,,0,,,,,,,,,,,,,,,,,,,,,0
내성초등학교,경북,초,공립,,경상북도 봉화군 봉화읍 교촌1길 37. 내성초등학교 (봉화읍. 내성초등학교),0,,,0,,,,,,,,,,,,,,,,,,,,,0
도촌초등학교,경북,초,공립,,경상북도 봉화군 봉화읍 봉화로 639 (봉화읍. 도촌초등학교),0,,,0,,,,,,,,,,,,,,,,,,,,,0
동양초등학교,경북,초,공립,,경상북도 봉화군 봉성면 다덕로 523-14 . 동양초등학교 (봉성면. 동양초등학교),1,2023.0,교육활동 모델교,0,,,,,,,,,,,,,,,,,,,,,0
명호초등학교,경북,초,공립,,경상북도 봉화군 명호면 노루목재길 28 (명호면. 명호초등학교),0,,,1,2020.0,,,,,,,,,,,,,,,,,,,,0
물야초등학교,경북,초,공립,,경상북도 봉화군 물야면 오록길 25 (물야면. 물야초등학교),0,,,0,,,,,,,,,,,,,,,,,,,,,0
법전중앙초등학교,경북,초,공립,,경상북도 봉화군 법전면 법전로 135 (법전면. 법전중앙초등학교),0,,,0,,,,,,,,,,,,,,,,,,,,,0
봉성초등학교,경북,초,공립,,경상북도 봉화군 봉성면 봉명로 550 (봉성면. 봉성초등학교),1,2023.0,정보교육실 구축교,1,2020.0,,,,,,,,,,,,,,,,,,,,1
봉화초등학교,경북,초,공립,,경상북도 봉화군 봉화읍 내성로7길 3 . 봉화초등학교 (봉화읍. 봉화초등학교),0,,,1,2020.0,,,,,,,,,,,,,,,,,,,,0
소천초등학교분천분교장,경북,초,공립,,경상북도 봉화군 소천면 풍애길 36 . 소천초등학교 분천분교 (소천면. 소천초등학교분천분교),0,,,0,,,,,,,,,,,,,,,,,,,,,0
상운초등학교,경북,초,공립,,경상북도 봉화군 상운면 예봉로 1231 (상운면. 상운초등학교),1,2023.0,교육활동 모델교,0,,,,,,,,,,,,,,,,,,,,,0
소천초등학교임기분교장,경북,초,공립,,경상북도 봉화군 소천면 임기로 29 . 소천초등학교 임기분교 (소천면. 소천초등학교 임기분교),0,,,0,,,,,,,,,,,,,,,,,,,,,0
서벽초등학교,경북,초,공립,,경상북도 봉화군 춘양면 춘양로 1424 (춘양면. 서벽초등학교),0,,,0,,,,,,,,,,,,,,,,,,,,,0
석포초등학교,경북,초,공립,,경상북도 봉화군 석포면 석포로1길 33 (석포면. 석포초등학교),0,,,0,,,,,,,,,,,,,,,,,,,,,0
소천초등학교,경북,초,공립,,경상북도 봉화군 소천면 소천로 1284 . 소천초등학교 (소천면.소천초등학교),0,,,0,,,,,,,,,,,,,,,,,,,,,0
소천초등학교두음분교장,경북,초,공립,,경상북도 봉화군 소천면 두음길 567 . 소천초등학교 두음분교 (소천면. 임기초등학교두음분교),0,,,0,,,,,,,,,,,,,,,,,,,,,0
재산초등학교,경북,초,공립,,경상북도 봉화군 재산면 재산로 514 (재산면.재산초등학교),0,,,1,2020.0,,,,,,,,,,,,,,,,,,,,0
춘양초등학교,경북,초,공립,,경상북도 봉화군 춘양면 의양로 24-1 춘양초등학교 (춘양면),0,,,0,,,,,,,,,,,,,,,,,,,,,0
물야중학교,경북,중,공립,남여공학,경상북도 봉화군 물야면 오록4길 11 (물야면.물야중학교),0,,,0,,,,,,,,,,,,,,,,,,,,,0
봉화중학교,경북,중,공립,남여공학,경상북도 봉화군 봉화읍 내성로 138 . 봉화중학교 (봉화읍),0,,,1,2020.0,,,,,,,,,,,,,,,,,,,,0
석포중학교,경북,중,공립,남여공학,경상북도 봉화군 석포면 석포로 226-1 (석포면.석포중학교),0,,,0,,,,,,,,,,,,,,,,,,,,,0
소천중학교,경북,중,공립,남여공학,경상북도 봉화군 소천면 소천로 1237 (소천면),0,,,0,,,,,,,,,,,,,,,,,,,,,0
청량중학교,경북,중,공립,남여공학,경상북도 봉화군 명호면 양지마을길 14 (명호면),0,,,0,,,,,,,,,,,,,,,,,,,,,0
춘양중학교서벽분교장,경북,중,공립,남여공학,경상북도 봉화군 춘양면 춘양로 1490 (춘양면. 춘양중학교서벽분교),0,,,0,,,,,,,,,,,,,,,,,,,,,0
춘양중학교,경북,중,공립,남여공학,경상북도 봉화군 춘양면 서원촌길 8-14 (춘양면),0,,,0,,,,,,,,,,,,,,,,,,,,,0
기성초등학교구산분교장,경북,초,공립,,경상북도 울진군 기성면 구산길 43 (기성면.기성초등학교구산분교장),0,,,0,,,,,,,,,,,,,,,,,,,,,0
기성초등학교,경북,초,공립,,경상북도 울진군 기성면 척산2길 24-5 (기성면.기성초등학교),0,,,0,,,,,,,,,,,,,,,,,,,,,0
노음초등학교,경북,초,공립,,경상북도 울진군 근남면 노음6길 22 (근남면. 노음초등학교),0,,,0,,,,,,,,,,,,,,,,,,,,,0
매화초등학교,경북,초,공립,,경상북도 울진군 매화면 매화4길 21-4 (매화면. 매화초등학교),0,,,1,2019.0,,,,,,,,,,,,,,,,,,,,0
부구초등학교,경북,초,공립,,경상북도 울진군 북면 울진북로 2081 (북면. 부구초등학교),0,,,0,,,,,,,,,,,,,,,,,,,,,0
기성초등학교사동분교장,경북,초,공립,,경상북도 울진군 기성면 해월헌길 19 (기성면.사동초등학교),0,,,0,,,,,,,,,,,,,,,,,,,,,0
삼근초등학교,경북,초,공립,,경상북도 울진군 금강송면 삼근2길 23 (금강송면. 삼근초등학교),0,,,0,,,,,,,,,,,,,,,,,,,,,0
부구초등학교삼당분교장,경북,초,공립,,경상북도 울진군 북면 두천길 299 (북면. 부구초등학교삼당분교장),0,,,0,,,,,,,,,,,,,,,,,,,,,0
온정초등학교,경북,초,공립,,경상북도 울진군 온정면 온정학교길 49 (온정면.온정초등학교),0,,,0,,,,,,,,,,,,,,,,,,,,,0
삼근초등학교옥방분교장,경북,초,공립,,경상북도 울진군 금강송면 남회룡로 1464-8 (금강송면. 삼근초등학교옥방분교),0,,,0,,,,,,,,,,,,,,,,,,,,,0
울진초등학교,경북,초,공립,,경상북도 울진군 울진읍 울진중앙로 143 . 울진초등학교 (울진읍),0,,,1,2020.0,,,,,,,,,,,,,,,,,,,,0
삼근초등학교왕피분교장,경북,초,공립,,경상북도 울진군 금강송면 거리고길 71 (금강송면. 삼근초등학교왕피분교장),0,,,0,,,,,,,,,,,,,,,,,,,,,0
울진남부초등학교,경북,초,공립,,경상북도 울진군 울진읍 울진중앙로 52-5. 울진남부초등학교 (울진읍. 남부초등학교),0,,,0,,,,,,,,,,,,,,,,,,,,,0
월송초등학교,경북,초,공립,,경상북도 울진군 평해읍 월송길 59 . 36364 (평해읍. 월송초등학교),0,,,0,,,,,,,,,,,,,,,,,,,,,0
죽변초등학교,경북,초,공립,,경상북도 울진군 죽변면 죽변3길 17 (죽변면),0,,,1,2019.0,,,,,,,,,,,,,,,,,,,,0
평해초등학교,경북,초,공립,,경상북도 울진군 평해읍 평해로 19 (평해읍. 평해초등학교),0,,,0,,,,,,,,,,,,,,,,,,,,,0
후포초등학교,경북,초,공립,,경상북도 울진군 후포면 삼율5길 8 . 후포초등학교 (후포면. 후포초등학교),0,,,0,,,,,,,,,,,,,,,,,,,,,0
후포동부초등학교,경북,초,공립,,경상북도 울진군 후포면 후포6길 75 . 후포동부초등학교 (후포면),0,,,0,,,,,,,,,,,,,,,,,,,,,0
기성중학교,경북,중,공립,남여공학,경상북도 울진군 기성면 기성본길 58-5 . 기성중학교 (기성면. 기성중학교),0,,,0,,,,,,,,,,,,,,,,,,,,,0
매화중학교,경북,중,공립,남여공학,경상북도 울진군 매화면 매화1길 71-6 (매화면),0,,,0,,,,,,,,,,,,,,,,,,,,,0
부구중학교,경북,중,공립,남여공학,경상북도 울진군 북면 상흥부1길 6-15 . 부구중학교 (북면),0,,,0,,,,,,,,,,,,,,,,,,,,,0
온정중학교,경북,중,공립,남여공학,경상북도 울진군 온정면 온정학교길 61 (온정면. 온정중교),0,,,0,,,,,,,,,,,,,,,,,,,,,0
울진중학교,경북,중,공립,남여공학,경상북도 울진군 울진읍 연호로 39 울진중학교,0,,,0,,,,,,,,,,,,,,,,,,,,,0
죽변중학교,경북,중,공립,남여공학,경상북도 울진군 죽변면 죽변4길 19 . . (죽변면. 죽변고등학교),0,,,0,,,,,,,,,,,,,,,,,,,,,0
평해여자중학교,경북,중,공립,여자,경상북도 울진군 평해읍 평해7길 61-3 (평해읍. 평해여자중.평해정보고등학교),0,,,0,,,,,,,,,,,,,,,,,,,,,0
평해중학교,경북,중,공립,남자,경상북도 울진군 평해읍 월송정로 422 . 평해중학교 (평해읍),0,,,0,,,,,,,,,,,,,,,,,,,,,0
후포중학교,경북,중,공립,남여공학,경상북도 울진군 후포면 후포로 41 . 후포중고등학교 (후포면),0,,,0,,,,,,,,,,,,,,,,,,,,,0
남양초등학교,경북,초,공립,,경상북도 울릉군 서면 남양1길 58 (서면),1,2023.0,교육활동 모델교,1,2020.0,,,,,,,,,,,,,,,,,,,,1
울릉초등학교,경북,초,공립,,경상북도 울릉군 울릉읍 도동길 172 (울릉읍) 울릉초등학교,0,,,0,,,,,,,,,,,,,,,,,,,,,0
저동초등학교,경북,초,공립,,경상북도 울릉군 울릉읍 봉래길 128-3 저동초등학교,0,,,1,2018.0,,,,,,,,,,,,,,,,,,,,0
천부초등학교,경북,초,공립,,경상북도 울릉군 북면 천부길 95-3 . 천부초등학교 (북면),0,,,0,,,,,,,,,,,,,,,,,,,,,0
천부초등학교현포분교장,경북,초,공립,,경상북도 울릉군 북면 현포1길 38 (북면),0,,,0,,,,,,,,,,,,,,,,,,,,,0
우산중학교,경북,중,공립,남여공학,경상북도 울릉군 울릉읍 저동길 54 (울릉읍.우산중학교),0,,,0,,,,,,,,,,,,,,,,,,,,,0
울릉중학교,경북,중,공립,남여공학,경상북도 울릉군 울릉읍 도동길 151-19 (울릉읍. 울릉중학교),0,,,1,2020.0,,,,,,,,,,,,,,,,,,,,0
울릉북중학교,경북,중,공립,남여공학,경상북도 울릉군 북면 천부길 74-7 (북면. 울릉북중학교),0,,,0,,,,,,,,,,,,,,,,,,,,,0
울릉서중학교,경북,중,공립,남여공학,경상북도 울릉군 서면 남서길 52 . 울릉서중학교 (서면),0,,,0,,,,,,,,,,,,,,,,,,,,,0
경상고등학교,경남,고,사립,남자,경상남도 창원시 의창구 금강로379번길 46 . 경상고등학교 (소계동.경상고등학교),0,,,0,,,,,,,,,,,,,,,,,,,,,0
산청고등학교,경남,고,공립,남여공학,경상남도 산청군 산청읍 웅석봉로86번길 9-12 (산청읍),0,,,0,,,,,,,,,,,,,,,,,,,,,0
경상대학교사범대학부설고등학교,경남,고,국립,남여공학,경상남도 진주시 가좌길29번길 63 (가좌동),0,,,0,,,,,,,,,,,,,,,,,,,,,0
거제중앙고등학교,경남,고,공립,남여공학,경상남도 거제시 중곡로2길 61 (고현동. 거제중앙고등학교),0,,,0,,,,,,,,,,,,,,,,,,,,,0
거창여자고등학교,경남,고,공립,여자,경상남도 거창군 거창읍 죽전1길 72 (거창읍. 거창여자고등학교),0,,,0,,,,,,,,,,,,,,,,,,,,,0
아림고등학교,경남,고,공립,남여공학,경상남도 거창군 거창읍 정장길 19 . 아림고등학교 (거창읍),0,,,0,,,,,,,,,,,,,,,,,,,,,0
고성중앙고등학교,경남,고,공립,남여공학,경상남도 고성군 고성읍 남포로 45 (고성읍),0,,,0,,,,,,,,,,,,,,,,,,,,,0
곤양고등학교,경남,고,공립,남여공학,경상남도 사천시 곤양면 솥골길 120 . 곤양고등학교 (곤양면),0,,,0,,,,,,,,,,,,,,,,,,,,,0
금남고등학교,경남,고,공립,남여공학,경상남도 하동군 금남면 섬진강대로 656-8 (금남면. 금남고등학교),0,,,0,,,,,,,,,,,,,,,,,,,,,0
김해가야고등학교,경남,고,공립,남여공학,경상남도 김해시 경원로 98 (내동. 김해가야고등학교),0,,,1,2016.0,,,,,,,,,,,,,,,,,,,,0
김해경원고등학교,경남,고,공립,남여공학,경상남도 김해시 우암로 18 (외동. 김해경원고등학교),0,,,0,,,,,,,,,,,,,,,,,,,,,0
김해고등학교,경남,고,공립,남자,경상남도 김해시 활천로24번길 29 김해고등학교 (삼정동. 김해고등학교),0,,,0,,,,,,,,,,,,,,,,,,,,,0
김해대청고등학교,경남,고,공립,남여공학,경상남도 김해시 번화1로 7 . 김해대청고등학교(대청동),0,,,0,,,,,,,,,,,,,,,,,,,,,0
김해분성여자고등학교,경남,고,공립,여자,경상남도 김해시 삼계로 171 (삼계동),0,,,0,,,,,,,,,,,,,,,,,,,,,0
김해분성고등학교,경남,고,공립,남자,경상남도 김해시 가야로147번길 29 (삼계동.김해분성고등학교),0,,,0,,,,,,,,,,,,,,,,,,,,,0
김해삼문고등학교,경남,고,공립,남여공학,경상남도 김해시 번화1로 127 (삼문동. 김해삼문고등학교),0,,,0,,,,,,,,,,,,,,,,,,,,,0
김해여자고등학교,경남,고,공립,여자,경상남도 김해시 가락로 150 . 9 (대성동),0,,,0,,,,,,,,,,,,,,,,,,,,,0
구산고등학교,경남,고,공립,남여공학,경상남도 김해시 가야로 311 (구산동. 구산고등학교),0,,,0,,,,,,,,,,,,,,,,,,,,,0
남해제일고등학교,경남,고,공립,남여공학,경상남도 남해군 남해읍 남해대로 2800-11 남해제일고등학교,0,,,0,,,,,,,,,,,,,,,,,,,,,0
단성고등학교,경남,고,공립,남여공학,경상남도 산청군 단성면 강누방목로 2 (단성면),0,,,0,,,,,,,,,,,,,,,,,,,,,0
대곡고등학교,경남,고,공립,남여공학,경상남도 진주시 대곡면 남강로2438번길 39 . 대곡고등학교 (대곡면. 대곡고등학교),0,,,0,,,,,,,,,,,,,,,,,,,,,0
덕산고등학교,경남,고,공립,남여공학,경상남도 산청군 시천면 남명로159번길 1 . 덕산고등학교 (시천면),0,,,0,,,,,,,,,,,,,,,,,,,,,0
마산가포고등학교,경남,고,공립,남여공학,경상남도 창원시 마산합포구 가포로 262 (가포동. 마산가포고등학교),0,,,0,,,,,,,,,,,,,,,,,,,,,0
마산고등학교,경남,고,공립,남자,경상남도 창원시 마산합포구 심온길 33 (완월동. 마산고등학교),0,,,1,2019.0,,,,,,,,,,,,,,,,,,,,0
마산용마고등학교,경남,고,공립,남자,경상남도 창원시 마산합포구 허당로 51 (산호동. 마산용마고등학교),0,,,1,2016.0,,,,,,,,,,,,,,,,,,,,0
마산구암고등학교,경남,고,공립,남여공학,경상남도 창원시 마산회원구 팔용로 220 (구암동),0,,,0,,,,,,,,,,,,,,,,,,,,,0
마산내서여자고등학교,경남,고,공립,여자,경상남도 창원시 마산회원구 내서읍 삼풍로 133 . 마산내서여자고등학교 (내서읍),0,,,0,,,,,,,,,,,,,,,,,,,,,0
마산여자고등학교,경남,고,공립,여자,경상남도 창원시 마산합포구 고운로 157 (완월동.마산여자고등학교),0,,,0,,,,,,,,,,,,,,,,,,,,,0
명신고등학교,경남,고,공립,남자,경상남도 진주시 대신로 614 (초전동. 명신고등학교),0,,,0,,,,,,,,,,,,,,,,,,,,,0
밀양고등학교,경남,고,공립,남자,경상남도 밀양시 약산로 15 (내이동. 밀양고등학교),0,,,0,,,,,,,,,,,,,,,,,,,,,0
밀양여자고등학교,경남,고,공립,여자,경상남도 밀양시 내일중앙길 10 (내일동. 밀양여자고등학교),0,,,0,,,,,,,,,,,,,,,,,,,,,0
삼가고등학교,경남,고,공립,남여공학,경상남도 합천군 삼가면 봉두길 5 (삼가면),0,,,0,,,,,,,,,,,,,,,,,,,,,0
삼천포중앙고등학교,경남,고,공립,남여공학,경상남도 사천시 삼상로 145 (벌리동. 삼천포중앙고등학교),0,,,0,,,,,,,,,,,,,,,,,,,,,0
진주중앙고등학교,경남,고,공립,남여공학,경상남도 진주시 하대로 59 (하대동.진주중앙고등학교),0,,,0,,,,,,,,,,,,,,,,,,,,,0
신등고등학교,경남,고,공립,남여공학,경상남도 산청군 신등면 신등가회로 125 (신등면. 신등중고등학교),0,,,0,,,,,,,,,,,,,,,,,,,,,0
안의고등학교,경남,고,공립,남여공학,경상남도 함양군 안의면 안의배움길 30 . 안의고등학교 (안의면),0,,,0,,,,,,,,,,,,,,,,,,,,,0
야로고등학교,경남,고,공립,남여공학,경상남도 합천군 야로면 역산길 13 (야로면.야로고등학교),0,,,0,,,,,,,,,,,,,,,,,,,,,0
김해삼방고등학교,경남,고,공립,남여공학,경상남도 김해시 신어산길 17 (삼방동. 삼방고등학교),0,,,0,,,,,,,,,,,,,,,,,,,,,0
김해제일고등학교,경남,고,공립,남여공학,경상남도 김해시 분성로3번길 105 (외동. 김해제일고등학교),0,,,0,,,,,,,,,,,,,,,,,,,,,0
김해율하고등학교,경남,고,공립,남여공학,경상남도 김해시 율하1로 21 (율하동),1,2023.0,교육활동 모델교,1,2017.0,,,,,,,,,,,,,,,,,,,,1
양산고등학교,경남,고,공립,남자,경상남도 양산시 호국학도병길 2 (북부동),0,,,1,2017.0,,,,,,,,,,,,,,,,,,,,0
양산남부고등학교,경남,고,공립,남여공학,경상남도 양산시 양주로 7 . 남부고등학교 (남부동),0,,,0,,,,,,,,,,,,,,,,,,,,,0
옥종고등학교,경남,고,공립,남여공학,경상남도 하동군 옥종면 옥수로 4-9 (옥종면.옥종고등학교),0,,,0,,,,,,,,,,,,,,,,,,,,,0
김해임호고등학교,경남,고,공립,남자,경상남도 김해시 분성로3번길 77 . 김해임호고등학교 (외동),0,,,1,2017.0,,,,,,,,,,,,,,,,,,,,0
진교고등학교,경남,고,공립,남여공학,경상남도 하동군 진교면 민다리길 179 (진교면),0,,,0,,,,,,,,,,,,,,,,,,,,,0
의령고등학교,경남,고,공립,남자,경상남도 의령군 의령읍 백산로3길 4 . 의령고등학교 (의령읍),0,,,0,,,,,,,,,,,,,,,,,,,,,0
웅상고등학교,경남,고,공립,남여공학,경상남도 양산시 배움터길 36 (평산동),0,,,0,,,,,,,,,,,,,,,,,,,,,0
장유고등학교,경남,고,공립,남여공학,경상남도 김해시 월산로 77 (부곡동.장유고등학교),0,,,0,,,,,,,,,,,,,,,,,,,,,0
진서고등학교,경남,고,공립,남여공학,경상남도 진주시 수곡면 옥수로 625 (수곡면. 진서중고등학교),0,,,0,,,,,,,,,,,,,,,,,,,,,0
진양고등학교,경남,고,공립,남여공학,경상남도 진주시 충의로100번길 12 (충무공동),0,,,0,,,,,,,,,,,,,,,,,,,,,0
진주고등학교,경남,고,공립,남자,경상남도 진주시 의곡길 29 (상봉동. 진주고등학교),0,,,0,,,,,,,,,,,,,,,,,,,,,0
진영고등학교,경남,고,공립,남여공학,경상남도 김해시 진영읍 여래로20번길 35 (진영읍. 진영고등학교),0,,,0,,,,,,,,,,,,,,,,,,,,,0
진주여자고등학교,경남,고,공립,여자,경상남도 진주시 창렬로 185 (상봉동),0,,,0,,,,,,,,,,,,,,,,,,,,,0
진해고등학교,경남,고,공립,남자,경상남도 창원시 진해구 여좌로 100 (여좌동. 진해고등학교),0,,,0,,,,,,,,,,,,,,,,,,,,,0
진해여자고등학교,경남,고,공립,여자,경상남도 창원시 진해구 여좌남로 23 (여좌동.진해여자고등학교),0,,,0,,,,,,,,,,,,,,,,,,,,,0
창원남산고등학교,경남,고,공립,남여공학,경상남도 창원시 성산구 가음로92번길 34 (가음동. 창원남산고등학교),1,2023.0,정보교육실 구축교,0,,,,,,,,,,,,,,,,,,,,,0
창원명지여자고등학교,경남,고,공립,여자,경상남도 창원시 의창구 명지로109번길 54 (명서동. 명지여자고등학교),0,,,0,,,,,,,,,,,,,,,,,,,,,0
창원봉림고등학교,경남,고,공립,남여공학,경상남도 창원시 의창구 창이대로333번길 39 . 창원봉림고등학교 (봉곡동. 창원봉림고등학교),0,,,0,,,,,,,,,,,,,,,,,,,,,0
창원사파고등학교,경남,고,공립,남여공학,경상남도 창원시 성산구 창이대로719번길 26 . 창원사파고등학교 (사파동),1,2023.0,교육활동 모델교,0,,,,,,,,,,,,,,,,,,,,,0
창원신월고등학교,경남,고,공립,남여공학,경상남도 창원시 의창구 신월로 66 (신월동. 창원신월고등학교),0,,,0,,,,,,,,,,,,,,,,,,,,,0
창원여자고등학교,경남,고,공립,여자,경상남도 창원시 성산구 두대로 153 (중앙동),0,,,0,,,,,,,,,,,,,,,,,,,,,0
창원용호고등학교,경남,고,공립,남여공학,경상남도 창원시 의창구 용호로 29 (용호동. 창원용호고등학교),1,2023.0,교육활동 모델교,0,,,,,,,,,,,,,,,,,,,,,0
창원중앙고등학교,경남,고,공립,남자,경상남도 창원시 의창구 용호로 16 (용호동),1,2023.0,교육활동 모델교,1,2018.0,,,,,,,,,,,,,,,,,,,,1
창원중앙여자고등학교,경남,고,공립,여자,경상남도 창원시 성산구 단정로 121 (상남동),0,,,0,,,,,,,,,,,,,,,,,,,,,0
웅천고등학교,경남,고,공립,남여공학,경상남도 창원시 진해구 웅천중로 71 (성내동. 웅천고등학교),0,,,0,,,,,,,,,,,,,,,,,,,,,0
창원명곡고등학교,경남,고,공립,남여공학,경상남도 창원시 의창구 서곡길25번길 16 . 창원명곡고등학교 (명곡동),0,,,0,,,,,,,,,,,,,,,,,,,,,0
충무고등학교,경남,고,공립,남여공학,경상남도 통영시 여황로 375 (북신동. 충무고등학교),0,,,0,,,,,,,,,,,,,,,,,,,,,0
통영고등학교,경남,고,공립,남자,경상남도 통영시 도남로 116 통영고등학교,0,,,0,,,,,,,,,,,,,,,,,,,,,0
창원성민여자고등학교,경남,고,사립,여자,경상남도 창원시 의창구 팔용로 481 (팔용동),1,2023.0,정보교육실 구축교,0,,,,,,,,,,,,,,,,,,,,,0
통영여자고등학교,경남,고,공립,여자,경상남도 통영시 도리1길 19 (도천동. 통영여자고등학교),0,,,0,,,,,,,,,,,,,,,,,,,,,0
태봉고등학교,경남,고,공립,남여공학,경상남도 창원시 마산합포구 진동면 태봉1길 85-32 . 태봉고등학교,0,,,0,,,,,,,,,,,,,,,,,,,,,0
하동고등학교,경남,고,공립,남자,경상남도 하동군 하동읍 경서대로 84 . 하동고등학교 (하동읍),0,,,0,,,,,,,,,,,,,,,,,,,,,0
함안고등학교,경남,고,공립,남여공학,경상남도 함안군 가야읍 함안대로 630 . 함안고등학교 (가야읍),0,,,0,,,,,,,,,,,,,,,,,,,,,0
함양고등학교,경남,고,공립,남여공학,경상남도 함양군 함양읍 함양로 1063 (함양읍. 함양고등학교),0,,,0,,,,,,,,,,,,,,,,,,,,,0
서상고등학교,경남,고,공립,남여공학,경상남도 함양군 서상면 서상로 232-1 (서상면),0,,,0,,,,,,,,,,,,,,,,,,,,,0
합포고등학교,경남,고,공립,남여공학,경상남도 창원시 마산합포구 무학로 458 (교방동. 합포고등학교),0,,,0,,,,,,,,,,,,,,,,,,,,,0
합천고등학교,경남,고,공립,남자,경상남도 합천군 합천읍 교동3길 12 . 합천고등학교 (합천읍),0,,,0,,,,,,,,,,,,,,,,,,,,,0
간디고등학교,경남,고,사립,남여공학,경상남도 산청군 신안면 둔철산로 210 . 간디고등학교 (신안면. 간디학교),0,,,0,,,,,,,,,,,,,,,,,,,,,0
거제고등학교,경남,고,사립,남여공학,경상남도 거제시 아주로3길 61 . 거제고등학교 (아주동),0,,,0,,,,,,,,,,,,,,,,,,,,,0
대성일고등학교,경남,고,사립,남여공학,경상남도 거창군 거창읍 거열로7길 57 (거창읍),0,,,0,,,,,,,,,,,,,,,,,,,,,0
거창고등학교,경남,고,사립,남여공학,경상남도 거창군 거창읍 죽전4길 36 . 거창고등학교 (거창읍),0,,,0,,,,,,,,,,,,,,,,,,,,,0
거창중앙고등학교,경남,고,사립,남여공학,경상남도 거창군 거창읍 성산길 36 거창중앙고등학교(거창읍),0,,,0,,,,,,,,,,,,,,,,,,,,,0
거창대성고등학교,경남,고,사립,남자,경상남도 거창군 거창읍 거열로 81 (거창읍. 거창대성고등학교),0,,,0,,,,,,,,,,,,,,,,,,,,,0
고성고등학교,경남,고,사립,남여공학,경상남도 고성군 회화면 배둔서길 42-5 (회화면),0,,,0,,,,,,,,,,,,,,,,,,,,,0
경해여자고등학교,경남,고,사립,여자,경상남도 진주시 남강로 39 (평거동),0,,,0,,,,,,,,,,,,,,,,,,,,,0
진주외국어고등학교,경남,고,사립,남여공학,경상남도 진주시 일반성면 동부로 2014-6 (일반성면. 진주외국어고등학교),0,,,0,,,,,,,,,,,,,,,,,,,,,0
군북고등학교,경남,고,사립,남여공학,경상남도 함안군 군북면 사군로 1558 (군북면. 군북고등학교),0,,,0,,,,,,,,,,,,,,,,,,,,,0
김해중앙여자고등학교,경남,고,사립,여자,경상남도 김해시 분성로376번길 21-22 . 김해중앙여자고등학교 (동상동),1,2023.0,교육활동 모델교,0,,,,,,,,,,,,,,,,,,,,,0
남지고등학교,경남,고,사립,남여공학,경상남도 창녕군 남지읍 남고길 11 (남지읍),0,,,0,,,,,,,,,,,,,,,,,,,,,0
남해고등학교,경남,고,사립,남여공학,경상남도 남해군 이동면 무림로 46-2 . 남해고등학교 (이동면),0,,,0,,,,,,,,,,,,,,,,,,,,,0
남해해성고등학교,경남,고,사립,남여공학,경상남도 남해군 남면 남면로1835번길 8-4 (남면. 해성고등학교.해성중학교),0,,,0,,,,,,,,,,,,,,,,,,,,,0
대아고등학교,경남,고,사립,남자,경상남도 진주시 서장대로185번길 14 (이현동.대아중고등학교),0,,,0,,,,,,,,,,,,,,,,,,,,,0
마산제일고등학교,경남,고,사립,남자,경상남도 창원시 마산회원구 내서읍 함마대로 2610 . 마산제일고등학교 (내서읍),1,2023.0,교육활동 모델교,1,2019.0,,,,,,,,,,,,,,,,,,,,1
마산제일여자고등학교,경남,고,사립,여자,경상남도 창원시 마산합포구 고운로 65.마산제일여자고등학교 (문화동. 마산제일여자중고등학교),0,,,0,,,,,,,,,,,,,,,,,,,,,0
밀양동명고등학교,경남,고,사립,남여공학,경상남도 밀양시 하남읍 동명길 14 (하남읍),1,2023.0,정보교육실 구축교,0,,,,,,,,,,,,,,,,,,,,,0
마산중앙고등학교,경남,고,사립,남자,경상남도 창원시 마산합포구 고운로 103 (신월동),0,,,0,,,,,,,,,,,,,,,,,,,,,0
밀성고등학교,경남,고,사립,남여공학,경상남도 밀양시 석정로 127 (내이동),1,2023.0,교육활동 모델교,0,,,,,,,,,,,,,,,,,,,,,0
마산무학여자고등학교,경남,고,사립,여자,경상남도 창원시 마산회원구 회원동33길 17 . 마산무학여자고등학교 (회원동),0,,,0,,,,,,,,,,,,,,,,,,,,,0
보광고등학교,경남,고,사립,남여공학,경상남도 양산시 하북면 신평로 46 (하북면) 보광고등학교,0,,,0,,,,,,,,,,,,,,,,,,,,,0
영산고등학교,경남,고,공립,남여공학,경상남도 창녕군 영산면 영산새싹길 13 (영산면. 영산고등학교),0,,,0,,,,,,,,,,,,,,,,,,,,,0
사천고등학교,경남,고,사립,남여공학,경상남도 사천시 사천읍 동문로 95 (사천읍.사천고등학교),0,,,0,,,,,,,,,,,,,,,,,,,,,0
삼랑진고등학교,경남,고,사립,남여공학,경상남도 밀양시 삼랑진읍 만어로 16 (삼랑진읍),0,,,0,,,,,,,,,,,,,,,,,,,,,0
삼천포고등학교,경남,고,사립,남자,경상남도 사천시 벌리6길 77 (벌리동. 삼천포중고등학교),1,2023.0,정보교육실 구축교,0,,,,,,,,,,,,,,,,,,,,,0
삼현여자고등학교,경남,고,사립,여자,경상남도 진주시 돗골로 95 (상평동),0,,,0,,,,,,,,,,,,,,,,,,,,,0
삼천포여자고등학교,경남,고,사립,여자,경상남도 사천시 삼상로 19 . 삼천포여자고등학교 (동금동),0,,,0,,,,,,,,,,,,,,,,,,,,,0
성지여자고등학교,경남,고,사립,여자,경상남도 창원시 마산합포구 완월남로 20 (완월동. 성지여자중고등학교),0,,,0,,,,,,,,,,,,,,,,,,,,,0
세종고등학교,경남,고,사립,남여공학,경상남도 밀양시 가곡8길 28 . 세종고등학교 (가곡동. 세종중고등학교),0,,,0,,,,,,,,,,,,,,,,,,,,,0
양산제일고등학교,경남,고,사립,남여공학,경상남도 양산시 회현1길 36 (교동),0,,,0,,,,,,,,,,,,,,,,,,,,,0
효암고등학교,경남,고,사립,남여공학,경상남도 양산시 서창로 144 (삼호동. 효암고등학교.개운중학교),0,,,0,,,,,,,,,,,,,,,,,,,,,0
양산여자고등학교,경남,고,사립,여자,경상남도 양산시 교동1길 21 (교동),0,,,0,,,,,,,,,,,,,,,,,,,,,0
용남고등학교,경남,고,사립,남여공학,경상남도 사천시 용현면 선진길 24 . 용남고등학교 (용현면),0,,,0,,,,,,,,,,,,,,,,,,,,,0
원경고등학교,경남,고,사립,남여공학,경상남도 합천군 적중면 황정1길 37 (적중면. 원경고등학교),0,,,0,,,,,,,,,,,,,,,,,,,,,0
의령여자고등학교,경남,고,사립,여자,경상남도 의령군 가례면 의병로 67 (가례면),1,2023.0,정보교육실 구축교,0,,,,,,,,,,,,,,,,,,,,,0
진해세화여자고등학교,경남,고,사립,여자,경상남도 창원시 진해구 병암북로4번길 41 . 진해세화여자고등학교 (석동),0,,,0,,,,,,,,,,,,,,,,,,,,,0
지리산고등학교,경남,고,사립,남여공학,경상남도 산청군 단성면 덕천로 772 . 지리산고등학교 (단성면),0,,,0,,,,,,,,,,,,,,,,,,,,,0
진주동명고등학교,경남,고,사립,남자,경상남도 진주시 대신로 454-25 . 진주동명고등학교 (초전동),0,,,1,2019.0,,,,,,,,,,,,,,,,,,,,0
진해중앙고등학교,경남,고,사립,남자,경상남도 창원시 진해구 병암북로 9 . 진해중앙고등학교 (경화동),0,,,0,,,,,,,,,,,,,,,,,,,,,0
진주제일여자고등학교,경남,고,사립,여자,경상남도 진주시 하대로34번길 11-9 (하대동. 진주제일여자고등학교),0,,,0,,,,,,,,,,,,,,,,,,,,,0
창녕대성고등학교,경남,고,사립,남여공학,경상남도 창녕군 대합면 신안길 17 (대합면.대성중.창녕대성고등학교),0,,,0,,,,,,,,,,,,,,,,,,,,,0
창녕여자고등학교,경남,고,사립,여자,경상남도 창녕군 창녕읍 신당길 30 (창녕읍.창녕여자고등학교),0,,,0,,,,,,,,,,,,,,,,,,,,,0
창녕고등학교,경남,고,사립,남자,경상남도 창녕군 대지면 우포2로 1180-20 . 창녕고등학교 (대지면),1,2023.0,교육활동 모델교,0,,,,,,,,,,,,,,,,,,,,,0
창선고등학교,경남,고,사립,남여공학,경상남도 남해군 창선면 창선로 97-12 (창선면),0,,,0,,,,,,,,,,,,,,,,,,,,,0
창신고등학교,경남,고,사립,남자,경상남도 창원시 마산회원구 봉덕2길 106 (봉암동. 창신고등학교),0,,,0,,,,,,,,,,,,,,,,,,,,,0
마산삼진고등학교,경남,고,사립,남여공학,경상남도 창원시 마산합포구 진동면 삼진의거대로 661-13 (진동면. 삼진고등학교),0,,,0,,,,,,,,,,,,,,,,,,,,,0
창원경일고등학교,경남,고,사립,남자,경상남도 창원시 성산구 두대로 165 (중앙동),0,,,0,,,,,,,,,,,,,,,,,,,,,0
창원경일여자고등학교,경남,고,사립,여자,경상남도 창원시 성산구 두대로 163 . 창원경일여자고등학교(내동),0,,,0,,,,,,,,,,,,,,,,,,,,,0
창원고등학교,경남,고,사립,남자,경상남도 창원시 의창구 태복산로 45 (도계동. 창원중고등학교),0,,,1,2020.0,,,,,,,,,,,,,,,,,,,,0
창원남고등학교,경남,고,사립,남자,경상남도 창원시 성산구 창원대로 813 . 창원남고등학교 (외동),0,,,0,,,,,,,,,,,,,,,,,,,,,0
창원대산고등학교,경남,고,사립,남여공학,경상남도 창원시 의창구 대산면 진산대로 378 (대산면.창원대산고등학교),0,,,0,,,,,,,,,,,,,,,,,,,,,0
창원문성고등학교,경남,고,사립,남여공학,경상남도 창원시 의창구 원이대로 406 (두대동.창원문성고등학교),0,,,0,,,,,,,,,,,,,,,,,,,,,0
철성고등학교,경남,고,사립,남여공학,경상남도 고성군 고성읍 대가로 12 . 철성고등학교 (고성읍),1,2023.0,교육활동 모델교,0,,,,,,,,,,,,,,,,,,,,,0
충렬여자고등학교,경남,고,사립,여자,경상남도 통영시 용남면 견내량로 70 . 충렬여자고등학교 (용남면),0,,,0,,,,,,,,,,,,,,,,,,,,,0
동원고등학교,경남,고,사립,남여공학,경상남도 통영시 광도면 용호로 12-29 (광도면),0,,,0,,,,,,,,,,,,,,,,,,,,,0
칠원고등학교,경남,고,사립,남여공학,경상남도 함안군 칠서면 삼칠로 281 (칠서면. 칠원중학교.칠원고등학교),1,2023.0,정보교육실 구축교,0,,,,,,,,,,,,,,,,,,,,,0
하동여자고등학교,경남,고,사립,여자,경상남도 하동군 하동읍 송림1길 30 (하동읍. 하동여자고등학교),0,,,0,,,,,,,,,,,,,,,,,,,,,0
해성고등학교,경남,고,사립,남여공학,경상남도 거제시 두모길 4 (장승포동),0,,,0,,,,,,,,,,,,,,,,,,,,,0
명덕고등학교,경남,고,사립,남여공학,경상남도 함안군 가야읍 고분길 107 (가야읍),1,2023.0,교육활동 모델교,0,,,,,,,,,,,,,,,,,,,,,0
거제제일고등학교,경남,고,공립,남여공학,경상남도 거제시 거제면 읍내로13길 22-5 (거제면. 거제제일고등학교),0,,,0,,,,,,,,,,,,,,,,,,,,,0
창원대암고등학교,경남,고,공립,남여공학,경상남도 창원시 성산구 대암로 203 (대방동. 창원대암고등학교),0,,,0,,,,,,,,,,,,,,,,,,,,,0
창원토월고등학교,경남,고,공립,남여공학,경상남도 창원시 성산구 비음로91번길 8 (토월동.창원토월고등학교),0,,,0,,,,,,,,,,,,,,,,,,,,,0
진해용원고등학교,경남,고,공립,남여공학,경상남도 창원시 진해구 용재로77번길 8 (용원동),0,,,0,,,,,,,,,,,,,,,,,,,,,0
김해영운고등학교,경남,고,공립,남여공학,경상남도 김해시 인제로284번길 33 . 김해영운고등학교 (삼방동),0,,,0,,,,,,,,,,,,,,,,,,,,,0
거제옥포고등학교,경남,고,공립,남여공학,경상남도 거제시 연초면 국산로 27 (연초면.거제옥포고등학교),0,,,0,,,,,,,,,,,,,,,,,,,,,0
물금고등학교,경남,고,공립,남여공학,경상남도 양산시 물금읍 신주1길 20 (물금읍),1,2023.0,정보교육실 구축교,0,,,,,,,,,,,,,,,,,,,,,0
창녕옥야고등학교,경남,고,사립,남여공학,경상남도 창녕군 이방면 이방로 943-15 . 창녕옥야고등학교,0,,,0,,,,,,,,,,,,,,,,,,,,,0
서창고등학교,경남,고,공립,남여공학,경상남도 양산시 삼호동부로 125 (삼호동. 서창고등학교),0,,,0,,,,,,,,,,,,,,,,,,,,,0
범어고등학교,경남,고,공립,남여공학,경상남도 양산시 물금읍 신주로 88 (물금읍),0,,,0,,,,,,,,,,,,,,,,,,,,,0
연초고등학교,경남,고,공립,남여공학,경상남도 거제시 연초면 연사1길 40 (연초면. 연초고등학교),0,,,1,2016.0,,,,,,,,,,,,,,,,,,,,0
합천여자고등학교,경남,고,사립,여자,경상남도 합천군 합천읍 남정길 25-7 (합천읍. 합천여자고등학교),0,,,0,,,,,,,,,,,,,,,,,,,,,0
거제상문고등학교,경남,고,공립,남여공학,경상남도 거제시 수양로 29 거제상문고등학교(문동동),0,,,0,,,,,,,,,,,,,,,,,,,,,0
김해수남고등학교,경남,고,공립,남여공학,경상남도 김해시 율하로 381 (율하동. 김해수남고등학교),1,2023.0,교육활동 모델교,0,,,,,,,,,,,,,,,,,,,,,0
경남체육고등학교,경남,고,공립,남여공학,경상남도 진주시 진성면 진의로 178-27 (진성면. 경남체육고등학교),0,,,0,,,,,,,,,,,,,,,,,,,,,0
경남과학고등학교,경남,고,공립,남여공학,경상남도 진주시 진성면 진의로 178-22 (진성면),1,2023.0,교육활동 모델교,1,2015.0,,,,,,,,,,,,,,,,,,,,1
창원과학고등학교,경남,고,공립,남여공학,경상남도 창원시 의창구 평산로159번길 30 (서상동),1,2023.0,정보교육실 구축교,1,2016.0,,,,,,,,,,,,,,,,,,,,1
경남예술고등학교,경남,고,사립,남여공학,경상남도 진주시 진산로322번길 11-7 (장재동. 경남예술고등학교),0,,,0,,,,,,,,,,,,,,,,,,,,,0
경남외국어고등학교,경남,고,사립,남여공학,경상남도 양산시 어실로 388 . 경남외국어고등학교 (어곡동),0,,,0,,,,,,,,,,,,,,,,,,,,,0
김해외국어고등학교,경남,고,공립,남여공학,경상남도 김해시 율하로 266 (율하동. 김해외국어고등학교),0,,,0,,,,,,,,,,,,,,,,,,,,,0
경남자영고등학교,경남,고,공립,남여공학,경상남도 사천시 정동면 옥산로 143 . 경남자영고등학교 (정동면),0,,,0,,,,,,,,,,,,,,,,,,,,,0
김해생명과학고등학교,경남,고,공립,남여공학,경상남도 김해시 금관대로 1239 (외동.김해생명과학고등학교),0,,,0,,,,,,,,,,,,,,,,,,,,,0
함양제일고등학교,경남,고,공립,남여공학,경상남도 함양군 함양읍 함양배움길 27 . 함양제일고등학교 (함양읍),0,,,0,,,,,,,,,,,,,,,,,,,,,0
거제공업고등학교,경남,고,공립,남자,경상남도 거제시 계룡로11길 63 . (고현동.거제공업고등학교) (고현동),0,,,0,,,,,,,,,,,,,,,,,,,,,0
거창공업고등학교,경남,고,공립,남여공학,경상남도 거창군 가조면 마상3길 33-20 . 거창공업고등학교,0,,,0,,,,,,,,,,,,,,,,,,,,,0
경남항공고등학교,경남,고,공립,남여공학,경상남도 고성군 고성읍 송학고분로 127 (고성읍),0,,,0,,,,,,,,,,,,,,,,,,,,,0
김해건설공업고등학교,경남,고,공립,남여공학,경상남도 김해시 구지로 109 (구산동. 김해건설공업고등학교),0,,,0,,,,,,,,,,,,,,,,,,,,,0
밀양전자고등학교,경남,고,공립,남여공학,경상남도 밀양시 무안면 신법길 29 (무안면. 밀양전자고등학교),0,,,0,,,,,,,,,,,,,,,,,,,,,0
삼천포공업고등학교,경남,고,공립,남여공학,경상남도 사천시 신항로 63 (동금동. 삼천포공업고등학교),0,,,0,,,,,,,,,,,,,,,,,,,,,0
진주기계공업고등학교,경남,고,공립,남여공학,경상남도 진주시 공단로43번길 25 (상평동. 진주기계공업고등학교),0,,,0,,,,,,,,,,,,,,,,,,,,,0
창녕슈퍼텍고등학교,경남,고,공립,남여공학,경상남도 창녕군 창녕읍 남창녕로 36 (창녕읍),0,,,0,,,,,,,,,,,,,,,,,,,,,0
창원기계공업고등학교,경남,고,공립,남여공학,경상남도 창원시 성산구 두대로 219 (중앙동. 창원기계공업고등학교),0,,,0,,,,,,,,,,,,,,,,,,,,,0
초계고등학교,경남,고,공립,남여공학,경상남도 합천군 초계면 초계중앙로 101 (초계면),0,,,0,,,,,,,,,,,,,,,,,,,,,0
경남자동차고등학교,경남,고,사립,남여공학,경상남도 진주시 진산로 378 . 경남자동차고등학교 (장재동),0,,,0,,,,,,,,,,,,,,,,,,,,,0
마산공업고등학교,경남,고,사립,남자,경상남도 창원시 마산회원구 학교단지로 53 . 마산공업고등학교 (합성동),0,,,0,,,,,,,,,,,,,,,,,,,,,0
경진고등학교,경남,고,사립,남여공학,경상남도 진주시 의병로71번길 3-21 경진고등학교 (상봉동. 경진고등학교),0,,,0,,,,,,,,,,,,,,,,,,,,,0
창녕공업고등학교,경남,고,사립,남여공학,경상남도 창녕군 고암면 창밀로 286 (고암면),0,,,0,,,,,,,,,,,,,,,,,,,,,0
창원공업고등학교,경남,고,사립,남자,경상남도 창원시 의창구 사화로 410 (팔용동.창원공업고등학교),0,,,0,,,,,,,,,,,,,,,,,,,,,0
한일여자고등학교,경남,고,사립,여자,경상남도 창원시 마산회원구 양덕서8길 50 . 한일여자고등학교 (양덕동),0,,,1,2018.0,,,,,,,,,,,,,,,,,,,,0
거제여자상업고등학교,경남,고,공립,여자,경상남도 거제시 거제면 동상3길 21 . (거제면. 거제여자상업고등학교),0,,,0,,,,,,,,,,,,,,,,,,,,,0
경남정보고등학교,경남,고,공립,남여공학,경상남도 진주시 가호방아길 32 (호탄동. 경남정보고등학교),0,,,0,,,,,,,,,,,,,,,,,,,,,0
선명여자고등학교,경남,고,사립,여자,경상남도 진주시 남강로 51-25 . 선명여자고등학교 (평거동),0,,,0,,,,,,,,,,,,,,,,,,,,,0
남해정보산업고등학교,경남,고,공립,남여공학,경상남도 남해군 고현면 탑동로 46 (고현면. 남해정보산업고등학교),0,,,0,,,,,,,,,,,,,,,,,,,,,0
신반정보고등학교,경남,고,공립,남여공학,경상남도 의령군 부림면 한지28길 8 . 신반정보고등학교 (부림면),0,,,0,,,,,,,,,,,,,,,,,,,,,0
김해한일여자고등학교,경남,고,사립,여자,경상남도 김해시 삼안로112번길 1 . 김해한일여자고등학교 (안동),0,,,0,,,,,,,,,,,,,,,,,,,,,0
사천여자고등학교,경남,고,사립,여자,경상남도 사천시 사천읍 옥산로 47 (사천읍. 사천여자고등학교),0,,,0,,,,,,,,,,,,,,,,,,,,,0
밀성제일고등학교,경남,고,사립,여자,경상남도 밀양시 밀양대로 2078 . 밀성제일고등학교 (내이동),0,,,0,,,,,,,,,,,,,,,,,,,,,0
경남관광고등학교,경남,고,사립,남여공학,경상남도 창원시 의창구 사림로29번길 12 (봉곡동),0,,,0,,,,,,,,,,,,,,,,,,,,,0
경남로봇고등학교,경남,고,사립,남여공학,경상남도 함안군 대산면 대산중앙로 102-2 . 경남로봇고등학교 (대산면),0,,,1,2018.0,,,,,,,,,,,,,,,,,,,,0
경남해양과학고등학교,경남,고,공립,남여공학,경상남도 남해군 삼동면 동부대로 1810 . 경남해양과학고등학교 (삼동면),0,,,0,,,,,,,,,,,,,,,,,,,,,0
경남산업고등학교,경남,고,공립,남여공학,경상남도 거제시 하청면 서리1길 17 (하청면. 경남산업고등학교),0,,,0,,,,,,,,,,,,,,,,,,,,,0
진영제일고등학교,경남,고,공립,남여공학,경상남도 김해시 진영읍 진영로265번길 9-4 (진영읍.진영제일고등학교),0,,,0,,,,,,,,,,,,,,,,,,,,,0
경남간호고등학교,경남,고,사립,남여공학,경상남도 산청군 생비량면 지리산대로4763번길 89-15 (생비량면),0,,,0,,,,,,,,,,,,,,,,,,,,,0
가포초등학교,경남,초,공립,,경상남도 창원시 마산합포구 가포로 376 . 가포초등학교 (가포동),0,,,0,,,,,,,,,,,,,,,,,,,,,0
경화초등학교,경남,초,공립,,경상남도 창원시 진해구 경화로38번길 5 (경화동.경화초등학교),0,,,0,,,,,,,,,,,,,,,,,,,,,0
창원한들초등학교,경남,초,공립,,경상남도 창원시 의창구 소봉로 43 (봉림동),0,,,0,,,,,,,,,,,,,,,,,,,,,0
진해냉천초등학교,경남,초,공립,,경상남도 창원시 진해구 냉천로 205 (자은동),0,,,0,,,,,,,,,,,,,,,,,,,,,0
창원남산초등학교,경남,초,공립,,경상남도 창원시 성산구 가음로83번길 7 (남양동),0,,,0,,,,,,,,,,,,,,,,,,,,,0
감천초등학교,경남,초,공립,,경상남도 창원시 마산회원구 내서읍 감천로 53 . 감천초등학교 (내서읍),0,,,0,,,,,,,,,,,,,,,,,,,,,0
광려초등학교,경남,초,공립,,경상남도 창원시 마산회원구 내서읍 삼계1길 47 (내서읍. 광려초등학교),0,,,0,,,,,,,,,,,,,,,,,,,,,0
남양초등학교,경남,초,공립,,경상남도 창원시 성산구 가음로13번길 5 . 남양초등학교 (남양동. 남양초등학교),0,,,1,2019.0,,,,,,,,,,,,,,,,,,,,0
교동초등학교,경남,초,공립,,경상남도 창원시 마산회원구 무학로 589 (회원동. 마산교동초등학교),0,,,0,,,,,,,,,,,,,,,,,,,,,0
진해남산초등학교,경남,초,공립,,경상남도 창원시 진해구 태평로37번길 17 (제황산동. 남산초등학교),0,,,0,,,,,,,,,,,,,,,,,,,,,0
남정초등학교,경남,초,공립,,경상남도 창원시 성산구 원이대로878번길 30 (가음동.남정초등학교),0,,,0,,,,,,,,,,,,,,,,,,,,,0
교방초등학교,경남,초,공립,,경상남도 창원시 마산합포구 교방동1길 63 (교방동. 교방초등학교),0,,,0,,,,,,,,,,,,,,,,,,,,,0
구산초등학교,경남,초,공립,,경상남도 창원시 마산합포구 구산면 수정3길 8 . 구산초등학교 (구산면),1,2023.0,교육활동 모델교,1,2020.0,,,,,,,,,,,,,,,,,,,,1
구산초등학교구서분교장,경남,초,공립,,경상남도 창원시 마산합포구 구산면 해양관광로 739 . 739 (구산면),0,,,0,,,,,,,,,,,,,,,,,,,,,0
내동초등학교,경남,초,공립,,경상남도 창원시 성산구 두대로 185 . 내동초등학교 (중앙동),0,,,0,,,,,,,,,,,,,,,,,,,,,0
구암초등학교,경남,초,공립,,경상남도 창원시 마산회원구 구암북19길 153 (구암동),0,,,0,,,,,,,,,,,,,,,,,,,,,0
대야초등학교,경남,초,공립,,경상남도 창원시 진해구 여좌로84번길 7 (여좌동. 대야초등학교),0,,,0,,,,,,,,,,,,,,,,,,,,,0
대방초등학교,경남,초,공립,,경상남도 창원시 성산구 대정로 132 (대방동. 대방초등학교),0,,,0,,,,,,,,,,,,,,,,,,,,,0
대산초등학교,경남,초,공립,,경상남도 창원시 의창구 대산면 진산대로 442-7 (대산면.대산초등학교),0,,,0,,,,,,,,,,,,,,,,,,,,,0
내서초등학교,경남,초,공립,,경상남도 창원시 마산회원구 북성로 480 (두척동. 내서초등학교),0,,,0,,,,,,,,,,,,,,,,,,,,,0
대암초등학교,경남,초,공립,,경상남도 창원시 성산구 창이대로899번길 23 (대방동. 대암초등학교),0,,,0,,,,,,,,,,,,,,,,,,,,,0
덕산초등학교,경남,초,공립,,경상남도 창원시 진해구 덕산로46번길 15 (자은동.덕산초등학교),0,,,1,2016.0,,,,,,,,,,,,,,,,,,,,0
대원초등학교,경남,초,공립,,경상남도 창원시 의창구 두대로55번길 23 (대원동. 대원초등학교),0,,,0,,,,,,,,,,,,,,,,,,,,,0
도천초등학교,경남,초,공립,,경상남도 창원시 진해구 충장로 10 (도천동. 도천초등학교),0,,,0,,,,,,,,,,,,,,,,,,,,,0
동부초등학교,경남,초,공립,,경상남도 창원시 진해구 석동로 27 . 석동. 동부초등학교 (석동),1,2023.0,교육활동 모델교,1,2019.0,,,,,,,,,,,,,,,,,,,,1
무학초등학교,경남,초,공립,,경상남도 창원시 마산합포구 자산동8길 6 . 무학초등학교 (자산동. 무학초등학교),0,,,0,,,,,,,,,,,,,,,,,,,,,0
도계초등학교,경남,초,공립,,경상남도 창원시 의창구 하남천동길 10 (도계동),0,,,1,2019.0,,,,,,,,,,,,,,,,,,,,0
동산초등학교,경남,초,공립,,경상남도 창원시 성산구 단정로 126 (상남동.동산초등학교),0,,,0,,,,,,,,,,,,,,,,,,,,,0
반동초등학교,경남,초,공립,,경상남도 창원시 마산합포구 구산면 해양관광로 1460-14 (구산면),0,,,0,,,,,,,,,,,,,,,,,,,,,0
명곡초등학교,경남,초,공립,,경상남도 창원시 의창구 우곡로159번길 22-11 (명서동. 명곡초등학교),0,,,0,,,,,,,,,,,,,,,,,,,,,0
명도초등학교,경남,초,공립,,경상남도 창원시 의창구 도계두리길 233 (명곡동. 명도초등학교),0,,,1,2018.0,,,,,,,,,,,,,,,,,,,,0
봉덕초등학교,경남,초,공립,,경상남도 창원시 마산회원구 봉덕1길 14 . (봉암동. 봉덕초등학교),0,,,0,,,,,,,,,,,,,,,,,,,,,0
명서초등학교,경남,초,공립,,경상남도 창원시 의창구 명서로 21 . 명서초등학교 (명서동),0,,,0,,,,,,,,,,,,,,,,,,,,,0
북성초등학교,경남,초,공립,,경상남도 창원시 마산회원구 석전북1길 3 (석전동. 북성초등학교),0,,,1,2015.0,,,,,,,,,,,,,,,,,,,,0
반송초등학교,경남,초,공립,,경상남도 창원시 성산구 반송로 133 (반림동),0,,,0,,,,,,,,,,,,,,,,,,,,,0
봉강초등학교,경남,초,공립,,경상남도 창원시 의창구 동읍 동읍로 1131-3 (동읍. 봉강초등학교),0,,,1,2018.0,,,,,,,,,,,,,,,,,,,,0
봉림초등학교,경남,초,공립,,경상남도 창원시 의창구 사림로16번길 21 (사림동) 봉림초등학교,0,,,0,,,,,,,,,,,,,,,,,,,,,0
산호초등학교,경남,초,공립,,경상남도 창원시 마산합포구 회원동북로 53 (산호동.산호초등학교),0,,,1,2018.0,,,,,,,,,,,,,,,,,,,,0
석동초등학교,경남,초,공립,,경상남도 창원시 진해구 석동로 85 (석동. 석동초등학교),0,,,0,,,,,,,,,,,,,,,,,,,,,0
북면초등학교,경남,초,공립,,경상남도 창원시 의창구 북면 동전로110번길 36 (북면. 북면초등학교),0,,,0,,,,,,,,,,,,,,,,,,,,,0
삼계초등학교,경남,초,공립,,경상남도 창원시 마산회원구 내서읍 삼계로 36 (내서읍),0,,,0,,,,,,,,,,,,,,,,,,,,,0
북면초등학교승산분교장,경남,초,공립,,경상남도 창원시 의창구 북면 구룡로312번길 7 (북면초등학교 승산분교장),0,,,0,,,,,,,,,,,,,,,,,,,,,0
사파초등학교,경남,초,공립,,경상남도 창원시 성산구 원이대로773번길 27 (사파동. 사파초등학교),0,,,0,,,,,,,,,,,,,,,,,,,,,0
상남초등학교,경남,초,공립,,경상남도 창원시 마산합포구 합포서13길 20 . 상남초등학교 (상남동),0,,,0,,,,,,,,,,,,,,,,,,,,,0
상일초등학교,경남,초,공립,,경상남도 창원시 마산회원구 내서읍 광려천서로 21 . 상일초등학교,0,,,0,,,,,,,,,,,,,,,,,,,,,0
사화초등학교,경남,초,공립,,경상남도 창원시 의창구 반계로80번길 7 (팔용동.사화초등학교),0,,,0,,,,,,,,,,,,,,,,,,,,,0
석전초등학교,경남,초,공립,,경상남도 창원시 마산회원구 석전동로 8 (석전동),0,,,1,2019.0,,,,,,,,,,,,,,,,,,,,0
안청초등학교,경남,초,공립,,경상남도 창원시 진해구 안골로 303 (안골동.안청초등학교),0,,,0,,,,,,,,,,,,,,,,,,,,,0
상북초등학교,경남,초,공립,,경상남도 창원시 의창구 지귀로60번길 13-13 . 상북초등학교 (봉곡동),0,,,0,,,,,,,,,,,,,,,,,,,,,0
성호초등학교,경남,초,공립,,경상남도 창원시 마산합포구 성호동4길 21 (성호동.성호초등학교),0,,,0,,,,,,,,,,,,,,,,,,,,,0
마산신월초등학교,경남,초,공립,,경상남도 창원시 마산합포구 월영마을로 40 (월영동. 마산신월초등학교),1,2023.0,교육활동 모델교,0,,,,,,,,,,,,,,,,,,,,,0
성주초등학교,경남,초,공립,,경상남도 창원시 성산구 가음정로 127 (가음동. 성주초등학교),0,,,0,,,,,,,,,,,,,,,,,,,,,0
소답초등학교,경남,초,공립,,경상남도 창원시 의창구 의창대로317번길 41 소답초등학교 (소답동),0,,,0,,,,,,,,,,,,,,,,,,,,,0
안계초등학교,경남,초,공립,,경상남도 창원시 마산회원구 내서읍 삼계숲길 246 (내서읍),0,,,0,,,,,,,,,,,,,,,,,,,,,0
신등초등학교,경남,초,공립,,경상남도 창원시 의창구 대산면 주남로 394 . 19-3 (대산면),0,,,0,,,,,,,,,,,,,,,,,,,,,0
양덕초등학교,경남,초,공립,,경상남도 창원시 마산회원구 양덕동12길 86 (양덕동. 양덕초등학교),0,,,0,,,,,,,,,,,,,,,,,,,,,0
신방초등학교,경남,초,공립,,경상남도 창원시 의창구 동읍 동읍로 121-11 (동읍. 신방초등학교),0,,,0,,,,,,,,,,,,,,,,,,,,,0
창원신월초등학교,경남,초,공립,,경상남도 창원시 의창구 신월로72번길 12 (신월동. 창원신월초등학교),0,,,1,2020.0,,,,,,,,,,,,,,,,,,,,0
안남초등학교,경남,초,공립,,경상남도 창원시 성산구 가양로 158 (대방동. 안남초등학교),0,,,0,,,,,,,,,,,,,,,,,,,,,0
안민초등학교,경남,초,공립,,경상남도 창원시 성산구 안민로79번길 6 . 안민초등학교 (안민동. 안민초등학교),1,2023.0,정보교육실 구축교,0,,,,,,,,,,,,,,,,,,,,,0
양곡초등학교,경남,초,공립,,경상남도 창원시 성산구 양곡길 102 (신촌동. 양곡초등학교),0,,,0,,,,,,,,,,,,,,,,,,,,,0
온천초등학교,경남,초,공립,,경상남도 창원시 의창구 북면 신리길30번길 17 (북면. 온천초등학교),0,,,0,,,,,,,,,,,,,,,,,,,,,0
완월초등학교,경남,초,공립,,경상남도 창원시 마산합포구 고운로 201 . 완월초등학교 (완월동.완월초등학교),0,,,0,,,,,,,,,,,,,,,,,,,,,0
외동초등학교,경남,초,공립,,경상남도 창원시 성산구 토월로43번길 14 . 상남동 (상남동. 외동초등학교),0,,,0,,,,,,,,,,,,,,,,,,,,,0
용마초등학교,경남,초,공립,,경상남도 창원시 마산합포구 산호남로 50 . 용마초등학교 (산호동. 용마초등학교),0,,,0,,,,,,,,,,,,,,,,,,,,,0
용원초등학교,경남,초,공립,,경상남도 창원시 진해구 용원로78번길 11 (용원동. 용원초등학교),0,,,0,,,,,,,,,,,,,,,,,,,,,0
용남초등학교,경남,초,공립,,경상남도 창원시 의창구 용호로 65 용남초등학교,0,,,0,,,,,,,,,,,,,,,,,,,,,0
우산초등학교,경남,초,공립,,경상남도 창원시 마산합포구 진동면 미더덕로 382 . 우산초등학교 (진동면),1,2023.0,교육활동 모델교,0,,,,,,,,,,,,,,,,,,,,,0
월성초등학교,경남,초,공립,,경상남도 창원시 마산합포구 완월남1길 17 (완월동.월성초등학교),0,,,0,,,,,,,,,,,,,,,,,,,,,0
용지초등학교,경남,초,공립,,경상남도 창원시 성산구 원이대로538번길 24 (중앙동.용지초등학교),0,,,0,,,,,,,,,,,,,,,,,,,,,0
웅동초등학교,경남,초,공립,,경상남도 창원시 진해구 마천로 29 (마천동. 웅동초등학교),0,,,0,,,,,,,,,,,,,,,,,,,,,0
웅천초등학교,경남,초,공립,,경상남도 창원시 진해구 웅천동로 33 . 웅천초등학교 (남문동. 웅천초등학교),0,,,1,2018.0,,,,,,,,,,,,,,,,,,,,0
월영초등학교,경남,초,공립,,경상남도 창원시 마산합포구 반월북1길 41 (장군동1가.월영초등학교),0,,,0,,,,,,,,,,,,,,,,,,,,,0
용호초등학교,경남,초,공립,,경상남도 창원시 의창구 외동반림로 170 . 용호초등학교 (용호동),0,,,0,,,,,,,,,,,,,,,,,,,,,0
우암초등학교,경남,초,공립,,경상남도 창원시 의창구 대산면 우암로 35 (대산면. 우암초등학교),1,2023.0,정보교육실 구축교,1,2017.0,,,,,,,,,,,,,,,,,,,,1
웅남초등학교,경남,초,공립,,경상남도 창원시 성산구 단정로 75 (상남동),0,,,0,,,,,,,,,,,,,,,,,,,,,0
월포초등학교,경남,초,공립,,경상남도 창원시 마산합포구 월영북15길 35 (대내동. 월포초등학교),0,,,0,,,,,,,,,,,,,,,,,,,,,0
자은초등학교,경남,초,공립,,경상남도 창원시 진해구 자은로88번길 41 (자은동. 자은초등학교),0,,,0,,,,,,,,,,,,,,,,,,,,,0
중리초등학교,경남,초,공립,,경상남도 창원시 마산회원구 내서읍 호계안길 22 (내서읍. 중리초등학교),0,,,0,,,,,,,,,,,,,,,,,,,,,0
제황초등학교,경남,초,공립,,경상남도 창원시 진해구 제황로 32 (제황산동),0,,,0,,,,,,,,,,,,,,,,,,,,,0
진동초등학교,경남,초,공립,,경상남도 창원시 마산합포구 진동면 삼진의거대로 661-22 (진동면. 진동초등학교),1,2023.0,교육활동 모델교,0,,,,,,,,,,,,,,,,,,,,,0
진전초등학교,경남,초,공립,,경상남도 창원시 마산합포구 진전면 팔의사로 727 (진전면),0,,,0,,,,,,,,,,,,,,,,,,,,,0
유목초등학교,경남,초,공립,,경상남도 창원시 성산구 반송로29번길 15 (반지동. 유목초등학교),0,,,0,,,,,,,,,,,,,,,,,,,,,0
팔룡초등학교,경남,초,공립,,경상남도 창원시 마산회원구 학교단지로 31 . 팔룡초등학교 (합성동),0,,,0,,,,,,,,,,,,,,,,,,,,,0
일동초등학교,경남,초,공립,,경상남도 창원시 의창구 대산면 대산북로 461 (대산면. 일동초등학교),0,,,0,,,,,,,,,,,,,,,,,,,,,0
자여초등학교,경남,초,공립,,경상남도 창원시 의창구 동읍 자여로 135 (동읍. 자여초등학교),0,,,0,,,,,,,,,,,,,,,,,,,,,0
진해중앙초등학교,경남,초,공립,,경상남도 창원시 진해구 태백서로45번길 14 . 23 (태백동),0,,,0,,,,,,,,,,,,,,,,,,,,,0
하북초등학교,경남,초,공립,,경상남도 창원시 마산합포구 진북면 지산5길 36 (진북면. 하북초등학교),0,,,0,,,,,,,,,,,,,,,,,,,,,0
안골포초등학교,경남,초,공립,,경상남도 창원시 진해구 안청북로 30 (청안동),0,,,0,,,,,,,,,,,,,,,,,,,,,0
합성초등학교,경남,초,공립,,경상남도 창원시 마산회원구 합성북16길 75 (합성동. 합성초등학교),0,,,0,,,,,,,,,,,,,,,,,,,,,0
합포초등학교,경남,초,공립,,경상남도 창원시 마산합포구 허당로 73 (산호동),0,,,0,,,,,,,,,,,,,,,,,,,,,0
창원초등학교,경남,초,공립,,경상남도 창원시 의창구 읍성로 5-1 (서상동.창원초등학교),0,,,0,,,,,,,,,,,,,,,,,,,,,0
해운초등학교,경남,초,공립,,경상남도 창원시 마산합포구 월영남로 24 . 해운초등학교 (월영동),0,,,0,,,,,,,,,,,,,,,,,,,,,0
창원상남초등학교,경남,초,공립,,경상남도 창원시 성산구 토월로 140 (상남동),0,,,0,,,,,,,,,,,,,,,,,,,,,0
풍호초등학교,경남,초,공립,,경상남도 창원시 진해구 풍호로 80 (자은동. 풍호초등학교),0,,,0,,,,,,,,,,,,,,,,,,,,,0
현동초등학교,경남,초,공립,,경상남도 창원시 마산합포구 현동6길 12 . 현동초등학교 (현동),0,,,0,,,,,,,,,,,,,,,,,,,,,0
토월초등학교,경남,초,공립,,경상남도 창원시 성산구 비음로4번길 33-11 (사파동),0,,,0,,,,,,,,,,,,,,,,,,,,,0
평산초등학교,경남,초,공립,,경상남도 창원시 의창구 사화로104번길 17 (팔용동. 평산초등학교),0,,,0,,,,,,,,,,,,,,,,,,,,,0
하천초등학교,경남,초,공립,,경상남도 창원시 의창구 북면 하천로 145 (북면. 하천초등학교),0,,,0,,,,,,,,,,,,,,,,,,,,,0
호계초등학교,경남,초,공립,,경상남도 창원시 마산회원구 내서읍 광려천북로 182 (내서읍. 호계초등학교),0,,,1,2017.0,,,,,,,,,,,,,,,,,,,,0
화양초등학교,경남,초,공립,,경상남도 창원시 의창구 동읍 백월로 524 . 화양초등학교 (동읍),0,,,0,,,,,,,,,,,,,,,,,,,,,0
삼정자초등학교,경남,초,공립,,경상남도 창원시 성산구 외리로34번길 8 (삼정자동.삼정자초등학교),0,,,0,,,,,,,,,,,,,,,,,,,,,0
중동초등학교,경남,초,공립,,경상남도 창원시 의창구 의창대로238번길 14 중동초등학교,0,,,0,,,,,,,,,,,,,,,,,,,,,0
회원초등학교,경남,초,공립,,경상남도 창원시 마산회원구 회원남로 51 (회원동),0,,,0,,,,,,,,,,,,,,,,,,,,,0
마산중앙초등학교,경남,초,공립,,경상남도 창원시 마산회원구 팔용로 280 (구암동. 마산중앙초등학교),0,,,1,2016.0,,,,,,,,,,,,,,,,,,,,0
장복초등학교,경남,초,공립,,경상남도 창원시 진해구 진해대로728번길 21 (석동. 장복초등학교),0,,,1,2016.0,,,,,,,,,,,,,,,,,,,,0
전안초등학교,경남,초,공립,,경상남도 창원시 마산회원구 내서읍 광려로 100 (내서읍. 전안초등학교),0,,,0,,,,,,,,,,,,,,,,,,,,,0
장천초등학교,경남,초,공립,,경상남도 창원시 진해구 충장로 719 (장천동. 장천초등학교),0,,,0,,,,,,,,,,,,,,,,,,,,,0
가고파초등학교,경남,초,공립,,경상남도 창원시 마산회원구 삼호로 110 . 130번지 (양덕동),0,,,0,,,,,,,,,,,,,,,,,,,,,0
무동초등학교,경남,초,공립,,경상남도 창원시 의창구 북면 동곡로 65 (북면),1,2023.0,교육활동 모델교,1,2018.0,,,,,,,,,,,,,,,,,,,,1
감계초등학교,경남,초,공립,,경상남도 창원시 의창구 북면 감계로140번길 51 (북면),0,,,1,2020.0,,,,,,,,,,,,,,,,,,,,0
진해신항초등학교,경남,초,공립,,경상남도 창원시 진해구 신항동로 158 (용원동. 진해신항초등학교),1,2023.0,교육활동 모델교,1,2020.0,,,,,,,,,,,,,,,,,,,,1
경원중학교,경남,중,공립,남여공학,경상남도 창원시 성산구 두대로 195 (중앙동. 경원중학교),0,,,0,,,,,,,,,,,,,,,,,,,,,0
감계중학교,경남,중,공립,남여공학,경상남도 창원시 의창구 북면 감계로 220 . 감계중학교 (북면),0,,,0,,,,,,,,,,,,,,,,,,,,,0
구남중학교,경남,중,공립,남여공학,경상남도 창원시 마산합포구 구산면 이순신로 7 (구산면. 구남중학교),0,,,0,,,,,,,,,,,,,,,,,,,,,0
남산중학교,경남,중,공립,남여공학,경상남도 창원시 성산구 가음정로 157 (가음동. 남산중학교),0,,,1,2018.0,,,,,,,,,,,,,,,,,,,,0
대방중학교,경남,중,공립,남여공학,경상남도 창원시 성산구 가양로 133 (대방동.대방중학교),0,,,0,,,,,,,,,,,,,,,,,,,,,0
명서중학교,경남,중,공립,남여공학,경상남도 창원시 의창구 명지로 54 (명서동. 명서중학교),0,,,0,,,,,,,,,,,,,,,,,,,,,0
구암중학교,경남,중,공립,남여공학,경상남도 창원시 마산회원구 구암북11길 26 . 구암중학교 (구암동),0,,,0,,,,,,,,,,,,,,,,,,,,,0
내서중학교,경남,중,공립,남여공학,경상남도 창원시 마산회원구 내서읍 광려천서로 35 (내서읍.내서중학교),0,,,1,2020.0,,,,,,,,,,,,,,,,,,,,0
반림중학교,경남,중,공립,남여공학,경상남도 창원시 성산구 외동반림로 237 (반림동. 반림중학교),0,,,0,,,,,,,,,,,,,,,,,,,,,0
삼정자중학교,경남,중,공립,남여공학,경상남도 창원시 성산구 외리로34번길 32 (성주동. 삼정자중학교),0,,,0,,,,,,,,,,,,,,,,,,,,,0
마산동중학교,경남,중,공립,남자,경상남도 창원시 마산회원구 회원북7길 40 (회원동.마산동중학교),0,,,0,,,,,,,,,,,,,,,,,,,,,0
반송여자중학교,경남,중,공립,여자,경상남도 창원시 성산구 반송로 168 (반림동. 반송여자중학교),0,,,0,,,,,,,,,,,,,,,,,,,,,0
동진여자중학교,경남,중,공립,여자,경상남도 창원시 진해구 진해대로982번길 26 (풍호동),0,,,0,,,,,,,,,,,,,,,,,,,,,0
마산서중학교,경남,중,공립,남자,경남 창원시 마산합포구 월영남로 6 (월영동.마산서중학교),0,,,0,,,,,,,,,,,,,,,,,,,,,0
구남중학교구산분교장,경남,중,공립,남여공학,경상남도 창원시 마산합포구 구산면 구산로 548 (구산면. 구남중학교 구산분교장),0,,,0,,,,,,,,,,,,,,,,,,,,,0
반송중학교,경남,중,공립,남자,경상남도 창원시 성산구 반송로 182 (반림동. 반송중학교),0,,,0,,,,,,,,,,,,,,,,,,,,,0
봉곡중학교,경남,중,공립,남여공학,경상남도 창원시 의창구 봉곡로23번길 6 (봉곡동),0,,,0,,,,,,,,,,,,,,,,,,,,,0
동진중학교,경남,중,공립,남여공학,경상남도 창원시 진해구 덕산로46번길 25 (자은동),0,,,1,2018.0,,,,,,,,,,,,,,,,,,,,0
마산여자중학교,경남,중,공립,여자,경상남도 창원시 마산회원구 무학로 587 (회원동. 마산여자중학교),0,,,0,,,,,,,,,,,,,,,,,,,,,0
봉림중학교,경남,중,공립,남여공학,경상남도 창원시 의창구 사림로16번길 15 (사림동),0,,,0,,,,,,,,,,,,,,,,,,,,,0
안골포중학교,경남,중,공립,남여공학,경상남도 창원시 진해구 안청남로 29 . 안골포중학교 (청안동),0,,,0,,,,,,,,,,,,,,,,,,,,,0
사파중학교,경남,중,공립,남여공학,경상남도 창원시 성산구 신사로 155 (사파동),0,,,0,,,,,,,,,,,,,,,,,,,,,0
마산중학교,경남,중,공립,남자,경상남도 창원시 마산합포구 심온길 49 (자산동. 마산중학교),0,,,0,,,,,,,,,,,,,,,,,,,,,0
삼계중학교,경남,중,공립,남여공학,경상남도 창원시 마산회원구 내서읍 삼계9길 40 (내서읍. 삼계중학교),1,2023.0,교육활동 모델교,1,2016.0,,,,,,,,,,,,,,,,,,,,1
신월중학교,경남,중,공립,남여공학,경상남도 창원시 의창구 신월로37번길 12 신월중학교 (신월동. 신월중학교),0,,,0,,,,,,,,,,,,,,,,,,,,,0
양덕여자중학교,경남,중,공립,여자,경상남도 창원시 마산회원구 학교단지로 21 . 양덕여자중학교 (합성동),0,,,0,,,,,,,,,,,,,,,,,,,,,0
석동중학교,경남,중,공립,남여공학,경상남도 창원시 진해구 석동로 40 (석동),0,,,0,,,,,,,,,,,,,,,,,,,,,0
안남중학교,경남,중,공립,남여공학,경상남도 창원시 성산구 창이대로899번길 13 (대방동),0,,,1,2020.0,,,,,,,,,,,,,,,,,,,,0
용원중학교,경남,중,공립,남여공학,경상남도 창원시 진해구 용원로77번길 16 (용원동. 용원중학교),1,2023.0,교육활동 모델교,1,2018.0,,,,,,,,,,,,,,,,,,,,1
양곡중학교,경남,중,공립,남여공학,경상남도 창원시 성산구 신촌로134번길 12 (신촌동),0,,,0,,,,,,,,,,,,,,,,,,,,,0
양덕중학교,경남,중,공립,남자,경상남도 창원시 마산회원구 학교단지로 47 (합성동. 양덕중학교),1,2023.0,교육활동 모델교,1,2018.0,,,,,,,,,,,,,,,,,,,,1
진전중학교,경남,중,공립,남여공학,경상남도 창원시 마산합포구 진전면 월안로 23 (진전면),0,,,0,,,,,,,,,,,,,,,,,,,,,0
웅남중학교,경남,중,공립,남여공학,경상남도 창원시 성산구 단정로98번길 8 (상남동. 웅남중학교),0,,,0,,,,,,,,,,,,,,,,,,,,,0
창덕중학교,경남,중,공립,남여공학,경상남도 창원시 의창구 동읍 의창대로900번길 12 (동읍.창덕중학교),0,,,0,,,,,,,,,,,,,,,,,,,,,0
창북중학교,경남,중,공립,남여공학,경상남도 창원시 의창구 북면 신리길27번길 10-16 (북면),0,,,0,,,,,,,,,,,,,,,,,,,,,0
합포여자중학교,경남,중,공립,여자,경상남도 창원시 마산회원구 회성남11길 27 . 합포여자중학교,0,,,0,,,,,,,,,,,,,,,,,,,,,0
진해중학교,경남,중,공립,남자,경상남도 창원시 진해구 여좌로 98 (여좌동. 진해중학교),0,,,0,,,,,,,,,,,,,,,,,,,,,0
진해여자중학교,경남,중,공립,여자,경상남도 창원시 진해구 여좌남로 25 (여좌동. 진해여자중학교),0,,,0,,,,,,,,,,,,,,,,,,,,,0
합포중학교,경남,중,공립,남여공학,경상남도 창원시 마산합포구 산호남10길 18 (산호동. 합포중학교),0,,,0,,,,,,,,,,,,,,,,,,,,,0
창원중앙중학교,경남,중,공립,남여공학,경상남도 창원시 성산구 반지로3번길 14 (반지동. 창원중앙중학교),0,,,0,,,,,,,,,,,,,,,,,,,,,0
창원상남중학교,경남,중,공립,남여공학,경상남도 창원시 성산구 동산로55번길 9 (가음정동. 창원상남중학교),0,,,0,,,,,,,,,,,,,,,,,,,,,0
도계중학교,경남,중,공립,남여공학,경상남도 창원시 의창구 원이대로56번길 19-15 (도계동),0,,,1,2019.0,,,,,,,,,,,,,,,,,,,,0
창원동중학교,경남,중,공립,남여공학,경상남도 창원시 의창구 동읍로 189 (동읍. 창원동중학교),0,,,0,,,,,,,,,,,,,,,,,,,,,0
해운중학교,경남,중,공립,남자,경상남도 창원시 마산합포구 월영동남로 16-1 (해운동. 해운중학교),0,,,0,,,,,,,,,,,,,,,,,,,,,0
토월중학교,경남,중,공립,남여공학,경상남도 창원시 의창구 원이대로 687 (신월동. 토월중학교),0,,,0,,,,,,,,,,,,,,,,,,,,,0
호계중학교,경남,중,공립,남여공학,경상남도 창원시 마산회원구 내서읍 호계본동로 107 . 호계중학교 (내서읍. 호계중학교),1,2023.0,교육활동 모델교,1,2016.0,,,,,,,,,,,,,,,,,,,,1
광려중학교,경남,중,공립,남여공학,경상남도 창원시 마산회원구 내서읍 광려로 108 (내서읍. 광려중학교),0,,,0,,,,,,,,,,,,,,,,,,,,,0
팔룡중학교,경남,중,공립,남여공학,경상남도 창원시 의창구 사화로104번길 3 (팔용동. 팔룡중학교),0,,,0,,,,,,,,,,,,,,,,,,,,,0
명곡여자중학교,경남,중,공립,여자,경상남도 창원시 의창구 우곡로159번길 32 . 명곡여자중학교 (명서동),0,,,0,,,,,,,,,,,,,,,,,,,,,0
안민중학교,경남,중,공립,남여공학,경상남도 창원시 성산구 안민로160번길 11 . 안민중학교 (안민동),0,,,0,,,,,,,,,,,,,,,,,,,,,0
창원대산중학교,경남,중,사립,남여공학,경상남도 창원시 의창구 대산면 진산대로 380 (대산면. 창원대산중학교),0,,,0,,,,,,,,,,,,,,,,,,,,,0
마산무학여자중학교,경남,중,사립,여자,경상남도 창원시 마산회원구 회원동33길 17 . 마산무학여자중학교 (회원동. 마산무학여자고등학교),0,,,0,,,,,,,,,,,,,,,,,,,,,0
창원남중학교,경남,중,사립,남여공학,경상남도 창원시 성산구 창원대로 813 (외동. 창원남중학교),0,,,0,,,,,,,,,,,,,,,,,,,,,0
마산의신여자중학교,경남,중,사립,여자,경상남도 창원시 마산합포구 천하장사로 21 (교방동),0,,,0,,,,,,,,,,,,,,,,,,,,,0
마산제일여자중학교,경남,중,사립,여자,경상남도 창원시 마산합포구 고운로 65 . 마산제일여자중학교 (문화동),1,2023.0,교육활동 모델교,1,2020.0,,,,,,,,,,,,,,,,,,,,1
웅동중학교,경남,중,사립,남여공학,경상남도 창원시 진해구 남의로116번길 50 (두동),0,,,0,,,,,,,,,,,,,,,,,,,,,0
창원여자중학교,경남,중,사립,여자,경상남도 창원시 의창구 팔용로 487 (팔용동. 창원여자중학교),0,,,0,,,,,,,,,,,,,,,,,,,,,0
마산중앙중학교,경남,중,사립,남자,경상남도 창원시 마산회원구 학교단지로 53-1 (합성동),0,,,0,,,,,,,,,,,,,,,,,,,,,0
마산삼진중학교,경남,중,사립,남여공학,경상남도 창원시 마산합포구 진동면 성산길 51 . 마산삼진중학교 (진동면),1,2023.0,교육활동 모델교,1,2019.0,,,,,,,,,,,,,,,,,,,,1
진해남중학교,경남,중,사립,남자,경상남도 창원시 진해구 병암북로 9 . 781-22 (경화동),0,,,0,,,,,,,,,,,,,,,,,,,,,0
성지여자중학교,경남,중,사립,여자,경상남도 창원시 마산합포구 완월남로 20 (완월동)성지여자중학교,0,,,0,,,,,,,,,,,,,,,,,,,,,0
창원중학교,경남,중,사립,남자,경상남도 창원시 의창구 도계로107번길 10 (도계동. 창원중학교),1,2023.0,교육활동 모델교,1,2017.0,,,,,,,,,,,,,,,,,,,,1
창신중학교,경남,중,사립,남자,경상남도 창원시 마산회원구 봉암북7길 11 (봉암동),0,,,0,,,,,,,,,,,,,,,,,,,,,0
진해냉천중학교,경남,중,공립,남여공학,경상남도 창원시 진해구 냉천로 219 (자은동),0,,,0,,,,,,,,,,,,,,,,,,,,,0
선학초등학교,경남,초,공립,,경상남도 진주시 하대로 105번길 26 . 선학초등학교 (하대동),0,,,1,2016.0,,,,,,,,,,,,,,,,,,,,0
무지개초등학교,경남,초,공립,,경상남도 진주시 영천강로119번길 37 . 무지개초등학교 (충무공동),1,2023.0,교육활동 모델교,0,,,,,,,,,,,,,,,,,,,,,0
진주교육대학교부설초등학교,경남,초,국립,,경상남도 진주시 진양호로369번길 3 . 진주교육대학교부설초등학교 (신안동.진주교육대학교),0,,,0,,,,,,,,,,,,,,,,,,,,,0
가좌초등학교,경남,초,공립,,경상남도 진주시 내동로 348 . 17 (가좌동),0,,,0,,,,,,,,,,,,,,,,,,,,,0
갈전초등학교,경남,초,공립,,경상남도 진주시 사들로 173 (충무공동),1,2023.0,정보교육실 구축교,1,2020.0,,,,,,,,,,,,,,,,,,,,1
가람초등학교,경남,초,공립,,경상남도 진주시 남강로959번길 22 (상평동. 가람초등학교),0,,,0,,,,,,,,,,,,,,,,,,,,,0
관봉초등학교,경남,초,공립,,경상남도 진주시 정촌면 정촌로 629 . 관봉초등학교 (정촌면. 관봉초등학교),0,,,0,,,,,,,,,,,,,,,,,,,,,0
금곡초등학교,경남,초,공립,,경상남도 진주시 금곡면 월아산로89번길 11 (금곡면. 금곡초등학교),0,,,0,,,,,,,,,,,,,,,,,,,,,0
금산초등학교,경남,초,공립,,경상남도 진주시 금산면 금산로 75 (금산면. 금산초등학교),0,,,0,,,,,,,,,,,,,,,,,,,,,0
금성초등학교,경남,초,공립,,경상남도 진주시 말티고개로123번길 19 . 금성초등학교 (초전동. 금성초등학교),0,,,0,,,,,,,,,,,,,,,,,,,,,0
남강초등학교,경남,초,공립,,경상남도 진주시 모덕로 99 (상대동. 남강초등학교),0,,,0,,,,,,,,,,,,,,,,,,,,,0
대곡초등학교,경남,초,공립,,경상남도 진주시 대곡면 진의로 970 (대곡면. 대곡초등학교),0,,,0,,,,,,,,,,,,,,,,,,,,,0
도동초등학교,경남,초,공립,,경상남도 진주시 대신로 324 (하대동) 도동초등학교,0,,,1,2018.0,,,,,,,,,,,,,,,,,,,,0
동진초등학교,경남,초,공립,,경상남도 진주시 도동로184번길 13 (하대동. 동진초등학교),0,,,0,,,,,,,,,,,,,,,,,,,,,0
망경초등학교,경남,초,공립,,경상남도 진주시 천수로 175 (망경동. 망경초등학교),0,,,0,,,,,,,,,,,,,,,,,,,,,0
문산초등학교,경남,초,공립,,경상남도 진주시 문산읍 소문길 11 (문산읍. 문산초등학교),0,,,0,,,,,,,,,,,,,,,,,,,,,0
미천초등학교,경남,초,공립,,경상남도 진주시 미천면 안간길 18-8 . 미천초등학교 (미천면),1,2023.0,교육활동 모델교,0,,,,,,,,,,,,,,,,,,,,,0
반성초등학교,경남,초,공립,,경상남도 진주시 일반성면 동부로 2060 (일반성면. 반성초등학교),0,,,0,,,,,,,,,,,,,,,,,,,,,0
배영초등학교,경남,초,공립,,경상남도 진주시 석갑로 28 (평거동),0,,,1,2015.0,,,,,,,,,,,,,,,,,,,,0
봉곡초등학교,경남,초,공립,,경상남도 진주시 북장대로36번길 8 (봉곡동. 봉곡초등학교),0,,,0,,,,,,,,,,,,,,,,,,,,,0
봉래초등학교,경남,초,공립,,경상남도 진주시 의병로 265 . 봉래초등학교 (봉래동),0,,,1,2019.0,,,,,,,,,,,,,,,,,,,,0
봉원초등학교,경남,초,공립,,경상남도 진주시 의병로 95-20 (상봉동. 봉원초등학교),0,,,0,,,,,,,,,,,,,,,,,,,,,0
사봉초등학교,경남,초,공립,,경상남도 진주시 사봉면 사군로 99 . 사봉초등학교 (사봉면. 사봉초등학교),0,,,1,2019.0,,,,,,,,,,,,,,,,,,,,0
서진초등학교,경남,초,공립,,경상남도 진주시 새평거로 85 (평거동),0,,,0,,,,,,,,,,,,,,,,,,,,,0
신진초등학교,경남,초,공립,,경상남도 진주시 신평공원길57번길 19 (평거동),1,2023.0,교육활동 모델교,1,2015.0,,,,,,,,,,,,,,,,,,,,1
주약초등학교,경남,초,공립,,경상남도 진주시 천수로 64 . 주약초등학교,0,,,1,2019.0,,,,,,,,,,,,,,,,,,,,0
금호초등학교,경남,초,공립,,경상남도 진주시 금산면 중천로67번길 25 (금산면. 금호초등학교),0,,,0,,,,,,,,,,,,,,,,,,,,,0
수곡초등학교,경남,초,공립,,경상남도 진주시 수곡면 곤수로 1000 (수곡면),0,,,0,,,,,,,,,,,,,,,,,,,,,0
수정초등학교,경남,초,공립,,경상남도 진주시 진양호로84번길 20 (평거동),0,,,1,2018.0,,,,,,,,,,,,,,,,,,,,0
신안초등학교,경남,초,공립,,경상남도 진주시 평거로139번길 8 (신안동. 신안초등학교),0,,,1,2018.0,,,,,,,,,,,,,,,,,,,,0
예하초등학교,경남,초,공립,,경상남도 진주시 정촌면 대축길 10 (정촌면),0,,,0,,,,,,,,,,,,,,,,,,,,,0
명석초등학교,경남,초,공립,,경상남도 진주시 명석면 광제산로 23 (명석면. 명석초등학교),0,,,0,,,,,,,,,,,,,,,,,,,,,0
이반성초등학교,경남,초,공립,,경상남도 진주시 이반성면 오봉산로 762 (이반성면),0,,,0,,,,,,,,,,,,,,,,,,,,,0
장재초등학교,경남,초,공립,,경상남도 진주시 초북로 66 (초전동. 장재초등학교),0,,,0,,,,,,,,,,,,,,,,,,,,,0
정촌초등학교,경남,초,공립,,경상남도 진주시 동부로 11 (가좌동),0,,,0,,,,,,,,,,,,,,,,,,,,,0
진주초등학교,경남,초,공립,,경상남도 진주시 진주성로24번길 7 (인사동.진주초등학교),0,,,0,,,,,,,,,,,,,,,,,,,,,0
진성초등학교,경남,초,공립,,경상남도 진주시 진성면 진성로355번길 10 . 진성초등학교 (진성면),1,2023.0,교육활동 모델교,1,2020.0,,,,,,,,,,,,,,,,,,,,1
지수초등학교,경남,초,공립,,경상남도 진주시 지수면 지사로 806 (지수면. 지수초등학교),0,,,0,,,,,,,,,,,,,,,,,,,,,0
집현초등학교,경남,초,공립,,경상남도 진주시 집현면 지내길 271 (집현면.집현초등학교),0,,,0,,,,,,,,,,,,,,,,,,,,,0
천전초등학교,경남,초,공립,,경상남도 진주시 진주대로954번길 24 (칠암동. 천전초등학교),0,,,0,,,,,,,,,,,,,,,,,,,,,0
촉석초등학교,경남,초,공립,,경상남도 진주시 평거로 259 (이현동. 촉석초등학교),1,2023.0,교육활동 모델교,0,,,,,,,,,,,,,,,,,,,,,0
평거초등학교,경남,초,공립,,경상남도 진주시 진양호로51번길 16 . 평거초등학교 (판문동),0,,,0,,,,,,,,,,,,,,,,,,,,,0
초전초등학교,경남,초,공립,,경상남도 진주시 초전북로62번길 9 (초전동. 초전초등학교),0,,,0,,,,,,,,,,,,,,,,,,,,,0
경상대학교사범대학부설중학교,경남,중,국립,남여공학,경상남도 진주시 가좌길29번길 63 . 경상대학교사범대학부설중학교 (가좌동),0,,,0,,,,,,,,,,,,,,,,,,,,,0
금곡중학교,경남,중,공립,남여공학,경상남도 진주시 금곡면 월아산로 255 (금곡면.금곡중학교),0,,,0,,,,,,,,,,,,,,,,,,,,,0
대곡중학교,경남,중,공립,남여공학,경상남도 진주시 대곡면 남강로2438번길 49 (대곡면. 대곡중학교),0,,,0,,,,,,,,,,,,,,,,,,,,,0
명석중학교,경남,중,공립,남여공학,경상남도 진주시 명석면 광제산로12번길 8 (명석면.명석중학교),0,,,0,,,,,,,,,,,,,,,,,,,,,0
문산중학교,경남,중,공립,남여공학,경상남도 진주시 충의로 68 (충무공동. 문산중학교),0,,,1,2020.0,,,,,,,,,,,,,,,,,,,,0
반성중학교,경남,중,공립,남여공학,경상남도 진주시 사봉면 동부로 1917 (사봉면),0,,,0,,,,,,,,,,,,,,,,,,,,,0
지수중학교,경남,중,공립,남여공학,경상남도 진주시 지수면 용봉로 7 (지수면. 지수중학교),0,,,0,,,,,,,,,,,,,,,,,,,,,0
진서중학교,경남,중,공립,남여공학,경상남도 진주시 수곡면 옥수로 625 (수곡면),0,,,0,,,,,,,,,,,,,,,,,,,,,0
진주남중학교,경남,중,공립,남자,경상남도 진주시 진주대로 900 (칠암동. 진주남중학교),0,,,0,,,,,,,,,,,,,,,,,,,,,0
진주봉원중학교,경남,중,공립,남여공학,경상남도 진주시 진주성로 169 . 진주봉원중학교 (상봉동),0,,,0,,,,,,,,,,,,,,,,,,,,,0
진명여자중학교,경남,중,공립,여자,경상남도 진주시 남강로1413번길 34 (하대동.진명여자중학교),0,,,0,,,,,,,,,,,,,,,,,,,,,0
진주여자중학교,경남,중,공립,여자,경상남도 진주시 평거로 195 (이현동.진주여자중학교),0,,,0,,,,,,,,,,,,,,,,,,,,,0
진주제일중학교,경남,중,공립,남자,경상남도 진주시 평거로 60 (평거동.진주제일중학교),0,,,1,2020.0,,,,,,,,,,,,,,,,,,,,0
진주중앙중학교,경남,중,공립,남자,경상남도 진주시 모덕로 287 (하대동. 진주중앙중학교),0,,,0,,,,,,,,,,,,,,,,,,,,,0
진주중학교,경남,중,공립,남자,경상남도 진주시 의곡길 15 (상봉동. 진주중학교),0,,,0,,,,,,,,,,,,,,,,,,,,,0
개양중학교,경남,중,공립,남여공학,경상남도 진주시 동부로 27 (가좌동. 개양중학교),0,,,0,,,,,,,,,,,,,,,,,,,,,0
경해여자중학교,경남,중,사립,여자,경상남도 진주시 남강로29번길 30-6 (평거동. 경해여자중학교),0,,,0,,,,,,,,,,,,,,,,,,,,,0
대아중학교,경남,중,사립,남자,경상남도 진주시 서장대로185번길 14 (이현동),0,,,0,,,,,,,,,,,,,,,,,,,,,0
삼현여자중학교,경남,중,사립,여자,경남 진주시 돗골로 115 (상평동.삼현여자중학교),0,,,0,,,,,,,,,,,,,,,,,,,,,0
진주동명중학교,경남,중,사립,남자,경상남도 진주시 대신로 454-25 (초전동.진주동명중),0,,,0,,,,,,,,,,,,,,,,,,,,,0
진주동중학교,경남,중,사립,남여공학,경상남도 진주시 금산면 중천로 42 (금산면. 진주동중학교),1,2023.0,교육활동 모델교,0,,,,,,,,,,,,,,,,,,,,,0
선인국제중학교,경남,중,사립,남여공학,경상남도 진주시 대곡면 월암로 341 (대곡면),0,,,0,,,,,,,,,,,,,,,,,,,,,0
광도초등학교,경남,초,공립,,경상남도 통영시 광도면 노산1길 16 .광도초등학교(광도면. 광도초등학교),0,,,0,,,,,,,,,,,,,,,,,,,,,0
남포초등학교,경남,초,공립,,경상남도 통영시 남포1길 22 (도남동. 남포초등학교),0,,,1,2016.0,,,,,,,,,,,,,,,,,,,,0
도산초등학교,경남,초,공립,,경상남도 통영시 도산면 도산일주로 25 (도산면. 도산초등학교),0,,,0,,,,,,,,,,,,,,,,,,,,,0
두룡초등학교,경남,초,공립,,경남 통영시 도천5길 33-11 . 두룡초등학교 (도천동.두룡초등학교),0,,,1,2017.0,,,,,,,,,,,,,,,,,,,,0
산양초등학교곤리분교장,경남,초,공립,,경상남도 통영시 산양읍 곤리길 96 (산양읍),0,,,0,,,,,,,,,,,,,,,,,,,,,0
벽방초등학교,경남,초,공립,,경상남도 통영시 광도면 안정로 815 . 벽방초등학교 (광도면),0,,,1,2020.0,,,,,,,,,,,,,,,,,,,,0
사량초등학교,경남,초,공립,,경상남도 통영시 사량면 상도일주로 1584 (사량면),0,,,0,,,,,,,,,,,,,,,,,,,,,0
산양초등학교,경남,초,공립,,경상남도 통영시 산양읍 산양중앙로 27 (산양읍),1,2023.0,정보교육실 구축교,0,,,,,,,,,,,,,,,,,,,,,0
산양초등학교학림분교장,경남,초,공립,,경상남도 통영시 산양읍 산양중앙로 27 (산양읍),0,,,0,,,,,,,,,,,,,,,,,,,,,0
산양초등학교풍화분교장,경남,초,공립,,경상남도 통영시 산양읍 풍화일주로 832 (산양읍),0,,,0,,,,,,,,,,,,,,,,,,,,,0
한려초등학교영운분교장,경남,초,공립,,경상남도 통영시 산양읍 산양일주로 236 (산양읍),0,,,0,,,,,,,,,,,,,,,,,,,,,0
원량초등학교연화분교장,경남,초,공립,,경상남도 통영시 욕지면 십리골길 40 . 원량초등학교 (욕지면. 원양초등학교연화분교장),0,,,0,,,,,,,,,,,,,,,,,,,,,0
원량초등학교,경남,초,공립,,경상남도 통영시 욕지면 서촌윗길 171-15 . 원량초등학교 (욕지면. 원량초등학교),0,,,0,,,,,,,,,,,,,,,,,,,,,0
원평초등학교,경남,초,공립,,경상남도 통영시 용남면 적촌길 203 (용남면. 원평초등학교),0,,,0,,,,,,,,,,,,,,,,,,,,,0
유영초등학교,경남,초,공립,,경상남도 통영시 중앙로 225 . 유영초 (북신동. 유영초등학교),1,2023.0,교육활동 모델교,0,,,,,,,,,,,,,,,,,,,,,0
인평초등학교,경남,초,공립,,경상남도 통영시 평인일주로 91-1 . 인평초등학교 (인평동),0,,,0,,,,,,,,,,,,,,,,,,,,,0
죽림초등학교,경남,초,공립,,경상남도 통영시 광도면 신죽1길 17 (광도면. 죽림초등학교),0,,,1,2019.0,,,,,,,,,,,,,,,,,,,,0
진남초등학교,경남,초,공립,,경상남도 통영시 도남로 38 (미수동. 진남초등학교),0,,,0,,,,,,,,,,,,,,,,,,,,,0
충렬초등학교,경남,초,공립,,경상남도 통영시 여황로 249 (명정동.충렬초등학교),0,,,0,,,,,,,,,,,,,,,,,,,,,0
충무초등학교,경남,초,공립,,경상남도 통영시 비석2길 24 (정량동.충무초등학교),1,2023.0,교육활동 모델교,1,2020.0,,,,,,,,,,,,,,,,,,,,1
통영초등학교,경남,초,공립,,경상남도 통영시 무전3길 57 . 통영초등학교 (무전동),0,,,0,,,,,,,,,,,,,,,,,,,,,0
한려초등학교,경남,초,공립,,경상남도 통영시 데메4길 50 (도남동.한려초등학교),1,2023.0,교육활동 모델교,1,2017.0,,,,,,,,,,,,,,,,,,,,1
한산초등학교,경남,초,공립,,경상남도 통영시 한산면 한산일주로 850-2 . 한산중학교 (한산면),0,,,0,,,,,,,,,,,,,,,,,,,,,0
제석초등학교,경남,초,공립,,경상남도 통영시 광도면 신죽1길 27 (광도면),0,,,1,2017.0,,,,,,,,,,,,,,,,,,,,0
도산중학교,경남,중,공립,남여공학,경상남도 통영시 도산면 도산일주로 34 (도산면. 도산중학교),0,,,0,,,,,,,,,,,,,,,,,,,,,0
사량중학교,경남,중,공립,남여공학,경상남도 통영시 사량면 진촌1길 72 (사량면. 사량중학교),0,,,0,,,,,,,,,,,,,,,,,,,,,0
산양중학교,경남,중,공립,남여공학,경상남도 통영시 산양읍 산양중앙로 47 (산양중학교),0,,,0,,,,,,,,,,,,,,,,,,,,,0
욕지중학교,경남,중,공립,남여공학,경상남도 통영시 욕지면 중촌길 121 (욕지면. 욕지중학교),0,,,0,,,,,,,,,,,,,,,,,,,,,0
충무여자중학교,경남,중,공립,여자,경상남도 통영시 평인일주로 75 (인평동.충무여자중학교),0,,,0,,,,,,,,,,,,,,,,,,,,,0
충무중학교,경남,중,공립,남자,경상남도 통영시 평인일주로 65 (인평동),0,,,0,,,,,,,,,,,,,,,,,,,,,0
통영여자중학교,경남,중,공립,여자,경상남도 통영시 도리1길 45 . 통영여자중학교 (도천동),1,2023.0,교육활동 모델교,1,2018.0,,,,,,,,,,,,,,,,,,,,1
통영중학교,경남,중,공립,남자,경상남도 통영시 봉수로 25 (봉평동. 통영중학교),0,,,0,,,,,,,,,,,,,,,,,,,,,0
한산중학교,경남,중,공립,남여공학,경상남도 통영시 한산면 한산일주로 850-2 (한산면),0,,,0,,,,,,,,,,,,,,,,,,,,,0
통영중앙중학교,경남,중,공립,남여공학,경상남도 통영시 무전3길 23-10 (무전동),1,2023.0,교육활동 모델교,1,2018.0,,,,,,,,,,,,,,,,,,,,1
충렬여자중학교,경남,중,사립,여자,경상남도 통영시 용남면 견내량로 70. 충렬여자중학교 (용남면),0,,,0,,,,,,,,,,,,,,,,,,,,,0
동원중학교,경남,중,사립,남자,경상남도 통영시 광도면 용호로 12-29 . 동원중학교 (광도면),0,,,0,,,,,,,,,,,,,,,,,,,,,0
곤양초등학교,경남,초,공립,,경상남도 사천시 곤양면 성내로 25 (곤양면. 곤양초등학교),0,,,0,,,,,,,,,,,,,,,,,,,,,0
노산초등학교,경남,초,공립,,경상남도 사천시 동금로 71 (동금동.노산초등학교),0,,,0,,,,,,,,,,,,,,,,,,,,,0
대성초등학교,경남,초,공립,,경상남도 사천시 좌룡1길 15 . 대성초등학교 (좌룡동),0,,,1,2018.0,,,,,,,,,,,,,,,,,,,,0
동성초등학교,경남,초,공립,,경상남도 사천시 정동면 동계길 45 (정동면),0,,,1,2019.0,,,,,,,,,,,,,,,,,,,,0
수양초등학교,경남,초,공립,,경상남도 사천시 사천읍 옥산로 60 (사천읍. 수양초등학교),0,,,0,,,,,,,,,,,,,,,,,,,,,0
문선초등학교,경남,초,공립,,경상남도 사천시 삼상로 25-12 .문선초등학교(벌리동),0,,,1,2016.0,,,,,,,,,,,,,,,,,,,,0
사천초등학교,경남,초,공립,,경상남도 사천시 사천읍 읍내로 59 (사천읍. 사천초등학교),0,,,1,2017.0,,,,,,,,,,,,,,,,,,,,0
삼성초등학교,경남,초,공립,,경상남도 사천시 사남면 사남로 1074 (사남면.삼성초등학교),0,,,1,2019.0,,,,,,,,,,,,,,,,,,,,0
삼천포초등학교,경남,초,공립,,경상남도 사천시 각산로 10 (선구동. 삼천포초등학교),0,,,0,,,,,,,,,,,,,,,,,,,,,0
대방초등학교마도분교장,경남,초,공립,,경상남도 사천시 마도길 23-43 . 대방초등학교 마도분교장 (마도동),0,,,0,,,,,,,,,,,,,,,,,,,,,0
서포초등학교,경남,초,공립,,경남 사천시 서포면 나분이길 9 (서포초등학교),0,,,1,2020.0,,,,,,,,,,,,,,,,,,,,0
삼천포초등학교신수도분교장,경남,초,공립,,경상남도 사천시 신수서길 1-46 (신수동.삼천포초등학교신수도분교,0,,,0,,,,,,,,,,,,,,,,,,,,,0
곤명초등학교,경남,초,공립,,경상남도 사천시 곤명면 완사3길 61 (곤명면. 곤명초등학교),1,2023.0,정보교육실 구축교,0,,,,,,,,,,,,,,,,,,,,,0
용산초등학교,경남,초,공립,,경상남도 사천시 삼상로 223-31 (봉남동. 용산초등학교),0,,,1,2018.0,,,,,,,,,,,,,,,,,,,,0
용현초등학교,경남,초,공립,,경상남도 사천시 용현면 진삼로 628 . 용현초등학교 (용현면),1,2023.0,교육활동 모델교,0,,,,,,,,,,,,,,,,,,,,,0
정동초등학교,경남,초,공립,,경상남도 사천시 정동면 대곡1길 25 . 정동초등학교 (정동면),0,,,0,,,,,,,,,,,,,,,,,,,,,0
축동초등학교,경남,초,공립,,경상남도 사천시 축동면 운계길 59-20 (축동면. 축동초등학교),0,,,0,,,,,,,,,,,,,,,,,,,,,0
사남초등학교,경남,초,공립,,경상남도 사천시 사남면 조동길 49-28 (사남면),1,2023.0,교육활동 모델교,1,2019.0,,,,,,,,,,,,,,,,,,,,1
곤양중학교,경남,중,공립,남여공학,경상남도 사천시 곤양면 광포만로 21 (곤양면. 곤양중학교),0,,,0,,,,,,,,,,,,,,,,,,,,,0
사천중학교,경남,중,공립,남자,경상남도 사천시 사천읍 동문로 20 (사천읍),0,,,0,,,,,,,,,,,,,,,,,,,,,0
삼천포제일중학교,경남,중,공립,남자,경상남도 사천시 상강청길 34 (용강동),0,,,1,2020.0,,,,,,,,,,,,,,,,,,,,0
삼천포중앙여자중학교,경남,중,공립,여자,경상남도 사천시 삼상로 147 (벌리동. 삼천포중앙여자중학교),0,,,0,,,,,,,,,,,,,,,,,,,,,0
서포중학교,경남,중,공립,남여공학,경상남도 사천시 서포면 서포로 293-6 (서포면. 서포중학교),0,,,0,,,,,,,,,,,,,,,,,,,,,0
사천여자중학교,경남,중,공립,여자,경상남도 사천시 정동면 서당길 32 (정동면. 사천여자중학교),0,,,0,,,,,,,,,,,,,,,,,,,,,0
곤명중학교,경남,중,사립,남여공학,경상남도 사천시 곤명면 송림길 34 (곤명면. 곤명중학교),0,,,0,,,,,,,,,,,,,,,,,,,,,0
남양중학교,경남,중,사립,남여공학,경상남도 사천시 진삼로 147 (송포동. 남양중학교),0,,,0,,,,,,,,,,,,,,,,,,,,,0
삼천포여자중학교,경남,중,사립,여자,경상남도 사천시 강청길 58-19 (용강동. 삼천포여자중학교),0,,,0,,,,,,,,,,,,,,,,,,,,,0
삼천포중학교,경남,중,사립,남자,경상남도 사천시 벌리6길 77 (벌리동.삼천포중고등학교),0,,,0,,,,,,,,,,,,,,,,,,,,,0
용남중학교,경남,중,사립,남여공학,경상남도 사천시 용현면 선진길 24 . 용남중고등학교 (용현면),0,,,0,,,,,,,,,,,,,,,,,,,,,0
관동초등학교,경남,초,공립,,경상남도 김해시 율하3로 110 (관동동. 관동초등학교),1,2023.0,교육활동 모델교,1,2016.0,,,,,,,,,,,,,,,,,,,,1
능동초등학교,경남,초,공립,,경상남도 김해시 번화1로123번길 20 (삼문동. 능동초등학교),0,,,1,2018.0,,,,,,,,,,,,,,,,,,,,0
김해신안초등학교,경남,초,공립,,경상남도 김해시 팔판로 8 (관동동. 신안초등학교),0,,,0,,,,,,,,,,,,,,,,,,,,,0
분성초등학교,경남,초,공립,,경상남도 김해시 가야로147번길 15 (삼계동),0,,,0,,,,,,,,,,,,,,,,,,,,,0
대청초등학교,경남,초,공립,,경상남도 김해시 반룡로 53 . 대청초등학교 (대청동),0,,,0,,,,,,,,,,,,,,,,,,,,,0
김해대곡초등학교,경남,초,공립,,경상남도 김해시 활천로 195-71 . 김해대곡초등학교 (어방동. 김해대곡초등학교),1,2023.0,교육활동 모델교,1,2020.0,,,,,,,,,,,,,,,,,,,,1
김해구지초등학교,경남,초,공립,,경상남도 김해시 구산로5번길 45 . 김해구지초등학교 (구산동),1,2023.0,정보교육실 구축교,1,2019.0,,,,,,,,,,,,,,,,,,,,1
김해신명초등학교,경남,초,공립,,경상남도 김해시 가야로 31 (삼계동),1,2023.0,정보교육실 구축교,0,,,,,,,,,,,,,,,,,,,,,0
진영금병초등학교,경남,초,공립,,경상남도 김해시 진영읍 장등로 37 . 진영금병초등학교 (진영읍. 금병초등학교),0,,,0,,,,,,,,,,,,,,,,,,,,,0
덕정초등학교,경남,초,공립,,경상남도 김해시 대청로 31 (관동동),0,,,0,,,,,,,,,,,,,,,,,,,,,0
김해가야초등학교,경남,초,공립,,경상남도 김해시 분성로3번길 45 (외동. 가야초등학교),0,,,0,,,,,,,,,,,,,,,,,,,,,0
경운초등학교,경남,초,공립,,경상남도 김해시 우암로73번길 8 (내동. 경운초등학교),0,,,0,,,,,,,,,,,,,,,,,,,,,0
계동초등학교,경남,초,공립,,경상남도 김해시 계동로 96 . 333-1 (대청동),0,,,0,,,,,,,,,,,,,,,,,,,,,0
구봉초등학교,경남,초,공립,,경상남도 김해시 구지로 99-26 (구산동. 구봉초등학교),0,,,0,,,,,,,,,,,,,,,,,,,,,0
금동초등학교,경남,초,공립,,경상남도 김해시 상동면 상동로 551-13 (상동면. 금동초교),0,,,0,,,,,,,,,,,,,,,,,,,,,0
김해내동초등학교,경남,초,공립,,경상남도 김해시 평전로 151 (내동. 내동초등학교),0,,,0,,,,,,,,,,,,,,,,,,,,,0
김해동광초등학교,경남,초,공립,,경상남도 김해시 호계로500번길 15-15 (동상동.동광초등학교),0,,,1,2018.0,,,,,,,,,,,,,,,,,,,,0
김해봉황초등학교,경남,초,공립,,경상남도 김해시 전하로198번길 5 (전하동. 봉황초등학교),0,,,0,,,,,,,,,,,,,,,,,,,,,0
김해부곡초등학교,경남,초,공립,,경상남도 김해시 월산로 139 (부곡동. 김해부곡초등학교),0,,,0,,,,,,,,,,,,,,,,,,,,,0
김해삼성초등학교,경남,초,공립,,경상남도 김해시 인제로51번길 42 . 김해삼성초등학교 (삼정동.김해삼성초등학교),0,,,0,,,,,,,,,,,,,,,,,,,,,0
김해외동초등학교,경남,초,공립,,경상남도 김해시 금관대로1190번길 55-7 (외동.김해외동초등학교),1,2023.0,교육활동 모델교,1,2018.0,,,,,,,,,,,,,,,,,,,,1
김해합성초등학교,경남,초,공립,,경상남도 김해시 가락로 111-12 (서상동.합성초등학교),0,,,0,,,,,,,,,,,,,,,,,,,,,0
김해활천초등학교,경남,초,공립,,경상남도 김해시 삼안로24번길 7 (지내동. 김해활천초등학교),0,,,0,,,,,,,,,,,,,,,,,,,,,0
대감초등학교,경남,초,공립,,경상남도 김해시 대동면 대동로 993 . 대감초등학교 (대동면),0,,,0,,,,,,,,,,,,,,,,,,,,,0
대동초등학교,경남,초,공립,,경상남도 김해시 대동면 대동로 613 (대동면.대동초등학교),0,,,0,,,,,,,,,,,,,,,,,,,,,0
대중초등학교,경남,초,공립,,경상남도 김해시 대동면 대동로 287 (대동면),0,,,0,,,,,,,,,,,,,,,,,,,,,0
대진초등학교,경남,초,공립,,경상남도 김해시 진례면 고모로327번길 19 (진례면. 대진초등학교),0,,,0,,,,,,,,,,,,,,,,,,,,,0
봉명초등학교,경남,초,공립,,경상남도 김해시 함박로 74 봉명초등학교 (외동),0,,,0,,,,,,,,,,,,,,,,,,,,,0
삼문초등학교,경남,초,공립,,경상남도 김해시 번화2로 104 (삼문동. 삼문초등학교),1,2023.0,교육활동 모델교,0,,,,,,,,,,,,,,,,,,,,,0
삼방초등학교,경남,초,공립,,경상남도 김해시 삼안로235번길 20 . 삼방초등학교  (삼방동),0,,,1,2018.0,,,,,,,,,,,,,,,,,,,,0
생림초등학교,경남,초,공립,,경상남도 김해시 생림면 봉림로 80-10 (생림면. 생림초등학교),0,,,1,2019.0,,,,,,,,,,,,,,,,,,,,0
석봉초등학교,경남,초,공립,,경상남도 김해시 월산로 27 (부곡동. 석봉초등학교),0,,,0,,,,,,,,,,,,,,,,,,,,,0
수남초등학교,경남,초,공립,,경상남도 김해시 율하2로 183 (율하동.수남초등학교),0,,,0,,,,,,,,,,,,,,,,,,,,,0
신어초등학교,경남,초,공립,,경상남도 김해시 활천로 303 (삼방동. 신어초등학교),0,,,0,,,,,,,,,,,,,,,,,,,,,0
안명초등학교,경남,초,공립,,경상남도 김해시 한림면 안하로 28 . 안명초등학교 (한림면),0,,,0,,,,,,,,,,,,,,,,,,,,,0
어방초등학교,경남,초,공립,,경상남도 김해시 활천로 159 . 어방초등학교 (어방동),0,,,0,,,,,,,,,,,,,,,,,,,,,0
영운초등학교,경남,초,공립,,경상남도 김해시 인제로284번길 47 . 영운초등학교 (삼방동),0,,,0,,,,,,,,,,,,,,,,,,,,,0
월산초등학교,경남,초,공립,,경상남도 김해시 능동로 123 (부곡동. 월산초등학교),0,,,0,,,,,,,,,,,,,,,,,,,,,0
이북초등학교,경남,초,공립,,경상남도 김해시 한림면 한림로 98-9 . 이북초등학교 (한림면),0,,,0,,,,,,,,,,,,,,,,,,,,,0
이작초등학교,경남,초,공립,,경상남도 김해시 생림면 마사로241번길 12 (생림면.이작초등학교),0,,,1,2019.0,,,,,,,,,,,,,,,,,,,,0
임호초등학교,경남,초,공립,,경상남도 김해시 함박로 163 (외동),0,,,0,,,,,,,,,,,,,,,,,,,,,0
장유초등학교,경남,초,공립,,경상남도 김해시 능동로 190 (무계동.장유초등학교),0,,,0,,,,,,,,,,,,,,,,,,,,,0
주동초등학교,경남,초,공립,,경상남도 김해시 주촌면 서부로 1701 . 안길 42 (주촌면),0,,,0,,,,,,,,,,,,,,,,,,,,,0
주석초등학교,경남,초,공립,,경상남도 김해시 월산로 81-36 (부곡동),0,,,0,,,,,,,,,,,,,,,,,,,,,0
주촌초등학교,경남,초,공립,,경상남도 김해시 주촌면 서부로1541번길 8 (주촌면.주촌초등학교),1,2023.0,정보교육실 구축교,0,,,,,,,,,,,,,,,,,,,,,0
진례초등학교,경남,초,공립,,경상남도 김해시 진례면 송현로 74-12 (진례면),1,2023.0,교육활동 모델교,0,,,,,,,,,,,,,,,,,,,,,0
진영대창초등학교,경남,초,공립,,경상남도 김해시 진영읍 진영로 236 . 진영대창초등학교 (진영읍),0,,,0,,,,,,,,,,,,,,,,,,,,,0
진영대흥초등학교,경남,초,공립,,경상남도 김해시 진영읍 진영로120번길 2-4 (진영읍. 진영대흥초등학교),0,,,1,2018.0,,,,,,,,,,,,,,,,,,,,0
칠산초등학교,경남,초,공립,,경상남도 김해시 칠산로413 .16-2 (화목동),1,2023.0,교육활동 모델교,0,,,,,,,,,,,,,,,,,,,,,0
한림초등학교,경남,초,공립,,경상남도 김해시 한림면 한림로371번길 47 (한림면. 한림초등학교),0,,,0,,,,,,,,,,,,,,,,,,,,,0
화정초등학교,경남,초,공립,,경상남도 김해시 삼계중앙로5번길 24 (삼계동),0,,,1,2018.0,,,,,,,,,,,,,,,,,,,,0
율하초등학교,경남,초,공립,,경상남도 김해시 율하2로58번길 7 (율하동. 율하초등학교),0,,,0,,,,,,,,,,,,,,,,,,,,,0
진영중앙초등학교,경남,초,공립,,경상남도 김해시 진영읍 장등로19번길 73 (진영읍),0,,,0,,,,,,,,,,,,,,,,,,,,,0
분성중학교,경남,중,공립,남여공학,경상남도 김해시 삼계로 199 . 분성중학교 (삼계동),0,,,0,,,,,,,,,,,,,,,,,,,,,0
김해대곡중학교,경남,중,공립,남여공학,경상남도 김해시 활천로 195-35 (어방동.김해대곡중학교),0,,,0,,,,,,,,,,,,,,,,,,,,,0
내덕중학교,경남,중,공립,남여공학,경상남도 김해시 내덕로 80 (내덕동. 내덕중학교),0,,,0,,,,,,,,,,,,,,,,,,,,,0
진영중학교,경남,중,공립,남여공학,경상남도 김해시 진영읍 장등로 29 (진영읍. 진영중학교),0,,,0,,,,,,,,,,,,,,,,,,,,,0
봉명중학교,경남,중,공립,남여공학,경상남도 김해시 분성로134번길 40 (외동),0,,,0,,,,,,,,,,,,,,,,,,,,,0
활천중학교,경남,중,공립,남여공학,경상남도 김해시 분성로 707 . 40 (지내동),0,,,0,,,,,,,,,,,,,,,,,,,,,0
수남중학교,경남,중,공립,남여공학,경상남도 김해시 율하2로 197 (율하동),1,2023.0,교육활동 모델교,1,2018.0,,,,,,,,,,,,,,,,,,,,1
관동중학교,경남,중,공립,남여공학,경상남도 김해시 덕정로 77 . 관동중학교 (관동동),0,,,1,2018.0,,,,,,,,,,,,,,,,,,,,0
구산중학교,경남,중,공립,남여공학,경상남도 김해시 구산로5번길 31 (구산동. 구산중학교),1,2023.0,교육활동 모델교,1,2020.0,,,,,,,,,,,,,,,,,,,,1
김해대동중학교,경남,중,공립,남여공학,경상남도 김해시 대동면 동남로49번길 14 (대동면. 김해대동중교),0,,,0,,,,,,,,,,,,,,,,,,,,,0
김해삼계중학교,경남,중,공립,남여공학,경상남도 김해시 가야로38번길 40 (삼계동),0,,,0,,,,,,,,,,,,,,,,,,,,,0
김해서중학교,경남,중,공립,남자,경상남도 김해시 구지로 99-18 (구산동. 김해서중학교),0,,,0,,,,,,,,,,,,,,,,,,,,,0
김해여자중학교,경남,중,공립,여자,경상남도 김해시 구지로 127 (대성동.김해여자중학교),0,,,0,,,,,,,,,,,,,,,,,,,,,0
김해중학교,경남,중,공립,남자,경상남도 김해시 호계로 456 (부원동. 김해중학교),0,,,0,,,,,,,,,,,,,,,,,,,,,0
내동중학교,경남,중,공립,남여공학,경상남도 김해시 평전로 135 (내동. 내동중학교),0,,,0,,,,,,,,,,,,,,,,,,,,,0
능동중학교,경남,중,공립,남여공학,경상남도 김해시 번화1로123번길 34-14 (삼문동. 능동중학교),0,,,0,,,,,,,,,,,,,,,,,,,,,0
삼정중학교,경남,중,공립,남여공학,경상남도 김해시 인제로51번길 32 (삼정동 636),0,,,0,,,,,,,,,,,,,,,,,,,,,0
생림중학교,경남,중,공립,남여공학,경상남도 김해시 생림면 마사로 106 (생림면. 생림중학교),0,,,0,,,,,,,,,,,,,,,,,,,,,0
가야중학교,경남,중,공립,남여공학,경상남도 김해시 경원로 95 (내동.가야중학교),1,2023.0,교육활동 모델교,1,2018.0,,,,,,,,,,,,,,,,,,,,1
신어중학교,경남,중,공립,남여공학,경상남도 김해시 삼안로195번길 7 (삼방동. 신어중학교),0,,,0,,,,,,,,,,,,,,,,,,,,,0
영운중학교,경남,중,공립,남여공학,경상남도 김해시 인제로284번길 49 (삼방동),0,,,1,2017.0,,,,,,,,,,,,,,,,,,,,0
임호중학교,경남,중,공립,남여공학,경상남도 김해시 내외로 117 (내동. 임호중학교),0,,,0,,,,,,,,,,,,,,,,,,,,,0
진영여자중학교,경남,중,공립,여자,경상남도 김해시 진영읍 여래로19번길 15-33 (진영읍),0,,,0,,,,,,,,,,,,,,,,,,,,,0
경운중학교,경남,중,공립,남여공학,경상남도 김해시 우암로 62 (내동.경운중학교),0,,,0,,,,,,,,,,,,,,,,,,,,,0
한얼중학교,경남,중,공립,남자,경상남도 김해시 진영읍 진영로265번길 9-8 . 한얼중학교 (진영읍),0,,,0,,,,,,,,,,,,,,,,,,,,,0
대청중학교,경남,중,공립,남여공학,경상남도 김해시 번화1로 8 (대청동. 대청중학교),0,,,0,,,,,,,,,,,,,,,,,,,,,0
김해중앙여자중학교,경남,중,사립,여자,경상남도 김해시 분성로376번길 21-22 (동상동),0,,,0,,,,,,,,,,,,,,,,,,,,,0
율하중학교,경남,중,공립,남여공학,경상남도 김해시 율하1로 39 (율하동. 율하중학교),1,2023.0,교육활동 모델교,1,2018.0,,,,,,,,,,,,,,,,,,,,1
월산중학교,경남,중,공립,남여공학,경상남도 김해시 월산로 104 (월산중학교. 부곡동),0,,,0,,,,,,,,,,,,,,,,,,,,,0
장유중학교,경남,중,사립,남여공학,경상남도 김해시 장유로 420 . 장유중학교 (신문동),0,,,0,,,,,,,,,,,,,,,,,,,,,0
진례중학교,경남,중,사립,남여공학,경상남도 김해시 진례면 송현로 77-7 . 진례중학교 (진례면),0,,,0,,,,,,,,,,,,,,,,,,,,,0
한림중학교,경남,중,사립,남여공학,경상남도 김해시 한림면 한림로365번길 33 한림중학교 (한림면),0,,,0,,,,,,,,,,,,,,,,,,,,,0
무안초등학교,경남,초,공립,,경상남도 밀양시 무안면 사명로 531 . 무안초등학교 (무안면),0,,,0,,,,,,,,,,,,,,,,,,,,,0
밀성초등학교,경남,초,공립,,경상남도 밀양시 석정로 139 (내이동. 밀성초등학교),0,,,0,,,,,,,,,,,,,,,,,,,,,0
밀양초등학교,경남,초,공립,,경상남도 밀양시 중앙로 282-12 (삼문동. 밀양초등학교),0,,,0,,,,,,,,,,,,,,,,,,,,,0
밀주초등학교,경남,초,공립,,경상남도 밀양시 가곡13길 24 (가곡동. 밀주초등학교),0,,,0,,,,,,,,,,,,,,,,,,,,,0
미리벌초등학교,경남,초,공립,,경상남도 밀양시 미리벌로 41-22 (삼문동. 미리벌초등학교),0,,,0,,,,,,,,,,,,,,,,,,,,,0
부북초등학교,경남,초,공립,,경상남도 밀양시 부북면 운전2길 22 . 부북초등학교 (부북면. 부북초등학교),0,,,1,2020.0,,,,,,,,,,,,,,,,,,,,0
사포초등학교,경남,초,공립,,경상남도 밀양시 부북면 예림서원로 18-3 (부북면. 사포초등학교),0,,,0,,,,,,,,,,,,,,,,,,,,,0
산내초등학교,경남,초,공립,,경상남도 밀양시 산내면 산내로 335 (산내면. 산내초등학교),0,,,0,,,,,,,,,,,,,,,,,,,,,0
산내남명초등학교,경남,초,공립,,경상남도 밀양시 산내면 산내로 1143 (산내면. 산내남명초교),0,,,0,,,,,,,,,,,,,,,,,,,,,0
산동초등학교,경남,초,공립,,경상남도 밀양시 단장면 표충로 889-6 (단장면. 산동초등학교),0,,,0,,,,,,,,,,,,,,,,,,,,,0
산외초등학교,경남,초,공립,,경상남도 밀양시 산외면 산외로 257 . 산외초등학교 (산외면. 산외초등학교),0,,,0,,,,,,,,,,,,,,,,,,,,,0
삼랑진초등학교,경남,초,공립,,경상남도 밀양시 삼랑진읍 만어로 11 (삼랑진읍),0,,,0,,,,,,,,,,,,,,,,,,,,,0
상동초등학교,경남,초,공립,,경상남도 밀양시 상동면 금산5길 4 (상동면.상동초등학교),0,,,1,2017.0,,,,,,,,,,,,,,,,,,,,0
송진초등학교,경남,초,공립,,경상남도 밀양시 삼랑진읍 삼랑진로 206 (삼랑진읍. 송진초등학교),0,,,0,,,,,,,,,,,,,,,,,,,,,0
수산초등학교,경남,초,공립,,경상남도 밀양시 하남읍 수산중앙로 59 (하남읍. 수산초등학교),0,,,0,,,,,,,,,,,,,,,,,,,,,0
숭진초등학교,경남,초,공립,,경상남도 밀양시 삼랑진읍 삼랑진로 1286 . 숭진초등학교 (삼랑진읍),0,,,0,,,,,,,,,,,,,,,,,,,,,0
예림초등학교,경남,초,공립,,경상남도 밀양시 상남면 밀양대로 1524 . 예림초등학교 (상남면),0,,,0,,,,,,,,,,,,,,,,,,,,,0
청도초등학교,경남,초,공립,,경상남도 밀양시 청도면 두곡4길 13 . 청도초등학교 (청도면),0,,,0,,,,,,,,,,,,,,,,,,,,,0
초동초등학교,경남,초,공립,,경상남도 밀양시 초동면 초동로 321 (초동면. 초동초등학교),0,,,1,2019.0,,,,,,,,,,,,,,,,,,,,0
태룡초등학교,경남,초,공립,,경상남도 밀양시 단장면 국전로 15-8 . 태룡초등학교 (단장면),0,,,0,,,,,,,,,,,,,,,,,,,,,0
무안중학교,경남,중,공립,남여공학,경상남도 밀양시 무안면 사명로 617-18 (무안면. 무안중학교),0,,,0,,,,,,,,,,,,,,,,,,,,,0
밀양여자중학교,경남,중,공립,여자,경상남도 밀양시 삼문강변로 2 (삼문동. 밀양여자중학교),0,,,1,2018.0,,,,,,,,,,,,,,,,,,,,0
밀양중학교,경남,중,공립,남자,경상남도 밀양시 삼문중앙로4길 19 (삼문동),0,,,0,,,,,,,,,,,,,,,,,,,,,0
미리벌중학교,경남,중,공립,남여공학,경상남도 밀양시 청도면 창밀로 2232 (청도면),0,,,0,,,,,,,,,,,,,,,,,,,,,0
동명중학교,경남,중,사립,남여공학,경상남도 밀양시 하남읍 동명길 14 (하남읍),0,,,0,,,,,,,,,,,,,,,,,,,,,0
밀성여자중학교,경남,중,사립,여자,경상남도 밀양시 밀성로 17 . 밀성여자중학교 (내이동),0,,,0,,,,,,,,,,,,,,,,,,,,,0
밀성중학교,경남,중,사립,남자,경상남도 밀양시 석정로 127 밀성중학교,0,,,0,,,,,,,,,,,,,,,,,,,,,0
밀양동강중학교,경남,중,사립,남여공학,경상남도 밀양시 산내면 송백2길 26 (산내면. 밀양동강중학교),0,,,0,,,,,,,,,,,,,,,,,,,,,0
삼랑진중학교,경남,중,사립,남여공학,경상남도 밀양시 삼랑진읍 만어로 16 (삼랑진읍),0,,,0,,,,,,,,,,,,,,,,,,,,,0
세종중학교,경남,중,사립,남자,경상남도 밀양시 가곡8길 28 (가곡동),0,,,0,,,,,,,,,,,,,,,,,,,,,0
동국대학교사범대학부속홍제중학교,경남,중,사립,남여공학,경상남도 밀양시 단장면 표충로 106 (단장면. 홍제중학교),1,2023.0,교육활동 모델교,0,,,,,,,,,,,,,,,,,,,,,0
사등초등학교,경남,초,공립,,경상남도 거제시 사등면 성포로 21 (사등면. 사등초등학교),0,,,0,,,,,,,,,,,,,,,,,,,,,0
거제초등학교,경남,초,공립,,경상남도 거제시 거제면 읍내로2길 20 (거제면. 거제초등학교),0,,,0,,,,,,,,,,,,,,,,,,,,,0
계룡초등학교,경남,초,공립,,경상남도 거제시 거제중앙로 1821-7 (고현동) 164번지,1,2023.0,교육활동 모델교,1,2017.0,,,,,,,,,,,,,,,,,,,,1
거제중앙초등학교,경남,초,공립,,경상남도 거제시 중곡로2길 45 . 거제중앙초등학교 (고현동),0,,,0,,,,,,,,,,,,,,,,,,,,,0
국산초등학교,경남,초,공립,,경상남도 거제시 국산1길 2 (옥포동.국산초등학교),0,,,0,,,,,,,,,,,,,,,,,,,,,0
기성초등학교,경남,초,공립,,경상남도 거제시 사등면 언양로 541 (사등면),0,,,0,,,,,,,,,,,,,,,,,,,,,0
능포초등학교,경남,초,공립,,경상남도 거제시 능포로 208 (능포동.능포초등학교),0,,,0,,,,,,,,,,,,,,,,,,,,,0
동부초등학교율포분교장,경남,초,공립,,경상남도 거제시 동부면 율포4길 1 (동부면. 동부초등학교율포분교),0,,,0,,,,,,,,,,,,,,,,,,,,,0
마전초등학교,경남,초,공립,,경상남도 거제시 마전2길 3-4 (장승포동. 마전초등학교),0,,,0,,,,,,,,,,,,,,,,,,,,,0
명사초등학교,경남,초,공립,,경상남도 거제시 남부면 명사해수욕장길 11 (남부면. 명사초등학교),0,,,0,,,,,,,,,,,,,,,,,,,,,0
송정초등학교,경남,초,공립,,경상남도 거제시 연초면 송정이목로 47 (연초면. 송정초등학교),0,,,0,,,,,,,,,,,,,,,,,,,,,0
수월초등학교,경남,초,공립,,경상남도 거제시 수양로 420 (수월동. 수월초등학교),0,,,0,,,,,,,,,,,,,,,,,,,,,0
숭덕초등학교,경남,초,공립,,경상남도 거제시 둔덕면 거제남서로 4720 (둔덕면. 숭덕초등학교),0,,,0,,,,,,,,,,,,,,,,,,,,,0
신현초등학교,경남,초,공립,,경상남도 거제시 서문로1길 7 (고현동. 신현초등학교),0,,,0,,,,,,,,,,,,,,,,,,,,,0
아주초등학교,경남,초,공립,,경상남도 거제시 탑곡로4길 24 (아주동. 아주초등학교),0,,,0,,,,,,,,,,,,,,,,,,,,,0
양지초등학교,경남,초,공립,,경상남도 거제시 장평1로 170.양지초등학교 (장평동. 양지초등학교),0,,,0,,,,,,,,,,,,,,,,,,,,,0
연초초등학교,경남,초,공립,,경상남도 거제시 연초면 거제대로 4280 (연초면. 연초초등학교),1,2023.0,교육활동 모델교,1,2015.0,,,,,,,,,,,,,,,,,,,,1
외간초등학교,경남,초,공립,,경상남도 거제시 거제면 외간옥산1길 10 (거제면. 외간초등학교),1,2023.0,교육활동 모델교,0,,,,,,,,,,,,,,,,,,,,,0
오량초등학교,경남,초,공립,,경상남도 거제시 사등면 거제남서로 5405 오량초등학교,0,,,0,,,,,,,,,,,,,,,,,,,,,0
오비초등학교,경남,초,공립,,경상남도 거제시 연초면 오비5길 21 (연초면),0,,,0,,,,,,,,,,,,,,,,,,,,,0
옥포초등학교,경남,초,공립,,경상남도 거제시 옥포로13길 12 (옥포동. 옥포초등학교),0,,,0,,,,,,,,,,,,,,,,,,,,,0
외포초등학교,경남,초,공립,,경상남도 거제시 장목면 외포5길 7 (장목면.외포초등학교),0,,,0,,,,,,,,,,,,,,,,,,,,,0
일운초등학교,경남,초,공립,,경상남도 거제시 일운면 지세포로 74 (일운면. 일운초등학교),0,,,0,,,,,,,,,,,,,,,,,,,,,0
장목초등학교,경남,초,공립,,경상남도 거제시 장목면 거제북로 1220 (장목면),1,2023.0,정보교육실 구축교,0,,,,,,,,,,,,,,,,,,,,,0
장승포초등학교,경남,초,공립,,경상남도 거제시 신부로1길 19 (장승포동. 장승포초등학교),0,,,0,,,,,,,,,,,,,,,,,,,,,0
장평초등학교,경남,초,공립,,경상남도 거제시 장평1로 116 (장평동),1,2023.0,교육활동 모델교,0,,,,,,,,,,,,,,,,,,,,,0
중곡초등학교,경남,초,공립,,경상남도 거제시 중곡로 27 . 중곡초등학교 (고현동. 중곡초등학교),0,,,0,,,,,,,,,,,,,,,,,,,,,0
창호초등학교,경남,초,공립,,경상남도 거제시 사등면 가조로 1281-16 . 창호초등학교 (사등면. 창호초등학교),0,,,1,2018.0,,,,,,,,,,,,,,,,,,,,0
칠천초등학교,경남,초,공립,,경상남도 거제시 하청면 칠천로 372 . 칠천초등학교 (하청면),0,,,0,,,,,,,,,,,,,,,,,,,,,0
하청초등학교,경남,초,공립,,경상남도 거제시 하청면 하청로 22 (하청면. 하청초등학교),0,,,0,,,,,,,,,,,,,,,,,,,,,0
진목초등학교,경남,초,공립,,경상남도 거제시 진목1길 101 (옥포동. 진목초등학교),0,,,0,,,,,,,,,,,,,,,,,,,,,0
거제고현초등학교,경남,초,공립,,경상남도 거제시 계룡로 25 . 거제고현초등학교 (상동동),0,,,1,2019.0,,,,,,,,,,,,,,,,,,,,0
삼룡초등학교,경남,초,공립,,경상남도 거제시 거제중앙로 1548 (문동동.삼룡초등학교),1,2023.0,교육활동 모델교,1,2020.0,,,,,,,,,,,,,,,,,,,,1
제산초등학교,경남,초,공립,,경상남도 거제시 제산로 70 (양정동.제산초등학교),0,,,1,2019.0,,,,,,,,,,,,,,,,,,,,0
거제상동초등학교,경남,초,공립,,경상남도 거제시 상동5길 75-41 거제상동초등학교(상동동. 거제상동초등학교),1,2023.0,교육활동 모델교,0,,,,,,,,,,,,,,,,,,,,,0
내곡초등학교,경남,초,공립,,경상남도 거제시 아주2로 112 . 내곡초등학교 (아주동),1,2023.0,교육활동 모델교,0,,,,,,,,,,,,,,,,,,,,,0
대우초등학교,경남,초,사립,,경상남도 거제시 아주로3길 63 . 대우초등학교 (아주동. 대우초등학교),0,,,0,,,,,,,,,,,,,,,,,,,,,0
거제양정초등학교,경남,초,공립,,경상남도 거제시 양정2길 15 . 거제양정초등학교 (양정동),0,,,0,,,,,,,,,,,,,,,,,,,,,0
거제중앙중학교,경남,중,공립,남여공학,경상남도 거제시 중곡로2길 51 (고현동. 거제중앙중학교),0,,,1,2016.0,,,,,,,,,,,,,,,,,,,,0
거제장평중학교,경남,중,공립,남여공학,경상남도 거제시 장평4로 40 (장평동. 장평중학교),0,,,0,,,,,,,,,,,,,,,,,,,,,0
수월중학교,경남,중,공립,남여공학,경상남도 거제시 해명로 70 (수월동),1,2023.0,교육활동 모델교,1,2020.0,,,,,,,,,,,,,,,,,,,,1
거제고현중학교,경남,중,공립,남여공학,경상남도 거제시 거제중앙로7길 19 (고현동. 거제고현중학교),0,,,0,,,,,,,,,,,,,,,,,,,,,0
거제제일중학교,경남,중,공립,남여공학,경상남도 거제시 거제면 읍내로13길 12 . 거제제일중학교 (거제면),0,,,0,,,,,,,,,,,,,,,,,,,,,0
동부중학교,경남,중,공립,남여공학,경상남도 거제시 동부면 동부로 28-6 (동부면. 동부중학교),0,,,0,,,,,,,,,,,,,,,,,,,,,0
성포중학교,경남,중,공립,남여공학,경상남도 거제시 사등면 가조로 46 . 성포중학교 (사등면. 성포중학교),0,,,0,,,,,,,,,,,,,,,,,,,,,0
신현중학교,경남,중,공립,남여공학,경상남도 거제시 서문로1길 17 (고현동),0,,,0,,,,,,,,,,,,,,,,,,,,,0
옥포성지중학교,경남,중,공립,남여공학,경상남도 거제시 거제대로 3699 (옥포동),0,,,1,2018.0,,,,,,,,,,,,,,,,,,,,0
연초중학교,경남,중,공립,남여공학,경상남도 거제시 연초면 죽토양지1길 26 (연초면. 연초중학교),0,,,0,,,,,,,,,,,,,,,,,,,,,0
옥포중학교,경남,중,공립,남여공학,경상남도 거제시 옥포대첩로 99 . 옥포중학교 (옥포동),0,,,1,2016.0,,,,,,,,,,,,,,,,,,,,0
지세포중학교,경남,중,공립,남여공학,경상남도 거제시 일운면 지세포3길 3 . 지세포중학교 (일운면),0,,,0,,,,,,,,,,,,,,,,,,,,,0
하청중학교,경남,중,공립,남여공학,경상남도 거제시 하청면 서리1길 5 (하청면. 하청중학교),0,,,0,,,,,,,,,,,,,,,,,,,,,0
계룡중학교,경남,중,공립,남여공학,경상남도 거제시 고현로14길 37 (고현동. 계룡중학교),0,,,1,2016.0,,,,,,,,,,,,,,,,,,,,0
거제중학교,경남,중,사립,남여공학,경상남도 거제시 아주로3길 61 (아주동. 거제중학교),1,2023.0,교육활동 모델교,1,2019.0,,,,,,,,,,,,,,,,,,,,1
장목중학교,경남,중,사립,남여공학,경상남도 거제시 장목면 옥포대첩로1595-8 (장목면),0,,,0,,,,,,,,,,,,,,,,,,,,,0
둔덕중학교,경남,중,사립,남여공학,경상남도 거제시 둔덕면 하둔3길 7-3 (둔덕면) 둔덕중학교,0,,,0,,,,,,,,,,,,,,,,,,,,,0
외포중학교,경남,중,사립,남여공학,경상남도 거제시 장목면 옥포대첩로 942 . 외포중학교 (장목면),0,,,0,,,,,,,,,,,,,,,,,,,,,0
해성중학교,경남,중,사립,남여공학,경상남도 거제시 두모길 4-2 (장승포동. 해성중학교),0,,,0,,,,,,,,,,,,,,,,,,,,,0
가례초등학교,경남,초,공립,,경상남도 의령군 가례면 가례로 128 (가례면. 가례초등학교),1,2023.0,정보교육실 구축교,0,,,,,,,,,,,,,,,,,,,,,0
궁류초등학교,경남,초,공립,,경상남도 의령군 궁류면 궁류로5길 14 . 궁류초등학교 (궁류면),0,,,0,,,,,,,,,,,,,,,,,,,,,0
낙서초등학교,경남,초,공립,,경상남도 의령군 낙서면 낙동강로 773-6 (낙서면. 낙서초등학교),0,,,0,,,,,,,,,,,,,,,,,,,,,0
남산초등학교,경남,초,공립,,경상남도 의령군 의령읍 남산로 37 (의령읍),0,,,0,,,,,,,,,,,,,,,,,,,,,0
대의초등학교,경남,초,공립,,경상남도 의령군 대의면 대의로 31-6 (대의면),0,,,1,2016.0,,,,,,,,,,,,,,,,,,,,0
부림초등학교봉수분교장,경남,초,공립,,경상남도 의령군 봉수면 한지9길 6 (봉수면),0,,,0,,,,,,,,,,,,,,,,,,,,,0
부림초등학교,경남,초,공립,,경상남도 의령군 부림면 대한로 1721 (부림면),0,,,0,,,,,,,,,,,,,,,,,,,,,0
용덕초등학교,경남,초,공립,,경상남도 의령군 용덕면 용암로 39 (용덕면. 용덕초등학교),1,2023.0,교육활동 모델교,1,2019.0,,,,,,,,,,,,,,,,,,,,1
유곡초등학교,경남,초,공립,,경상남도 의령군 유곡면 마장로 6-3 . 유곡초등학교,0,,,0,,,,,,,,,,,,,,,,,,,,,0
의령초등학교,경남,초,공립,,경상남도 의령군 의령읍 의병로19길 20 (의령읍),0,,,0,,,,,,,,,,,,,,,,,,,,,0
정곡초등학교,경남,초,공립,,경상남도 의령군 정곡면 법정로 937-6 (정곡면),1,2023.0,교육활동 모델교,1,2017.0,,,,,,,,,,,,,,,,,,,,1
지정초등학교,경남,초,공립,,경상남도 의령군 지정면 함의로4길 5 (지정면. 지정초등학교),0,,,1,2015.0,,,,,,,,,,,,,,,,,,,,0
칠곡초등학교,경남,초,공립,,경상남도 의령군 칠곡면 칠곡로 59 (칠곡면. 칠곡초등학교),0,,,0,,,,,,,,,,,,,,,,,,,,,0
신반중학교,경남,중,공립,남여공학,경상남도 의령군 부림면 한지28길 18-12 (부림면.신반중학교),0,,,0,,,,,,,,,,,,,,,,,,,,,0
의령중학교,경남,중,공립,남자,경상남도 의령군 의령읍 충익로4길 11 (의령읍),0,,,0,,,,,,,,,,,,,,,,,,,,,0
의령여자중학교,경남,중,사립,여자,경상남도 의령군 가례면 의병로 67 (가례면),0,,,0,,,,,,,,,,,,,,,,,,,,,0
정곡중학교,경남,중,사립,남여공학,경상남도 의령군 정곡면 의합대로 1061-6 . 정곡중학교 (정곡면),0,,,0,,,,,,,,,,,,,,,,,,,,,0
지정중학교,경남,중,사립,남여공학,경상남도 의령군 지정면 마산로 81-14 (지정면.지정중학교),0,,,0,,,,,,,,,,,,,,,,,,,,,0
칠서초등학교이룡분교장,경남,초,공립,,경상남도 함안군 칠서면 삼칠로 1335 (칠서면. 칠서초등학교 이룡분교장),0,,,0,,,,,,,,,,,,,,,,,,,,,0
가야초등학교,경남,초,공립,,경상남도 함안군 가야읍 충무길 54 (가야읍. 가야초등학교),0,,,1,2016.0,,,,,,,,,,,,,,,,,,,,0
군북초등학교,경남,초,공립,,경상남도 함안군 군북면 덕대길 26-16 (군북면. 군북초등학교),0,,,1,2019.0,,,,,,,,,,,,,,,,,,,,0
문암초등학교,경남,초,공립,,경상남도 함안군 산인면 모곡1길 2 (산인면. 문암초등학교),0,,,0,,,,,,,,,,,,,,,,,,,,,0
법수초등학교,경남,초,공립,,경상남도 함안군 법수면 석무길 41 . 법수초등학교 (법수면. 법수초등학교),0,,,0,,,,,,,,,,,,,,,,,,,,,0
산인초등학교,경남,초,공립,,경상남도 함안군 산인면 송산로 136-20 (산인면. 산인초등학교),0,,,0,,,,,,,,,,,,,,,,,,,,,0
아라초등학교,경남,초,공립,,경상남도 함안군 가야읍 함안대로 491 (가야읍. 아라초등학교),0,,,0,,,,,,,,,,,,,,,,,,,,,0
예곡초등학교,경남,초,공립,,경상남도 함안군 칠원읍 예곡2길 25 (칠원읍. 예곡초등학교),0,,,0,,,,,,,,,,,,,,,,,,,,,0
외암초등학교,경남,초,공립,,경상남도 함안군 여항면 여항로 62 (여항면. 외암초등학교),1,2023.0,교육활동 모델교,0,,,,,,,,,,,,,,,,,,,,,0
월촌초등학교,경남,초,공립,,경상남도 함안군 군북면 월촌3길 27 (군북면),0,,,0,,,,,,,,,,,,,,,,,,,,,0
유원초등학교,경남,초,공립,,경상남도 함안군 칠원읍 유원길 37-1 (칠원읍. 유원초등학교),0,,,0,,,,,,,,,,,,,,,,,,,,,0
칠서초등학교이령분교장,경남,초,공립,,경상남도 함안군 칠북면 온천로 63 칠서초등학교 이령분교장,0,,,0,,,,,,,,,,,,,,,,,,,,,0
중앙초등학교,경남,초,공립,,경상남도 함안군 가야읍 함안대로 746 (가야읍),0,,,0,,,,,,,,,,,,,,,,,,,,,0
칠서초등학교,경남,초,공립,,경상남도 함안군 칠서면 청계2길 9 (칠서면. 칠서초등학교),0,,,1,2019.0,,,,,,,,,,,,,,,,,,,,0
칠원초등학교,경남,초,공립,,경상남도 함안군 칠원읍 성내길 32 (칠원읍),0,,,0,,,,,,,,,,,,,,,,,,,,,0
함안초등학교,경남,초,공립,,경상남도 함안군 함안면 함안대로 97 (함안초등학교),0,,,0,,,,,,,,,,,,,,,,,,,,,0
호암초등학교,경남,초,공립,,경상남도 함안군 칠원읍 호암길 30 (칠원읍. 호암초등학교),0,,,1,2018.0,,,,,,,,,,,,,,,,,,,,0
법수중학교,경남,중,공립,남여공학,경상남도 함안군 법수면 법수로 214-36 (법수면.법수중학교),0,,,0,,,,,,,,,,,,,,,,,,,,,0
호암중학교,경남,중,공립,남여공학,경상남도 함안군 칠원읍 호암길 29 (칠원읍),0,,,0,,,,,,,,,,,,,,,,,,,,,0
함안중학교,경남,중,공립,남자,경상남도 함안군 가야읍 함안대로 632 . 함안중학교 (가야읍),0,,,0,,,,,,,,,,,,,,,,,,,,,0
군북중학교,경남,중,사립,남여공학,경상남도 함안군 군북면 사군로 1570 (군북면. 군북중학교),0,,,0,,,,,,,,,,,,,,,,,,,,,0
대산중학교,경남,중,사립,남여공학,경상남도 함안군 대산면 대산중앙로 102-2 (대산면. 대산중학교),0,,,0,,,,,,,,,,,,,,,,,,,,,0
칠성중학교,경남,중,사립,남여공학,경상남도 함안군 칠서면 삼칠로 1303 (칠서면),0,,,0,,,,,,,,,,,,,,,,,,,,,0
칠원중학교,경남,중,사립,남여공학,경상남도 함안군 칠서면 삼칠로 281 . 칠원중학교 (칠서면),0,,,0,,,,,,,,,,,,,,,,,,,,,0
함성중학교,경남,중,사립,남여공학,경상남도 함안군 함안면 함안대로 105-2 . 함성중학교 (함안면),0,,,0,,,,,,,,,,,,,,,,,,,,,0
함안여자중학교,경남,중,사립,여자,경상남도 함안군 가야읍 고분길 107 (가야읍) 함안여자중학교,0,,,0,,,,,,,,,,,,,,,,,,,,,0
계창초등학교,경남,초,공립,,경상남도 창녕군 계성면 계성장마로 399 . 계창초등학교 (계성면. 계창초등학교),0,,,0,,,,,,,,,,,,,,,,,,,,,0
고암초등학교,경남,초,공립,,경상남도 창녕군 고암면 고암성산대로 6-5 . 고암초등학교 (고암면),0,,,0,,,,,,,,,,,,,,,,,,,,,0
길곡초등학교,경남,초,공립,,경상남도 창녕군 길곡면 낙동로 1498 (길곡면. 길곡초등학교),0,,,1,2017.0,,,,,,,,,,,,,,,,,,,,0
남지초등학교,경남,초,공립,,경상남도 창녕군 남지읍 낙동로 429 . 남지초등학교 (남지읍),0,,,1,2018.0,,,,,,,,,,,,,,,,,,,,0
창녕성산초등학교,경남,초,공립,,경상남도 창녕군 성산면 중고개길 24-7 (성산면. 창녕성산초등학교),0,,,1,2020.0,,,,,,,,,,,,,,,,,,,,0
대지초등학교,경남,초,공립,,경상남도 창녕군 대지면 우포2로 943 . . (대지면. 대지초등학교),0,,,0,,,,,,,,,,,,,,,,,,,,,0
대합초등학교,경남,초,공립,,경상남도 창녕군 대합면 창곡길 8 (대합면. 대합초등학교),0,,,0,,,,,,,,,,,,,,,,,,,,,0
동포초등학교,경남,초,공립,,경상남도 창녕군 남지읍 동포5길 17 (남지읍. 동포초등학교),0,,,1,2018.0,,,,,,,,,,,,,,,,,,,,0
명덕초등학교,경남,초,공립,,경상남도 창녕군 창녕읍 명덕로 71 (창녕읍. 명덕초등학교),0,,,0,,,,,,,,,,,,,,,,,,,,,0
부곡초등학교,경남,초,공립,,경상남도 창녕군 부곡면 원동길 16 . 부곡초등학교 (부곡면),0,,,0,,,,,,,,,,,,,,,,,,,,,0
영산초등학교,경남,초,공립,,경상남도 창녕군 영산면 영산새싹길 25 (영산면. 영산초등학교),0,,,1,2016.0,,,,,,,,,,,,,,,,,,,,0
유어초등학교,경남,초,공립,,경상남도 창녕군 유어면 마수원길 39 (유어면. 유어초등학교),0,,,1,2020.0,,,,,,,,,,,,,,,,,,,,0
이방초등학교,경남,초,공립,,경상남도 창녕군 이방면 안리내동길 3 (이방면. 이방초등학교),0,,,0,,,,,,,,,,,,,,,,,,,,,0
장마초등학교,경남,초,공립,,경상남도 창녕군 장마면 강리길 61 (장마면. 장마초등학교),0,,,0,,,,,,,,,,,,,,,,,,,,,0
창녕초등학교,경남,초,공립,,경상남도 창녕군 창녕읍 남창녕로 62 (창녕읍. 창녕초등학교),0,,,1,2020.0,,,,,,,,,,,,,,,,,,,,0
부곡초등학교학포분교장,경남,초,공립,,경상남도 창녕군 부곡면 학포1길 21-1 (부곡면. 학포초등학교),0,,,0,,,,,,,,,,,,,,,,,,,,,0
부곡중학교,경남,중,공립,남여공학,경상남도 창녕군 부곡면 부곡로 101-32 (부곡면. 부곡중학교),0,,,0,,,,,,,,,,,,,,,,,,,,,0
영산중학교,경남,중,공립,남여공학,경상남도 창녕군 영산면 영산계성로 87 (영산면. 영산중학교),0,,,0,,,,,,,,,,,,,,,,,,,,,0
창녕중학교,경남,중,공립,남자,경상남도 창녕군 창녕읍 남창녕로 48 (창녕읍. 창녕중학교),0,,,0,,,,,,,,,,,,,,,,,,,,,0
남지여자중학교,경남,중,사립,여자,경상남도 창녕군 남지읍 낙동로 403-14 . 남지여자중학교 (남지읍),0,,,0,,,,,,,,,,,,,,,,,,,,,0
남지중학교,경남,중,사립,남자,경상남도 창녕군 남지읍 낙동로 411-5 (남지읍),0,,,0,,,,,,,,,,,,,,,,,,,,,0
대성중학교,경남,중,사립,남여공학,경상남도 창녕군 대합면 신안길 17 (대합면. 대성중. 창녕대성고등학교),0,,,0,,,,,,,,,,,,,,,,,,,,,0
성산중학교,경남,중,사립,남여공학,경상남도 창녕군 성산면 창한로 175 (성산면),0,,,0,,,,,,,,,,,,,,,,,,,,,0
신창여자중학교,경남,중,사립,여자,경상남도 창녕군 창녕읍 서재골길 7 (창녕읍. 신창여자중학교),0,,,0,,,,,,,,,,,,,,,,,,,,,0
창녕옥야중학교,경남,중,사립,남여공학,경상남도 창녕군 이방면 이방로 943-15 . 창녕옥야중학교,0,,,0,,,,,,,,,,,,,,,,,,,,,0
창녕여자중학교,경남,중,사립,여자,경상남도 창녕군 창녕읍 화왕산로 72 (창녕읍. 창녕여자중학교),0,,,0,,,,,,,,,,,,,,,,,,,,,0
가양초등학교,경남,초,공립,,경상남도 양산시 물금읍 물금로 60 (물금읍),0,,,0,,,,,,,,,,,,,,,,,,,,,0
석산초등학교,경남,초,공립,,경상남도 양산시 동면 금오16길 105 . 석산초등학교 (동면),0,,,0,,,,,,,,,,,,,,,,,,,,,0
가남초등학교,경남,초,공립,,경상남도 양산시 물금읍 청운로 114 가남초등학교,0,,,0,,,,,,,,,,,,,,,,,,,,,0
덕계초등학교,경남,초,공립,,경상남도 양산시 덕계로 92 . 덕계초등학교 (덕계동),0,,,0,,,,,,,,,,,,,,,,,,,,,0
물금초등학교,경남,초,공립,,경상남도 양산시 물금읍 가촌새터길 15 . 물금초등학교 (물금읍. 물금초등학교),0,,,1,2018.0,,,,,,,,,,,,,,,,,,,,0
백동초등학교,경남,초,공립,,경상남도 양산시 백동길 19-24 . 백동초등학교 (소주동),0,,,1,2020.0,,,,,,,,,,,,,,,,,,,,0
범어초등학교,경남,초,공립,,경상남도 양산시 물금읍 동중6길 8 . 범어초등학교 (물금읍),0,,,1,2019.0,,,,,,,,,,,,,,,,,,,,0
서남초등학교,경남,초,공립,,경상남도 양산시 물금읍 오봉로 28 (물금읍. 서남초등학교),0,,,0,,,,,,,,,,,,,,,,,,,,,0
서창초등학교,경남,초,공립,,경상남도 양산시 웅상대로 1362 (삼호동.서창초등학교),1,2023.0,교육활동 모델교,1,2019.0,,,,,,,,,,,,,,,,,,,,1
소토초등학교,경남,초,공립,,경상남도 양산시 상북면 율리길 13 . 소토초등학교 (상북면),0,,,0,,,,,,,,,,,,,,,,,,,,,0
신기초등학교,경남,초,공립,,경상남도 양산시 중앙로 239 . 신기초등학교 (신기동),0,,,0,,,,,,,,,,,,,,,,,,,,,0
양산초등학교,경남,초,공립,,경상남도 양산시 중앙우회로 102 (북부동. 양산초등학교),0,,,0,,,,,,,,,,,,,,,,,,,,,0
원동초등학교이천분교장,경남,초,공립,,경상남도 양산시 원동면 배내로 431-1 (원동면. 원동초등학교이천분교),0,,,0,,,,,,,,,,,,,,,,,,,,,0
양주초등학교,경남,초,공립,,경상남도 양산시 양주3길 40-13 (중부동. 양주초등학교),0,,,0,,,,,,,,,,,,,,,,,,,,,0
어곡초등학교,경남,초,공립,,경상남도 양산시 두전길 30-19 (어곡동. 어곡초등학교),0,,,0,,,,,,,,,,,,,,,,,,,,,0
영천초등학교,경남,초,공립,,경상남도 양산시 동면 영천4길 6 (동면.영천초등학교),1,2023.0,정보교육실 구축교,0,,,,,,,,,,,,,,,,,,,,,0
오봉초등학교,경남,초,공립,,경상남도 양산시 물금읍 목화9길 8 (물금읍),1,2023.0,정보교육실 구축교,0,,,,,,,,,,,,,,,,,,,,,0
용연초등학교,경남,초,공립,,경상남도 양산시 하북면 용연로 110 (하북면. 용연초등학교),0,,,0,,,,,,,,,,,,,,,,,,,,,0
웅상초등학교,경남,초,공립,,경상남도 양산시 명동4길 5 (명동. 웅상초등학교),0,,,0,,,,,,,,,,,,,,,,,,,,,0
원동초등학교,경남,초,공립,,경상남도 양산시 원동면 원동로 1508 . 원동초등학교 (원동면. 원동초등학교),0,,,0,,,,,,,,,,,,,,,,,,,,,0
좌삼초등학교,경남,초,공립,,경상남도 양산시 상북면 수서로 275-16 (상북면. 좌삼초등학교),0,,,0,,,,,,,,,,,,,,,,,,,,,0
중부초등학교,경남,초,공립,,경상남도 양산시 양주로 140 (중부동.중부초등학교),1,2023.0,정보교육실 구축교,1,2016.0,,,,,,,,,,,,,,,,,,,,1
천성초등학교,경남,초,공립,,경상남도 양산시 배움터길 28 (평산동),0,,,0,,,,,,,,,,,,,,,,,,,,,0
화제초등학교,경남,초,공립,,경상남도 양산시 원동면 화제로 399-29 (원동면. 화제초등학교),0,,,0,,,,,,,,,,,,,,,,,,,,,0
신명초등학교,경남,초,공립,,경상남도 양산시 신명로 108 . 신명초등학교 (평산동),0,,,1,2018.0,,,,,,,,,,,,,,,,,,,,0
삽량초등학교,경남,초,공립,,경상남도 양산시 양주로 55 . 삽량초등학교 (남부동),0,,,0,,,,,,,,,,,,,,,,,,,,,0
북정초등학교,경남,초,공립,,경상남도 양산시 북정서길 28 (북정동),0,,,0,,,,,,,,,,,,,,,,,,,,,0
신양초등학교,경남,초,공립,,경상남도 양산시 양주로 27 (남부동. 신양초등학교),1,2023.0,교육활동 모델교,1,2018.0,,,,,,,,,,,,,,,,,,,,1
대운초등학교,경남,초,공립,,경상남도 양산시 대운6길 11 . 대운초등학교 (삼호동),0,,,0,,,,,,,,,,,,,,,,,,,,,0
황산초등학교,경남,초,공립,,경상남도 양산시 물금읍 화합5길 12 (물금읍. 황산초등학교),0,,,0,,,,,,,,,,,,,,,,,,,,,0
신주초등학교,경남,초,공립,,경상남도 양산시 물금읍 신주1길 58 (물금읍.신주초등학교),0,,,1,2016.0,,,,,,,,,,,,,,,,,,,,0
성산초등학교,경남,초,공립,,경상남도 양산시 물금읍 신주로 78 . 성산초등학교 (물금읍. 성산초등학교),0,,,0,,,,,,,,,,,,,,,,,,,,,0
증산초등학교,경남,초,공립,,경상남도 양산시 물금읍 새실1길 50 (물금읍),1,2023.0,정보교육실 구축교,0,,,,,,,,,,,,,,,,,,,,,0
물금중학교,경남,중,공립,남여공학,경상남도 양산시 물금읍 새실로 39 (물금읍),0,,,1,2018.0,,,,,,,,,,,,,,,,,,,,0
삼성중학교,경남,중,공립,남여공학,경상남도 양산시 북정중앙로 19 (북정동. 삼성중학교),0,,,0,,,,,,,,,,,,,,,,,,,,,0
양산중앙중학교,경남,중,공립,남여공학,경상남도 양산시 양주로 21 (남부동),0,,,0,,,,,,,,,,,,,,,,,,,,,0
양산중학교,경남,중,공립,남자,경상남도 양산시 북안북12길 7 (북부동),0,,,0,,,,,,,,,,,,,,,,,,,,,0
양주중학교,경남,중,공립,남여공학,경상남도 양산시 상북면 양주마을2길 18 (상북면. 양주중학교),0,,,0,,,,,,,,,,,,,,,,,,,,,0
원동중학교,경남,중,공립,남여공학,경상남도 양산시 원동면 원동로 1654 (원동면. 원동중학교),0,,,0,,,,,,,,,,,,,,,,,,,,,0
웅상중학교,경남,중,공립,남자,경상남도 양산시 배움터길 48 . 웅상중학교 (평산동),0,,,1,2016.0,,,,,,,,,,,,,,,,,,,,0
웅상여자중학교,경남,중,공립,여자,경상남도 양산시 배움터길 72 (평산동),1,2023.0,교육활동 모델교,1,2017.0,,,,,,,,,,,,,,,,,,,,1
신주중학교,경남,중,공립,남여공학,경상남도 양산시 물금읍 신주로 21 (물금읍),0,,,1,2016.0,,,,,,,,,,,,,,,,,,,,0
범어중학교,경남,중,공립,남여공학,경상남도 양산시 물금읍 범어로 14 (물금읍. 범어중학교),1,2023.0,교육활동 모델교,1,2017.0,,,,,,,,,,,,,,,,,,,,1
서창중학교,경남,중,공립,남여공학,경상남도 양산시 대운9길 8 (삼호동. 서창중학교),0,,,0,,,,,,,,,,,,,,,,,,,,,0
개운중학교,경남,중,사립,남여공학,경상남도 양산시 서창로 144,0,,,1,2019.0,,,,,,,,,,,,,,,,,,,,0
물금동아중학교,경남,중,사립,남여공학,경상남도 양산시 물금읍 청운로 46 . 물금동아중학교 (물금읍),0,,,0,,,,,,,,,,,,,,,,,,,,,0
보광중학교,경남,중,사립,남여공학,경상남도 양산시 하북면 신평로 46 (하북면),0,,,0,,,,,,,,,,,,,,,,,,,,,0
양산여자중학교,경남,중,사립,여자,경상남도 양산시 교동1길 23 (교동),0,,,0,,,,,,,,,,,,,,,,,,,,,0
개천초등학교,경남,초,공립,,경상남도 고성군 개천면 옥천로 1268 . 개천초등학교 (개천면),0,,,0,,,,,,,,,,,,,,,,,,,,,0
거류초등학교,경남,초,공립,,경상남도 고성군 거류면 거류로 693-14 (거류면) 거류초등학교,0,,,0,,,,,,,,,,,,,,,,,,,,,0
고성초등학교,경남,초,공립,,경상남도 고성군 고성읍 성내로 85 . 고성초등학교 (고성읍. 고성초등학교),0,,,1,2018.0,,,,,,,,,,,,,,,,,,,,0
구만초등학교,경남,초,공립,,경상남도 고성군 구만면 영회로 1763 (구만면),0,,,0,,,,,,,,,,,,,,,,,,,,,0
대흥초등학교,경남,초,공립,,경상남도 고성군 대가면 대가로 443-18 (대가면. 대흥초등학교),0,,,0,,,,,,,,,,,,,,,,,,,,,0
동광초등학교,경남,초,공립,,경상남도 고성군 거류면 봉암2길 11 동광초등학교 (거류면),0,,,0,,,,,,,,,,,,,,,,,,,,,0
동해초등학교,경남,초,공립,,경상남도 고성군 동해면 동해로 1585 .동해초등학교(동해면),0,,,0,,,,,,,,,,,,,,,,,,,,,0
마암초등학교,경남,초,공립,,경상남도 고성군 마암면 옥천로 254 . 마암초등학교 (마암면),0,,,0,,,,,,,,,,,,,,,,,,,,,0
방산초등학교,경남,초,공립,,경상남도 고성군 거류면 방산로 42 . 방산초등학교 (거류면),0,,,1,2016.0,,,,,,,,,,,,,,,,,,,,0
삼산초등학교,경남,초,공립,,경상남도 고성군 삼산면 미룡2길 65 . 삼산초등학교 (삼산면),0,,,0,,,,,,,,,,,,,,,,,,,,,0
상리초등학교,경남,초,공립,,경상남도 고성군 상리면 척번정1길 85 . 상리초등학교 (상리면),0,,,0,,,,,,,,,,,,,,,,,,,,,0
영오초등학교,경남,초,공립,,경상남도 고성군 영오면 영회로 325 (영오면),0,,,0,,,,,,,,,,,,,,,,,,,,,0
영현초등학교,경남,초,공립,,경상남도 고성군 영현면 대가로 1675-20 . 영현초등학교 (영현면),0,,,0,,,,,,,,,,,,,,,,,,,,,0
율천초등학교,경남,초,공립,,경상남도 고성군 고성읍 죽계2길 19 (고성읍. 율천초등학교),0,,,0,,,,,,,,,,,,,,,,,,,,,0
철성초등학교,경남,초,공립,,경상남도 고성군 고성읍 월평로 11 . 철성초등학교 (고성읍),0,,,1,2018.0,,,,,,,,,,,,,,,,,,,,0
하이초등학교,경남,초,공립,,경상남도 고성군 하이면 남일로 423 (하이면),0,,,1,2018.0,,,,,,,,,,,,,,,,,,,,0
하일초등학교,경남,초,공립,,경상남도 고성군 하일면 학림2길 70-15 . 하일초등학교 (하일면),1,2023.0,교육활동 모델교,0,,,,,,,,,,,,,,,,,,,,,0
회화초등학교,경남,초,공립,,경상남도 고성군 회화면 배둔로 95 . 회화초등학교 (회화면),0,,,0,,,,,,,,,,,,,,,,,,,,,0
고성동중학교,경남,중,공립,남여공학,경상남도 고성군 거류면 당동1길 59-14. 고성동중학교 (거류면),0,,,0,,,,,,,,,,,,,,,,,,,,,0
소가야중학교,경남,중,공립,남여공학,경상남도 고성군 삼산면 삼봉2길 . 51,1,2023.0,교육활동 모델교,0,,,,,,,,,,,,,,,,,,,,,0
고성여자중학교,경남,중,공립,여자,경상남도 고성군 고성읍 동외로195번길 10-3 (고성읍. 고성여자중학교),0,,,0,,,,,,,,,,,,,,,,,,,,,0
고성중학교,경남,중,공립,남자,경상남도 고성군 고성읍 송학고분로 117 (고성읍),1,2023.0,교육활동 모델교,0,,,,,,,,,,,,,,,,,,,,,0
동해중학교,경남,중,공립,남여공학,경상남도 고성군 동해면 동해로 1613 (동해면),0,,,0,,,,,,,,,,,,,,,,,,,,,0
영천중학교,경남,중,공립,남여공학,경상남도 고성군 영오면 영회로 511 (영오면),0,,,0,,,,,,,,,,,,,,,,,,,,,0
회화중학교,경남,중,공립,남여공학,경상남도 고성군 회화면 배둔서길 42-35 (회화면),0,,,0,,,,,,,,,,,,,,,,,,,,,0
철성중학교,경남,중,사립,남자,경상남도 고성군 고성읍 대가로 36 (고성읍),0,,,0,,,,,,,,,,,,,,,,,,,,,0
고현초등학교,경남,초,공립,,경상남도 남해군 고현면 고설로 31 . 고현초등학교 (고현면),0,,,0,,,,,,,,,,,,,,,,,,,,,0
남명초등학교,경남,초,공립,,경상남도 남해군 남면 남서대로748번길 7 (남면. 남명초등학교),0,,,0,,,,,,,,,,,,,,,,,,,,,0
남해초등학교,경남,초,공립,,경상남도 남해군 남해읍 망운로 14 (남해읍.남해초등학교),0,,,0,,,,,,,,,,,,,,,,,,,,,0
도마초등학교,경남,초,공립,,경상남도 남해군 고현면 남해대로 3173 . 도마초등학교 (고현면),0,,,0,,,,,,,,,,,,,,,,,,,,,0
미조초등학교,경남,초,공립,,경상남도 남해군 미조면 미송로2번길 8 (미조면),0,,,0,,,,,,,,,,,,,,,,,,,,,0
삼동초등학교,경남,초,공립,,경상남도 남해군 삼동면 동부대로 1296 . 삼동초등학교 (삼동면. 삼동초등학교),0,,,1,2020.0,,,,,,,,,,,,,,,,,,,,0
상주초등학교,경남,초,공립,,경상남도 남해군 상주면 남해대로 708 (상주면),0,,,0,,,,,,,,,,,,,,,,,,,,,0
설천초등학교,경남,초,공립,,경상남도 남해군 설천면 설천로696번길 11 (설천면),0,,,0,,,,,,,,,,,,,,,,,,,,,0
성명초등학교,경남,초,공립,,경상남도 남해군 서면 남서대로 1630 (서면. 성명초등학교),0,,,1,2019.0,,,,,,,,,,,,,,,,,,,,0
이동초등학교,경남,초,공립,,경상남도 남해군 이동면 무림로 29 (이동면),0,,,1,2016.0,,,,,,,,,,,,,,,,,,,,0
지족초등학교,경남,초,공립,,경상남도 남해군 삼동면 동부대로1858번길 4 (삼동면. 지족초등학교),1,2023.0,정보교육실 구축교,1,2017.0,,,,,,,,,,,,,,,,,,,,1
창선초등학교,경남,초,공립,,경상남도 남해군 창선면 창선로97번길 16 . 창선초등학교 (창선면),0,,,0,,,,,,,,,,,,,,,,,,,,,0
해양초등학교,경남,초,공립,,경상남도 남해군 남해읍 화전로 25 . 해양초등학교 (남해읍),0,,,0,,,,,,,,,,,,,,,,,,,,,0
고현중학교,경남,중,공립,남여공학,경상남도 남해군 고현면 삼봉로 154 (고현면),0,,,0,,,,,,,,,,,,,,,,,,,,,0
남수중학교,경남,중,공립,남여공학,경상남도 남해군 삼동면 동부대로 1810 (삼동면. 남수중학교),0,,,0,,,,,,,,,,,,,,,,,,,,,0
남해여자중학교,경남,중,공립,여자,경상남도 남해군 남해읍 망운로21번가길 24-56 (남해읍),0,,,0,,,,,,,,,,,,,,,,,,,,,0
남해중학교,경남,중,공립,남자,경상남도 남해군 남해읍 화전로78번길 29 (남해읍),1,2023.0,교육활동 모델교,0,,,,,,,,,,,,,,,,,,,,,0
물건중학교,경남,중,공립,남여공학,경상남도 남해군 삼동면 동부대로1122번길 22 (삼동면.물건중학교),0,,,0,,,,,,,,,,,,,,,,,,,,,0
미조중학교,경남,중,공립,남여공학,경상남도 남해군 미조면 미송로2번길 73-8 (미조면),0,,,0,,,,,,,,,,,,,,,,,,,,,0
설천중학교,경남,중,공립,남여공학,경상남도 남해군 설천면 설천로 678 (설천면),0,,,0,,,,,,,,,,,,,,,,,,,,,0
상주중학교,경남,중,사립,남여공학,경상남도 남해군 상주면 남해대로 651 (상주면. 상주중학교),0,,,0,,,,,,,,,,,,,,,,,,,,,0
이동중학교,경남,중,사립,남여공학,경상남도 남해군 이동면 무림로 46-2 . 이동중학교 (이동면),0,,,0,,,,,,,,,,,,,,,,,,,,,0
창선중학교,경남,중,사립,남여공학,경상남도 남해군 창선면 창선로 97-12 (창선면. 창선중학교),0,,,0,,,,,,,,,,,,,,,,,,,,,0
갈육초등학교,경남,초,공립,,경상남도 하동군 금성면 금성로 521 (금성면. 갈육초등학교),1,2023.0,교육활동 모델교,0,,,,,,,,,,,,,,,,,,,,,0
고남초등학교,경남,초,공립,,경상남도 하동군 고전면 소량산길 7 (고전면),0,,,0,,,,,,,,,,,,,,,,,,,,,0
고전초등학교,경남,초,공립,,경상남도 하동군 고전면 하동읍성로 371 (고전면),1,2023.0,교육활동 모델교,1,2020.0,,,,,,,,,,,,,,,,,,,,1
궁항초등학교,경남,초,공립,,경상남도 하동군 금성면 가린길 32 (금성면. 궁항초등학교),0,,,0,,,,,,,,,,,,,,,,,,,,,0
노량초등학교,경남,초,공립,,경상남도 하동군 금남면 제먼당길 60 (금남면.노량초등학교),0,,,0,,,,,,,,,,,,,,,,,,,,,0
묵계초등학교,경남,초,공립,,경상남도 하동군 청암면 청학로 2220 . 묵계초등학교 (청암면),0,,,0,,,,,,,,,,,,,,,,,,,,,0
북천초등학교,경남,초,공립,,경상남도 하동군 북천면 세이리길 20 (북천면. 북천초등학교),1,2023.0,교육활동 모델교,1,2018.0,,,,,,,,,,,,,,,,,,,,1
쌍계초등학교,경남,초,공립,,경상남도 하동군 화개면 쌍계사길 27-21 . 쌍계초등학교 (화개면. 쌍계초등학교),0,,,0,,,,,,,,,,,,,,,,,,,,,0
악양초등학교,경남,초,공립,,경상남도 하동군 악양면 악양서로 349 (악양면. 악양초등학교),0,,,0,,,,,,,,,,,,,,,,,,,,,0
양보초등학교,경남,초,공립,,경상남도 하동군 양보면 진양로 778 (양보면),0,,,0,,,,,,,,,,,,,,,,,,,,,0
옥종초등학교,경남,초,공립,,경상남도 하동군 옥종면 주포중앙길 14-13 (옥종면.옥종초등학교),0,,,1,2020.0,,,,,,,,,,,,,,,,,,,,0
적량초등학교,경남,초,공립,,경상남도 하동군 적량면 금강길 16 (적량면. 적량초등학교),1,2023.0,교육활동 모델교,1,2020.0,,,,,,,,,,,,,,,,,,,,1
진교초등학교,경남,초,공립,,경상남도 하동군 진교면 민다리길 141 (진교면),0,,,1,2020.0,,,,,,,,,,,,,,,,,,,,0
진정초등학교,경남,초,공립,,경상남도 하동군 금남면 진정1길 10 (금남면. 진정초등학교),0,,,0,,,,,,,,,,,,,,,,,,,,,0
묵계초등학교청암분교장,경남,초,공립,,경상남도 하동군 청암면 청학로 716 (청암면.청암초등학교),0,,,0,,,,,,,,,,,,,,,,,,,,,0
하동초등학교,경남,초,공립,,경상남도 하동군 하동읍 남당길 47,0,,,1,2017.0,,,,,,,,,,,,,,,,,,,,0
화개초등학교왕성분교장,경남,초,공립,,경상남도 하동군 화개면 화개로 967 (화개면),0,,,0,,,,,,,,,,,,,,,,,,,,,0
화개초등학교,경남,초,공립,,경상남도 하동군 화개면 화개로 139 . 52303 (화개면. 화개초등학교),0,,,1,2018.0,,,,,,,,,,,,,,,,,,,,0
횡천초등학교,경남,초,공립,,경상남도 하동군 횡천면 경서대로 1117 . 52319 (횡천면. 횡천초등학교),0,,,0,,,,,,,,,,,,,,,,,,,,,0
금남중학교,경남,중,공립,남여공학,경상남도 하동군 금남면 섬진강대로 656-7 (금남면),0,,,0,,,,,,,,,,,,,,,,,,,,,0
한다사중학교,경남,중,공립,남여공학,경상남도 하동군 양보면 진양로 1097 (양보면),0,,,0,,,,,,,,,,,,,,,,,,,,,0
악양중학교,경남,중,공립,남여공학,경상남도 하동군 악양면 신흥길 20 (악양면),0,,,0,,,,,,,,,,,,,,,,,,,,,0
옥종중학교,경남,중,공립,남여공학,경상남도 하동군 옥종면 옥종중앙길 35 . 옥종중학교 (옥종면. 옥종중학교),0,,,0,,,,,,,,,,,,,,,,,,,,,0
진교중학교,경남,중,공립,남여공학,경상남도 하동군 진교면 민다리길 168 (진교면),0,,,0,,,,,,,,,,,,,,,,,,,,,0
청암중학교,경남,중,공립,남여공학,경상남도 하동군 청암면 청학로 718-15 . 청암중학교 (청암면),0,,,0,,,,,,,,,,,,,,,,,,,,,0
하동중앙중학교,경남,중,공립,남여공학,경상남도 하동군 하동읍 연화길 77 (하동읍.하동중앙중학교),0,,,0,,,,,,,,,,,,,,,,,,,,,0
화개중학교,경남,중,공립,남여공학,경상남도 하동군 화개면 화개로 142 (화개면. 화개중학교),0,,,0,,,,,,,,,,,,,,,,,,,,,0
하동중학교,경남,중,사립,남여공학,경상남도 하동군 하동읍 송림1길 32 (하동읍),0,,,0,,,,,,,,,,,,,,,,,,,,,0
금서초등학교,경남,초,공립,,경상남도 산청군 금서면 화계오봉로 12 (금서면. 금서초등학교),0,,,1,2020.0,,,,,,,,,,,,,,,,,,,,0
단계초등학교,경남,초,공립,,경상남도 산청군 신등면 신차로 514 (신등면. 단계초등학교),1,2023.0,교육활동 모델교,1,2019.0,,,,,,,,,,,,,,,,,,,,1
단성초등학교,경남,초,공립,,경상남도 산청군 단성면 목화로961번길 10 . 단성초등학교 (단성면),0,,,1,2020.0,,,,,,,,,,,,,,,,,,,,0
산청초등학교,경남,초,공립,,경상남도 산청군 산청읍 꽃봉산로79번길 43 (산청읍. 산청초등학교),0,,,1,2016.0,,,,,,,,,,,,,,,,,,,,0
삼장초등학교,경남,초,공립,,경상남도 산청군 삼장면 친환경로 764 (삼장면.삼장초등학교),0,,,1,2018.0,,,,,,,,,,,,,,,,,,,,0
생비량초등학교,경남,초,공립,,경상남도 산청군 생비량면 비량로 51-3 (생비량면. 생비량초등학교),0,,,0,,,,,,,,,,,,,,,,,,,,,0
생초초등학교,경남,초,공립,,경상남도 산청군 생초면 생초로38번길 21 (생초면. 생초초등학교),0,,,0,,,,,,,,,,,,,,,,,,,,,0
신천초등학교,경남,초,공립,,경상남도 산청군 시천면 지리산대로 1030-2 (시천면. 신천초등학교),1,2023.0,교육활동 모델교,0,,,,,,,,,,,,,,,,,,,,,0
오부초등학교,경남,초,공립,,경상남도 산청군 오부면 오동로 649 (오부면.오부초교),0,,,0,,,,,,,,,,,,,,,,,,,,,0
차황초등학교,경남,초,공립,,경상남도 산청군 차황면 친환경로 3575 . 차황초등학교 (차황면),0,,,0,,,,,,,,,,,,,,,,,,,,,0
산청중학교,경남,중,공립,남여공학,경상남도 산청군 생초면 생초안길 27 (생초면),0,,,0,,,,,,,,,,,,,,,,,,,,,0
단성중학교,경남,중,공립,남여공학,경상남도 산청군 단성면 강누방목로 2 (단성면.단성중고교),0,,,0,,,,,,,,,,,,,,,,,,,,,0
덕산중학교,경남,중,공립,남여공학,경상남도 산청군 시천면 남명로159번길 1 . 덕산중학교 (시천면),0,,,0,,,,,,,,,,,,,,,,,,,,,0
신등중학교,경남,중,공립,남여공학,경상남도 산청군 신등면 신등가회로 125 (신등면),0,,,0,,,,,,,,,,,,,,,,,,,,,0
금반초등학교,경남,초,공립,,경상남도 함양군 휴천면 휴천로 371 (휴천면),0,,,0,,,,,,,,,,,,,,,,,,,,,0
마천초등학교,경남,초,공립,,경상남도 함양군 마천면 마천삼정로 126 . 마천초등학교 (마천면),0,,,1,2018.0,,,,,,,,,,,,,,,,,,,,0
백전초등학교,경남,초,공립,,경상남도 함양군 백전면 구산대안로 12-2 (백전면.백전초등학교),0,,,1,2019.0,,,,,,,,,,,,,,,,,,,,0
병곡초등학교,경남,초,공립,,경상남도 함양군 병곡면 휴촌길 21 (병곡면),0,,,0,,,,,,,,,,,,,,,,,,,,,0
서상초등학교,경남,초,공립,,경상남도 함양군 서상면 대남로 6 . 서상초등학교 (서상면),0,,,0,,,,,,,,,,,,,,,,,,,,,0
서하초등학교,경남,초,공립,,경상남도 함양군 서하면 육십령로 2117 (서하면),0,,,1,2017.0,,,,,,,,,,,,,,,,,,,,0
수동초등학교,경남,초,공립,,경상남도 함양군 수동면 연화산길 18-1 (수동면),0,,,0,,,,,,,,,,,,,,,,,,,,,0
안의초등학교,경남,초,공립,,경상남도 함양군 안의면 안의초등길 8 (안의면),1,2023.0,교육활동 모델교,1,2016.0,,,,,,,,,,,,,,,,,,,,1
위림초등학교,경남,초,공립,,경상남도 함양군 함양읍 함양남서로 1234 (함양읍),0,,,0,,,,,,,,,,,,,,,,,,,,,0
위성초등학교,경남,초,공립,,경상남도 함양군 함양읍 위성초등길 18 . 위성초등학교 (함양읍. 위성초등학교),1,2023.0,교육활동 모델교,1,2018.0,,,,,,,,,,,,,,,,,,,,1
유림초등학교,경남,초,공립,,경상남도 함양군 유림면 천왕봉로 2927 . 유림초등학교 (유림면),0,,,0,,,,,,,,,,,,,,,,,,,,,0
지곡초등학교,경남,초,공립,,경상남도 함양군 지곡면 개평길 12 . 지곡초등학교 (지곡면),0,,,0,,,,,,,,,,,,,,,,,,,,,0
함양초등학교,경남,초,공립,,경상남도 함양군 함양읍 고운로 43 (함양읍. 함양초등학교),0,,,1,2019.0,,,,,,,,,,,,,,,,,,,,0
마천중학교,경남,중,공립,남여공학,경상남도 함양군 마천면 마천삼정로 108 . 마천중학교 (마천면),0,,,0,,,,,,,,,,,,,,,,,,,,,0
서상중학교,경남,중,공립,남여공학,경상남도 함양군 서상면 서상로 232-1 (서상면),0,,,0,,,,,,,,,,,,,,,,,,,,,0
수동중학교,경남,중,공립,남여공학,경상남도 함양군 수동면 수동내동길 19 (수동면),0,,,0,,,,,,,,,,,,,,,,,,,,,0
함양여자중학교,경남,중,공립,여자,경상남도 함양군 함양읍 함양여중길 18-9 (함양읍. 함양여자중학교),0,,,0,,,,,,,,,,,,,,,,,,,,,0
함양중학교,경남,중,공립,남자,경상남도 함양군 함양읍 함양배움길 11 (함양읍),0,,,0,,,,,,,,,,,,,,,,,,,,,0
안의중학교,경남,중,사립,남여공학,경상남도 함양군 안의면 거함대로 1654 (안의면),0,,,0,,,,,,,,,,,,,,,,,,,,,0
가북초등학교,경남,초,공립,,경상남도 거창군 가북면 가북로 628 (가북면. 가북초등학교),0,,,1,2019.0,,,,,,,,,,,,,,,,,,,,0
가조초등학교,경남,초,공립,,경상남도 거창군 가조면 가조가야로 1087 . 가조초등학교 (가조면),0,,,1,2020.0,,,,,,,,,,,,,,,,,,,,0
거창초등학교,경남,초,공립,,경상남도 거창군 거창읍 아림로 48 (거창읍. 거창초등학교),0,,,0,,,,,,,,,,,,,,,,,,,,,0
고제초등학교,경남,초,공립,,경상남도 거창군 고제면 고제로 333 (고제면) 고제초등학교,0,,,1,2020.0,,,,,,,,,,,,,,,,,,,,0
남상초등학교,경남,초,공립,,경상남도 거창군 남상면 인평길 21 (남상면),0,,,0,,,,,,,,,,,,,,,,,,,,,0
남하초등학교,경남,초,공립,,경상남도 거창군 남하면 영서로 151 (남하면. 남하초등학교),0,,,0,,,,,,,,,,,,,,,,,,,,,0
마리초등학교,경남,초,공립,,경상남도 거창군 마리면 빼재로 23 (마리면. 마리초등학교),0,,,0,,,,,,,,,,,,,,,,,,,,,0
북상초등학교,경남,초,공립,,경상남도 거창군 북상면 송계로 731-18 (북상면. 북상초등학교),0,,,0,,,,,,,,,,,,,,,,,,,,,0
신원초등학교,경남,초,공립,,경상남도 거창군 신원면 신차로 3053 (신원면. 신원초등학교),1,2023.0,교육활동 모델교,1,2020.0,,,,,,,,,,,,,,,,,,,,1
아림초등학교,경남,초,공립,,경상남도 거창군 거창읍 거열로6길 12 (거창읍. 아림초등학교),0,,,1,2017.0,,,,,,,,,,,,,,,,,,,,0
웅양초등학교,경남,초,공립,,경상남도 거창군 웅양면 웅양로 1403 . 웅양초등학교 (웅양면),0,,,0,,,,,,,,,,,,,,,,,,,,,0
월천초등학교,경남,초,공립,,경상남도 거창군 거창읍 주곡로 207 . 월천초등학교 (거창읍. 월천초등학교),0,,,0,,,,,,,,,,,,,,,,,,,,,0
위천초등학교,경남,초,공립,,경상남도 거창군 위천면 창말1길 10 (위천면. 위천초등학교),0,,,1,2018.0,,,,,,,,,,,,,,,,,,,,0
주상초등학교,경남,초,공립,,경상남도 거창군 주상면 도평1길 60 (주상면),0,,,0,,,,,,,,,,,,,,,,,,,,,0
창남초등학교,경남,초,공립,,경상남도 거창군 거창읍 거함대로4길 24 (거창읍. 창남초등학교),0,,,0,,,,,,,,,,,,,,,,,,,,,0
창동초등학교,경남,초,공립,,경상남도 거창군 거창읍 동동1길 42 (거창읍),1,2023.0,교육활동 모델교,0,,,,,,,,,,,,,,,,,,,,,0
샛별초등학교,경남,초,사립,,경상남도 거창군 거창읍 죽전4길 28 . 샛별초등학교 (거창읍),0,,,0,,,,,,,,,,,,,,,,,,,,,0
가조중학교,경남,중,공립,남여공학,경상남도 거창군 가조면 가조가야로 1101-23 (가조면. 가조중학교),0,,,0,,,,,,,,,,,,,,,,,,,,,0
거창덕유중학교,경남,중,공립,남여공학,경상남도 거창군 위천면 화리골1길 56 (위천면. 거창덕유중학교),0,,,0,,,,,,,,,,,,,,,,,,,,,0
거창여자중학교,경남,중,공립,여자,경상남도 거창군 거창읍 죽전4길 39 (거창읍.거창여자중학교),0,,,0,,,,,,,,,,,,,,,,,,,,,0
거창중학교,경남,중,공립,남자,경상남도 거창군 거창읍 동동6길 9 (거창읍. 거창중학교),0,,,0,,,,,,,,,,,,,,,,,,,,,0
거창중학교고제분교장,경남,중,공립,남여공학,경상남도 거창군 고제면 고제로 48 (고제면),0,,,0,,,,,,,,,,,,,,,,,,,,,0
거창중학교신원분교장,경남,중,공립,남여공학,경상남도 거창군 신원면 신차로 2997 (신원면. 신원중학교),0,,,0,,,,,,,,,,,,,,,,,,,,,0
웅양중학교,경남,중,공립,남여공학,경상남도 거창군 웅양면 원촌3길 39-13 . 웅양중학교 (웅양면. 웅양중학교),0,,,0,,,,,,,,,,,,,,,,,,,,,0
거창대성중학교,경남,중,사립,남자,경상남도 거창군 거창읍 성산길 1 (거창읍. 거창대성중학교),0,,,0,,,,,,,,,,,,,,,,,,,,,0
샛별중학교,경남,중,사립,남여공학,경상남도 거창군 거창읍 죽전4길 92 (거창읍. 샛별중학교),0,,,0,,,,,,,,,,,,,,,,,,,,,0
혜성여자중학교,경남,중,사립,여자,경상남도 거창군 거창읍 상동8길 15 (거창읍),0,,,0,,,,,,,,,,,,,,,,,,,,,0
가산초등학교,경남,초,공립,,경상남도 합천군 가야면 가조가야로 2754-10 (가야면),0,,,0,,,,,,,,,,,,,,,,,,,,,0
가회초등학교,경남,초,공립,,경상남도 합천군 가회면 황매산로 58-2 (가회면. 가회초등학교),0,,,0,,,,,,,,,,,,,,,,,,,,,0
대병초등학교,경남,초,공립,,경상남도 합천군 대병면 신성동길 66 . 대병초등학교 (대병면),1,2023.0,교육활동 모델교,1,2015.0,,,,,,,,,,,,,,,,,,,,1
대양초등학교,경남,초,공립,,경상남도 합천군 대양면 대야로 281-12 (대양면),1,2023.0,정보교육실 구축교,1,2020.0,,,,,,,,,,,,,,,,,,,,1
초계초등학교덕곡분교장,경남,초,공립,,경상남도 합천군 덕곡면 오광대로 711 . 초계초등학교덕곡분교장 (덕곡면. 덕곡초등학교),0,,,0,,,,,,,,,,,,,,,,,,,,,0
묘산초등학교,경남,초,공립,,경상남도 합천군 묘산면 묘산로 149 (묘산면. 묘산초등학교),0,,,0,,,,,,,,,,,,,,,,,,,,,0
봉산초등학교,경남,초,공립,,경상남도 합천군 봉산면 김봉길 25-7 . 봉산초등학교 (봉산면),0,,,1,2016.0,,,,,,,,,,,,,,,,,,,,0
삼가초등학교,경남,초,공립,,경남 합천군 삼가면 소오길 12 (삼가면.삼가초등학교),0,,,0,,,,,,,,,,,,,,,,,,,,,0
숭산초등학교,경남,초,공립,,경상남도 합천군 가야면 매안대전길 18-6 (가야면.숭산초등학교),0,,,0,,,,,,,,,,,,,,,,,,,,,0
쌍백초등학교,경남,초,공립,,경상남도 합천군 쌍백면 평구3길 17 . 쌍백초등학교 (쌍백면),0,,,0,,,,,,,,,,,,,,,,,,,,,0
쌍책초등학교,경남,초,공립,,경상남도 합천군 쌍책면 성산큰길 47 (쌍책면. 쌍책초등학교),0,,,0,,,,,,,,,,,,,,,,,,,,,0
야로초등학교,경남,초,공립,,경상남도 합천군 야로면 미숭산로 89 (야로면. 야로초등학교),0,,,1,2018.0,,,,,,,,,,,,,,,,,,,,0
영전초등학교,경남,초,공립,,경상남도 합천군 율곡면 영전3길 34 (율곡면. 영전초등학교),0,,,0,,,,,,,,,,,,,,,,,,,,,0
용주초등학교,경남,초,공립,,경상남도 합천군 용주면 황계폭포로 1146 . 용주초등학교 (용주면),0,,,0,,,,,,,,,,,,,,,,,,,,,0
적중초등학교,경남,초,공립,,경상남도 합천군 적중면 상중부우회길 115 (적중면.적중초등학교),1,2023.0,교육활동 모델교,1,2019.0,,,,,,,,,,,,,,,,,,,,1
청덕초등학교,경남,초,공립,,경상남도 합천군 청덕면 송기2길 16 (청덕면.청덕초등학교),0,,,0,,,,,,,,,,,,,,,,,,,,,0
초계초등학교,경남,초,공립,,경상남도 합천군 초계면 초계중앙로 33-6 . 초계초등학교 (초계면. 초계초등학교),0,,,0,,,,,,,,,,,,,,,,,,,,,0
합천초등학교,경남,초,공립,,경상남도 합천군 합천읍 죽죽길 3 (합천읍.합천초등학교),0,,,0,,,,,,,,,,,,,,,,,,,,,0
해인초등학교,경남,초,공립,,경상남도 합천군 가야면 치인3길 8 (가야면. 해인초등학교),0,,,0,,,,,,,,,,,,,,,,,,,,,0
삼가중학교,경남,중,공립,남여공학,경상남도 합천군 삼가면 삼가로 364 (삼가면. 삼가중학교),0,,,0,,,,,,,,,,,,,,,,,,,,,0
야로중학교,경남,중,공립,남여공학,경상남도 합천군 야로면 구정묵촌길 14 (야로면),0,,,0,,,,,,,,,,,,,,,,,,,,,0
초계중학교,경남,중,공립,남여공학,경상남도 합천군 초계면 초계중앙로 83 (초계면. 초계중학교),0,,,0,,,,,,,,,,,,,,,,,,,,,0
합천중학교,경남,중,공립,남자,경상남도 합천군 합천읍 동서로 140 (합천읍. 합천중학교),0,,,0,,,,,,,,,,,,,,,,,,,,,0
가회중학교,경남,중,사립,남여공학,경상남도 합천군 가회면 황매산로 62 (가회면),0,,,0,,,,,,,,,,,,,,,,,,,,,0
대병중학교,경남,중,사립,남여공학,경상남도 합천군 대병면 신성동길 53-16 . . (대병면),0,,,0,,,,,,,,,,,,,,,,,,,,,0
묘산중학교,경남,중,사립,남여공학,경상남도 합천군 묘산면 묘산로 157-70 (묘산면. 묘산중학교),0,,,0,,,,,,,,,,,,,,,,,,,,,0
합천여자중학교,경남,중,사립,여자,경상남도 합천군 합천읍 남정길 25-5 . 합천여자중학교 (합천읍),0,,,0,,,,,,,,,,,,,,,,,,,,,0
해인중학교,경남,중,사립,남여공학,경상남도 합천군 가야면 가조가야로 2871 (가야면. 해인중학교),0,,,0,,,,,,,,,,,,,,,,,,,,,0
제주대학교사범대학부설고등학교,제주,고,국립,남여공학,제주특별자치도 제주시 용담로 65 (용담삼동),0,,,0,,,,,,,,,,,,,,,,,,,,,0
대정고등학교,제주,고,공립,남자,제주특별자치도 서귀포시 대정읍 일주서로2498번길 21 . 대정고등학교 (대정읍),0,,,0,,,,,,,,,,,,,,,,,,,,,0
대정여자고등학교,제주,고,공립,여자,제주특별자치도 서귀포시 대정읍 대한로88번길 82-22 . 대정여자고등학교 (대정읍),0,,,0,,,,,,,,,,,,,,,,,,,,,0
서귀포고등학교,제주,고,공립,남자,제주특별자치도 서귀포시 중앙로 140 (동홍동),0,,,0,,,,,,,,,,,,,,,,,,,,,0
서귀포여자고등학교,제주,고,공립,여자,제주특별자치도 서귀포시 태평로 80 (호근동.서귀포여자고등학교),1,2023.0,교육활동 모델교,1,2019.0,,,,,,,,,,,,,,,,,,,,1
세화고등학교,제주,고,공립,남여공학,제주특별자치도 제주시 구좌읍 세종로 26 (구좌읍),0,,,0,,,,,,,,,,,,,,,,,,,,,0
제주제일고등학교,제주,고,공립,남자,제주특별자치도 제주시 진군길 22 (노형동.제주제일고등학교),0,,,1,2018.0,,,,,,,,,,,,,,,,,,,,0
제주중앙여자고등학교,제주,고,공립,여자,제주특별자치도 제주시 구남동5길 11 (이도이동),0,,,1,2018.0,,,,,,,,,,,,,,,,,,,,0
한림고등학교,제주,고,공립,남여공학,제주특별자치도 제주시 한림읍 월계로 74 . 한림고등학교 (한림읍),0,,,1,2020.0,,,,,,,,,,,,,,,,,,,,0
남녕고등학교,제주,고,사립,남여공학,제주특별자치도 제주시 도령로 55 . 남녕고등학교 (연동),0,,,0,,,,,,,,,,,,,,,,,,,,,0
남주고등학교,제주,고,사립,남자,제주특별자치도 서귀포시 동홍로303번길 14 (동홍동.남주고등학교),1,2023.0,교육활동 모델교,0,,,,,,,,,,,,,,,,,,,,,0
대기고등학교,제주,고,사립,남자,제주특별자치도 제주시 번영로 453-6 . 대기고등학교 (봉개동),1,2023.0,교육활동 모델교,0,,,,,,,,,,,,,,,,,,,,,0
삼성여자고등학교,제주,고,사립,여자,제주특별자치도 서귀포시 검은여로 151 삼성여자고등학교 (토평동),0,,,0,,,,,,,,,,,,,,,,,,,,,0
신성여자고등학교,제주,고,사립,여자,제주특별자치도 제주시 아봉로 174-1 (영평동. 신성여자고등학교),1,2023.0,교육활동 모델교,0,,,,,,,,,,,,,,,,,,,,,0
오현고등학교,제주,고,사립,남자,제주특별자치도 제주시 일주동로 101 . 오현고등학교 (화북일동),1,2023.0,교육활동 모델교,0,,,,,,,,,,,,,,,,,,,,,0
제주여자고등학교,제주,고,사립,여자,제주특별자치도 제주시 구산로 50 . 제주여자고등학교 (아라일동),0,,,0,,,,,,,,,,,,,,,,,,,,,0
애월고등학교,제주,고,공립,남여공학,제주특별자치도 제주시 애월읍 일주서로 6372-20 (애월읍.애월고등학교),0,,,0,,,,,,,,,,,,,,,,,,,,,0
표선고등학교,제주,고,공립,남여공학,제주특별자치도 서귀포시 표선면 표선중앙로 22-15 (표선면.표선고등학교),0,,,0,,,,,,,,,,,,,,,,,,,,,0
제주과학고등학교,제주,고,공립,남여공학,제주특별자치도 제주시 산록북로 421-1 (오라이동),0,,,1,2017.0,,,,,,,,,,,,,,,,,,,,0
제주외국어고등학교,제주,고,공립,남여공학,제주특별자치도 제주시 애월읍 고성남길 34 (애월읍),0,,,0,,,,,,,,,,,,,,,,,,,,,0
서귀포산업과학고등학교,제주,고,공립,남여공학,제주특별자치도 서귀포시 516로 501 . 서귀포산업과학고등학교 (상효동),0,,,0,,,,,,,,,,,,,,,,,,,,,0
한림공업고등학교,제주,고,공립,남여공학,제주특별자치도 제주시 한림읍 한림중앙로 87 (한림읍),0,,,0,,,,,,,,,,,,,,,,,,,,,0
영주고등학교,제주,고,사립,남여공학,제주특별자치도 제주시 첨단동길 92 (월평동.영주고등학교),0,,,0,,,,,,,,,,,,,,,,,,,,,0
제주여자상업고등학교,제주,고,공립,여자,제주특별자치도 제주시 동문로 89-1 (건입동),0,,,0,,,,,,,,,,,,,,,,,,,,,0
함덕고등학교,제주,고,공립,남여공학,제주특별자치도 제주시 조천읍 신흥로 9 . (신흥리 215번지) 함덕고등학교 (조천읍),0,,,0,,,,,,,,,,,,,,,,,,,,,0
제주중앙고등학교,제주,고,사립,남여공학,제주특별자치도 제주시 아봉로 323 (월평동),0,,,0,,,,,,,,,,,,,,,,,,,,,0
성산고등학교,제주,고,공립,남여공학,제주특별자치도 서귀포시 성산읍 한도로 79-17 . 성산고등학교 (성산읍),0,,,0,,,,,,,,,,,,,,,,,,,,,0
제주고등학교,제주,고,공립,남여공학,제주특별자치도 제주시 1100로 3213 (노형동),0,,,0,,,,,,,,,,,,,,,,,,,,,0
중문고등학교,제주,고,공립,남여공학,제주특별자치도 서귀포시 일주서로570번길 19 (대포동),0,,,0,,,,,,,,,,,,,,,,,,,,,0
한국뷰티고등학교,제주,고,공립,남여공학,제주특별자치도 제주시 한경면 용고로 70 (한경면),0,,,0,,,,,,,,,,,,,,,,,,,,,0
제주대학교교육대학부설초등학교,제주,초,국립,,제주특별자치도 제주시 일주동로 61 (화북일동),0,,,1,2018.0,,,,,,,,,,,,,,,,,,,,0
광양초등학교,제주,초,공립,,제주특별자치도 제주시 돈내길 5 (이도일동),0,,,0,,,,,,,,,,,,,,,,,,,,,0
남광초등학교,제주,초,공립,,제주특별자치도 제주시 남광로 28 (이도이동),0,,,0,,,,,,,,,,,,,,,,,,,,,0
노형초등학교,제주,초,공립,,제주특별자치도 제주시 노형로 383 (노형동),0,,,0,,,,,,,,,,,,,,,,,,,,,0
도남초등학교,제주,초,공립,,제주특별자치도 제주시 도남로8길 22 (도남동.도남초등학교),1,2023.0,교육활동 모델교,1,2019.0,,,,,,,,,,,,,,,,,,,,1
도리초등학교,제주,초,공립,,제주특별자치도 제주시 도리로 129 . 도리초등학교 (도두일동),0,,,0,,,,,,,,,,,,,,,,,,,,,0
동광초등학교,제주,초,공립,,제주특별자치도 제주시 태성로 6 (일도이동),0,,,1,2020.0,,,,,,,,,,,,,,,,,,,,0
동화초등학교,제주,초,공립,,제주특별자치도 제주시 동화로1길 44 (화북일동. 동화초등학교),0,,,1,2018.0,,,,,,,,,,,,,,,,,,,,0
봉개초등학교,제주,초,공립,,제주특별자치도 제주시 번영로 484 (봉개동),0,,,0,,,,,,,,,,,,,,,,,,,,,0
삼성초등학교,제주,초,공립,,제주특별자치도 제주시 서광로29길 35 (이도일동),0,,,1,2016.0,,,,,,,,,,,,,,,,,,,,0
삼양초등학교,제주,초,공립,,제주특별자치도 제주시 지석14길 7 (삼양이동),0,,,0,,,,,,,,,,,,,,,,,,,,,0
신광초등학교,제주,초,공립,,제주특별자치도 제주시 성신로 25 (연동),0,,,0,,,,,,,,,,,,,,,,,,,,,0
신제주초등학교,제주,초,공립,,제주특별자치도 제주시 비월길 29 . 신제주초등학교 (연동),0,,,0,,,,,,,,,,,,,,,,,,,,,0
아라초등학교,제주,초,공립,,제주특별자치도 제주시 중앙로 518 (아라일동),0,,,0,,,,,,,,,,,,,,,,,,,,,0
영평초등학교,제주,초,공립,,제주특별자치도 제주시 아봉로 225 . 영평초등학교 (영평동),0,,,0,,,,,,,,,,,,,,,,,,,,,0
오라초등학교,제주,초,공립,,제주특별자치도 제주시 연사길 48 . 1380번지 (오라이동),0,,,0,,,,,,,,,,,,,,,,,,,,,0
외도초등학교,제주,초,공립,,제주특별자치도 제주시 일주서로 7368 (외도이동),0,,,0,,,,,,,,,,,,,,,,,,,,,0
인화초등학교,제주,초,공립,,제주특별자치도 제주시 신산로15길 35 (일도이동.인화초등학교),0,,,0,,,,,,,,,,,,,,,,,,,,,0
일도초등학교,제주,초,공립,,제주특별자치도 제주시 삼성로9길 27 . 일도초등학교 (일도이동),0,,,1,2020.0,,,,,,,,,,,,,,,,,,,,0
제주남초등학교,제주,초,공립,,제주특별자치도 제주시 남성로 149 (삼도이동),0,,,0,,,,,,,,,,,,,,,,,,,,,0
제주동초등학교,제주,초,공립,,제주특별자치도 제주시 동문로 65 (건입동),0,,,0,,,,,,,,,,,,,,,,,,,,,0
제주북초등학교,제주,초,공립,,제주특별자치도 제주시 중앙로8길 18 (삼도이동.제주북초등학교),0,,,0,,,,,,,,,,,,,,,,,,,,,0
제주서초등학교,제주,초,공립,,제주특별자치도 제주시 성화로6길 51 (용담이동),0,,,0,,,,,,,,,,,,,,,,,,,,,0
제주중앙초등학교,제주,초,공립,,제주특별자치도 제주시 서사로18길 40 (삼도일동),0,,,0,,,,,,,,,,,,,,,,,,,,,0
한천초등학교,제주,초,공립,,제주특별자치도 제주시 남성로11길 22 (용담일동 254-1),0,,,1,2019.0,,,,,,,,,,,,,,,,,,,,0
화북초등학교,제주,초,공립,,제주특별자치도 제주시 일주동로 157 (화북일동),0,,,0,,,,,,,,,,,,,,,,,,,,,0
해안초등학교,제주,초,공립,,제주특별자치도 제주시 해안마을길 76 (해안동),0,,,0,,,,,,,,,,,,,,,,,,,,,0
도평초등학교,제주,초,공립,,제주특별자치도 제주시 도평길 17 (도평동),1,2023.0,교육활동 모델교,1,2016.0,,,,,,,,,,,,,,,,,,,,1
한라초등학교,제주,초,공립,,제주특별자치도 제주시 연화로 42 (노형동. 한라초등학교),0,,,0,,,,,,,,,,,,,,,,,,,,,0
백록초등학교,제주,초,공립,,제주특별자치도 제주시 정존5길 62 . 백록초등학교 (노형동),0,,,0,,,,,,,,,,,,,,,,,,,,,0
월랑초등학교,제주,초,공립,,제주특별자치도 제주시 남녕로 63 (노형동.월랑초등학교),0,,,1,2019.0,,,,,,,,,,,,,,,,,,,,0
고산초등학교,제주,초,공립,,제주특별자치도 제주시 한경면 고산로 16 . 고산초등학교 (한경면),0,,,0,,,,,,,,,,,,,,,,,,,,,0
곽금초등학교,제주,초,공립,,제주특별자치도 제주시 애월읍 일주서로 6000 (애월읍),0,,,0,,,,,,,,,,,,,,,,,,,,,0
광령초등학교,제주,초,공립,,제주특별자치도 제주시 애월읍 광성로 276 (애월읍. 광령초등학교),0,,,0,,,,,,,,,,,,,,,,,,,,,0
구엄초등학교,제주,초,공립,,제주특별자치도 제주시 애월읍 일주서로 6768 (애월읍.구엄초등학교),0,,,0,,,,,,,,,,,,,,,,,,,,,0
구좌중앙초등학교,제주,초,공립,,제주특별자치도 제주시 구좌읍 월정7길 1 (구좌읍),0,,,0,,,,,,,,,,,,,,,,,,,,,0
귀덕초등학교,제주,초,공립,,제주특별자치도 제주시 한림읍 귀덕14길 14-5 . 귀덕초등학교 (한림읍),0,,,0,,,,,,,,,,,,,,,,,,,,,0
금악초등학교,제주,초,공립,,제주특별자치도 제주시 한림읍 금악남2길 1 (한림읍),0,,,1,2019.0,,,,,,,,,,,,,,,,,,,,0
김녕초등학교,제주,초,공립,,제주특별자치도 제주시 구좌읍 김녕로 117 (구좌읍),0,,,0,,,,,,,,,,,,,,,,,,,,,0
납읍초등학교,제주,초,공립,,제주특별자치도 제주시 애월읍 납읍로2길 47 . 납읍초등학교 (애월읍),0,,,0,,,,,,,,,,,,,,,,,,,,,0
대흘초등학교,제주,초,공립,,제주특별자치도 제주시 조천읍 중산간동로 677 . 대흘초등학교 (조천읍. 대흘초등학교),0,,,0,,,,,,,,,,,,,,,,,,,,,0
물메초등학교,제주,초,공립,,제주특별자치도 제주시 애월읍 엄수로 202-4 (애월읍),0,,,0,,,,,,,,,,,,,,,,,,,,,0
북촌초등학교,제주,초,공립,,제주특별자치도 제주시 조천읍 일주동로 1481 (조천읍),0,,,0,,,,,,,,,,,,,,,,,,,,,0
세화초등학교,제주,초,공립,,제주특별자치도 제주시 구좌읍 구좌로 65 (구좌읍),0,,,0,,,,,,,,,,,,,,,,,,,,,0
송당초등학교,제주,초,공립,,제주특별자치도 제주시 구좌읍 중산간동로 2218-3 (구좌읍),0,,,1,2020.0,,,,,,,,,,,,,,,,,,,,0
수원초등학교,제주,초,공립,,제주특별자치도 제주시 한림읍 한림로 822 (한림읍),0,,,0,,,,,,,,,,,,,,,,,,,,,0
신창초등학교,제주,초,공립,,제주특별자치도 제주시 한경면 두신로 72 (한경면),0,,,0,,,,,,,,,,,,,,,,,,,,,0
신촌초등학교,제주,초,공립,,제주특별자치도 제주시 조천읍 신북로 51 . 신촌초등학교 (조천읍),0,,,0,,,,,,,,,,,,,,,,,,,,,0
애월초등학교,제주,초,공립,,제주특별자치도 제주시 애월읍 애월로 139-10 (애월읍),0,,,0,,,,,,,,,,,,,,,,,,,,,0
어도초등학교,제주,초,공립,,제주특별자치도 제주시 애월읍 봉성로 76 . 어도초등학교 (애월읍),0,,,0,,,,,,,,,,,,,,,,,,,,,0
우도초등학교,제주,초,공립,,제주특별자치도 제주시 우도면 우도로 156-11 (우도면),0,,,0,,,,,,,,,,,,,,,,,,,,,0
장전초등학교,제주,초,공립,,제주특별자치도 제주시 애월읍 장전로 122 . 장전초등학교 (애월읍),0,,,0,,,,,,,,,,,,,,,,,,,,,0
재릉초등학교,제주,초,공립,,제주특별자치도 제주시 한림읍 한림로 288-18 (한림읍),0,,,0,,,,,,,,,,,,,,,,,,,,,0
저청초등학교,제주,초,공립,,제주특별자치도 제주시 한경면 중산간서로 3591 (한경면),0,,,0,,,,,,,,,,,,,,,,,,,,,0
조천초등학교,제주,초,공립,,제주특별자치도 제주시 조천읍 신북로 195 (조천읍),0,,,1,2019.0,,,,,,,,,,,,,,,,,,,,0
종달초등학교,제주,초,공립,,제주특별자치도 제주시 구좌읍 종달로7길 5 (구좌읍),0,,,0,,,,,,,,,,,,,,,,,,,,,0
추자초등학교,제주,초,공립,,제주특별자치도 제주시 추자면 대서3길 10 (추자면.추자초등학교),0,,,0,,,,,,,,,,,,,,,,,,,,,0
평대초등학교,제주,초,공립,,제주특별자치도 제주시 구좌읍 일주동로 2979 (구좌읍),0,,,0,,,,,,,,,,,,,,,,,,,,,0
하귀초등학교,제주,초,공립,,제주특별자치도 제주시 애월읍 하귀로 44 (애월읍),0,,,1,2016.0,,,,,,,,,,,,,,,,,,,,0
하도초등학교,제주,초,공립,,제주특별자치도 제주시 구좌읍 일주동로 3378 . 하도초등학교 (구좌읍),0,,,0,,,,,,,,,,,,,,,,,,,,,0
한동초등학교,제주,초,공립,,제주특별자치도 제주시 구좌읍 일주동로 2831 (구좌읍),0,,,0,,,,,,,,,,,,,,,,,,,,,0
한림초등학교,제주,초,공립,,제주특별자치도 제주시 한림읍 한림로4길 16 . 한림초등학교 (한림읍),0,,,1,2020.0,,,,,,,,,,,,,,,,,,,,0
함덕초등학교,제주,초,공립,,제주특별자치도 제주시 조천읍 일주동로 1231 . 함덕초등학교 (조천읍),0,,,0,,,,,,,,,,,,,,,,,,,,,0
김녕초등학교동복분교장,제주,초,공립,,제주특별자치도 제주시 구좌읍 동복로 66-5 (구좌읍. 김녕초등학교분교장),0,,,0,,,,,,,,,,,,,,,,,,,,,0
더럭초등학교,제주,초,공립,,제주특별자치도 제주시 애월읍 하가로 195 (애월읍),0,,,0,,,,,,,,,,,,,,,,,,,,,0
조천초등학교교래분교장,제주,초,공립,,제주특별자치도 제주시 조천읍 비자림로 672 (조천읍),0,,,0,,,,,,,,,,,,,,,,,,,,,0
추자초등학교신양분교장,제주,초,공립,,제주특별자치도 제주시 추자면 추자로 553-10 . 추자초등학교신양분교장 (추자면),0,,,0,,,,,,,,,,,,,,,,,,,,,0
한림초등학교비양분교장,제주,초,공립,,제주특별자치도 제주시 한림읍 비양도길 270 (한림읍),0,,,0,,,,,,,,,,,,,,,,,,,,,0
함덕초등학교선인분교장,제주,초,공립,,제주특별자치도 제주시 조천읍 선진길 7-18 . 함덕초등학교선인분교장 (조천읍),0,,,0,,,,,,,,,,,,,,,,,,,,,0
함덕초등학교선흘분교장,제주,초,공립,,제주특별자치도 제주시 조천읍 선흘동1길 41 (조천읍),0,,,0,,,,,,,,,,,,,,,,,,,,,0
이도초등학교,제주,초,공립,,제주특별자치도 제주시 구남동2길 58 . 이도초등학교 (이도이동),0,,,1,2017.0,,,,,,,,,,,,,,,,,,,,0
하귀일초등학교,제주,초,공립,,제주특별자치도 제주시 애월읍 하귀9길 42 (애월읍. 하귀일초등학교),0,,,1,2019.0,,,,,,,,,,,,,,,,,,,,0
삼화초등학교,제주,초,공립,,제주특별자치도 제주시 화삼북로2길 27 (화북일동),0,,,0,,,,,,,,,,,,,,,,,,,,,0
도련초등학교,제주,초,공립,,제주특별자치도 제주시 화삼로 104 . 도련초등학교 (도련일동),0,,,1,2020.0,,,,,,,,,,,,,,,,,,,,0
제주대학교사범대학부설중학교,제주,중,국립,남여공학,제주특별자치도 제주시 용담로7길 33 (용담삼동),0,,,0,,,,,,,,,,,,,,,,,,,,,0
제주동여자중학교,제주,중,공립,여자,제주특별자치도 제주시 천수로 24 (이도이동. 제주동여자중학교),0,,,0,,,,,,,,,,,,,,,,,,,,,0
제주동중학교,제주,중,공립,남여공학,제주특별자치도 제주시 동화로 12-1 (화북일동),0,,,1,2020.0,,,,,,,,,,,,,,,,,,,,0
제주서중학교,제주,중,공립,남여공학,제주특별자치도 제주시 일주서로 7811 . 제주서중학교 (연동),0,,,0,,,,,,,,,,,,,,,,,,,,,0
아라중학교,제주,중,공립,남여공학,제주특별자치도 제주시 간월동로 30 . 아라중학교 (아라이동),0,,,0,,,,,,,,,,,,,,,,,,,,,0
제주제일중학교,제주,중,공립,남자,제주특별자치도 제주시 남광로 33 . 제주제일중학교(제주제일중부설방송통신중학교) (이도이동),0,,,0,,,,,,,,,,,,,,,,,,,,,0
제주중앙여자중학교,제주,중,공립,여자,제주특별자치도 제주시 서사로11길 8 . (제주중앙여자중학교) (삼도이동),0,,,0,,,,,,,,,,,,,,,,,,,,,0
제주중앙중학교,제주,중,공립,남자,제주특별자치도 제주시 선덕로5길 37 (연동.제주중앙중학교),0,,,0,,,,,,,,,,,,,,,,,,,,,0
한라중학교,제주,중,공립,남여공학,제주특별자치도 제주시 과원북2길 24 . 한라중학교 (노형동),1,2023.0,교육활동 모델교,0,,,,,,,,,,,,,,,,,,,,,0
탐라중학교,제주,중,공립,남여공학,제주특별자치도 제주시 신설로 56 (아라이동),0,,,0,,,,,,,,,,,,,,,,,,,,,0
신성여자중학교,제주,중,사립,여자,제주특별자치도 제주시 아봉로 174-5 . 신성여자중학교 (영평동),0,,,0,,,,,,,,,,,,,,,,,,,,,0
오현중학교,제주,중,사립,남자,제주특별자치도 제주시 일주동로 101 . 오현중학교 (화북일동),0,,,0,,,,,,,,,,,,,,,,,,,,,0
제주여자중학교,제주,중,사립,여자,제주특별자치도 제주시 구산로 50 . 제주여자중학교 (아라일동),0,,,0,,,,,,,,,,,,,,,,,,,,,0
제주중학교,제주,중,사립,남자,제주특별자치도 제주시 서문로 47 . 제주중학교 (용담일동),0,,,0,,,,,,,,,,,,,,,,,,,,,0
김녕중학교,제주,중,공립,남여공학,제주특별자치도 제주시 구좌읍 김녕로 118-20 (구좌읍),0,,,0,,,,,,,,,,,,,,,,,,,,,0
세화중학교,제주,중,공립,남여공학,제주특별자치도 제주시 구좌읍 일주동로 3132 (구좌읍),0,,,0,,,,,,,,,,,,,,,,,,,,,0
신엄중학교,제주,중,공립,남여공학,제주특별자치도 제주시 애월읍 일주서로 6711 (애월읍),0,,,0,,,,,,,,,,,,,,,,,,,,,0
신창중학교,제주,중,공립,남여공학,제주특별자치도 제주시 한경면 두신로 72 (한경면),0,,,0,,,,,,,,,,,,,,,,,,,,,0
애월중학교,제주,중,공립,남여공학,제주특별자치도 제주시 애월읍 애월로15길 8 (애월읍),0,,,0,,,,,,,,,,,,,,,,,,,,,0
우도중학교,제주,중,공립,남여공학,제주특별자치도 제주시 우도면 우도로 156-11 (우도면),0,,,0,,,,,,,,,,,,,,,,,,,,,0
저청중학교,제주,중,공립,남여공학,제주특별자치도 제주시 한경면 중산간서로 3590 (한경면),0,,,0,,,,,,,,,,,,,,,,,,,,,0
조천중학교,제주,중,공립,남여공학,제주특별자치도 제주시 조천읍 신북로 31 . 조천중학교 (조천읍),0,,,0,,,,,,,,,,,,,,,,,,,,,0
추자중학교,제주,중,공립,남여공학,제주특별자치도 제주시 추자면 신양3길 15 (추자면),0,,,0,,,,,,,,,,,,,,,,,,,,,0
한림여자중학교,제주,중,공립,여자,제주특별자치도 제주시 한림읍 한림로 604 (한림읍),0,,,0,,,,,,,,,,,,,,,,,,,,,0
한림중학교,제주,중,공립,남자,제주특별자치도 제주시 한림읍 명월성로 21 (한림읍. 한림중학교),0,,,0,,,,,,,,,,,,,,,,,,,,,0
함덕중학교,제주,중,공립,남여공학,제주특별자치도 제주시 조천읍 일주동로 1234 (조천읍),0,,,0,,,,,,,,,,,,,,,,,,,,,0
고산중학교,제주,중,공립,남여공학,제주특별자치도 제주시 한경면 용고로 70 (한경면),0,,,0,,,,,,,,,,,,,,,,,,,,,0
귀일중학교,제주,중,사립,남여공학,제주특별자치도 제주시 애월읍 항몽로 44 (애월읍),0,,,0,,,,,,,,,,,,,,,,,,,,,0
노형중학교,제주,중,공립,남여공학,제주특별자치도 제주시 노형1길 28 . 노형중학교 (노형동),1,2023.0,교육활동 모델교,1,2020.0,,,,,,,,,,,,,,,,,,,,1
오름중학교,제주,중,공립,남여공학,제주특별자치도 제주시 화삼북로 110 (도련일동),0,,,0,,,,,,,,,,,,,,,,,,,,,0
가마초등학교,제주,초,공립,,제주특별자치도 서귀포시 표선면 일주동로6285번길 8 . 가마초등학교 (표선면),0,,,0,,,,,,,,,,,,,,,,,,,,,0
가파초등학교,제주,초,공립,,제주특별자치도 서귀포시 대정읍 가파로67번길 45 (대정읍.가파초등학교),0,,,0,,,,,,,,,,,,,,,,,,,,,0
가파초등학교마라분교장,제주,초,공립,,제주특별자치도 서귀포시 대정읍 마라로 58 (대정읍.가파초등학교마라분교),0,,,0,,,,,,,,,,,,,,,,,,,,,0
강정초등학교,제주,초,공립,,제주특별자치도 서귀포시 말질로 188 (강정동),0,,,0,,,,,,,,,,,,,,,,,,,,,0
남원초등학교,제주,초,공립,,제주특별자치도 서귀포시 남원읍 태위로 647 (남원읍),0,,,0,,,,,,,,,,,,,,,,,,,,,0
대정초등학교,제주,초,공립,,제주특별자치도 서귀포시 대정읍 상모대서로 15 (대정읍),0,,,0,,,,,,,,,,,,,,,,,,,,,0
대정서초등학교,제주,초,공립,,제주특별자치도 서귀포시 대정읍 동일하모로 43 (대정읍),0,,,0,,,,,,,,,,,,,,,,,,,,,0
덕수초등학교,제주,초,공립,,제주특별자치도 서귀포시 안덕면 덕수서로 10 (안덕면),0,,,0,,,,,,,,,,,,,,,,,,,,,0
도순초등학교,제주,초,공립,,제주특별자치도 서귀포시 도순남로 83 (도순동.도순초등학교),0,,,0,,,,,,,,,,,,,,,,,,,,,0
동남초등학교,제주,초,공립,,제주특별자치도 서귀포시 성산읍 고성오조로 55 . 동남초등학교 (성산읍),0,,,0,,,,,,,,,,,,,,,,,,,,,0
무릉초등학교,제주,초,공립,,제주특별자치도 서귀포시 대정읍 서삼중로 106 . 무릉초등학교 (대정읍),0,,,0,,,,,,,,,,,,,,,,,,,,,0
법환초등학교,제주,초,공립,,제주특별자치도 서귀포시 이어도로 879 (법환동),0,,,0,,,,,,,,,,,,,,,,,,,,,0
보목초등학교,제주,초,공립,,제주특별자치도 서귀포시 마소물로8번길 9 (보목동),0,,,0,,,,,,,,,,,,,,,,,,,,,0
보성초등학교,제주,초,공립,,제주특별자치도 서귀포시 대정읍 추사로55번길 6-1 (대정읍),0,,,1,2019.0,,,,,,,,,,,,,,,,,,,,0
사계초등학교,제주,초,공립,,제주특별자치도 서귀포시 안덕면 산방로 346 (안덕면),0,,,0,,,,,,,,,,,,,,,,,,,,,0
새서귀초등학교,제주,초,공립,,제주특별자치도 서귀포시 신서귀로76번길 6-3 (서호동),0,,,0,,,,,,,,,,,,,,,,,,,,,0
서광초등학교,제주,초,공립,,제주특별자치도 서귀포시 안덕면 중산간서로 1842 (안덕면),0,,,0,,,,,,,,,,,,,,,,,,,,,0
서귀북초등학교,제주,초,공립,,제주특별자치도 서귀포시 중앙로 175 (서홍동),0,,,0,,,,,,,,,,,,,,,,,,,,,0
서귀서초등학교,제주,초,공립,,제주특별자치도 서귀포시 솜반천로 38 (서홍동.서귀서초등학교),0,,,0,,,,,,,,,,,,,,,,,,,,,0
서귀중앙초등학교,제주,초,공립,,제주특별자치도 서귀포시 동문동로 54 (서귀동. 서귀중앙초등학교),0,,,0,,,,,,,,,,,,,,,,,,,,,0
서귀포초등학교,제주,초,공립,,제주특별자치도 서귀포시 솔동산로11번길 17 (서귀동),0,,,0,,,,,,,,,,,,,,,,,,,,,0
서호초등학교,제주,초,공립,,제주특별자치도 서귀포시 호근남로 40 (호근동),1,2023.0,교육활동 모델교,1,2020.0,,,,,,,,,,,,,,,,,,,,1
성산초등학교,제주,초,공립,,제주특별자치도 서귀포시 성산읍 한도로 217 . 성산초등학교 (성산읍),0,,,0,,,,,,,,,,,,,,,,,,,,,0
성읍초등학교,제주,초,공립,,제주특별자치도 서귀포시 표선면 성읍민속로 65 (표선면.성읍초등학교),0,,,0,,,,,,,,,,,,,,,,,,,,,0
수산초등학교,제주,초,공립,,제주특별자치도 서귀포시 성산읍 수시로 9 (성산읍),0,,,0,,,,,,,,,,,,,,,,,,,,,0
시흥초등학교,제주,초,공립,,제주특별자치도 서귀포시 성산읍 시흥상동로 113 (성산읍),0,,,0,,,,,,,,,,,,,,,,,,,,,0
신례초등학교,제주,초,공립,,제주특별자치도 서귀포시 남원읍 중산간동로 7116 (남원읍),0,,,0,,,,,,,,,,,,,,,,,,,,,0
신산초등학교,제주,초,공립,,제주특별자치도 서귀포시 성산읍 일주동로 5104 신산초등학교,0,,,0,,,,,,,,,,,,,,,,,,,,,0
안덕초등학교,제주,초,공립,,제주특별자치도 서귀포시 안덕면 화순로56번길 32 (안덕면),0,,,0,,,,,,,,,,,,,,,,,,,,,0
예래초등학교,제주,초,공립,,제주특별자치도 서귀포시 예래로 210-14 (상예동),0,,,0,,,,,,,,,,,,,,,,,,,,,0
온평초등학교,제주,초,공립,,제주특별자치도 서귀포시 성산읍 일주동로 4740 (성산읍),0,,,0,,,,,,,,,,,,,,,,,,,,,0
위미초등학교,제주,초,공립,,제주특별자치도 서귀포시 남원읍 태위로 57 . 위미초등학교 (남원읍),0,,,0,,,,,,,,,,,,,,,,,,,,,0
의귀초등학교,제주,초,공립,,제주특별자치도 서귀포시 남원읍 한신로 213 (남원읍.의귀초등학교),0,,,0,,,,,,,,,,,,,,,,,,,,,0
중문초등학교,제주,초,공립,,제주특별자치도 서귀포시 천제연로 231 (중문동),0,,,0,,,,,,,,,,,,,,,,,,,,,0
창천초등학교,제주,초,공립,,제주특별자치도 서귀포시 안덕면 창천중앙로 12 (안덕면),0,,,0,,,,,,,,,,,,,,,,,,,,,0
태흥초등학교,제주,초,공립,,제주특별자치도 서귀포시 남원읍 태위로 915 (남원읍),0,,,0,,,,,,,,,,,,,,,,,,,,,0
토산초등학교,제주,초,공립,,제주특별자치도 서귀포시 표선면 토산중앙로 68-9 . 토산초등학교 (표선면),0,,,0,,,,,,,,,,,,,,,,,,,,,0
토평초등학교,제주,초,공립,,제주특별자치도 서귀포시 토평남로 86 (토평동),0,,,0,,,,,,,,,,,,,,,,,,,,,0
표선초등학교,제주,초,공립,,제주특별자치도 서귀포시 표선면 표선동서로 293 (표선면),0,,,0,,,,,,,,,,,,,,,,,,,,,0
풍천초등학교,제주,초,공립,,제주특별자치도 서귀포시 성산읍 풍천로 18 (성산읍),0,,,1,2016.0,,,,,,,,,,,,,,,,,,,,0
하례초등학교,제주,초,공립,,제주특별자치도 서귀포시 남원읍 일주동로 8002 . 하례초등학교 (남원읍),0,,,0,,,,,,,,,,,,,,,,,,,,,0
하원초등학교,제주,초,공립,,제주특별자치도 서귀포시 월평하원로 149 (하원동),0,,,0,,,,,,,,,,,,,,,,,,,,,0
효돈초등학교,제주,초,공립,,제주특별자치도 서귀포시 효돈로 161 (신효동),0,,,0,,,,,,,,,,,,,,,,,,,,,0
흥산초등학교,제주,초,공립,,제주특별자치도 서귀포시 남원읍 일주동로 6642 . 흥산초등학교 (남원읍),0,,,0,,,,,,,,,,,,,,,,,,,,,0
동홍초등학교,제주,초,공립,,제주특별자치도 서귀포시 동홍북로 17 (동홍동),0,,,0,,,,,,,,,,,,,,,,,,,,,0
한마음초등학교,제주,초,공립,,제주특별자치도 서귀포시 표선면 한마음초등로 408 . 한마음초등학교 (표선면),0,,,0,,,,,,,,,,,,,,,,,,,,,0
남원중학교,제주,중,공립,남여공학,제주특별자치도 서귀포시 남원읍 남한로 36 (남원읍),0,,,0,,,,,,,,,,,,,,,,,,,,,0
대정중학교,제주,중,공립,남여공학,제주특별자치도 서귀포시 대정읍 비행장로 18 . 대정중학교 (대정읍),0,,,0,,,,,,,,,,,,,,,,,,,,,0
무릉중학교,제주,중,공립,남여공학,제주특별자치도 서귀포시 대정읍 서삼중로 106 (대정읍),0,,,0,,,,,,,,,,,,,,,,,,,,,0
서귀포여자중학교,제주,중,공립,여자,제주특별자치도 서귀포시 일주동로 8820 (서홍동.서귀포여자중학교),0,,,0,,,,,,,,,,,,,,,,,,,,,0
서귀중앙여자중학교,제주,중,공립,여자,제주특별자치도 서귀포시 중앙로 120 (동홍동),0,,,0,,,,,,,,,,,,,,,,,,,,,0
서귀포중학교,제주,중,공립,남자,제주특별자치도 서귀포시 태평로 474 (서귀동. 서귀포중학교),0,,,0,,,,,,,,,,,,,,,,,,,,,0
서귀포대신중학교,제주,중,공립,남여공학,제주특별자치도 서귀포시 신중로13번길 15 . 서귀포대신중학교 (강정동),0,,,0,,,,,,,,,,,,,,,,,,,,,0
성산중학교,제주,중,공립,남여공학,제주특별자치도 서귀포시 성산읍 일주동로 4316 . 성산중학교 (성산읍),0,,,0,,,,,,,,,,,,,,,,,,,,,0
신산중학교,제주,중,공립,남여공학,제주특별자치도 서귀포시 성산읍 일주동로 5104 신산중학교,0,,,0,,,,,,,,,,,,,,,,,,,,,0
안덕중학교,제주,중,공립,남여공학,제주특별자치도 서귀포시 안덕면 화순로 74 (안덕면),0,,,0,,,,,,,,,,,,,,,,,,,,,0
위미중학교,제주,중,공립,남여공학,제주특별자치도 서귀포시 남원읍 위미상원북로 34 (남원읍),0,,,0,,,,,,,,,,,,,,,,,,,,,0
중문중학교,제주,중,공립,남여공학,제주특별자치도 서귀포시 천제연로232번길 10 (중문동),0,,,0,,,,,,,,,,,,,,,,,,,,,0
표선중학교,제주,중,공립,남여공학,제주특별자치도 서귀포시 표선면 표선중앙로 31 . 표선중학교 (표선면),0,,,0,,,,,,,,,,,,,,,,,,,,,0
효돈중학교,제주,중,공립,남여공학,제주특별자치도 서귀포시 효돈로 207 . 효돈중학교 (하효동),0,,,0,,,,,,,,,,,,,,,,,,,,,0
남주중학교,제주,중,사립,남자,제주특별자치도 서귀포시 동홍로303번길 14 . 남주중학교 (동홍동),0,,,0,,,,,,,,,,,,,,,,,,,,,0
